panel_type,tag,channel,tag_active,tag_optimize_available,cat_code,pdv2_product_id,cat_number,product,target,clone,species,test_species,category,reagent_class,size,signal_di,tolerance_di,signal_legacy,tolerance_legacy,abundance,cell,stim,custom_avail,optimize_avail,release_date,active,price,pdf_url,notes
Flow,147Sm,147,1,1,FDM,931,3147015B,Anti-Human ALDH (44/ALDH)-147Sm,ALDH,44/ALDH,Human ,Human,Enzyme ,Metal-Conjugated Antibodies,100 Test ,52,10.0,,,,U-87 MG,None,1,1,2016-02-04,yes,0.00,TDS_3147015B.pdf,
Flow,150Nd,150,1,1,FDM,965,3150025B,Anti-Human a-Fetoprotein/AFP (189506)-150Nd,alpha-Fetoprotein/AFP,189506,Human ,Human,Cell Cycle and Proliferation,Metal-Conjugated Antibodies,100 Test,177,35.0,,,,HepG2,None,1,1,2016-04-19,yes,0.00,TDS_3150025B.pdf,
Flow,154Sm,154,1,1,FDM,932,3154018B,Anti-Human Androgen receptor (G122-434)-154Sm,Androgen Receptor,G122-434,Human ,Human,Signaling and Transcription,Metal-Conjugated Antibodies,100 Test ,13,3.0,,,,U-87 MG,None,1,1,2016-02-04,yes,0.00,TDS_3154018B.pdf,
Flow,162Dy,162,1,0,FDM,308,3162006B,Anti-APC (APC003) -162Dy,APC,APC003,Cross,na,Secondaries,Metal-Conjugated Antibodies,100 test,150,30.0,,,,na,na,1,1,2012-12-31,yes,0.00,TDS_3162006B.pdf,NEW
Flow,163Dy,163,1,1,FDM,556,3163001B,Anti-APC (APC003) -163Dy,APC,APC003,Cross,,Secondaries,Metal-Conjugated Antibodies,100 test,80,16.0,,,,,,1,1,2014-06-03,yes,0.00,TDS_3163001B.pdf,
Flow,176Yb,176,1,1,FDM,471,3176007B,Anti-APC (APC003) -176Yb,APC,APC003,Cross,na,Secondaries,Metal-Conjugated Antibodies,100 test,150,30.0,M,30.0,,na,na,1,1,2013-11-15,yes,0.00,TDS_3176007B.pdf,
Flow,164Dy,164,1,1,FDM,704,3164012B,Anti-Human Arginase-1 (658922) -164Dy,Arginase-1,658922,Human,Human,Enzyme,Metal-Conjugated Antibodies,100 test,398,80.0,,,,Hela,None,1,1,2015-05-29,no,0.00,TDS_3164012B.pdf,
Flow,166Er,166,1,1,FDM,966,3166023B,Anti-Human/Mouse Arginase 1/ARG1 (polyclonal)-166Er,Arginase-1,Polyclonal,Human/Mouse,Human,Enzyme,Metal-Conjugated Antibodies,100 Test,136,4.0,,,,HepG2,None,1,1,2016-04-19,no,0.00,TDS_3166023B.pdf,
Flow,170Er,170,1,1,FDM,825,3170016B,Anti-Human B2-microglobulin (2M2)-170Er,B2-microglobulin,2M2,Human ,human,CD and Surface Markers,Metal-Conjugated Antibodies,100 Test,2056,411.0,,,,PBMCs (+ve) and A20 (-ve),none,1,1,2015-08-14,yes,0.00,TDS_3170016B.pdf,
Flow,163Dy,163,1,1,FDM,842,3163012B,Anti-Human/Mouse BCL-6 (K112-91)-163Dy,BCL-6,K112-91,Human/Mouse,human,Signaling and Transcription,Metal-Conjugated Antibodies,100 Test,656,131.0,,,,Ramos,none,1,1,2015-08-14,yes,0.00,TDS_3163012B.pdf,
Flow,147Sm,147,1,1,FDM,227,3147005A,Anti-B-Catenin (D10A8) -147Sm,beta-Catenin,D10A8,Cross,human,Signaling and Transcription,Metal-Conjugated Antibodies,50 test,300,6.0,M,6.0,,"Hela(H), Jurkat (M)",none,1,1,2012-12-31,yes,0.00,TDS_3147005A.pdf,
Flow,165Ho,165,1,1,FDM,726,3165027A,Anti- beta-catenin (D13A1) -165Ho,beta-Catenin,D13A1,Cross,Human,Signaling and Transcription,Metal-Conjugated Antibodies,50 Test,49,10.0,,,,Hela,None,1,1,2015-06-15,yes,0.00,TDS_3165027A.pdf,
Flow,143Nd,143,1,1,FDM,365,3143008B,Anti-Biotin (1D4-C5) -143Nd,Biotin,1D4-C5,Cross,na,Secondaries,Metal-Conjugated Antibodies,100 test,150,30.0,M,30.0,,na,na,1,1,2013-04-01,yes,0.00,TDS_3143008B.pdf,NEW
Flow,150Nd,150,1,1,FDM,423,3150008B,Anti-Biotin (1D4-C5) -150Nd,Biotin,1D4-C5,Cross,na,Secondaries,Metal-Conjugated Antibodies,100 test,150,30.0,M,30.0,,na,na,1,1,2013-07-16,yes,0.00,TDS_3150008B.pdf,
Flow,165Ho,165,1,1,FDM,388,3165012B,Anti-Biotin (1D4-C5) -165Ho,Biotin,1D4-C5,Cross,na,Secondaries,Metal-Conjugated Antibodies,100 test,150,30.0,M,30.0,,na,na,1,1,2013-04-29,yes,0.00,TDS_3165012B.pdf,NEW
Flow,170Er,170,1,1,FDM,389,3170003B,Anti-Biotin (1D4-C5) -170Er,Biotin,1D4-C5,Cross,na,Secondaries,Metal-Conjugated Antibodies,100 test,150,30.0,M,30.0,,na,na,1,1,2013-04-29,yes,0.00,TDS_3170003B.pdf,NEW
Flow,156Gd,156,1,1,FDM,24,3156001B,Anti-Human CD10 (HI10a) -156Gd,CD10,HI10a,Human,human,CD and Surface Markers,Metal-Conjugated Antibodies,100 test,2387,477.0,,,,Bone Marrow,none,1,1,2012-12-31,yes,0.00,TDS_3156001B.pdf,
Flow,158Gd,158,1,1,FDM,548,3158011B,Anti-Human CD10 (HI10a) -158Gd,CD10,HI10a,Human,Human,CD and Surface Markers,Metal-Conjugated Antibodies,100 test,1607,321.0,,,,NALM-6,None,1,1,2014-04-02,yes,0.00,TDS_3158011B.pdf,
Flow,156Gd,156,1,1,FDM,824,3156021B,Anti-Human CD100 (A8)-156Gd,CD100,A8,Human ,human,CD and Surface Markers,Metal-Conjugated Antibodies,100 Test,13,3.0,,,,human whole blood,none,1,1,2015-08-14,yes,0.00,TDS_3156021B.pdf,
Flow,158Gd,158,1,1,FDM,760,3158020B,Anti-Human CD101 (BB27) -158Gd,CD101,BB27,Human,Human,CD and Surface Markers,Metal-Conjugated Antibodies,100 Test,47,9.0,,,,PBMC,None,1,1,2015-07-08,yes,0.00,TDS_3158020B.pdf,
Flow,165Ho,165,1,1,FDM,896,3165029B,Anti-Human CD101 (BB27)-165Ho ,CD101,BB27,Human ,Human ,CD and Surface Markers,Metal-Conjugated Antibodies,100 Test,60,12.0,,,,PBMCs,None,1,1,2015-09-30,yes,0.00,TDS_3165029B.pdf,
Flow,151Eu,151,1,0,FDM,756,3151015B,Anti-Human CD102 (CBR-IC2/2) -151Eu,CD102/ICAM-2,CBR-IC2/2,Human,Human,CD and Surface Markers,Metal-Conjugated Antibodies,100 Test,67,7.0,,,,PBMC,None,1,1,2015-07-08,yes,0.00,TDS_3151015B.pdf,
Flow,151Eu,151,1,0,FDM,628,3151011B,Anti-Human CD103 (Ber-ACT8) -151Eu,CD103,Ber-ACT8,Human,Human,CD and Surface Markers,Metal-Conjugated Antibodies,100 test,54,11.0,,0.0,,PBMC,"PHA, 3 days",1,1,2015-01-29,yes,0.00,TDS_3151011B.pdf,
Flow,173Yb,173,1,1,FDM,787,3173008B,Anti-Human CD104 (58XB4) -173Yb,CD104,58XB4,Human,Human,CD and Surface Markers,Metal-Conjugated Antibodies,100 Test,116,23.0,,,,HT29,None,1,1,2015-07-08,yes,0.00,TDS_3173008B.pdf,
Flow,163Dy,163,1,1,FDM,693,3163005B,Anti-Human  CD105/Endoglin (43A3)-163Dy,CD105/Endoglin,43A3,Human,Human,CD and Surface Markers,Metal-Conjugated Antibodies,100 Test,70,14.0,,,,THP-1,None,1,1,2015-05-02,yes,0.00,TDS_3163005B.pdf,
Flow,106Cd,106,1,0,FDM,1948,3106002B,Anti-Human CD107a (H4A3) - 106Cd,CD107a/LAMP1,H4A3,Human,Human,CD and Surface Markers,Metal-Conjugated Antibodies,100 Test,117,23.4492,,,,,,1,1,,yes,,,
Flow,151Eu,151,1,0,FDM,283,3151002B,Anti-Human CD107a (H4A3) -151Eu,CD107a/LAMP1,H4A3,Human,human,CD and Surface Markers,Metal-Conjugated Antibodies,100 test,275,55.0,H,200.0,,PBMC,"PMA/Iono, 5 hrs",1,1,2012-12-31,yes,0.00,TDS_3151002B.pdf,NEW
Flow,161Dy,161,1,1,FDM,788,3161017B,Anti-Human CD107b (H4B4) -161Dy,CD107b/LAMP2,H4B4,Human,Human,CD and Surface Markers,Metal-Conjugated Antibodies,100 Test,69,14.0,,,,MOLT-4,None,1,1,2015-07-08,yes,0.00,TDS_3161017B.pdf,
Flow,172Yb,172,1,1,FDM,972,3172026B,Anti-Human CD111/Nectin-1 (R1.302)-172Yb,CD111/Nectin-1,R1.302,Human ,Human,CD and Surface Markers,Metal-Conjugated Antibodies,100 Test,43,9.0,,,,HL60,none,1,1,2016-05-04,yes,0.00,TDS_3172026B.pdf,
Flow,143Nd,143,1,1,FDM,44,3143001B,Anti-Human CD117 [ckit] (104D2) -143Nd,CD117,104D2,Human,human,CD and Surface Markers,Metal-Conjugated Antibodies,100 test,59,12.0,M,6.0,,TF-1a,none,1,1,2012-12-31,yes,0.00,TDS_3143001B.pdf,
Flow,142Nd,142,1,0,FDM,367,3142006B,Anti-Human CD11a (HI111) -142Nd,CD11a,HI111,Human,human,CD and Surface Markers,Metal-Conjugated Antibodies,100 test,253,51.0,M,20.0,,PBMC,none,1,1,2013-04-01,yes,0.00,TDS_3142006B.pdf,NEW
Flow,114Cd,114,1,0,FDM,1302,92J037114,Anti-CD11b (ICRF44)-114Cd—25 uL,CD11b/Mac-1,ICRF44,Human,Human,CD and Surface Markers,Metal-Conjugated Antibodies,25 uL,133,26.5828,,,,,,1,1,,yes,,,
Flow,144Nd,144,1,0,FDM,25,3144001B,Anti-Human CD11b (ICRF44) -144Nd,CD11b/Mac-1,ICRF44,Human,human,CD and Surface Markers,Metal-Conjugated Antibodies,100 test,277,55.0,,,,PBMC,none,1,1,2012-12-31,yes,0.00,TDS_3144001B.pdf,
Flow,167Er,167,1,0,FDM,682,3167011B,Anti-Human CD11b/Mac-1(ICRF44)-167Er,CD11b/Mac-1,ICRF44,Human,Human,CD and Surface Markers,Metal-Conjugated Antibodies,100 Test,906,181.0,,,,PBMC,None,1,1,2015-05-02,yes,0.00,TDS_3167011B.pdf,
Flow,209Bi,209,1,1,FDM,691,3209003B,Anti-Human CD11b (ICRF44) -209Bi,CD11b/Mac-1,ICRF44,Human,Human,CD and Surface Markers,Metal-Conjugated Antibodies,100 Test,1135,227.0,,,,PBMC,None,1,0,2015-05-02,yes,0.00,TDS_3209003B.pdf,
Flow,146Nd,146,1,1,FDM,736,3146014B,Anti-Human  CD11c (3.9) -146Nd,CD11c,3.9,Human ,Human,CD and Surface Markers,Metal-Conjugated Antibodies,100 Test,65,13.0,,,,PBMC,None,1,1,2015-06-15,yes,0.00,TDS_3146014B.pdf,
Flow,147Sm,147,1,1,FDM,551,3147008B,Anti-Human CD11c (Bu15) -147Sm,CD11c,Bu15,Human,Human,CD and Surface Markers,Metal-Conjugated Antibodies,100 test,380,76.0,,18.0,,PBMC,None,1,1,2014-04-14,yes,0.00,TDS_3147008B.pdf,
Flow,159Tb,159,1,1,FDM,26,3159001B,Anti-Human CD11c (Bu15) -159Tb,CD11c,Bu15,Human,human,CD and Surface Markers,Metal-Conjugated Antibodies,100 test,676,135.0,,,,PBMC,none,1,1,2012-12-31,yes,0.00,TDS_3159001B.pdf,
Flow,162Dy,162,1,0,FDM,301,3162005B,Anti-Human CD11c (Bu15) -162Dy,CD11c,Bu15,Human,human,CD and Surface Markers,Metal-Conjugated Antibodies,100 test,705,141.0,,,,PBMC,none,1,1,2012-12-31,yes,0.00,TDS_3162005B.pdf,NEW
Flow,163Dy,163,1,1,FDM,977,3163025B,Anti-Human CD121B (MNC2)-163Dy,CD121B,MNC2,Human ,Human,CD and Surface Markers,Metal-Conjugated Antibodies,100 Test,10,3.0,,,,SR,none,1,1,2016-05-04,yes,0.00,TDS_3163025B.pdf,
Flow,170Er,170,1,1,FDM,422,3170004B,Anti-Human CD122 (Tu27) -170Er,CD122,Tu27,Human,human,CD and Surface Markers,Metal-Conjugated Antibodies,100 test,300,60.0,,,,PBMC,none,1,1,2013-06-28,yes,0.00,TDS_3170004B.pdf,
Flow,143Nd,143,1,1,FDM,38,201325,Human CD123 (6H6)-143Nd,CD123,6H6,Human,,CD and Surface Markers,Metal-Conjugated Antibodies,100 test,1328,266.0,346.44,69.0,,WB,none,1,1,0000-00-00,yes,0.00,TDS_3153001B.pdf,
Flow,143Nd,143,1,1,FDM,549,3143014B,Anti-Human CD123 (6H6) -143Nd,CD123/IL-3R,6H6,Human,Human,CD and Surface Markers,Metal-Conjugated Antibodies,100 test,269,54.0,,12.0,,PBMC,None,1,1,2014-04-14,yes,0.00,TDS_3143014B.pdf,
Flow,151Eu,151,1,0,FDM,45,3151001B,Anti-Human CD123 (6H6) -151Eu,CD123/IL-3R,6H6,Human,human,CD and Surface Markers,Metal-Conjugated Antibodies,100 test,475,95.0,,,,PBMC,none,1,1,2012-12-31,yes,0.00,TDS_3151001B.pdf,
Flow,143Nd,143,1,1,FDM,510,3143012B,Anti-Human CD127 (A019D5) -143Nd,CD127/IL-7R alpha,A019D5,Human,Human,CD and Surface Markers,Metal-Conjugated Antibodies,100 test,23,5.0,,4.0,,PBMC,None,1,1,2014-02-24,yes,0.00,TDS_3143012B.pdf,
Flow,149Sm,149,1,1,FDM,557,3149011B,Anti-Human CD127 (A019D5) -149Sm,CD127/IL-7R alpha,A019D5,Human,Human,CD and Surface Markers,Metal-Conjugated Antibodies,100 test,73,15.0,,,,PBMC,None,1,1,2014-06-03,yes,0.00,TDS_3149011B.pdf,
Flow,165Ho,165,1,1,FDM,329,3165008B,Anti-Human CD127 (A019D5) -165Ho,CD127/IL-7R alpha,A019D5,Human,human,CD and Surface Markers,Metal-Conjugated Antibodies,100 test,120,24.0,,40.0,,PBMC,none,1,1,2012-12-31,yes,0.00,TDS_3165008B.pdf,NEW
Flow,168Er,168,1,0,FDM,863,3168017B,Anti-Human CD127 (A019D5)-168Er,CD127/IL-7R alpha,A019D5,Human,Human,CD and Surface Markers,Metal-Conjugated Antibodies,100 Test,60,12.0,,,,PBMCs,None,1,1,2015-08-14,yes,0.00,TDS_3168017B.pdf,
Flow,176Yb,176,1,1,FDM,253,3176004B,Anti-Human CD127 (A019D5) -176Yb,CD127/IL-7R alpha,A019D5,Human,human,CD and Surface Markers,Metal-Conjugated Antibodies,100 test,133,27.0,,40.0,,PBMC,none,1,1,2012-12-31,yes,0.00,TDS_3176004B.pdf,NEW
Flow,147Sm,147,1,1,FDM,923,3147014B,Anti-Human CD13 (WM15)-147Sm,CD13,WM15,Human ,Human,CD and Surface Markers,Metal-Conjugated Antibodies,100 Test,73,15.0,,,,PBMCs,None,1,1,2015-12-03,yes,0.00,TDS_3147014B.pdf,
Flow,152Sm,152,1,0,FDM,244,3152003B,Anti-Human CD13 (WM15)-152Sm,CD13,WM15,Human,human,CD and Surface Markers,Metal-Conjugated Antibodies,100 test,125,25.0,,,,PBMC,none,1,1,2012-12-31,yes,0.00,TDS_3152003B.pdf,NEW
Flow,160Gd,160,1,1,FDM,678,3160014B,Anti-Human CD13 (WM15)-160Gd,CD13,WM15,Human,Human,CD and Surface Markers,Metal-Conjugated Antibodies,100 Test,134,27.0,,,,PBMC,None,1,1,2015-05-02,yes,0.00,TDS_3160014B.pdf,
Flow,160Gd,160,1,1,FDM,834,3160017B,Anti-Human CD130 (2E1B02)-160Gd,CD130,2E1B02,Human,Human,CD and Surface Markers,Metal-Conjugated Antibodies,100 Test,17,3.0,,,,whole blood,None,1,1,2015-08-14,yes,0.00,TDS_3160017B.pdf,
Flow,168Er,168,1,0,FDM,778,3168016B,Anti-Human CD130 (2E1B02) -168Er,CD130,2E1B02,Human,Human,CD and Surface Markers,Metal-Conjugated Antibodies,100 Test,11,3.0,,,,PBMC,None,1,1,2015-07-08,yes,0.00,TDS_3168016B.pdf,
Flow,148Nd,148,1,1,FDM,797,3148014B,Anti-Human CD132 (TUGh4) -148Nd,CD132,TUGh4 ,Human,Human,CD and Surface Markers,Metal-Conjugated Antibodies,100 Test,37,3.0,,,,PBMC,None,1,1,2015-07-08,yes,0.00,TDS_3148014B.pdf,
Flow,142Nd,142,1,0,FDM,1157,3142018B,Anti-Human CD134/OX40 (ACT35) - 142Nd - 100 Tests,CD134/OX40,ACT35,Human ,,IO,Metal-Conjugated Antibodies,100 Test,52,10.0,,,,PBMC,,1,1,2020-01-07,yes,0.00,,
Flow,150Nd,150,1,1,FDM,862,3150023B,Anti-Human CD134/OX40 (ACT35)-150Nd,CD134/OX40,ACT35,Human,Human ,CD and Surface Markers,Metal-Conjugated Antibodies,100 Test,259,52.0,,,,PBMCs,PHA,1,1,2015-08-14,yes,0.00,TDS_3150023B.pdf,
Flow,158Gd,158,1,1,FDM,553,3158012B,Anti-Human CD134 [OX40] (ACT35) -158Gd,CD134/OX40,ACT35,Human,Human,CD and Surface Markers,Metal-Conjugated Antibodies,100 test,25,3.0,,2.2,,PBMC,"PHA, 3 days",1,1,2014-04-15,yes,0.00,TDS_3158012B.pdf,
Flow,158Gd,158,1,1,FDM,720,3158019B,Anti-Human CD135/Flt3 (BV10A4H2) -158Gd,CD135/FLT3,BV10A4H2,Human ,Human,CD and Surface Markers,Metal-Conjugated Antibodies,100 test,29,6.0,,,,REH,None,1,1,2015-05-29,yes,0.00,TDS_3158019B.pdf,
Flow,158Gd,158,1,1,FDM,789,3158022B,Anti-Human CD137 Ligand (5F4) -158Gd,CD137L,5F4,Human,Human,CD and Surface Markers,Metal-Conjugated Antibodies,100 Test,32,3.0,,,,HT29,None,1,1,2015-07-08,yes,0.00,TDS_3158022B.pdf,
Flow,158Gd,158,1,1,FDM,592,3158013B,Anti-Human CD137/4-1BB (4B4-1) -158Gd,CD137/4-1BB,4B4-1,Human,Human,CD and Surface Markers,Metal-Conjugated Antibodies,100 test,42,3.0,,,,PBMC,"PHA, 3 days",1,1,2014-10-14,yes,0.00,TDS_3158013B.pdf,
Flow,173Yb,173,1,1,FDM,998,3173015B,Anti-Human CD137/4-1BB (4B4-1)-173Yb,CD137/4-1BB,4B4-1,Human ,Human ,CD & Surface Marker Antibodies,Metal-Conjugated Antibodies,100 Test,49,10.0,,,,PBMC,PHA (3 days),1,1,2016-11-07,yes,0.00,,
Flow,209Bi,209,1,1,FDM,1154,3209015B,Anti-Human CD137/4-1BB (4B4-1) - 209Bi - 100 Tests,CD137/4-1BB,4B4-1,Human ,,IO,Metal-Conjugated Antibodies,100 Test,57,11.0,,,,PBMC,,1,1,2020-01-07,yes,0.00,,
Flow,145Nd,145,1,0,FDM,413,3145003B,Anti-Human CD138 (DL-101) -145Nd,CD138,DL-101,Human,human,CD and Surface Markers,Metal-Conjugated Antibodies,100 test,20,4.01,M,6.6,,U266,none,1,1,2013-05-24,yes,0.00,TDS_3145003B.pdf,
Flow,150Nd,150,1,1,FDM,511,3150012B,Anti-Human CD138 (DL-101) -150Nd,CD138,DL-101,Human,Human,CD and Surface Markers,Metal-Conjugated Antibodies,100 test,51,10.0,M,14.0,,U266,None,1,1,2014-02-24,yes,0.00,TDS_3150012B.pdf,
Flow,168Er,168,1,0,FDM,498,3168009B,Anti-Human CD138 (DL-101) -168Er,CD138,DL-101,Human,Human,CD and Surface Markers,Metal-Conjugated Antibodies,100 test,67,13.0,M,20.0,,U266,None,1,1,2014-02-24,yes,0.00,TDS_3168009B.pdf,
Flow,146Nd,146,1,1,FDM,1648,3146022B,Anti-Human CD14 (M5E2)-146Nd—100 Tests,CD14,M5E2,Human,Human,CD and Surface Makers,Metal-Conjugated Antibodies,100 Test,127,25.0,,,,,,1,1,,yes,,,New Clones
Flow,151Eu,151,1,0,FDM,543,3151009B,Anti-Human CD14 (M5E2) -151Eu,CD14,M5E2,Human,Human,CD and Surface Markers,Metal-Conjugated Antibodies,100 test,62,12.0,,30.0,,PBMC,None,1,1,2014-04-02,yes,0.00,TDS_3151009B.pdf,
Flow,156Gd,156,1,1,FDM,667,3156019B,Anti-Human CD14 (HCD14)-156Gd,CD14,HCD14,Human,Human,CD and Surface Markers,Metal-Conjugated Antibodies,100 Test,199,40.0,,,,PBMC,None,1,1,2015-05-02,yes,0.00,TDS_3156019B.pdf,
Flow,160Gd,160,1,1,FDM,27,3160001B,Anti-Human CD14 (M5E2) -160Gd,CD14,M5E2,Human,human,CD and Surface Markers,Metal-Conjugated Antibodies,100 test,113,22.0,,,,PBMC,none,1,1,2012-12-31,yes,0.00,TDS_3160001B.pdf,
Flow,175Lu,175,1,1,FDM,547,3175015B,Anti-Human CD14 (M5E2) -175Lu,CD14,M5E2,Human,Human,CD and Surface Markers,Metal-Conjugated Antibodies,100 test,48,10.0,,60.0,,PBMC,None,1,1,2014-04-02,yes,0.00,TDS_3175015B.pdf,
Flow,195Pt,195,1,1,FDM,1304,92J039195,Anti-CD14 (63D3)-195Pt—25 uL,CD14,63D3 ,Human,Human,CD and Surface Markers,Metal-Conjugated Antibodies,25 uL,101,20.2108,,,,,,1,1,,yes,,,
Flow,156Gd,156,1,1,FDM,742,3156018A,Anti-Human CD140b/PDGFRb (18A2) -156Gd,CD140b (PDGFRb),18A2,Human,Human,CD and Surface Markers,Metal-Conjugated Antibodies,50 Test,34,7.0,,,,BJ,None,1,1,2015-06-15,yes,0.00,TDS_3156018A.pdf,
Flow,166Er,166,1,1,FDM,767,3166017B,Anti-Human CD141 (M80) -166Er,CD141,M80,Human,Human,CD and Surface Markers,Metal-Conjugated Antibodies,100 Test,24,5.0,,,,PBMC,None,1,1,2015-07-08,yes,0.00,TDS_3166017B.pdf,
Flow,173Yb,173,1,1,FDM,597,3173002B,Anti-Human CD141 (1A4) -173Yb,CD141,1A4,Human,Human,CD and Surface Markers,Metal-Conjugated Antibodies,100 test,59,12.0,,,,PBMC,None,1,1,2014-10-14,yes,0.00,TDS_3173002B.pdf,
Flow,155Gd,155,1,1,FDM,810,3155006B,Anti-Human CD146 (P1H12) -155Gd,CD146 ,P1H12,Human,human,CD and Surface Markers,Metal-Conjugated Antibodies,100 Test,479,96.0,,,,HeLa,none,1,1,2015-07-08,yes,0.00,TDS_3155006B.pdf,
Flow,156Gd,156,1,1,FDM,775,3156022B,Anti-Human CD147 (HIM6) -156Gd,CD147,HIM6,Human,Human,CD and Surface Markers,Metal-Conjugated Antibodies,100 Test,431,8.0,,,,PBMC,None,1,1,2015-07-08,yes,0.00,TDS_3156022B.pdf,
Flow,168Er,168,1,0,FDM,1203,201325,"Human CD14 (63D3)-168Er- MDIPA Kit, not sold separately",CD14 (Kit Only),63D3,Human,,,Metal-Conjugated Antibodies,,275,16.0,,55.0,,,,1,1,,yes,,,
Flow,142Nd,142,1,0,FDM,969,3142011B,Anti-Human CD151/PETA-3,CD151/PETA-3,Jun-50,Human ,Human,CD and Surface Markers,Metal-Conjugated Antibodies,100 Test ,37,7.0,,,,PBMC,None,1,1,2016-04-19,yes,0.00,TDS_3142011B.pdf,
Flow,142Nd,142,1,0,FDM,1322,3142019,Anti-Human CTLA-4 (14D3) - 142Nd,CD152/CTLA-4,14D3,Human,Human,CD and Surface Markers,Metal-Conjugated Antibodies,100 Test,199,39.8704,,,,,,1,1,,yes,,,
Flow,161Dy,161,1,1,FDM,585,3161004B,Anti-Human CD152/CTLA-4 (14D3) -161Dy,CD152/CTLA-4,14D3,Human,Human,CD and Surface Markers,Metal-Conjugated Antibodies,100 test,102,3.0,,,,PBMC,"PMA/Ionomycin, 6 hrs",1,1,2014-08-29,yes,0.00,TDS_3161004B.pdf,
Flow,162Dy,162,1,0,FDM,1323,3162039,Anti-Human CTLA-4 (14D3) - 162Dy,CD152/CTLA-4,14D3,Human,Human,CD and Surface Markers,Metal-Conjugated Antibodies,100 Test,405,80.9928,,,,,,1,1,,yes,,,
Flow,170Er,170,1,1,FDM,458,3170005B,Anti-Human CD152 [CTLA-4] (14D3) -170Er,CD152/CTLA-4,14D3,Human,human,CD and Surface Markers,Metal-Conjugated Antibodies,100 test,105,21.0,M,40.0,,PBMC,"PMA/Iono, 6hr",1,1,2013-10-02,yes,0.00,TDS_3170005B.pdf,
Flow,143Nd,143,1,1,FDM,1858,3143033B,Anti-CD154/CD40L (24-31) - 143Nd,CD154/CD40L,24-31,Human,Human,Cytokines,Metal-Conjugated Antibodies,100 test,302,13.04562,,,,,,1,1,,yes,,,
Flow,168Er,168,1,0,FDM,408,3168006B,Anti-Human CD154 [CD40L] (24-31) -168Er,CD154/CD40L,24-31,Human,human,CD and Surface Markers,Metal-Conjugated Antibodies,100 test,204,7.0,,,,PBMC,"PMA/Iono, 6hr",1,1,2013-05-24,yes,0.00,TDS_3168006B.pdf,
Flow,173Yb,173,1,1,FDM,780,3173010B,Anti-Human CD158b (DX27) -173Yb,CD158b/KIR2DL2/DL3/NKAT2,DX27,Human,Human,CD and Surface Markers,Metal-Conjugated Antibodies,100 Test,9,3.0,,,,PBMC,None,1,1,2015-07-08,yes,0.00,TDS_3173010B.pdf,
Flow,167Er,167,1,0,FDM,809,3167013B,Anti-Human NKB1 (DX9) -167Er,CD158e1/KIR3DL1/NKB1,DX9,Human,human,CD and Surface Markers,Metal-Conjugated Antibodies,100 Test,136,27.0,,,,whole blood,none,1,1,2015-07-08,yes,0.00,TDS_3167013B.pdf,
Flow,144Nd,144,1,0,FDM,636,3144019B,Anti-Human CD15 (W6D3) -144Nd,CD15/SSEA-1,W6D3,Human,Human,CD and Surface Markers,Metal-Conjugated Antibodies,100 test,108,21.0,,,,Whole Blood,None,1,1,2015-03-18,yes,0.00,TDS_3144019B.pdf,
Flow,164Dy,164,1,1,FDM,28,3164001B,Anti-Human CD15 (W6D3) -164Dy,CD15/SSEA-1,W6D3,Human,Human,CD and Surface Markers,Metal-Conjugated Antibodies,100 test,365,73.0,,,,Whole Blood,None,1,1,2012-12-31,yes,0.00,TDS_3164001B.pdf,
Flow,172Yb,172,1,1,FDM,679,3172021B,Anti-Human CD15/SSEA-1 (W6D3)-172Yb,CD15/SSEA-1,W6D3,Human,Human,CD and Surface Markers,Metal-Conjugated Antibodies,100 Test,59,12.0,,,,PBMC,None,1,1,2015-05-02,yes,0.00,TDS_3172021B.pdf,
Flow,145Nd,145,1,0,FDM,637,3145008B,Anti-Human CD16 (3G8) -145Nd,CD16,3G8,Human,Human,CD and Surface Markers,Metal-Conjugated Antibodies,100 test,301,13.0,,,,PBMC,None,1,1,2015-03-18,yes,0.00,TDS_3145008B.pdf,
Flow,148Nd,148,1,1,FDM,246,3148004B,Anti-Human CD16 (3G8) - 148Nd,CD16,3G8,Human,human,CD and Surface Markers,Metal-Conjugated Antibodies,100 test,433,87.0,,,,PBMC,none,1,1,2012-12-31,yes,0.00,TDS_3148004B.pdf,NEW
Flow,165Ho,165,1,1,FDM,29,3165001B,Anti-Human CD16 (3G8) -165Ho,CD16,3G8,Human,human,CD and Surface Markers,Metal-Conjugated Antibodies,100 test,47,9.0,H,140.0,,PBMC,none,1,1,2012-12-31,yes,0.00,TDS_3165001B.pdf,
Flow,209Bi,209,1,1,FDM,690,3209002B,Anti-Human CD16 (3G8) -209Bi,CD16,3G8,Human,Human,CD and Surface Markers,Metal-Conjugated Antibodies,100 Test,259,51.79,,,,PBMC,None,1,0,2015-05-02,yes,0.00,TDS_3209002B.pdf,
Flow,151Eu,151,1,0,FDM,1650,3151029B,Anti-Human CD161 (HP-3G10)-151Eu—100 Tests,CD161,HP-3G10,Human,Human,CD and Surface Makers,Metal-Conjugated Antibodies,100 Test,211,42.0,,,,,,1,1,,yes,,,New Clones
Flow,159Tb,159,1,1,FDM,296,3159004B,Anti-Human CD161 (HP-3G10) -159Tb,CD161,HP-3G10,Human,human,CD and Surface Markers,Metal-Conjugated Antibodies,100 test,56,11.0,,,,PBMC,none,1,1,2012-12-31,yes,0.00,TDS_3159004B.pdf,NEW
Flow,164Dy,164,1,1,FDM,405,3164009B,Anti-Human CD161 (HP-3G10) -164Dy ,CD161,HP-3G10,Human,human,CD and Surface Markers,Metal-Conjugated Antibodies,100 test,67,13.0,M,1.4,,PBMC,none,1,1,2013-05-24,yes,0.00,TDS_3164009B.pdf,
Flow,151Eu,151,1,0,FDM,1330,201325,"Anti-Human CD161 (HP-3G10) - 151Eu- MDIPA Kit, not sold separately",CD161 (Kit Only),HP-3G10,Human,Human,CD and Surface Markers,Metal-Conjugated Antibodies,100 Test,191,38.0,,,,PBMC,none,1,1,2023-05-23,yes,0.00,,
Flow,161Dy,161,1,1,FDM,993,3161026B,Anti-Human CD162 (KPL-1)-161Dy,CD162,KPL-1,Human,Human ,CD and Surface Markers,Metal-Conjugated Antibodies,100 Test,45,9.0,,,,PBMCs,None,1,1,2016-06-24,yes,0.00,TDS_3161026B.pdf,
Flow,167Er,167,1,0,FDM,777,3167014B,Anti-Human CD162 (KPL-1) -167Er,CD162,KPL-1,Human,Human,CD and Surface Markers,Metal-Conjugated Antibodies,100 Test,22,4.0,,,,PBMC,None,1,1,2015-07-08,yes,0.00,TDS_3167014B.pdf,
Flow,145Nd,145,1,0,FDM,716,3145010B,Anti-Human CD163 (GHI/61) -145ND,CD163,GHI/61,Human,Human,CD and Surface Markers,Metal-Conjugated Antibodies,100 test,39,8.0,,,,PBMC,None,1,1,2015-05-29,yes,0.00,TDS_3145010B.pdf,
Flow,154Sm,154,1,1,FDM,581,3154007B,Anti-Human CD163 (GHI/61) -154Sm,CD163,GHI/61,Human,Human,CD and Surface Markers,Metal-Conjugated Antibodies,100 test,100,20.0,,,,PBMC,None,1,1,2014-08-29,yes,0.00,TDS_3154007B.pdf,
Flow,165Ho,165,1,1,FDM,575,3165017B,Anti-Human CD163 (GHI/61) -165Ho,CD163,GHI/61,Human,Human,CD and Surface Markers,Metal-Conjugated Antibodies,100 test,111,22.0,,,,PBMC,None,1,1,2014-08-29,yes,0.00,TDS_3165017B.pdf,
Flow,164Dy,164,1,1,FDM,906,3164022B,Anti-Human CD166 (3A6)-164Dy,CD166,3A6,Human,Human,CD and Surface Markers,Metal-Conjugated Antibodies,100 Test,141,28.0,,,,Whole blood,None,1,1,2015-10-29,yes,0.00,TDS_3164022B.pdf,
Flow,158Gd,158,1,1,FDM,975,3158027B ,Anti-Human CD169 (7-239)-158Gd,CD169,7-239,Human ,Human,CD and Surface Markers,Metal-Conjugated Antibodies,100 Test,177,35.0,,,,PBMC,IFNg and TNFa,1,1,2016-05-04,yes,0.00,TDS_3158027B .pdf,
Flow,163Dy,163,1,1,FDM,897,3163017B,Anti-Human CD172a/b (SE5A5)-163Dy ,CD172 alpha beta/SIRP alpha beta,SE5A5,Human ,Human ,CD and Surface Markers,Metal-Conjugated Antibodies,100 Test,260,52.0,,,,PBMCs,None,1,1,2015-09-30,yes,0.00,TDS_3163017B.pdf,
Flow,175Lu,175,1,1,FDM,766,3175024B,Anti-Human CD172a/b (SE5A5) -175Lu,CD172 alpha beta/SIRP alpha beta,SE5A5,Human,Human,CD and Surface Markers,Metal-Conjugated Antibodies,100 Test,975,195.0,,,,PBMC,None,1,1,2015-07-08,yes,0.00,TDS_3175024B.pdf,
Flow,149Sm,149,1,1,FDM,755,3149015B,Anti-Human CD172b (B4B6) -149Sm,CD172 beta/SIRP beta,B4B6,Human,Human,CD and Surface Markers,Metal-Conjugated Antibodies,100 Test,62,12.0,,,,PBMC,None,1,1,2015-07-08,yes,0.00,TDS_3149015B.pdf,
Flow,149Sm,149,1,1,FDM,613,3149012B,Anti-Human CD179a (HSL96) -149Sm,CD179a,HSL96,Human,Human,CD and Surface Markers,Metal-Conjugated Antibodies,100 test,570,114.0,,,,NALM-6,None,1,1,2014-11-19,yes,0.00,TDS_3149012B.pdf,
Flow,158Gd,158,1,1,FDM,614,3158016B,Anti-Human CD179b (HSL11) -158Gd,CD179b,HSL11,Human,Human,CD and Surface Markers,Metal-Conjugated Antibodies,100 test,940,188.0,,,,NALM-6,None,1,1,2014-11-19,yes,0.00,TDS_3158016B.pdf,
Flow,142Nd,142,1,0,FDM,814,3142009B,Anti-Human CD181 (8F1/CXCR1)-142Nd ,CD181,8F1/CXCR1,Human,human,CD and Surface Markers,Metal-Conjugated Antibodies,100 Test,61,12.0,,,,whole blood,none,1,1,2015-08-14,yes,0.00,TDS_3142009B.pdf,
Flow,147Sm,147,1,1,FDM,813,3147010B,Anti-Human CD182 (5E8/CXCR2)-147Sm ,CD182/CXCR2,5E8/CXCR2,Human,human,CD and Surface Markers,Metal-Conjugated Antibodies,100 Test,24,5.0,,,,whole blood,none,1,1,2015-08-14,yes,0.00,TDS_3147010B.pdf,
Flow,156Gd,156,1,1,FDM,290,3156004B,Anti-Human CD183 [CXCR3](G025H7) -156Gd,CD183/CXCR3,G025H7,Human,,CD and Surface Markers,Metal-Conjugated Antibodies,100 test,48,10.0,M,6.0,,PBMC,none,1,1,2012-12-31,yes,0.00,TDS_3156004B.pdf,NEW
Flow,163Dy,163,1,1,FDM,587,3163004B,Anti-Human CD183/CXCR3 (G025H7) -163Dy,CD183/CXCR3,G025H7,Human,Human,CD and Surface Markers,Metal-Conjugated Antibodies,100 test,135,27.0,,,,PBMC,None,1,1,2014-08-29,yes,0.00,TDS_3163004B.pdf,
Flow,156Gd,156,1,1,FDM,927,3156029B,Anti-Human CD184/CXCR4 (12G5)-156Gd,CD184/CXCR4,12G5,Human ,Human,CD and Surface Markers,Metal-Conjugated Antibodies,100 Test,9,16.0,,,,PBMCs,None,1,1,2015-12-03,yes,0.00,TDS_3156029B.pdf,
Flow,173Yb,173,1,1,FDM,586,3173001B,Anti-Human CD184/CXCR4 (12G5) -173Yb,CD184/CXCR4,12G5,Human,Human,CD and Surface Markers,Metal-Conjugated Antibodies,100 test,15,3.06,,,,PBMC,None,1,1,2014-08-29,yes,0.00,TDS_3173001B.pdf,
Flow,175Lu,175,1,1,FDM,193,3175001B,Anti-Human CD184 [CXCR4] (12G5) -175Lu,CD184/CXCR4,12G5,Human,,CD and Surface Markers,Metal-Conjugated Antibodies,100 test,38,8.0,,,,PBMC,none,1,1,2012-12-31,yes,0.00,TDS_3175001B.pdf,New
Flow,153Eu,153,1,1,FDM,737,3153020B,Anti-Human CD185/CXCR5 (RF8B2) -153Eu ,CD185/CXCR5,RF8B2,Human ,Human,CD and Surface Markers,Metal-Conjugated Antibodies,100 Test,90,18.0,,,,PBMC,None,1,1,2015-06-15,yes,0.00,TDS_3153020B.pdf,
Flow,164Dy,164,1,1,FDM,671,3164016B,Anti-Human CD185/CXCR5 (51505)-164Dy,CD185/CXCR5,51505,Human,Human,CD and Surface Markers,Metal-Conjugated Antibodies,100 Test,102,20.0,,,,PBMC,None,1,1,2015-05-02,yes,0.00,TDS_3164016B.pdf,
Flow,171Yb,171,1,1,FDM,298,3171006B,Anti-Human CD185/CXCR5 (51505) -171Yb,CD185/CXCR5,51505,Human,,CD and Surface Markers,Metal-Conjugated Antibodies,100 test,167,1.4,,,,PBMC,none,1,1,2012-12-31,yes,0.00,TDS_3171006B.pdf,NEW
Flow,158Gd,158,1,1,FDM,1331,201325,"Anti-Human CD185/CXCR5 (J252D4) - 158Gd- MDIPA Kit, not sold separately",CD185/CXCR5 (Kit Only),J252D4,Human,Human,CD and Surface Markers,Metal-Conjugated Antibodies,100 Test,484,97.0,,,,PBMC,none,1,1,2023-05-23,yes,0.00,,
Flow,142Nd,142,1,0,FDM,30,3142001B,Anti-Human CD19 (HIB19) -142Nd,CD19,HIB19,Human,,CD and Surface Markers,Metal-Conjugated Antibodies,100 test,256,51.0,,,,PBMC,none,1,1,2012-12-31,yes,0.00,TDS_3142001B.pdf,
Flow,145Nd,145,1,0,FDM,1647,3145020B,Anti-Human CD19 (HIB19)-145Nd—100 Tests,CD19,HIB19,Human,Human,CD and Surface Makers,Metal-Conjugated Antibodies,100 Test,81,16.0,,,,,,1,1,,yes,,,New Clones
Flow,149Sm,149,1,1,FDM,1308,92J041149,Anti-CD19 (HIB19)-149Sm—25 uL,CD19,HIB19,Human,Human,CD and Surface Markers,Metal-Conjugated Antibodies,25 uL,103,20.6456,,,,,,1,1,,yes,,,
Flow,165Ho,165,1,1,FDM,642,3165025B,Anti-Human CD19 (HIB19) -165Ho,CD19,HIB19,Human,Human,CD and Surface Markers,Metal-Conjugated Antibodies,100 test,615,123.0,,,,PBMC,None,1,1,2015-03-18,yes,0.00,TDS_3165025B.pdf,
Flow,169Tm,169,1,1,FDM,472,3169011B,Anti-Human CD19 (HIB19) -169Tm,CD19,HIB19,Human,,CD and Surface Markers,Metal-Conjugated Antibodies,100 test,404,81.0,,60.0,,PBMC,none,1,1,2013-11-15,yes,0.00,TDS_3169011B.pdf,
Flow,198Pt,198,1,1,FDM,1307,92J041198,Anti-CD19 (HIB19)-198Pt—25 uL,CD19,HIB19,Human,Human,CD and Surface Markers,Metal-Conjugated Antibodies,25 uL,50,9.9484,,,,,,1,1,,yes,,,
Flow,153Eu,153,1,1,FDM,922,3153023B,Anti-Human CD192/CCR2 (K036C2)-153Eu,CD192/CCR2,K036C2,Human ,Human,CD and Surface Markers,Metal-Conjugated Antibodies,100 Test,652,130.0,,,,PBMCs,None,1,1,2015-12-03,yes,0.00,TDS_3153023B.pdf,
Flow,175Lu,175,1,1,FDM,818,3175025B,Anti-Human CD193/CCR3 (5E8)-175Lu,CD193/CCR3,5E8,Human ,human,CD and Surface Markers,Metal-Conjugated Antibodies,100 Test,249,50.0,,,,human whole blood,none,1,1,2015-08-14,yes,0.00,TDS_3175025B.pdf,
Flow,149Sm,149,1,1,FDM,292,3149003A,Anti-Human CD194/CCR4 (205410) -149Sm,CD194/CCR4,205410,Human,,CD and Surface Markers,Metal-Conjugated Antibodies,50 test,33,6.6,M,6.6,,PBMC,none,1,1,2012-12-31,no,0.00,TDS_3149003A.pdf,NEW
Flow,153Eu,153,1,1,FDM,588,3153013A,Anti-Human CD194/CCR4 (205410) -153Eu,CD194/CCR4,205410,Human,Human,CD and Surface Markers,Metal-Conjugated Antibodies,50 test,30,6.0,,,,PBMC,None,1,1,2014-08-29,no,0.00,TDS_3153013A.pdf,
Flow,158Gd,158,1,1,FDM,404,3158006A,Anti-Human CD194/CCR4 (205410) -158Gd ,CD194/CCR4,205410,Human,,CD and Surface Markers,Metal-Conjugated Antibodies,50 test,119,24.0,,,,PBMC,none,1,1,2013-05-24,no,0.00,TDS_3158006A.pdf,
Flow,175Lu,175,1,1,FDM,627,3175021A,Anti-Human CCR4/CD194 (205410) -175Lu,CD194/CCR4,205410,Human,Human,CD and Surface Markers,Metal-Conjugated Antibodies,50 test,193,39.0,,,,PBMC,None,1,1,2015-01-29,no,0.00,TDS_3175021A.pdf,
Flow,152Sm,152,1,0,FDM,1333,201325,"Anti-Human CD194/CCR4 (L291H4) - 152Sm- MDIPA Kit, not sold separately",CD194/CCR4 (Kit Only),L291H4,Human,Human,CD and Surface Markers,Metal-Conjugated Antibodies,100 Test,285,57.0,,,,PBMC,none,1,1,2023-05-23,yes,0.00,,
Flow,144Nd,144,1,0,FDM,360,3144007A,Anti-Human CD195/CCR5 (NP-6G4) -144Nd,CD195/CCR5,NP-6G4,Human,,CD and Surface Markers,Metal-Conjugated Antibodies,50 test,40,7.99,L,1.4,,PBMC,none,1,1,2013-04-01,yes,0.00,TDS_3144007A.pdf,NEW
Flow,156Gd,156,1,1,FDM,608,3156015A,Anti-Human CCR5 [CD195] (NP -6G4) -156Gd,CD195/CCR5,NP-6G4,Human,Human,CD and Surface Markers,Metal-Conjugated Antibodies,50 test,90,18.09,,,,PBMC,None,1,1,2014-11-19,yes,0.00,TDS_3156015A.pdf,
Flow,171Yb,171,1,1,FDM,918,3171017A,Anti-Human CD195/CCR5 (NP-6G4)-171Yb,CD195/CCR5,NP-6G4,Human ,Human,CD and Surface Markers,Metal-Conjugated Antibodies,50 Test ,21,4.0,,,,PBMCs,None,1,1,2015-12-03,yes,0.00,TDS_3171017A.pdf,
Flow,141Pr,141,1,1,FDM,289,3141003A,Anti-Human CD196 [CCR6](G034E3) -141Pr,CD196/CCR6,G034E3,Human,,CD and Surface Markers,Metal-Conjugated Antibodies,50 test,250,50.0,L,50.0,,PBMC,none,1,1,2012-12-31,yes,0.00,TDS_3141003A.pdf,NEW
Flow,176Yb,176,1,1,FDM,978,3176022A,Anti-Human CD196/CCR6 (G034E3)-176Yb,CD196/CCR6,G034E3,Human ,Human,CD and Surface Markers,Metal-Conjugated Antibodies,50 Test ,160,80.0,,,,PBMC,none,1,1,2016-05-04,yes,0.00,TDS_3176022A.pdf,
Flow,159Tb,159,1,1,FDM,252,3159003A,Anti-Human CD197 [CCR7] (G043H7) -159Tb,CD197/CCR7,G043H7,Human,,CD and Surface Markers,Metal-Conjugated Antibodies,50 test,117,24.0,M,14.0,,PBMC,none,1,1,2012-12-31,yes,0.00,TDS_3159003A.pdf,NEW
Flow,167Er,167,1,0,FDM,589,3167009A,Anti-Human CD197/CCR7 (G043H7) -167Er,CD197/CCR7,G043H7,Human,Human,CD and Surface Markers,Metal-Conjugated Antibodies,50 test,201,40.0,,,,PBMC,None,1,1,2014-08-29,yes,0.00,TDS_3167009A.pdf,
Flow,168Er,168,1,0,FDM,609,3168011A,Anti-Human CCR9 (CD199) (L053E8) -168Er,CD199/CCR9,L053E8,Human,Human,CD and Surface Markers,Metal-Conjugated Antibodies,50 test,220,40.0,,,,MOLT-4,None,1,1,2014-11-19,yes,0.00,TDS_3168011A.pdf,
Flow,144Nd,144,1,0,FDM,1332,201325,"Anti-Human CD19 (HIB19) - 144Nd- MDIPA Kit, not sold separately",CD19 (Kit Only),HIB19,Human,Human,CD and Surface Markers,Metal-Conjugated Antibodies,100 Test,426,85.0,,,,PBMC,none,1,1,2023-05-23,yes,0.00,,
Flow,167Er,167,1,0,FDM,784,3167012B,Anti-Human CD1a (HI149) -167Er,CD1a ,HI149 ,Human,Human,CD and Surface Markers,Metal-Conjugated Antibodies,100 Test,25,5.0,,,,MOLT-4,None,1,1,2015-07-08,yes,0.00,TDS_3167012B.pdf,
Flow,155Gd,155,1,1,FDM,785,3155007B,Anti-Human CD1b (SN13) -155Gd,CD1b,SN13,Human,Human,CD and Surface Markers,Metal-Conjugated Antibodies,100 Test,200,40.0,,,,MOLT-4,None,1,1,2015-07-08,yes,0.00,TDS_3155007B.pdf,
Flow,162Dy,162,1,0,FDM,768,3162025B,Anti-Human CD1d (51.1) -162Dy,CD1d ,51.1,Human,Human,CD and Surface Markers,Metal-Conjugated Antibodies,100 Test,45,3.0,,,,PBMC,None,1,1,2015-07-08,yes,0.00,TDS_3162025B.pdf,
Flow,151Eu,151,1,0,FDM,302,3151003B,Anti-Human CD2 (TS1/8) -151Eu,CD2,TS1/8,Human,,CD and Surface Markers,Metal-Conjugated Antibodies,100 test,473,95.0,,,,PBMC,none,1,1,2012-12-31,yes,0.00,TDS_3151003B.pdf,NEW
Flow,147Sm,147,1,1,FDM,31,3147001B,Anti-Human CD20 (2H7) -147Sm,CD20,2H7,Human,,CD and Surface Markers,Metal-Conjugated Antibodies,100 test,1039,208.0,H,60.0,,PBMC,none,1,1,2012-12-31,yes,0.00,TDS_3147001B.pdf,
Flow,156Gd,156,1,1,FDM,1652,3156037B,Anti-Human CD20 (2H7)-156Gd—100 Tests,CD20,2H7,Human,Human,CD and Surface Makers,Metal-Conjugated Antibodies,100 Test,249,50.0,,,,,,1,1,,yes,,,New Clones
Flow,171Yb,171,1,1,FDM,602,3171012B,Anti-Human CD20 (2H7) -171Yb,CD20,2H7,Human,Human,CD and Surface Markers,Metal-Conjugated Antibodies,100 test,842,168.0,,,,PBMC,None,1,1,2014-11-19,yes,0.00,TDS_3171012B.pdf,
Flow,149Sm,149,1,1,FDM,364,3149007B,Anti-Human CD200 (OX-104) -149Sm,CD200,OX-104,Human,,CD and Surface Markers,Metal-Conjugated Antibodies,100 test,16,3.0,L,1.4,,PBMC,none,1,1,2013-04-01,yes,0.00,TDS_3149007B.pdf,NEW
Flow,156Gd,156,1,1,FDM,848,3156025B,Anti-Human SR-AI/MSR (351615)-156Gd,CD204/SR-AI/MSR,351615,Human,human,CD and Surface Markers,Metal-Conjugated Antibodies,100 Test,91,8.0,,,,THP-1-derived macrophages,PMA,1,1,2015-08-14,yes,0.00,TDS_3156025B.pdf,
Flow,168Er,168,1,0,FDM,481,3168008B,Anti-Human CD206/MMR (15-2) -168Er,CD206/MMR,15-2,Human,,CD and Surface Markers,Metal-Conjugated Antibodies,100 test,773,29.0,,,,PBMC,"GM-CSF, 3 days",1,1,2013-12-02,yes,0.00,TDS_3168008B.pdf,
Flow,175Lu,175,1,1,FDM,576,3175016B,Anti-Human CD207 (4C7) -175Lu,CD207,4C7,Human/Mouse,Human,CD and Surface Markers,Metal-Conjugated Antibodies,100 test,1500,300.0,,,,Monocyte-derived dendritic cells (MDCC),None,1,1,2014-08-29,yes,0.00,TDS_3175016B.pdf,
Flow,159Tb,159,1,1,FDM,303,3159005B,Anti-Human CD22 (HIB22) -159Tb,CD22,HIB22,Human,,CD and Surface Markers,Metal-Conjugated Antibodies,100 test,425,85.0,M,33.4,,PBMC,none,1,1,2012-12-31,yes,0.00,TDS_3159005B.pdf,NEW
Flow,150Nd,150,1,1,FDM,580,3150016B,Anti-Human CD223/LAG-3 (874501) -150Nd,CD223/LAG-3,874501,Human,Human,CD and Surface Markers,Metal-Conjugated Antibodies,100 test,400,80.0,,,,PBMC,"PHA, 3 days",1,1,2014-08-29,no,0.00,TDS_3150016B.pdf,
Flow,165Ho,165,1,1,FDM,1020,3165037B,Anti-Human CD223/LAG-3 (11C3C65)-165Ho,CD223/LAG-3,11C3C65,Human ,Human,CD & Surface Marker Antibodies,Metal-Conjugated Antibodies,100 Test,50,3.0,,,,PBMC,PHA,1,1,2017-06-19,yes,0.00,ano_3165037B.pdf,
Flow,172Yb,172,1,1,FDM,1860,3172035B,Anti-CD223/LAG-3 (11C3C65) - 172Yb,CD223/LAG-3,11C3C65,Human,Human,CD and Surface Makers,Metal-Conjugated Antibodies,100 test,27,2.86896,,,,,,1,1,,yes,,,
Flow,175Lu,175,1,1,FDM,1000,3175033B,Anti- CD223/LAG-3 (11C3C65)-175Lu,CD223/LAG-3,11C3C65,Human ,Human ,CD & Surface Marker Antibodies,Metal-Conjugated Antibodies,100 Test,16,3.0,,,,PBMC,PHA (3 days),1,1,2016-11-07,yes,0.00,,
Flow,171Yb,171,1,1,FDM,666,3171013B,Anti-Human CD226 (DX11)-171Yb,CD226,DX11,Human,Human,CD and Surface Markers,Metal-Conjugated Antibodies,100 Test,20,4.0,,,,PBMC,None,1,1,2015-05-02,yes,0.00,TDS_3171013B.pdf,
Flow,174Yb,174,1,1,FDM,807,3174017B,Anti-Human CD229 (HLy9.1.25) -174Yb,CD229/Ly-9,HLy9.1.25,Human,human,CD and Surface Markers,Metal-Conjugated Antibodies,100 Test,27,5.0,,,,whole blood,none,1,1,2015-07-08,yes,0.00,TDS_3174017B.pdf,
Flow,160Gd,160,1,1,FDM,921,3160020B,Anti-Human CD23 (EBVCS-5)-160Gd,CD23,EBVCS-5,Human ,Human,CD and Surface Markers,Metal-Conjugated Antibodies,100 Test,63,13.0,,,,PBMCs,None,1,1,2015-12-03,yes,0.00,TDS_3160020B.pdf,
Flow,164Dy,164,1,1,FDM,769,3164018B,Anti-Human CD23 (EBVCS-5) -164Dy,CD23,EBVCS-5 ,Human,Human,CD and Surface Markers,Metal-Conjugated Antibodies,100 Test,30,6.0,,,,PBMC,None,1,1,2015-07-08,yes,0.00,TDS_3164018B.pdf,
Flow,163Dy,163,1,1,FDM,790,3163016B,Anti-Human CD231 (SN1a(M3-3D9)) -163Dy,CD231/TALLA,SN1a[M3-3D9],Human,Human,CD and Surface Markers,Metal-Conjugated Antibodies,100 Test,45,9.0,,,,MOLT-4,None,1,1,2015-07-08,yes,0.00,TDS_3163016B.pdf,
Flow,141Pr,141,1,1,FDM,194,3141001B,Anti-Human CD235ab (HIR2) -141Pr,CD235ab/Glycophorin ab,HIR2,Human,,CD and Surface Markers,Metal-Conjugated Antibodies,100 test,29,6.0,,,,PBMC,none,1,1,2012-12-31,yes,0.00,TDS_3141001B.pdf,New
Flow,163Dy,163,1,1,FDM,641,3163008B,Anti-Human CD235ab (HIR2) -163Dy,CD235ab/Glycophorin ab,HIR2,Human,Human,CD and Surface Markers,Metal-Conjugated Antibodies,100 test,420,84.0,,,,RBC,None,1,1,2015-03-18,yes,0.00,TDS_3163008B.pdf,
Flow,175Lu,175,1,1,FDM,855,3175027B,Anti-Human CD235 (HIR2)-175Lu,CD235ab/Glycophorin ab,HIR2,Human,Human ,CD and Surface Markers,Metal-Conjugated Antibodies,100 Test,152,30.0,,,,PBMCs with RBC spiked in ,None,1,1,2015-08-14,yes,0.00,TDS_3175027B.pdf,
Flow,166Er,166,1,1,FDM,330,3166007B,Anti-Human CD24 (ML5) -166Er,CD24,ML5,Human,,CD and Surface Markers,Metal-Conjugated Antibodies,100 test,52,10.0,M,50.0,,NALM-6,none,1,1,2012-12-31,yes,0.00,TDS_3166007B.pdf,NEW
Flow,169Tm,169,1,1,FDM,295,3169004B,Anti-Human CD24 (ML5) -169Tm,CD24,ML5,Human,,CD and Surface Markers,Metal-Conjugated Antibodies,100 test,89,18.0,M,40.0,,NALM-6,none,1,1,2012-12-31,yes,0.00,TDS_3169004B.pdf,NEW
Flow,165Ho,165,1,1,FDM,1862,3165046B,Anti-CD244/2B4 (PP35) - 165Ho,CD244/2B4,PP35,Human,Human,CD and Surface Makers,Metal-Conjugated Antibodies,100 test,63,12.5018,,,,,,1,1,,yes,,,
Flow,153Eu,153,1,1,FDM,1854,3153032B,Anti-CD25 (BC96) - 153Pr,CD25,BC96,Human,Human,CD and Surface Makers,Metal-Conjugated Antibodies,100 test,63,4.8752,,,,,,1,1,,yes,,,
Flow,163Dy,163,1,1,FDM,819,3163013B,Anti-Human CD257 (T7-241)-163Dy,CD257/BAFF/BLYS,T7-241,Human ,human,CD and Surface Markers,Metal-Conjugated Antibodies,100 Test,221,44.0,,,,human whole blood,none,1,1,2015-08-14,yes,0.00,TDS_3163013B.pdf,
Flow,149Sm,149,1,1,FDM,403,3149010B,Anti-Human CD25 (2A3) -149Sm,CD25/IL-2R,2A3,Human,Human,CD and Surface Markers,Metal-Conjugated Antibodies,100 test,18,4.0,,,,PBMC,PMA,1,1,2013-05-24,yes,0.00,TDS_3149010B.pdf,
Flow,169Tm,169,1,1,FDM,226,3169003B,Anti-Human CD25 (2A3) - 169Tm,CD25/IL-2R,2A3,Human,,CD and Surface Markers,Metal-Conjugated Antibodies,100 test,36,7.0,,,,Jurkat,"PHA, 2 days",1,1,2012-12-31,yes,0.00,TDS_3169003B.pdf,
Flow,153Eu,153,1,1,FDM,1197,201325,"Human CD25 (BC96)DM10-153Eu- MDIPA Kit, not sold separately",CD25 (Kit Only),BC96,Human,,,Metal-Conjugated Antibodies,,81,16.0,,16.0,,,,1,1,,yes,,,
Flow,161Dy,161,1,1,FDM,771,3161015B,Anti-Human CD26 (BA5b) -161Dy,CD26 ,BA5b,Human,Human,CD and Surface Markers,Metal-Conjugated Antibodies,100 Test,31,6.0,,,,PBMC,None,1,1,2015-07-08,yes,0.00,TDS_3161015B.pdf,
Flow,155Gd,155,1,1,FDM,796,3155005B,Anti-Human CD268 (11C1) -155Gd,CD268/BAFF-R,11C1 ,Human,Human,CD and Surface Markers,Metal-Conjugated Antibodies,100 Test,161,32.0,,,,PBMC,None,1,1,2015-07-08,yes,0.00,TDS_3155005B.pdf,
Flow,150Nd,150,1,1,FDM,610,3150017B,Anti-Human/Mouse CD27 (LG.3A10) -150Nd,CD27,LG.3A10,Human/Mouse,Human,CD and Surface Markers,Metal-Conjugated Antibodies,100 test,104,21.0,,,,PBMC,None,1,1,2014-11-19,yes,0.00,TDS_3150017B.pdf,
Flow,155Gd,155,1,1,FDM,546,3155001B,Anti-Human CD27 (L128) -155Gd,CD27,L128,Human,Human,CD and Surface Markers,Metal-Conjugated Antibodies,100 test,136,27.0,,16.0,,PBMC,None,1,1,2014-04-02,yes,0.00,TDS_3155001B.pdf,
Flow,158Gd,158,1,1,FDM,514,3158010B,Anti-Human CD27 (L128) -158Gd,CD27,L128,Human,Human,CD and Surface Markers,Metal-Conjugated Antibodies,100 test,250,50.0,M,30.0,,PBMC,None,1,1,2014-02-24,yes,0.00,TDS_3158010B.pdf,
Flow,162Dy,162,1,0,FDM,387,3162009B,Anti-Human CD27 (L128) -162Dy,CD27,L128,Human,,CD and Surface Markers,Metal-Conjugated Antibodies,100 test,200,40.0,M,40.0,,PBMC,none,1,1,2013-04-29,yes,0.00,TDS_3162009B.pdf,NEW
Flow,167Er,167,1,0,FDM,32,3167002B,Anti-Human CD27 (O323) -167Er,CD27,O323,Human,,CD and Surface Markers,Metal-Conjugated Antibodies,100 test,202,40.0,,,,PBMC,none,1,1,2012-12-31,yes,0.00,TDS_3167002B.pdf,
Flow,144Nd,144,1,0,FDM,895,3144022B,Anti-Human CD270/HVEM (122)-144Nd ,CD270/HVEM/TR2,122,Human ,Human ,CD and Surface Markers,Metal-Conjugated Antibodies,100 Test,22,3.0,,,,PBMCs,None,1,1,2015-09-30,yes,0.00,TDS_3144022B.pdf,
Flow,149Sm,149,1,1,FDM,831,3149017B,Anti-Human CD271 (C40- 1457)-149Sm,CD271,C40-1457,Human,Human,CD and Surface Markers,Metal-Conjugated Antibodies,100 Test,32,6.0,,,,PBMC,None,1,1,2015-08-14,yes,0.00,TDS_3149017B.pdf,
Flow,163Dy,163,1,1,FDM,669,3163009B,Anti-Human CD272/BTLA (MIH26)-163Dy,CD272/BTLA,MIH26,Human,Human,CD and Surface Markers,Metal-Conjugated Antibodies,100 Test,130,26.0,,,,PBMC,None,1,1,2015-05-02,yes,0.00,TDS_3163009B.pdf,
Flow,175Lu,175,1,1,FDM,1864,3175042B,Anti-CD272/BTLA (MIH26) - 175Lu,CD272/BTLA,MIH26,Human,Human,CD and Surface Makers,Metal-Conjugated Antibodies,100 test,35,7.0314,,,,,,1,1,,yes,,,
Flow,172Yb,172,1,1,FDM,583,3172014B,Anti-Human CD273/PDL2 (24F.10C12) -172Yb,CD273/PD-L2,24F.10C12,Human,Human,CD and Surface Markers,Metal-Conjugated Antibodies,100 test,14,3.0,,,,Monocyte-derived dendritic cells (MDDC),None,1,1,2014-08-29,yes,0.00,TDS_3172014B.pdf,
Flow,148Nd,148,1,1,FDM,894,3148017B,Anti-Human CD274 (PD-L1) (29E.2A3)-148Nd,CD274/PD-L1,29E.2A3,Human ,Human ,CD and Surface Markers,Metal-Conjugated Antibodies,100 Test,20,3.0,,,,PBMCs,None,1,1,2015-09-30,yes,0.00,TDS_3148017B.pdf,
Flow,156Gd,156,1,1,FDM,857,3156026B,Anti-Human CD274 (PD-L1) (29E.2A3)-156Gd,CD274/PD-L1,29E.2A3,Human,Human ,CD and Surface Markers,Metal-Conjugated Antibodies,100 Test,33,3.0,,,,PBMCs,PHA,1,1,2015-08-14,yes,0.00,TDS_3156026B.pdf,
Flow,159Tb,159,1,1,FDM,919,3159029B,Anti-Human CD274 (PD-L1) (29E.2A3)-159Tb,CD274/PD-L1,29E.2A3,Human ,Human,CD and Surface Markers,Metal-Conjugated Antibodies,100 Test,73,3.0,,,,PBMCs,PHA (3 days),1,1,2015-12-03,yes,0.00,TDS_3159029B.pdf,
Flow,169Tm,169,1,1,FDM,1159,3169029B,Anti-Human CD274 (PD-L1) (MIH1) - 169Tm - 100 Tests,CD274/PD-L1,MIH1,Human ,,IO,Metal-Conjugated Antibodies,100 Test,196,39.0,,,,PBMC,,1,1,2020-01-07,yes,0.00,,
Flow,174Yb,174,1,1,FDM,1866,3174027B,Anti-CD274/PD-L1 (MIH1) - 174Yb,CD274/PD-L1,MIH1,Human,Human,CD and Surface Makers,Metal-Conjugated Antibodies,100 test,266,15.06182,,,,,,1,1,,yes,,,
Flow,175Lu,175,1,1,FDM,584,3175017B,Anti-Human CD274 (PD-L1) (29E.2A3) -175Lu,CD274/PD-L1,29E.2A3,Human,Human,CD and Surface Markers,Metal-Conjugated Antibodies,100 test,70,3.0,,,,PBMC,"PHA, 3 days",1,1,2014-08-29,yes,0.00,TDS_3175017B.pdf,
Flow,209Bi,209,1,1,FDM,1160,3209014B,Anti-Human CD274 (PD-L1) (MIH1) - 209Bi - 100 Tests,CD274/PD-L1,MIH1,Human ,,IO,Metal-Conjugated Antibodies,100 Test,238,48.0,,,,PBMC,,1,1,2020-01-07,yes,0.00,,
Flow,143Nd,143,1,1,FDM,996,3143025B,Anti-CD278/ICOS (C398.4A)-143Nd,CD278/ICOS,C398.4A,Cross,Human,CD and Surface Markers,Metal-Conjugated Antibodies,100 Test,118,8.0,,,,PBMC,PHA stim,1,1,2016-09-14,yes,0.00,,
Flow,148Nd,148,1,1,FDM,979,3148019B,Anti- CD278/ICOS (C398.4A)-148Nd,CD278/ICOS,C398.4A,Cross,Human,CD and Surface Markers,Metal-Conjugated Antibodies,100 Test,216,6.0,,,,PBMC,"PHA, 3 days",1,1,2016-05-04,yes,0.00,TDS_3148019B.pdf,
Flow,151Eu,151,1,0,FDM,995,3151020B,Anti- CD278/ICOS (C398.4A)-151Eu,CD278/ICOS,C398.4A,Cross,Human ,CD and Surface Markers,Metal-Conjugated Antibodies,100 Test,798,16.0,,,,PBMCs,PHA stim,1,1,2016-06-24,yes,0.00,TDS_3151020B.pdf,
Flow,168Er,168,1,0,FDM,999,3168024B,Anti-CD278/ICOS (C398.4A)-168Er,CD278/ICOS,C398.4A,Cross,Human ,CD & Surface Marker Antibodies,Metal-Conjugated Antibodies,100 Test,272,6.0,,,,PBMC,PHA (3 days),1,1,2016-11-07,yes,0.00,,
Flow,169Tm,169,1,1,FDM,1156, 3169030B,Anti-Human CD278/ICOS (C398.4A) - 169Tm - 100 Tests,CD278/ICOS,C398.4A,Human ,,IO,Metal-Conjugated Antibodies,100 Test,101,20.0,,,,PBMC,,1,1,2020-01-07,yes,0.00,,
Flow,175Lu,175,1,1,FDM,1155,3175039B,Anti-Human CD278/ICOS (C398.4A) - 175Lu - 100 Tests,CD278/ICOS,C398.4A,Human ,,IO,Metal-Conjugated Antibodies,100 Test,946,189.0,,,,PBMC,,1,1,2020-01-07,yes,0.00,,
Flow,155Gd,155,1,1,FDM,858,3155009B,Anti-Human CD279 (PD-1) (EH12.2H7)-155Gd,CD279/PD-1,EH12.2H7,Human,Human ,CD and Surface Markers,Metal-Conjugated Antibodies,100 Test,43,3.0,,,,PBMCs,PHA,1,1,2015-08-14,yes,0.00,TDS_3155009B.pdf,
Flow,156Gd,156,1,1,FDM,1868,3156038B,Anti-CD279/PD-1 (EH12.2H7) - 156Gd,CD279/PD-1,EH12.2H7,Human,Human,CD and Surface Makers,Metal-Conjugated Antibodies,100 test,37,5.42288,,,,,,1,1,,yes,,,
Flow,165Ho,165,1,1,FDM,1149,3165042B,Anti-Human CD279 (PD-1) (EH12.2H7) - 165Ho - 100 T,CD279/PD-1,EH12.2H7,Human ,,IO,Metal-Conjugated Antibodies,100 Test,214,43.0,,,,PBMC,,1,1,2020-01-07,yes,0.00,,
Flow,174Yb,174,1,1,FDM,928,3174020B,Anti-Human CD279 (PD-1) (EH12.2H7)-174Yb,CD279/PD-1,EH12.2H7,Human ,Human,CD and Surface Markers,Metal-Conjugated Antibodies,100 Test,138,28.0,,,,PBMCs,PHA (3 days),1,1,2015-12-03,yes,0.00,TDS_3174020B.pdf,
Flow,175Lu,175,1,1,FDM,418,3175008B,Anti-Human CD279 (PD-1)(EH12.2H7) -175Lu,CD279/PD-1,EH12.2H7,Human,,CD and Surface Markers,Metal-Conjugated Antibodies,100 test,161,3.0,,,,PBMC,"PHA, 3 days",1,1,2013-06-14,yes,0.00,TDS_3175008B.pdf,
Flow,154Sm,154,1,1,FDM,1334,201325,"Anti-Human CD27 (O323) - 154Sm- MDIPA Kit, not sold separately",CD27 (Kit Only),O323,Human,Human,CD and Surface Markers,Metal-Conjugated Antibodies,100 Test,338,68.0,,,,PBMC,none,1,1,2023-05-23,yes,0.00,,
Flow,160Gd,160,1,1,FDM,254,3160003B,Anti-Human CD28 (CD28.2) -160Gd,CD28,CD28.2,Human,,CD and Surface Markers,Metal-Conjugated Antibodies,100 test,149,30.0,L,3.4,,PBMC,none,1,1,2012-12-31,yes,0.00,TDS_3160003B.pdf,NEW
Flow,149Sm,149,1,1,FDM,990,3149022B,Anti-Human/Mouse CD282 (T2.5)-149Sm,CD282,T2.5,Human/Mouse,Mouse,CD and Surface Markers,Metal-Conjugated Antibodies,100 Test,22,4.0,,,,Splenocytes,None,1,1,2016-06-24,yes,0.00,TDS_3149022B.pdf,
Flow,154Sm,154,1,1,FDM,774,3154015B,Anti-Human CD282 (TL2.1) -154Sm,CD282/TLR2,TL2.1,Human,Human,CD and Surface Markers,Metal-Conjugated Antibodies,100 Test,54,11.0,,,,PBMC,None,1,1,2015-07-08,yes,0.00,TDS_3154015B.pdf,
Flow,176Yb,176,1,1,FDM,914,3176021B,Anti-Human CD282/TLR2 (TL2.1)-176Yb,CD282/TLR2,TL2.1,Human ,Human,CD and Surface Markers,Metal-Conjugated Antibodies,100 Test,10,2.0,,,,PBMCs,Noe,1,1,2015-12-03,yes,0.00,TDS_3176021B.pdf,
Flow,158Gd,158,1,1,FDM,915,3158024B,Anti-Human CD284/TLR4 (HTA125)-158Gd,CD284/TLR4,HTA125,Human ,Human,CD and Surface Markers,Metal-Conjugated Antibodies,100 Test,6,3.0,,,,WB,None,1,1,2015-12-03,yes,0.00,TDS_3158024B.pdf,
Flow,156Gd,156,1,1,FDM,315,3156007B,Anti-Human CD29 (TS2/16) -156Gd,CD29,TS2/16,Human,,CD and Surface Markers,Metal-Conjugated Antibodies,100 test,526,105.0,,,,PBMC,none,1,1,2012-12-31,yes,0.00,TDS_3156007B.pdf,NEW
Flow,163Dy,163,1,1,FDM,590,3163003B,Anti-Human CD294/CRTH2 (BM16 ) -163Dy,CD294/CRTH2,BM16,Human,Human,CD and Surface Markers,Metal-Conjugated Antibodies,100 test,33,7.0,,,,PBMC,None,1,1,2014-08-29,yes,0.00,TDS_3163003B.pdf,
Flow,166Er,166,1,1,FDM,1335,,"Anti-Human CD294/CRTH2 (BM16) - 166Er- MDIPA Kit, not sold separately",CD294/CRTH2 (Kit Only),BM16,Human,Human,CD and Surface Markers,Metal-Conjugated Antibodies,100 Test,293,59.0,,,,PBMC,none,1,1,2023-05-23,yes,0.00,,
Flow,141Pr,141,1,1,FDM,1136,3141019B,Anti-Human CD3 (UCHT1)-141Pr,CD3,UCHT1,Human ,Human,CD & Surface Marker,Metal-Conjugated Antibodies,100 Test,153,30.0,,,,PBMC,N/A,1,1,2018-04-04,yes,0.00,,
Flow,154Sm,154,1,1,FDM,384,3154003B,Anti-Human CD3 (UCHT1) -154Sm ,CD3,UCHT1,Human,,CD and Surface Markers,Metal-Conjugated Antibodies,100 test,337,67.0,,,,PBMC,none,1,1,2013-04-29,yes,0.00,TDS_3154003B.pdf,NEW
Flow,170Er,170,1,1,FDM,21,3170001B,Anti-Human CD3 (UCHT1) -170Er,CD3,UCHT1,Human,Human,CD and Surface Markers,Metal-Conjugated Antibodies,100 test,372,74.0,,,,PBMC,none,1,1,2012-12-31,yes,0.00,TDS_3170001B.pdf,
Flow,167Er,167,1,0,FDM,847,3167015B,Anti-Human CD301/CLEC10a (H037G3)-167Er,CD301/CLEC10A,H037G3,Human,human,CD and Surface Markers,Metal-Conjugated Antibodies,100 Test,13,3.0,,,,THP-1-derived macrophages,None,1,1,2015-08-14,yes,0.00,TDS_3167015B.pdf,
Flow,147Sm,147,1,1,FDM,574,3147009B,Anti-Human CD303/BDCA2 (201A) -147Sm,CD303/BDCA2,201A,Human,Human,CD and Surface Markers,Metal-Conjugated Antibodies,100 test,48,10.0,,,,PBMC,None,1,1,2014-08-29,yes,0.00,TDS_3147009B.pdf,
Flow,153Eu,153,1,1,FDM,456,3153007B,Anti-Human CD303/BDCA2 (201A) -153Eu,CD303/BDCA2,201A,Human,,CD and Surface Markers,Metal-Conjugated Antibodies,100 test,157,31.0,,,,PBMC,none,1,1,2013-10-02,yes,0.00,TDS_3153007B.pdf,
Flow,169Tm,169,1,1,FDM,779,3169018B,Anti-Human CD304 / Neuro(12C2) -169Tm,CD304/Neuropilin-1,12C2,Human,Human,CD and Surface Markers,Metal-Conjugated Antibodies,100 Test,86,17.0,,,,PBMC,None,1,1,2015-07-08,yes,0.00,TDS_3169018B.pdf,
Flow,154Sm,154,1,1,FDM,660,3154009B,Anti-Human CD309/KDR (7D4-6) -154Sm,CD309/KDR,7D4-6,Human,Human,CD and Surface Markers,Metal-Conjugated Antibodies,100 test,29,6.0,,,,ES cells (U. Conn.),None,1,1,2015-03-18,yes,0.00,TDS_3154009B.pdf,
Flow,144Nd,144,1,0,FDM,1015,3144023B,Anti-Human CD31/PECAM-1 (WM59)-144Nd,CD31/PECAM-1,WM59,Human ,Human,CD & Surface Marker Antibodies,Metal-Conjugated Antibodies,100 Test,71,14.0,,,,PBMC,None,1,1,2017-06-19,yes,0.00,,
Flow,145Nd,145,1,0,FDM,311,3145004B,Anti-Human CD31/PECAM-1 (WM59) -145Nd,CD31/PECAM-1,WM59,Human,,CD and Surface Markers,Metal-Conjugated Antibodies,100 test,272,54.0,,,,PBMC,none,1,1,2012-12-31,yes,0.00,TDS_3145004B.pdf,NEW
Flow,153Eu,153,1,1,FDM,757,3153018B,Anti-Human CD32 (FUN-2) -153Eu,CD32 ,FUN-2,Human,Human,CD and Surface Markers,Metal-Conjugated Antibodies,100 Test,456,70.0,,,,PBMC,None,1,1,2015-07-08,yes,0.00,TDS_3153018B.pdf,
Flow,169Tm,169,1,1,FDM,916,3169020B,Anti-Human CD32 (FUN-2)-169Tm,CD32,FUN-2,Human ,Human,CD and Surface Markers,Metal-Conjugated Antibodies,100 Test,142,28.0,,,,PBMCs,None,1,1,2015-12-03,yes,0.00,TDS_3169020B.pdf,
Flow,158Gd,158,1,1,FDM,727,3158021A,Anti- CD324/E-Cadherin (24E10) -158Gd,CD324/E-Cadherin,24E10,Cross,Human,CD and Surface Markers,Metal-Conjugated Antibodies,50 Test,446,89.0,,,,MCF7,None,1,1,2015-06-15,yes,0.00,TDS_3158021A.pdf,
Flow,143Nd,143,1,1,FDM,835,3143016B,Anti-Human CD325/N-Cadherin (8C11)-143Nd,CD325/N-Cadherin,8C11,Human,human,CD and Surface Markers,Metal-Conjugated Antibodies,100 Test,125,25.0,,,,HeLa,none,1,1,2015-08-14,yes,0.00,TDS_3143016B.pdf,
Flow,141Pr,141,1,1,FDM,320,3141006B,Anti-Human CD326 [EpCAM] (9C4) -141Pr,CD326/EpCAM,9C4,Human,,CD and Surface Markers,Metal-Conjugated Antibodies,100 test,1634,327.0,H,140.0,,HT-29 cell line,none,1,1,2012-12-31,yes,0.00,TDS_3141006B.pdf,NEW
Flow,152Sm,152,1,0,FDM,661,3152013B,Anti-Human CD328/Siglec-7 (194211)-152Sm,CD328/Siglec-7,194211,Human,Human,CD and Surface Markers,Metal-Conjugated Antibodies,100 Test,129,26.0,,,,PBMC,None,1,1,2015-05-02,no,0.00,TDS_3152013B.pdf,
Flow,166Er,166,1,1,FDM,793,3166019B,Anti-Human CD328 (6-434) -166Er,CD328/Siglec-7,6-434,Human,Human,CD and Surface Markers,Metal-Conjugated Antibodies,100 Test,145,3.0,,,,PBMC,None,1,1,2015-07-08,yes,0.00,TDS_3166019B.pdf,
Flow,111Cd,111,1,0,FDM,1309,92J042111,Anti-CD33 (WM53)-111Cd—25 uL,CD33,WM53,Human,Human,CD and Surface Markers,Metal-Conjugated Antibodies,25 uL,114,22.7722,,,,,,1,1,,yes,,,
Flow,158Gd,158,1,1,FDM,33,3158001B,Anti-Human CD33 (WM53) -158Gd,CD33,WM53,Human,,CD and Surface Markers,Metal-Conjugated Antibodies,100 test,176,35.0,,,,PBMC,none,1,1,2012-12-31,yes,0.00,TDS_3158001B.pdf,
Flow,163Dy,163,1,1,FDM,925,3163023B,Anti-Human CD33 (WM53)-163Dy,CD33,WM53,Human ,Human,CD and Surface Markers,Metal-Conjugated Antibodies,100 Test,216,43.0,,,,PBMCs,None,1,1,2015-12-03,yes,0.00,TDS_3163023B.pdf,
Flow,169Tm,169,1,1,FDM,445,3169010B,Anti-Human CD33 (WM53) -169Tm ,CD33,WM53,Human,,CD and Surface Markers,Metal-Conjugated Antibodies,100 test,39,8.0,,,,PBMC,none,1,1,2013-08-15,yes,0.00,TDS_3169010B.pdf,
Flow,148Nd,148,1,1,FDM,34,3148001B,Anti-Human CD34 (581) -148Nd,CD34,581,Human,,CD and Surface Markers,Metal-Conjugated Antibodies,100 test,866,173.0,,,,KG-1a,none,1,1,2012-12-31,yes,0.00,TDS_3148001B.pdf,
Flow,149Sm,149,1,1,FDM,680,3149013B,Anti-Human CD34 (581)-149Sm,CD34,581,Human,Human,CD and Surface Markers,Metal-Conjugated Antibodies,100 Test,2689,538.0,,,,KG1a,None,1,1,2015-05-02,yes,0.00,TDS_3149013B.pdf,
Flow,163Dy,163,1,1,FDM,718,3163014B,Anti-Human CD34 (581) -163Dy,CD34,581,Human,Human,CD and Surface Markers,Metal-Conjugated Antibodies,100 test,4402,880.0,,,,KG1a,None,1,1,2015-05-29,yes,0.00,TDS_3163014B.pdf,
Flow,166Er,166,1,1,FDM,513,3166012B,Anti-Human CD34 (581) - 166Er,CD34,581,Human,Human,CD and Surface Markers,Metal-Conjugated Antibodies,100 test,3179,636.0,M,20.0,,Bone Marrow,None,1,1,2014-02-24,yes,0.00,TDS_3166012B.pdf,
Flow,143Nd,143,1,1,FDM,808,3143017B,Anti-Human CD352 (NT-7) -143Nd ,CD352/NTB-A,NT-7,Human,human,CD and Surface Markers,Metal-Conjugated Antibodies,100 Test,22,4.0,,,,whole blood,none,1,1,2015-07-08,yes,0.00,TDS_3143017B.pdf,
Flow,172Yb,172,1,1,FDM,763,3172022B,Anti-Human CD354 (TREM-26) -172Yb,CD354/TREM-1,TREM-26,Human,Human,CD and Surface Markers,Metal-Conjugated Antibodies,100 Test,38,8.0,,,,PBMC,None,1,1,2015-07-08,yes,0.00,TDS_3172022B.pdf,
Flow,159Tb,159,1,1,FDM,791,3159020B,Anti-Human CD357 (621) -159Tb ,CD357/GITR,621,Human,Human,CD and Surface Markers,Metal-Conjugated Antibodies,100 Test,12,3.0,,,,HT29,None,1,1,2015-07-08,yes,0.00,TDS_3159020B.pdf,
Flow,164Dy,164,1,1,FDM,1870,3164034B,Anti-CD357/GITR (108-17) - 164Dy,CD357/GITR,108-17,Human,Human,CD and Surface Makers,Metal-Conjugated Antibodies,100 test,66,6.53296,,,,,,1,1,,yes,,,
Flow,152Sm,152,1,0,FDM,319,3152007B,Anti-Human CD36 (5-271) -152Sm,CD36,5-271,Human,,CD and Surface Markers,Metal-Conjugated Antibodies,100 test,1460,292.0,M,20.0,,PBMC,none,1,1,2012-12-31,yes,0.00,TDS_3152007B.pdf,NEW
Flow,155Gd,155,1,1,FDM,920,3155012B,Anti-Human CD36 (5-271)-155Gd,CD36,5-271,Human ,Human,CD and Surface Markers,Metal-Conjugated Antibodies,100 Test,1263,253.0,,,,PBMCs,None,1,1,2015-12-03,yes,0.00,TDS_3155012B.pdf,
Flow,153Eu,153,1,1,FDM,482,3153008B,Anti-Human CD366/Tim-3 (F38-2E2) -153Eu,CD366/Tim-3,F38-2E2,Human,,CD and Surface Markers,Metal-Conjugated Antibodies,100 test,57,3.0,M,2.0,,PBMC,"PHA, 3 days",1,1,2013-12-02,yes,0.00,TDS_3153008B.pdf,
Flow,154Sm,154,1,1,FDM,672,3154010B,Anti-Human CD366/TIM-3 (F38-2E2)-154Sm,CD366/Tim-3,F38-2E2,Human,Human,CD and Surface Markers,Metal-Conjugated Antibodies,100 Test,98,3.0,,,,PBMC,PHA,1,1,2015-05-02,yes,0.00,TDS_3154010B.pdf,
Flow,159Tb,159,1,1,FDM,1150,3159037B,Anti-Human CD366/Tim-3 (F38-2E2) - 159Tb - 100 Tests,CD366/Tim-3,F38-2E2,Human ,,IO,Metal-Conjugated Antibodies,100 Test,95,19.0,,,,PBMC,,1,1,2020-01-07,yes,0.00,,
Flow,169Tm,169,1,1,FDM,1151,3169028B,Anti-Human CD366/Tim-3 (F38-2E2) - 169Tm - 100 Tests,CD366/Tim-3,F38-2E2,Human ,,IO,Metal-Conjugated Antibodies,100 Test,149,30.0,,,,PBMC,,1,1,2020-01-07,yes,0.00,,
Flow,161Dy,161,1,1,FDM,811,3161018B,Anti-Human CD370/CLEC9a (8F9) -161Dy,CD370/CLEC9A/DNGR1,8F9,Human,human,CD and Surface Markers,Metal-Conjugated Antibodies,100 Test,49,10.0,,,,PBMC,none,1,1,2015-07-08,yes,0.00,TDS_3161018B.pdf,
Flow,173Yb,173,1,1,FDM,764,3173007B,Anti-Human CD371/CLEC12A (50C1) -173Yb,CD371/CLEC12A,50C1,Human,Human,CD and Surface Markers,Metal-Conjugated Antibodies,100 Test,316,63.0,,,,PBMC,None,1,1,2015-07-08,yes,0.00,TDS_3173007B.pdf,
Flow,144Nd,144,1,0,FDM,550,3144014B,Anti-Human CD38 (HIT2) -144Nd,CD38,HIT2,Human,Human,CD and Surface Markers,Metal-Conjugated Antibodies,100 test,121,24.0,,,,PBMC,None,1,1,2014-04-14,yes,0.00,TDS_3144014B.pdf,
Flow,161Dy,161,1,1,FDM,1653,3161034B,Anti-Human CD38 (HB-7)-161Dy—100 Tests,CD38,HB-7,Human,Human,CD and Surface Makers,Metal-Conjugated Antibodies,100 Test,151,30.0,,,,,,1,1,,yes,,,New Clones
Flow,167Er,167,1,0,FDM,35,3167001B,Anti-Human CD38 (HIT2) -167Er,CD38,HIT2,Human,,CD and Surface Markers,Metal-Conjugated Antibodies,100 test,169,34.0,,,,PBMC,none,1,1,2012-12-31,yes,0.00,TDS_3167001B.pdf,
Flow,172Yb,172,1,1,FDM,285,3172007B,Anti-Human CD38 (HIT2) -172Yb,CD38,HIT2,Human,,CD and Surface Markers,Metal-Conjugated Antibodies,100 test,126,25.0,,,,PBMC,none,1,1,2012-12-31,yes,0.00,TDS_3172007B.pdf,NEW
Flow,161Dy,161,1,1,FDM,1202,201325," Human CD38 (HB-7)-161Dy- MDIPA Kit, not sold separately",CD38 (Kit Only),HB-7,Human,,,Metal-Conjugated Antibodies,,142,28.0,,,,,,1,1,,yes,,,
Flow,160Gd,160,1,1,FDM,287,3160004B,Anti-Human CD39 (A1) -160Gd,CD39,A1,Human,,CD and Surface Markers,Metal-Conjugated Antibodies,100 test,110,22.0,,,,PBMC,none,1,1,2012-12-31,yes,0.00,TDS_3160004B.pdf,NEW
Flow,141Pr,141,1,1,FDM,1292,92J030141,Anti-CD3epsilon (SK7)-141Pr—25 uL,CD3 epsilon,SK7,Human,Human,CD and Surface Markers,Metal-Conjugated Antibodies,25 uL,134,26.8148,,,,,,1,1,,yes,,,
Flow,196Pt,196,1,1,FDM,1291,92J030196,Anti-CD3epsilon (SK7)-196Pt—25 uL,CD3 epsilon,SK7,Human,Human,CD and Surface Markers,Metal-Conjugated Antibodies,25 uL,152,30.4362,,,,,,1,1,,yes,,,
Flow,144Nd,144,1,0,FDM,1657,3144029B,Anti-Human CD4 (SK3)-144Nd—100 Tests,CD4,SK3,Human,Human,CD and Surface Makers,Metal-Conjugated Antibodies,100 Test,259,52.0,,,,,,1,1,,yes,,,New Clones
Flow,145Nd,145,1,0,FDM,22,3145001B,Anti-Human CD4 (RPA-T4) -145Nd,CD4,RPA-T4,Human,Human,CD and Surface Markers,Metal-Conjugated Antibodies,100 test,308,62.0,,,,PBMC,none,1,1,2012-12-31,yes,0.00,TDS_3145001B.pdf,
Flow,174Yb,174,1,1,FDM,248,3174004B,Anti-Human CD4 (SK3) -174Yb,CD4,SK3,Human,,CD and Surface Markers,Metal-Conjugated Antibodies,100 test,643,128.0,,,,PBMC,none,1,1,2012-12-31,yes,0.00,TDS_3174004B.pdf,NEW
Flow,176Yb,176,1,1,FDM,601,3176010B,Anti-Human CD4 (RPA-T4) -176Yb,CD4,RPA-T4,Human,Human,CD and Surface Markers,Metal-Conjugated Antibodies,100 test,613,123.0,,,,PBMC,None,1,1,2014-11-19,yes,0.00,TDS_3176010B.pdf,
Flow,142Nd,142,1,0,FDM,924,3142010B,Anti-Human CD40 (5C3)-142Nd,CD40,5C3,Human ,Human,CD and Surface Markers,Metal-Conjugated Antibodies,100 Test,67,13.34,,,,PBMCs,None,1,1,2015-12-03,yes,0.00,TDS_3142010B.pdf,
Flow,165Ho,165,1,1,FDM,312,3165005B,Anti-Human CD40 (5C3) -165Ho,CD40,5C3,Human,,CD and Surface Markers,Metal-Conjugated Antibodies,100 test,94,19.0,,,,PBMC,none,1,1,2012-12-31,yes,0.00,TDS_3165005B.pdf,NEW
Flow,89Y,89,1,0,FDM,801,3089004B,Anti-Human CD41 (HIP8) -89Y ,CD41 ,HIP8,Human,human,CD and Surface Markers,Metal-Conjugated Antibodies,100 Test,235,47.0,,,,whole blood,none,1,1,2015-07-08,yes,0.00,TDS_3089004B.pdf,
Flow,144Nd,144,1,0,FDM,802,3144020B,Anti-Human CD42b (HIP1) -144Nd ,CD42b ,HIP1,Human,human,CD and Surface Markers,Metal-Conjugated Antibodies,100 Test,50,10.0,,,,whole blood,none,1,1,2015-07-08,yes,0.00,TDS_3144020B.pdf,
Flow,150Nd,150,1,1,FDM,313,3150006B,Anti-Human CD43 (84-3C1) -150Nd,CD43,84-3C1,Human,,CD and Surface Markers,Metal-Conjugated Antibodies,100 test,77,15.0,M,14.0,,PBMC,none,1,1,2012-12-31,yes,0.00,TDS_3150006B.pdf,NEW
Flow,150Nd,150,1,1,FDM,607,3150018B,Anti-Human/Mouse CD44 (IM7) -150Nd,CD44,IM7,Human/Mouse,Mouse,CD and Surface Markers,Metal-Conjugated Antibodies,100 test,2029,22.0,,,,Spleen,None,1,1,2014-11-19,yes,0.00,TDS_3150018B.pdf,
Flow,162Dy,162,1,0,FDM,1016,3162030B,Anti-Human/Mouse CD44 (IM7)-162Dy,CD44,IM7,Human/Mouse,Mouse,CD & Surface Marker Antibodies,Metal-Conjugated Antibodies,100 Test,2560,512.0,,,,splenocytes,None,1,1,2017-06-19,yes,0.00,,
Flow,166Er,166,1,1,FDM,36,3166001B,Anti-Human CD44 (BJ18) -166Er,CD44,BJ18,Human,,CD and Surface Markers,Metal-Conjugated Antibodies,100 test,480,96.0,M,26.6,,PBMC,none,1,1,2012-12-31,yes,0.00,TDS_3166001B.pdf,
Flow,171Yb,171,1,1,FDM,8,3171003B,Anti-Human/Mouse CD44 (IM7) -171Yb,CD44,IM7,Human/Mouse,,CD and Surface Markers,Metal-Conjugated Antibodies,100 test,3576,715.0,H,66.6,,spleen,none,1,1,2012-12-31,yes,0.00,TDS_3171003B.pdf,
Flow,153Eu,153,1,1,FDM,828,3153021B,Anti-Human CD44s Pan Specific (691534)-153Eu,CD44s Pan Specific,691534,Human,Human,CD and surface markers,Metal-Conjugated Antibodies,100 Test,167,33.0,,,,PBMC,None,1,1,2015-08-14,yes,0.00,TDS_3153021B.pdf,
Flow,89Y,89,1,0,FDM,577,3089003B,Anti-Human CD45 (HI30) -89Y,CD45,HI30,Human,Human,CD and Surface Markers,Metal-Conjugated Antibodies,100 test,195,49.0,,,,PBMC,None,1,0,2014-08-29,yes,0.00,TDS_3089003B.pdf,
Flow,106Cd,106,1,0,FDM,1206,3106001B,Anti-Human CD45 (HI30)-106Cd,CD45,HI30,Human,Human,CD and Surface Markers,Metal-Conjugated Antibodies,100 test,699,140.0,,0.0,,PBMC,none,1,1,2020-04-29,yes,0.00,TDS_3106001B.pdf,
Flow,110Cd,110,1,1,FDM,1207,3110001B,Anti-Human CD45 (HI30)-110Cd,CD45,HI30,Human,Human,CD and Surface Markers,Metal-Conjugated Antibodies,100 test,727,145.0,,,,PBMC,none,1,1,2020-04-29,yes,0.00,TDS_3110001B.pdf,
Flow,111Cd,111,1,0,FDM,1208,3111001B,Anti-Human CD45 (HI30)-111Cd,CD45,HI30,Human,Human,CD and Surface Markers,Metal-Conjugated Antibodies,100 test,642,128.0,,,,PBMC,none,1,1,2020-04-29,yes,0.00,TDS_3111001B.pdf,
Flow,112Cd,112,1,0,FDM,1209,3112001B,Anti-Human CD45 (HI30)-112Cd,CD45,HI30,Human,Human,CD and Surface Markers,Metal-Conjugated Antibodies,100 test,572,114.0,,,,PBMC,none,1,1,2020-04-29,yes,0.00,TDS_3112001B.pdf,
Flow,113Cd,113,1,1,FDM,1210,3113001B,Anti-Human CD45 (HI30)-113Cd,CD45,HI30,Human,Human,CD and Surface Markers,Metal-Conjugated Antibodies,100 test,614,123.0,,,,PBMC,none,1,1,2020-04-29,yes,0.00,TDS_3113001B.pdf,
Flow,114Cd,114,1,0,FDM,1211,3114001B,Anti-Human CD45 (HI30)-114Cd,CD45,HI30,Human,Human,CD and Surface Markers,Metal-Conjugated Antibodies,100 test,590,118.0,,,,PBMC,none,1,1,2020-04-29,yes,0.00,TDS_3114001B.pdf,
Flow,116Cd,116,1,0,FDM,1212,3116001B,Anti-Human CD45 (HI30)-116Cd,CD45,HI30,Human,Human,CD and Surface Markers,Metal-Conjugated Antibodies,100 test,480,96.0,,,,PBMC,none,1,1,2020-04-29,yes,0.00,TDS_3116001B.pdf,
Flow,141Pr,141,1,1,FDM,542,3141009B,Anti-Human CD45 (HI30) -141Pr,CD45,HI30,Human,Human,CD and Surface Markers,Metal-Conjugated Antibodies,100 test,1093,219.0,,140.0,,PBMC,None,1,1,2014-04-02,yes,0.00,TDS_3141009B.pdf,
Flow,154Sm,154,1,1,FDM,37,3154001B,Anti-Human CD45 (HI30) -154Sm,CD45,HI30,Human,,CD and Surface Markers,Metal-Conjugated Antibodies,100 test,1153,231.0,,,,PBMC,none,1,1,2012-12-31,yes,0.00,TDS_3154001B.pdf,
Flow,156Gd,156,1,1,FDM,385,3156010B,Anti-Human CD45 (HI30) -156Gd,CD45,HI30,Human,,CD and Surface Markers,Metal-Conjugated Antibodies,100 test,583,116.0,H,140.0,,PBMC,none,1,1,2013-04-29,yes,0.00,TDS_3156010B.pdf,NEW
Flow,194Pt,194,1,1,FDM,1219,3194001B,Anti-Human CD45 (HI30)-194Pt,CD45,HI30,Human,Human,CD and Surface Markers,Metal-Conjugated Antibodies,100 test,453,90.608,,,,PBMC,none,1,1,2020-12-11,yes,0.00,TDS_3194001B.pdf,
Flow,195Pt,195,1,1,FDM,1220,3195001B,Anti-Human CD45 (HI30)-195Pt,CD45,HI30,Human,Human,CD and Surface Markers,Metal-Conjugated Antibodies,100 test,449,89.71,,,,PBMC,none,1,1,2020-12-11,yes,0.00,TDS_3195001B.pdf,
Flow,196Pt,196,1,1,FDM,1221,3196001B,Anti-Human CD45 (HI30)-196Pt,CD45,HI30,Human,Human,CD and Surface Markers,Metal-Conjugated Antibodies,100 test,412,82.304,,,,PBMC,none,1,1,2020-12-11,yes,0.00,TDS_3196001B.pdf,
Flow,198Pt,198,1,1,FDM,1222,3198001B,Anti-Human CD45 (HI30)-198Pt,CD45,HI30,Human,Human,CD and Surface Markers,Metal-Conjugated Antibodies,100 test,407,82.304,,,,PBMC,none,1,1,2020-12-11,yes,0.00,TDS_3198001B.pdf,
Flow,143Nd,143,1,1,FDM,324,3143006B,Anti-Human CD45RA (HI100) -143Nd,CD45RA,HI100,Human,,CD and Surface Markers,Metal-Conjugated Antibodies,100 test,130,26.0,,,,PBMC,none,1,1,2012-12-31,yes,0.00,TDS_3143006B.pdf,NEW
Flow,150Nd,150,1,1,FDM,1649,3150034B,Anti-Human CD45RA (HI100)-150Nd—100 Tests,CD45RA,HI100,Human,Human,CD and Surface Makers,Metal-Conjugated Antibodies,100 Test,84,17.0,,,,,,1,1,,yes,,,New Clones
Flow,153Eu,153,1,1,FDM,1187,3153001B,Anti-Human CD45RA (HI100)-153Eu,CD45RA,HI100,Human ,Human ,CD and Surface Markers,Metal-Conjugated Antibodies,100 Test,100,10.0,,,,PBMCs,None,1,1,2015-10-29,yes,0.00,TDS_3155011B.pdf,
Flow,169Tm,169,1,1,FDM,345,3169008B,Anti-Human CD45RA (HI100) -169Tm,CD45RA,HI100,Human,,CD and Surface Markers,Metal-Conjugated Antibodies,100 test,529,106.0,,,,PBMC,none,1,1,2013-02-27,yes,0.00,TDS_3169008B.pdf,NEW
Flow,170Er,170,1,1,FDM,684,3170010B,Anti-Human CD45RA (HI100)-170Er,CD45RA,HI100,Human,Human,CD and Surface Markers,Metal-Conjugated Antibodies,100 Test,344,69.0,,,,PBMC,None,1,1,2015-05-02,yes,0.00,TDS_3170010B.pdf,
Flow,150Nd,150,1,1,FDM,1336,201325,"Anti-Human CD45RA (HI100) - 150Nd- MDIPA Kit, not sold separately",CD45RA (Kit Only),HI100,Human,Human,CD and Surface Markers,Metal-Conjugated Antibodies,100 Test,139,28.0,,,,PBMC,none,1,1,2023-05-23,yes,0.00,,
Flow,145Nd,145,1,0,FDM,754,3145009B,Anti-Human CD45RB (MEM-55) -145Nd,CD45RB ,MEM-55,Human,Human,CD and Surface Markers,Metal-Conjugated Antibodies,100 Test,298,60.0,,,,PBMC,None,1,1,2015-07-08,yes,0.00,TDS_3145009B.pdf,
Flow,149Sm,149,1,1,FDM,249,3149001B,Anti-Human CD45RO (UCHL1)-149Sm,CD45RO,UCHL1,Human,,CD and Surface Markers,Metal-Conjugated Antibodies,100 test,60,11.98,L,1.4,,PBMC,none,1,1,2012-12-31,yes,0.00,TDS_3149001B.pdf,
Flow,150Nd,150,1,1,FDM,1312,92J044150,Anti-CD45RO (UCHL1)-150Nd—25 uL,CD45RO,UCHL1,Human,Human,CD and Surface Markers,Metal-Conjugated Antibodies,25 uL,74,14.752,,,,,,1,1,,yes,,,
Flow,163Dy,163,1,1,FDM,1654,3163032B,Anti-Human CD45RO (UCHL1)-163Dy—100 Tests,CD45RO,UCHL1,Human,Human,CD and Surface Makers,Metal-Conjugated Antibodies,100 Test,119,24.0,,,,,,1,1,,yes,,,New Clones
Flow,164Dy,164,1,1,FDM,328,3164007B,Anti-Human CD45RO (UCHL1) -164Dy,CD45RO,UCHL1,Human,,CD and Surface Markers,Metal-Conjugated Antibodies,100 test,344,69.0,M,5.0,,PBMC,none,1,1,2012-12-31,yes,0.00,TDS_3164007B.pdf,NEW
Flow,165Ho,165,1,1,FDM,358,3165011B,Anti-Human CD45RO (UCHL1) -165Ho,CD45RO,UCHL1,Human,,CD and Surface Markers,Metal-Conjugated Antibodies,100 test,96,19.0,M,2.4,,PBMC,none,1,1,2013-03-21,yes,0.00,TDS_3165011B.pdf,NEW
Flow,194Pt,194,1,1,FDM,1311,92J044194,Anti-CD45RO (UCHL1)-194Pt—25 uL,CD45RO,UCHL1,Human,Human,CD and Surface Markers,Metal-Conjugated Antibodies,25 uL,63,12.544,,,,,,1,1,,yes,,,
Flow,144Nd,144,1,0,FDM,439,3144011B,Anti- Mouse CD45R/B220(RA3-6B2) -144Nd,CD45R/B220,RA3-6B2,Human/Mouse,,CD and Surface Markers,Metal-Conjugated Antibodies,100 test,30,6.0,M,6.0,,spleen,none,1,1,2013-08-15,yes,0.00,TDS_3144011B.pdf,
Flow,159Tb,159,1,1,FDM,562,3159015B,Anti-Human/Mouse CD45R/B220 (RA3-6B2) -159Tb,CD45R/B220,RA3-6B2,Human/Mouse,Mouse,CD and Surface Markers,Metal-Conjugated Antibodies,100 test,1200,240.0,,,,Spleen,None,1,1,2014-06-03,yes,0.00,TDS_3159015B.pdf,
Flow,160Gd,160,1,1,FDM,643,3160012B,Anti-Mouse CD45R/B220 (RA3-6B2) -160Gd,CD45R/B220,RA3-6B2,Human/Mouse,Mouse,CD and Surface Markers,Metal-Conjugated Antibodies,100 test,300,60.0,,,,Splenocytes,None,1,1,2015-03-18,yes,0.00,TDS_3160012B.pdf,
Flow,176Yb,176,1,1,FDM,338,3176002B,Anti-Human/Mouse CD45R [B220] (RA3-6B2) -176Yb,CD45R/B220,RA3-6B2,Human/Mouse,,CD and Surface Markers,Metal-Conjugated Antibodies,100 test,136,27.0,M,14.0,,spleen,none,1,1,2012-12-31,yes,0.00,TDS_3176002B.pdf,
Flow,209Bi,209,1,1,FDM,930,3209004B,Anti-Human CD47 (CC2C6)-209Bi,CD47,CC2C6,Human ,human,CD and Surface Markers,Metal-Conjugated Antibodies,100 Test,164,33.0,,,,PBMC,None,1,1,2015-12-04,yes,0.00,TDS_3209004B.pdf,
Flow,163Dy,163,1,1,FDM,822,3163015B,Anti-Human CD49a (TS2/7)-163Dy,CD49a,TS2/7,Human ,human,CD and Surface Markers,Metal-Conjugated Antibodies,100 Test,428,86.0,,,,HT-29 (+ve) and MOLT-4 (-ve),none,1,1,2015-08-14,yes,0.00,TDS_3163015B.pdf,
Flow,161Dy,161,1,1,FDM,803,3161012B,Anti-Human CD49b (P1E6-C5) -161Dy ,CD49b ,P1E6-C5,Human,human,CD and Surface Markers,Metal-Conjugated Antibodies,100 Test,9,3.0,,,,whole blood,none,1,1,2015-07-08,yes,0.00,TDS_3161012B.pdf,
Flow,161Dy,161,1,1,FDM,823,3161016B,Anti-Human CD49c (ASC-1)-161Dy,CD49c/integrin alpha-3,ASC-1,Human ,human,CD and Surface Markers,Metal-Conjugated Antibodies,100 Test,580,116.0,,,,HT-29 (+ve) and MOLT-4 (-ve),none,1,1,2015-08-14,yes,0.00,TDS_3161016B.pdf,
Flow,141Pr,141,1,1,FDM,304,3141004B,Anti-Human CD49D (9F10) -141Pr,CD49d,9F10,Human,,CD and Surface Markers,Metal-Conjugated Antibodies,100 test,67,13.39,,,,PBMC,none,1,1,2012-12-31,yes,0.00,TDS_3141004B.pdf,NEW
Flow,174Yb,174,1,1,FDM,812,3174018B,Anti-Human CD49D (9F10) -174Yb ,CD49d,9F10,Human ,human,CD and Surface Markers,Metal-Conjugated Antibodies,100 Test,327,65.0,,,,PBMC,none,1,1,2015-07-08,yes,0.00,TDS_3174018B.pdf,
Flow,160Gd,160,1,1,FDM,761,3160015B,Anti-Human CD49e (NKI-SAM-1) -160Gd,CD49e ,NKI-SAM-1,Human,Human,CD and Surface Markers,Metal-Conjugated Antibodies,100 Test,221,44.0,,,,PBMC,None,1,1,2015-07-08,yes,0.00,TDS_3160015B.pdf,
Flow,164Dy,164,1,1,FDM,321,3164006B,Anti-Human/Mouse CD49F (GoH3) -164Dy,CD49F,G0H3,Human/Mouse,,CD and Surface Markers,Metal-Conjugated Antibodies,100 test,50,10.0,M,1.4,,PBMC,none,1,1,2012-12-31,yes,0.00,TDS_3164006B.pdf,NEW
Flow,143Nd,143,1,1,FDM,325,3143007B,Anti-Human CD5 (UCHT2) -143Nd,CD5,UCHT2,Human,,CD and Surface Markers,Metal-Conjugated Antibodies,100 test,106,21.0,M,20.0,,PBMC,none,1,1,2012-12-31,yes,0.00,TDS_3143007B.pdf,NEW
Flow,150Nd,150,1,1,FDM,971,3150026B,Anti-Human CD51/61 (23C6)-150Nd,CD51/61,23C6,Human ,Human,CD and Surface Markers,Metal-Conjugated Antibodies,100 Test ,407,81.0,,,,U87 Cell line,None,1,1,2016-04-19,yes,0.00,TDS_3150026B.pdf,
Flow,146Nd,146,1,1,FDM,799,3146013B,Anti-Human CD52 (HI186) -146Nd ,CD52 ,HI186,Human,Human,CD and Surface Markers,Metal-Conjugated Antibodies,100 Test,122,12.0,,,,PBMC,None,1,1,2015-07-08,yes,0.00,TDS_3146013B.pdf,
Flow,170Er,170,1,1,FDM,833,3170014B,Anti-Human CD54 (HA58)-170Er,CD54/ICAM-1,HA58,Human ,Human,CD and Surface Markers,Metal-Conjugated Antibodies,100 Test,126,25.0,,,,whole blood,None,1,1,2015-08-14,yes,0.00,TDS_3170014B.pdf,
Flow,148Nd,148,1,1,FDM,773,3148015B,Anti-Human CD55 (JS11) -148Nd,CD55,JS11,Human,Human,CD and Surface Markers,Metal-Conjugated Antibodies,100 Test,217,12.0,,,,PBMC,None,1,1,2015-07-08,yes,0.00,TDS_3148015B.pdf,
Flow,149Sm,149,1,1,FDM,929,3149021B,Anti-Human CD56/NCAM (NCAM16.2)-149Sm,CD56/NCAM,NCAM16.2,Human ,Human,CD and Surface Markers,Metal-Conjugated Antibodies,100 Test,58,12.0,,,,PBMCs,None,1,1,2015-12-03,yes,0.00,TDS_3149021B.pdf,
Flow,155Gd,155,1,1,FDM,719,3155008B,Anti-Human CD56 (B159) -155Gd,CD56/NCAM,B159,Human ,Human,CD and Surface Markers,Metal-Conjugated Antibodies,100 test,45,9.0,,,,PBMC,None,1,1,2015-05-29,yes,0.00,TDS_3155008B.pdf,
Flow,163Dy,163,1,1,FDM,621,3163007B,Anti-Human CD56 (NCAM16.2) -163Dy,CD56/NCAM,NCAM16.2,Human,Human,CD and Surface Markers,Metal-Conjugated Antibodies,100 test,248,50.0,,0.0,,PBMC,None,1,1,2015-01-29,yes,0.00,TDS_3163007B.pdf,
Flow,176Yb,176,1,1,FDM,40,3176001B,Anti-Human CD56 (HCD56) -176Yb,CD56/NCAM,HCD56,Human,,CD and Surface Markers,Metal-Conjugated Antibodies,100 test,33,7.0,L,2.0,,PBMC,none,1,1,2012-12-31,yes,0.00,TDS_3176001B.pdf,
Flow,142Nd,142,1,0,FDM,713,3142007B,Anti-Human CD57 (HCD57) -142Nd,CD57,HCD57,Human,Human,CD and Surface Markers,Metal-Conjugated Antibodies,100 test,2130,426.0,,,,PBMC,None,1,1,2015-05-29,yes,0.00,TDS_3142007B.pdf,
Flow,163Dy,163,1,1,FDM,910,3163022B,Anti-Human CD57 (HCD57)-163Dy,CD57,HCD57,Human ,Human ,CD and Surface Markers,Metal-Conjugated Antibodies,100 Test,1091,218.17,,,,PBMCs,None,1,1,2015-10-29,yes,0.00,TDS_3163022B.pdf,
Flow,172Yb,172,1,1,FDM,305,3172009B,Anti-Human CD57 (HCD57) -172Yb,CD57,HCD57,Human,,CD and Surface Markers,Metal-Conjugated Antibodies,100 test,1963,393.0,,,,PBMC,none,1,1,2012-12-31,yes,0.00,TDS_3172009B.pdf,NEW
Flow,155Gd,155,1,1,FDM,1328,201325,"Anti-Human CD57 (HNK-1) - 155Gd - MDIPA Kit, not sold separately",CD57 (Kit Only),HNK-1,Human,Human,CD and Surface Markers,Metal-Conjugated Antibodies,100 Test,352,70.0,,,,,,1,1,,yes,,,
Flow,176Yb,176,1,1,FDM,781,3176017B,Anti-Human CD58 (TS2/9) -176Yb,CD58/LFA-3,TS2/9,Human,Human,CD and Surface Markers,Metal-Conjugated Antibodies,100 Test,143,29.0,,,,PBMC,None,1,1,2015-07-08,yes,0.00,TDS_3176017B.pdf,
Flow,173Yb,173,1,1,FDM,783,3173009B,Anti-Human CD59 (p282 (H19)) -173Yb,CD59,p282 [H19],Human,Human,CD and Surface Markers,Metal-Conjugated Antibodies,100 Test,44,9.0,,,,PBMC,None,1,1,2015-07-08,yes,0.00,TDS_3173009B.pdf,
Flow,148Nd,148,1,1,FDM,800,3148013B,Anti-Human CD6 (BL-CD6) -148Nd ,CD6 ,BL-CD6,Human,human,CD and Surface Markers,Metal-Conjugated Antibodies,100 Test,75,15.0,,,,whole blood,none,1,1,2015-07-08,yes,0.00,TDS_3148013B.pdf,
Flow,146Nd,146,1,1,FDM,638,3146011B,Anti-Human CD61  (VI-PL2) -146Nd,CD61,VI-PL2,Human,Human,CD and Surface Markers,Metal-Conjugated Antibodies,100 test,500,100.0,,,,PBMC,None,1,1,2015-03-18,yes,0.00,TDS_3146011B.pdf,
Flow,150Nd,150,1,1,FDM,41,3150001B,Anti-Human CD61 (VI-PL2) -150Nd,CD61,VI-PL2,Human,,CD and Surface Markers,Metal-Conjugated Antibodies,100 test,404,81.0,,,,PBMC,none,1,1,2012-12-31,yes,0.00,TDS_3150001B.pdf,
Flow,165Ho,165,1,1,FDM,346,3165010B,Anti-Human CD61 (VI-PL2) -165Ho,CD61,VI-PL2,Human,,CD and Surface Markers,Metal-Conjugated Antibodies,100 test,1041,208.0,H,200.0,,PBMC,none,1,1,2013-02-27,yes,0.00,TDS_3165010B.pdf,NEW
Flow,209Bi,209,1,1,FDM,692,3209001B,Anti-Human CD61 (VI-PL2) -209Bi,CD61,VI-PL2,Human,Human,CD and Surface Markers,Metal-Conjugated Antibodies,100 Test,2550,510.0,,,,Platelets,None,1,0,2015-05-02,yes,0.00,TDS_3209001B.pdf,
Flow,153Eu,153,1,1,FDM,294,3153004B,Anti-Human CD62L (DREG-56) -153Eu,CD62L/L-selectin,DREG-56,Human,,CD and Surface Markers,Metal-Conjugated Antibodies,100 test,26,5.0,H,60.0,,Jurkat,none,1,1,2012-12-31,yes,0.00,TDS_3153004B.pdf,NEW
Flow,150Nd,150,1,1,FDM,804,3150021B,Anti-Human CD63 (H5C6) -150Nd ,CD63 ,H5C6,Human,human,CD and Surface Markers,Metal-Conjugated Antibodies,100 Test,375,75.0,,,,PBMC,none,1,1,2015-07-08,yes,0.00,TDS_3150021B.pdf,
Flow,146Nd,146,1,1,FDM,306,3146006B,Anti-Human CD64 (10.1) -146Nd,CD64,10.1,Human,,CD and Surface Markers,Metal-Conjugated Antibodies,100 test,102,20.0,M,20.0,,PBMC,none,1,1,2012-12-31,yes,0.00,TDS_3146006B.pdf,NEW
Flow,149Sm,149,1,1,FDM,786,3149018B,Anti-Human CD66a/c/e (ASL-32) -149Sm,CD66a/CEACAM1,ASL-32,Human,Human,CD and Surface Markers,Metal-Conjugated Antibodies,100 Test,225,45.0,,,,HT29,None,1,1,2015-07-08,yes,0.00,TDS_3149018B.pdf,
Flow,168Er,168,1,0,FDM,907,3168020B,Anti-Human CD66a/CEACAM-1 (283340)-168Er,CD66a/CEACAM1,283340,Human,Human,CD and Surface Markers,Metal-Conjugated Antibodies,100 Test,77,15.0,,,,Whole blood,None,1,1,2015-10-29,yes,0.00,TDS_3168020B.pdf,
Flow,152Sm,152,1,0,FDM,1651,3152019B,Anti-Human CD66b (G10F5)-152Sm—100 Tests,CD66b,G10F5,Human,Human,CD and Surface Makers,Metal-Conjugated Antibodies,100 Test,275,55.0,,,,,,1,1,,yes,,,New Clones
Flow,172Yb,172,1,1,FDM,1200,201325," Human CD66b (G10F5)-172Yb- MDIPA Kit, not sold separately",CD66b (Kit Only),G10F5,Human,,,Metal-Conjugated Antibodies,,417,16.0,,83.0,,,,1,1,,yes,,,
Flow,171Yb,171,1,1,FDM,582,3171011B,Anti-Human CD68 (Y1/82A) -171Yb,CD68,Y1/82A,Human,Human,CD and Surface Markers,Metal-Conjugated Antibodies,100 test,182,36.0,,,,PBMC,None,1,1,2014-08-29,yes,0.00,TDS_3171011B.pdf,
Flow,113Cd,113,1,1,FDM,1319,3113002,Anti-Human CD69 (FN50) - 113Cd,CD69,FN50,Human,Human,CD and Surface Markers,Metal-Conjugated Antibodies,100 Test,138,27.5792,,,,,,1,1,,yes,,,
Flow,144Nd,144,1,0,FDM,618,3144018B,Anti-Human CD69 (FN50) -144Nd,CD69,FN50,Human,Human,CD and Surface Markers,Metal-Conjugated Antibodies,100 test,214,11.0,,,,PBMC,"PMA, 6 hrs",1,1,2015-01-29,yes,0.00,TDS_3144018B.pdf,
Flow,162Dy,162,1,0,FDM,43,3162001B,Anti-Human CD69 (FN50) -162Dy,CD69,FN50,Human,,CD and Surface Markers,Metal-Conjugated Antibodies,100 test,815,163.0,,,,PBMC,"PMA/Iono, 6 hrs",1,1,2012-12-31,yes,0.00,TDS_3162001B.pdf,
Flow,145Nd,145,1,0,FDM,912,3145013B,Anti-Human CD7 (CD7-6B7)-145Nd,CD7,CD7-6B7,Human ,Human ,CD and Surface Markers,Metal-Conjugated Antibodies,100 Test,117,23.0,,,,PBMCs,None,1,1,2015-10-29,yes,0.00,TDS_3145013B.pdf,
Flow,147Sm,147,1,1,FDM,297,3147006B,Anti-Human CD7 (CD7-6B7) -147Sm,CD7,CD7-6B7,Human,,CD and Surface Markers,Metal-Conjugated Antibodies,100 test,244,49.0,,,,PBMC,none,1,1,2012-12-31,yes,0.00,TDS_3147006B.pdf,NEW
Flow,153Eu,153,1,1,FDM,603,3153014B,Anti-Human CD7 (CD7-6B7) -153Eu,CD7,CD7-6B7,Human,Human,CD and Surface Markers,Metal-Conjugated Antibodies,100 test,430,86.0,,,,PBMC,None,1,1,2014-11-19,yes,0.00,TDS_3153014B.pdf,
Flow,166Er,166,1,1,FDM,1019,.php.&&,Anti-Human CD7 (M-T701)-166Er,CD7,M-T701,Human ,Human,CD & Surface Marker Antibodies,Metal-Conjugated Antibodies,100 Test,813,115.0,,,,PBMC,None,1,1,2017-06-19,yes,0.00,ano_.php.&amp;&amp;.pdf,
Flow,175Lu,175,1,1,FDM,449,3175011B,Anti-Human CD71 (OKT-9) -175Lu,CD71,OKT-9,Human,,CD and Surface Markers,Metal-Conjugated Antibodies,100 test,570,12.0,H,7.6,,PBMC,"PHA, 3days",1,1,2013-09-06,yes,0.00,TDS_3175011B.pdf,
Flow,168Er,168,1,0,FDM,715,3168014B,Anti-Human CD71 (OKT-9) -168Er,CD71/Transferrin Receptor,OKT-9,Human,Human,CD and Surface Markers,Metal-Conjugated Antibodies,100 test,116,3.0,,,,PBMC,"PHA, 3 days",1,1,2015-05-29,yes,0.00,TDS_3168014B.pdf,
Flow,144Nd,144,1,0,FDM,344,3144005B,Anti-Human CD72 (3F3) -144Nd,CD72,3F3,Human,,CD and Surface Markers,Metal-Conjugated Antibodies,100 test,33,6.6,M,6.6,,PBMC,none,1,1,2013-02-27,yes,0.00,TDS_3144005B.pdf,NEW
Flow,168Er,168,1,0,FDM,770,3168015B,Anti-Human CD73 (AD2) -168Er,CD73/Ecto-5-nucleotidase,AD2 ,Human,Human,CD and Surface Markers,Metal-Conjugated Antibodies,100 Test,159,32.0,,,,PBMC,None,1,1,2015-07-08,yes,0.00,TDS_3168015B.pdf,
Flow,166Er,166,1,1,FDM,798,3166018B,Anti-Human CD74 (LN2) -166Er,CD74,LN2,Human,Human,CD and Surface Markers,Metal-Conjugated Antibodies,100 Test,20,4.0,,,,PBMC,None,1,1,2015-07-08,yes,0.00,TDS_3166018B.pdf,
Flow,161Dy,161,1,1,FDM,926,3161023B,Anti-Human CD80/B7-1 (2D10.4)-161Dy,CD80/B7-1,2D10.4,Human ,Human,CD and Surface Markers,Metal-Conjugated Antibodies,100 Test,18,4.0,,,,Daudi,None,1,1,2015-12-03,yes,0.00,TDS_3161023B.pdf,
Flow,162Dy,162,1,0,FDM,415,3162010B,Anti-Human CD80 [B7.1] (2D10.4) -162Dy,CD80/B7-1,2D10.4,Human,,CD and Surface Markers,Metal-Conjugated Antibodies,100 test,45,9.0,L,2.0,,Daudi,none,1,1,2013-05-31,yes,0.00,TDS_3162010B.pdf,
Flow,145Nd,145,1,0,FDM,612,3145007B,Anti-Human CD81 (5A6) -145Nd,CD81,5A6,Human,Human,CD and Surface Markers,Metal-Conjugated Antibodies,100 test,156,31.0,,,,PBMC,None,1,1,2014-11-19,yes,0.00,TDS_3145007B.pdf,
Flow,158Gd,158,1,1,FDM,968,3158025B,Anti-Human CD82 (ASL-24)-158Gd,CD82,ASL-24,Human ,Human,CD and Surface Markers,Metal-Conjugated Antibodies,100 Test ,58,12.0,,,,PBMC,None,1,1,2016-04-19,yes,0.00,TDS_3158025B.pdf,
Flow,154Sm,154,1,1,FDM,758,3154013B,Anti-Human CD84 (CD84.1.21) -154Sm,CD84 ,CD84.1.21,Human,Human,CD and Surface Markers,Metal-Conjugated Antibodies,100 Test,52,10.0,,,,PBMC,None,1,1,2015-07-08,yes,0.00,TDS_3154013B.pdf,
Flow,161Dy,161,1,1,FDM,899,3161019B,Anti-Human CD85/ILT4 (42D1)-161Dy ,CD85d/ILT4,42D1,Human ,Human ,CD and Surface Markers,Metal-Conjugated Antibodies,100 Test,15,4.88,,,,PBMCs,None,1,1,2015-09-30,yes,0.00,TDS_3161019B.pdf,
Flow,156Gd,156,1,1,FDM,772,3156020B,Anti-Human CD85j (GHI/75) -156Gd,CD85j/ILT2,GHI/75 ,Human,Human,CD and Surface Markers,Metal-Conjugated Antibodies,100 Test,16,3.0,,,,PBMC,None,1,1,2015-07-08,yes,0.00,TDS_3156020B.pdf,
Flow,166Er,166,1,1,FDM,898,3166020B,Anti-Human CD85j/ILT2 (GHI/75)-166Er ,CD85j/ILT2,GHI/75,Human ,Human ,CD and Surface Markers,Metal-Conjugated Antibodies,100 Test,61,12.0,,,,PBMCs,None,1,1,2015-09-30,yes,0.00,TDS_3166020B.pdf,
Flow,150Nd,150,1,1,FDM,681,3150020B,Anti-Human CD86 (IT2.2)-150Nd,CD86,IT2.2,Human,Human,CD and Surface Markers,Metal-Conjugated Antibodies,100 Test,29,6.0,,,,PBMC,None,1,1,2015-05-02,yes,0.00,TDS_3150020B.pdf,
Flow,156Gd,156,1,1,FDM,362,3156008B,Anti-Human CD86 [B7.2] (IT2.2) -156Gd,CD86,IT2.2,Human,,CD and Surface Markers,Metal-Conjugated Antibodies,100 test,50,10.0,,,,PBMC,none,1,1,2013-04-01,yes,0.00,TDS_3156008B.pdf,NEW
Flow,174Yb,174,1,1,FDM,765,3174012B,Anti-Human CD89 (A59) -174Yb,CD89 ,A59,Human,Human,CD and Surface Markers,Metal-Conjugated Antibodies,100 Test,185,37.0,,,,PBMC,None,1,1,2015-07-08,yes,0.00,TDS_3174012B.pdf,
Flow,112Cd,112,1,0,FDM,1299,92J035112,Anti-CD8a (SK1)-112Cd—25 uL,CD8a,SK1,Human,Human,CD and Surface Markers,Metal-Conjugated Antibodies,25 uL,245,48.9006,,,,,,1,1,,yes,,,
Flow,142Nd,142,1,0,FDM,1656,3142021B,Anti-Human CD8a (SK1)-142Nd—100 Tests,CD8a,SK1,Human,Human,CD and Surface Makers,Metal-Conjugated Antibodies,100 Test,167,33.0,,,,,,1,1,,yes,,,New Clones
Flow,146Nd,146,1,1,FDM,23,3146001B,Anti-Human CD8a (RPA-T8) -146Nd,CD8a,RPA-T8,Human,Human,CD and Surface Markers,Metal-Conjugated Antibodies,100 test,683,137.0,,,,PBMC,none,1,1,2012-12-31,yes,0.00,TDS_3146001B.pdf,
Flow,162Dy,162,1,0,FDM,544,3162015B,Anti-Human CD8a (RPA-T8) -162Dy,CD8a,RPA-T8,Human,Human,CD and Surface Markers,Metal-Conjugated Antibodies,100 test,1000,200.0,,200.0,,PBMC,None,1,1,2014-04-02,yes,0.00,TDS_3162015B.pdf,
Flow,168Er,168,1,0,FDM,247,3168002B,Anti-Human CD8a (SK1) - 168Er,CD8a,SK1,Human,Human,CD and Surface Markers,Metal-Conjugated Antibodies,100 test,501,100.0,,,,PBMC,none,1,1,2012-12-31,yes,0.00,TDS_3168002B.pdf,NEW
Flow,159Tb,159,1,1,FDM,327,3159007B,Anti-Human CD90 (5E10) -159Tb,CD90,5E10,Human,,CD and Surface Markers,Metal-Conjugated Antibodies,100 test,45,9.0,,,,HEL cell line,none,1,1,2012-12-31,yes,0.00,TDS_3159007B.pdf,NEW
Flow,161Dy,161,1,1,FDM,639,3161009B,Anti-Human CD90 (5E10) -161Dy,CD90,5E10,Human,Human,CD and Surface Markers,Metal-Conjugated Antibodies,100 test,1094,219.0,,,,HEL,None,1,1,2015-03-18,yes,0.00,TDS_3161009B.pdf,
Flow,173Yb,173,1,1,FDM,1017,3173011B,Anti-Human CD90 (5E10)-173Yb,CD90,5E10,Human ,Human,CD & Surface Marker Antibodies,Metal-Conjugated Antibodies,100 Test,273,55.0,,,,HEL vs. NALM6,None,1,1,2017-06-19,yes,0.00,,
Flow,174Yb,174,1,1,FDM,832,3174015B,Anti-Human CD94 (HP-3D9)-174Yb,CD94,HP-3D9,Human,Human,CD and Surface Markers,Metal-Conjugated Antibodies,100 Test,86,17.0,,,,whole blood,None,1,1,2015-08-14,yes,0.00,TDS_3174015B.pdf,
Flow,152Sm,152,1,0,FDM,997,3152017B,Anti-Human CD95/Fas (DX2)-152Sm,CD95/Fas,DX2,Human ,Human,CD & Surface Marker Antibodies,Metal-Conjugated Antibodies,100 Test,47,9.0,,,,PBMC,None,1,1,2016-11-07,yes,0.00,,
Flow,162Dy,162,1,0,FDM,1158,3162038B,Anti-Human CD95/Fas (DX2) - 162Dy - 100 Tests,CD95/Fas,DX2,Human ,,IO,Metal-Conjugated Antibodies,100 Test,114,23.0,,,,PBMC,,1,1,2020-01-07,yes,0.00,,
Flow,164Dy,164,1,1,FDM,361,3164008B,Anti-Human CD95/Fas (DX2) -164Dy,CD95/Fas,DX2,Human,,CD and Surface Markers,Metal-Conjugated Antibodies,100 test,240,48.05,,,,PBMC,none,1,1,2013-04-01,yes,0.00,TDS_3164008B.pdf,NEW
Flow,176Yb,176,1,1,FDM,1872,3176029B,Anti-CD95/Fas (DX2) - 176Yb,CD95/Fas,DX2,Human,Human,CD and Surface Makers,Metal-Conjugated Antibodies,100 test,103,20.6532,,,,,,1,1,,yes,,,
Flow,171Yb,171,1,1,FDM,805,3171015B,Anti-Human CD97 (VIM3b) -171Yb ,CD97 ,VIM3b,Human,human,CD and Surface Markers,Metal-Conjugated Antibodies,100 Test,158,32.0,,,,PBMC,none,1,1,2015-07-08,yes,0.00,TDS_3171015B.pdf,
Flow,159Tb,159,1,1,FDM,776,3159022B,Anti-Human CD98 (UM7F8) -159Tb,CD98,UM7F8,Human ,Human,CD and Surface Markers,Metal-Conjugated Antibodies,100 Test,122,5.0,,,,PBMC,None,1,1,2015-07-08,yes,0.00,TDS_3159022B.pdf,
Flow,170Er,170,1,1,FDM,762,3170012B,Anti-Human CD99 (HCD99) -170Er,CD99 ,HCD99,Human,Human,CD and Surface Markers,Metal-Conjugated Antibodies,100 Test,1351,44.0,,,,PBMC,None,1,1,2015-07-08,yes,0.00,TDS_3170012B.pdf,
Flow,176Yb,176,1,1,FDM,782,3176018B,Anti-Human/Mouse CLA (HECA-452) -176Yb,CLA,HECA-452,Human/Mouse,Human,CD and Surface Markers,Metal-Conjugated Antibodies,100 Test,97,19.0,,,,PBMC,None,1,1,2015-07-08,yes,0.00,TDS_3176018B.pdf,
Flow,142Nd,142,1,0,FDM,357,3142004A,Anti-Cleaved Caspase 3 (D3E9) -142Nd,Cleaved Caspase-3,D3E9,Cross,human,Cell Death and Apoptosis,Metal-Conjugated Antibodies,50 test,505,12.0,,,,Jurkat,"etoposide, 18 hr",1,1,2013-03-21,yes,0.00,TDS_3142004A.pdf,NEW
Flow,172Yb,172,1,1,FDM,729,3172023A,Anti-Cleaved Caspase3 (5A1E) -172Yb,Cleaved Caspase-3,5A1E,Cross,Human,Cell death and Apoptosis,Metal-Conjugated Antibodies,50 Test,46,3.0,,,,Jurkat ,None,1,1,2015-06-15,yes,0.00,TDS_3172023A.pdf,
Flow,152Sm,152,1,0,FDM,694,3152014A,Anti-Human Cleaved Caspase 7 (D6H1)-152Sm,Cleaved Caspase-7,D6H1,Human,Human,Cell Death and Apoptosis,Metal-Conjugated Antibodies,50 Test,101,8.0,,,,Jurkat,Etoposide,1,1,2015-05-02,yes,0.00,TDS_3152014A.pdf,
Flow,143Nd,143,1,1,FDM,450,3143011A,Anti-Human Cleaved PARP (F21-852) -143Nd,Cleaved-PARP,F21-852,Human,,Cell Death and Apoptosis,Metal-Conjugated Antibodies,50 test,312,7.0,,,,Jurkat,"etoposide, 18 hr",1,1,2013-09-06,yes,0.00,TDS_3143011A.pdf,
Flow,162Dy,162,1,0,FDM,1315,92J046162,Anti-CX3CR1 (K0124E1)-162Dy—25 uL,CX3CR1,K0124E1,Human,Human,CD and Surface Markers,Metal-Conjugated Antibodies,25 uL,47,9.3144,,,,,,1,1,,yes,,,
Flow,172Yb,172,1,1,FDM,600,3172017B,Anti-Human CX3CR1 (2A9-1) -172Yb,CX3CR1,2A9-1,Human,Human,CD and Surface Markers,Metal-Conjugated Antibodies,100 test,6,3.0,,,,PBMC,None,1,1,2014-11-19,yes,0.00,TDS_3172017B.pdf,
Flow,160Gd,160,1,1,FDM,806,3160016B,Anti-Human CXCR6 (CD186) (K041E5) -160Gd,CXCR6/CD186,K041E5,Human,human,CD and Surface Markers,Metal-Conjugated Antibodies,100 Test,26,5.0,,,,PBMC,none,1,1,2015-07-08,yes,0.00,TDS_3160016B.pdf,
Flow,158Gd,158,1,1,FDM,475,3158008A,Anti-Human CyclinA (BF683) -158Gd,CyclinA,BF683,Human,,Cell Cycle and Proliferation,Metal-Conjugated Antibodies,50 Test,167,3.0,M,3.0,,MOLT-1,none,1,1,2013-11-15,yes,0.00,TDS_3158008A.pdf,
Flow,153Eu,153,1,1,FDM,566,3153009A,Anti-Human CyclinB1 (GNS-1) -153Eu,CyclinB1,GNS-1,Cross,Human,Cell Cycle and Proliferation,Metal-Conjugated Antibodies,50 test,2000,400.0,,,,Jurkat,None,1,1,2014-06-25,yes,0.00,TDS_3153009A.pdf,
Flow,164Dy,164,1,1,FDM,476,3164010A,Anti-CyclinB1 (GNS-1) -164Dy,CyclinB1,GNS-1,Cross,,Cell Cycle and Proliferation,Metal-Conjugated Antibodies,50 Test,300,60.0,H,60.0,,Jurkat,none,1,1,2013-11-15,yes,0.00,TDS_3164010A.pdf,
Flow,164Dy,164,1,1,FDM,734,3164020A,Anti-Cyotkeratin 7 (RCK105) -164Dy,Cytokeratin7/CK7,RCK105,Cross,Human,Structure and Cytoskeleton,Metal-Conjugated Antibodies,50 Test,534,107.0,,,,HeLa,None,1,1,2015-06-15,yes,0.00,TDS_3164020A.pdf,
Flow,176Yb,176,1,1,FDM,724,3176012B,Anti-Human c-Myc (9E10) -176Yb,c-Myc,9E10,Human,Human,Signaling and Transcription,Metal-Conjugated Antibodies,100 test,317,63.0,,,,Jurkat,None,1,1,2015-06-02,yes,0.00,TDS_3176012B.pdf,
Flow,164Dy,164,1,1,FDM,846,3164021B,Anti-Human DNMT3B (832121)-164Dy,DNMT3B,832121,Human,human,Signaling and Transcription,Metal-Conjugated Antibodies,100 Test,16,3.0,,,,ES/iPS,none,1,1,2015-08-14,yes,0.00,TDS_3164021B.pdf,
Flow,161Dy,161,1,1,FDM,723,3161003B,Anti-Human DR3 (JD3)-161Dy,DR3,JD3,Human,Human,CD and Surface Markers,Metal-Conjugated Antibodies,100 test,12,3.0,,,,PBMC,None,1,1,2015-05-29,yes,0.00,TDS_3161003B.pdf,
Flow,169Tm,169,1,1,FDM,728,3169017A,Anti-Cross EGFR (D38B1) -169Tm,EGFR,D38B1,Cross,Human,CD and Surface Markers,Metal-Conjugated Antibodies,50 Test,513,103.0,,,,BJ,"25uM etopside, 18hr",1,1,2015-06-15,yes,0.00,TDS_3169017A.pdf,
Flow,170Er,170,1,1,FDM,695,3170009B,Anti-Human  EGFR (AY13)-170Er,EGFR,AY13,Human,Human,CD and Surface Markers,Metal-Conjugated Antibodies,100 Test,536,107.0,,,,Hela,None,1,1,2015-05-02,yes,0.00,TDS_3170009B.pdf,
Flow,174Yb,174,1,1,FDM,934,3174021B,Anti-Human ErbB2 (42/c-erbB-2)-174Yb,ErbB2,42/c-erbB-2,Human ,Human,CD and Surface Markers,Metal-Conjugated Antibodies,100 Test ,144,29.0,,,,MCF7,None,1,1,2016-02-04,yes,0.00,TDS_3174021B.pdf,
Flow,163Dy,163,1,1,FDM,935,3163024A,Anti-Human Estrogen receptor a (D8H8)-163Dy,Estrogen Receptor a,D8H8,Human ,Human,Signaling and Transcription,Metal-Conjugated Antibodies,50 Test ,107,21.0,,,,U-87 MG,None,1,1,2016-02-04,yes,0.00,TDS_3163024A.pdf,
Flow,150Nd,150,1,1,FDM,973,3150027B,Anti-Human FceRI (AER-37 (CRA-1))-150Nd,FceRI,AER-37 [CRA-1],Human ,Human,CD and Surface Markers,Metal-Conjugated Antibodies,100 Test,542,108.0,,,,PBMC,none,1,1,2016-05-04,yes,0.00,TDS_3150027B.pdf,
Flow,144Nd,144,1,0,FDM,326,3144006B,Anti-FITC (FIT-22) -144Nd,FITC,FIT-22,Cross,,Secondaries,Metal-Conjugated Antibodies,100 test,150,30.0,M,30.0,,na,na,1,1,2012-12-31,yes,0.00,TDS_3144006B.pdf,NEW
Flow,160Gd,160,1,1,FDM,455,3160011B,Anti-FITC (FIT-22) -160Gd,FITC,FIT-22,Cross,,Secondaries,Metal-Conjugated Antibodies,100 test,150,30.0,M,30.0,,na,na,1,1,2013-09-25,yes,0.00,TDS_3160011B.pdf,
Flow,174Yb,174,1,1,FDM,470,3174006B,Anti-FITC (FIT-22) -174Yb,FITC,FIT-22,Cross,,Secondaries,Metal-Conjugated Antibodies,100 test,150,30.0,M,30.0,,na,na,1,1,2013-11-15,yes,0.00,TDS_3174006B.pdf,
Flow,159Tb,159,1,1,FDM,902,3159028A,Anti-Human FoxP3 (259D/C7)159Tb,FoxP3,259D/C7,Human,Human,Signaling and Transcription,Metal-Conjugated Antibodies,50 Test,60,12.0,,,,PBMCs,None,1,1,2015-09-30,no,0.00,TDS_3159028A.pdf,
Flow,162Dy,162,1,0,FDM,416,3162011A,Anti-Human FoxP3 (PCH101) -162Dy,FoxP3,PCH101,Human,,Signaling and Transcription,Metal-Conjugated Antibodies,50 test,31,6.2,,,,PBMC,none,1,1,2013-05-31,yes,0.00,TDS_3162011A.pdf,
Flow,148Nd,148,1,1,FDM,827,3148016B,Anti-Human Galanin (581403)-148Nd,Galanin/GAL,581403,Human,Human,Signaling and Transcription,Metal-Conjugated Antibodies,100 Test,278,21.0,,,,U87,None,1,1,2015-08-14,yes,0.00,TDS_3148016B.pdf,
Flow,163Dy,163,1,1,FDM,703,3163002B,Anti-Human Galectin-9 (9M1-3) -163Dy,Galectin-9,9M1-3,Human,Human,CD and Surface Markers,Metal-Conjugated Antibodies,100 test,787,157.0,,,,Hela,None,1,1,2015-05-29,yes,0.00,TDS_3163002B.pdf,
Flow,167Er,167,1,0,FDM,427,3167007A,Anti-Human/Mouse Gata3 (TWAJ) -167Er ,Gata3,TWAJ,Human/Mouse,,Signaling and Transcription,Metal-Conjugated Antibodies,50 test,221,44.0,M,6.6,,Jurkat,none,1,1,2013-07-16,yes,0.00,TDS_3167007A.pdf,
Flow,161Dy,161,1,1,FDM,706,3161005A,Anti-Human Gata6 (D61E4) -161Dy,Gata6,D61E4,Human,Human,Signaling and Transcription,Metal-Conjugated Antibodies,50 test,202,40.0,,,,BJ,None,1,1,2015-05-29,yes,0.00,TDS_3161005A.pdf,
Flow,143Nd,143,1,1,FDM,936,3143022B,Anti-GFAP (GA5)-143Nd,Glial Fibrillary Acidic Protein/GFAP,GA5,Cross,Human,Structure and Cytoskeleton ,Metal-Conjugated Antibodies,100 Test ,7,3.0,,,,U-87 MG,None,1,1,2016-02-04,yes,0.00,TDS_3143022B.pdf,
Flow,159Tb,159,1,1,FDM,372,3159008B,Anti-Human GM-CSF (BVD2-21C11) -159Tb,GM-CSF,BVD2-21C11,Human,,Cytokines,Metal-Conjugated Antibodies,100 test,300,7.0,H,7.0,,PBMC,"PMA/Iono, 6hrs",1,1,2013-04-10,yes,0.00,TDS_3159008B.pdf,NEW
Flow,171Yb,171,1,1,FDM,256,3171002B,Anti-Human/Mouse Granzyme B (GB11) -171Yb,Granzyme B,GB11,Human/Mouse,,Cell Death and Apoptosis,Metal-Conjugated Antibodies,100 test,544,109.0,,,,PBMC,"PMA/Iono, 6hrs",1,1,2012-12-31,yes,0.00,TDS_3171002B.pdf,NEW
Flow,173Yb,173,1,1,FDM,711,3173006B,Anti-Human/Mouse Granzyme B (GB11) -173Yb,Granzyme B,GB11,Human/Mouse,Human,Cell Death and Apoptosis,Metal-Conjugated Antibodies,100 test,719,114.0,,,,PBMC,None,1,1,2015-05-29,yes,0.00,TDS_3173006B.pdf,
Flow,198Pt,198,1,1,FDM,1949,3198002C,Anti-Human Granzyme B (GB11) - 198Pt,Granzyme B,GB11,Human,Human,Cell Death and Apoptosis,Metal-Conjugated Antibodies,25 Test,222,44.3264,,,,,,1,1,,yes,,,
Flow,148Nd,148,1,1,FDM,741,3148011A,Anti-Human HER2/ErbB2/EGFR2 (29D8) -148Nd,HER2/ErbB2/EGFR2,29D8,Human,Human,CD and Surface Markers,Metal-Conjugated Antibodies,50 Test,59,12.0,,,,MCF7,None,1,1,2015-06-15,yes,0.00,TDS_3148011A.pdf,
Flow,176Yb,176,1,1,FDM,731,3176016A,Anti- Histone 3 (D1H2) -176Yb,Histone3,D1H2,Cross,Human,Signaling and Transcription,Metal-Conjugated Antibodies,50 Test,796,159.0,,,,Hela,None,1,1,2015-06-15,yes,0.00,TDS_3176016A.pdf,
Flow,141Pr,141,1,1,FDM,578,3141010B,"Anti-Human HLA-A,B,C (W6/32) -141Pr","HLA-A,B,C",W6/32,Human,Human,CD and Surface Markers,Metal-Conjugated Antibodies,100 test,400,80.0,,,,PBMC,None,1,1,2014-08-29,yes,0.00,TDS_3141010B.pdf,
Flow,144Nd,144,1,0,FDM,625,3144017B,"Anti-Human HLA-A,B,C (W6/32) -144Nd","HLA-A,B,C",W6/32,Human,Human,CD and Surface Markers,Metal-Conjugated Antibodies,100 test,173,35.0,,,,PBMC,None,1,1,2015-01-29,yes,0.00,TDS_3144017B.pdf,
Flow,143Nd,143,1,1,FDM,545,3143013B,Anti-Human HLA-DR (L243) -143Nd,HLA-DR,L243,Human,Human,CD and Surface Markers,Metal-Conjugated Antibodies,100 test,12,3.0,,40.0,,PBMC,None,1,1,2014-04-02,yes,0.00,TDS_3143013B.pdf,
Flow,151Eu,151,1,0,FDM,1018,3151023B,Anti-Human HLA-DR (G46-6)-151Eu,HLA-DR,G46-6,Human ,Human,CD & Surface Marker Antibodies,Metal-Conjugated Antibodies,100 Test,440,88.0,,,,PBMC,None,1,1,2017-06-19,yes,0.00,,
Flow,170Er,170,1,1,FDM,714,3170013B,Anti-Human HLA-DR (L243) -170Er,HLA-DR,L243,Human,PBMC,CD and Surface Markers,Metal-Conjugated Antibodies,100 test,682,136.0,,,,PBMC,None,1,1,2015-05-29,yes,0.00,TDS_3170013B.pdf,
Flow,173Yb,173,1,1,FDM,670,3173005B,Anti-Human HLA-DR (L243)-173Yb,HLA-DR,L243,Human,Human,CD and Surface Markers,Metal-Conjugated Antibodies,100 Test,168,34.0,,,,PBMC,None,1,1,2015-05-02,yes,0.00,TDS_3173005B.pdf,
Flow,174Yb,174,1,1,FDM,46,3174001B,Anti-Human HLA-DR (L243) -174Yb,HLA-DR,L243,Human,,CD and Surface Markers,Metal-Conjugated Antibodies,100 test,301,60.0,H,600.0,,PBMC,none,1,1,2012-12-31,yes,0.00,TDS_3174001B.pdf,
Flow,176Yb,176,1,1,FDM,1655,3176027B,Anti-Human HLA-DR (L243)-176Yb—100 Tests,HLA-DR,L243,Human,Human,CD and Surface Makers,Metal-Conjugated Antibodies,100 Test,665,133.0,,,,,,1,1,,yes,,,New Clones
Flow,150Nd,150,1,1,FDM,976,3150028B,"Anti-Human HLA-DR, DP (Tu36)-150Nd","HLA-DR, DP",Tu36,Human ,Human,CD and Surface Markers,Metal-Conjugated Antibodies,100 Test,165,19.0,,,,PBMC,none,1,1,2016-05-04,yes,0.00,TDS_3150028B.pdf,
Flow,173Yb,173,1,1,FDM,1201,201325," Human HLA-DR (LN3)-173Yb- MDIPA Kit, not sold separately",HLA-DR (Kit Only),LN3,Human,,,Metal-Conjugated Antibodies,,273,16.0,,55.0,,,,1,1,,yes,,,
Flow,116Cd,116,1,0,FDM,1950,3116002C,Anti-Human IFNγ (B27) - 116Cd,IFN gamma,B27,Human,Human,Cytokines,Metal-Conjugated Antibodies,25 Test,174,34.8616,,,,,,1,1,,yes,,,
Flow,158Gd,158,1,1,FDM,619,3158017B,Anti-Human IFNg (B27) -158Gd,IFN gamma,B27,Human,Human,Cytokines,Metal-Conjugated Antibodies,100 test,1113,223.0,,0.0,,PBMC,"PMA, 6 hrs",1,1,2015-01-29,yes,0.00,TDS_3158017B.pdf,
Flow,165Ho,165,1,1,FDM,47,3165002B,Anti-Human IFNgamma (B27) -165Ho,IFN gamma,B27,Human,,Cytokines,Metal-Conjugated Antibodies,100 test,713,14.0,H,15.0,,PBMC,"PMA/Iono, 6hrs",1,1,2012-12-31,yes,0.00,TDS_3165002B.pdf,
Flow,168Er,168,1,0,FDM,417,3168005B,Anti-Human IFNgamma (B27) -168Er ,IFN gamma,B27,Human,,Cytokines,Metal-Conjugated Antibodies,100 test,1861,372.0,,,,PBMC,"PMA/Iono, 6hrs",1,1,2013-05-31,yes,0.00,TDS_3168005B.pdf,
Flow,146Nd,146,1,1,FDM,286,3146005B,Anti-Human IgD (IA6-2) -146Nd,IgD,IA6-2,Human,,CD and Surface Markers,Metal-Conjugated Antibodies,100 test,354,71.0,,,,PBMC,none,1,1,2012-12-31,yes,0.00,TDS_3146005B.pdf,NEW
Flow,174Yb,174,1,1,FDM,1338,,Anti-Human IgD (IA6-2) - 174Yb,IgD,IA6-2,Human,Human,CD and Surface Markers,Metal-Conjugated Antibodies,100 Test,75,15.0,,,,PBMC,none,1,1,2023-05-23,yes,0.00,,
Flow,172Yb,172,1,1,FDM,245,3172004B,Anti-Human IgM (MHM-88) -172Yb,IgM,MHM-88,Human,,CD and Surface Markers,Metal-Conjugated Antibodies,100 test,225,45.0,,,,PBMC,none,1,1,2012-12-31,yes,0.00,TDS_3172004B.pdf,NEW
Flow,160Gd,160,1,1,FDM,299,3160005B,Anti-Human Ig kappa (MHK-49) -160Gd,Ig kappa ,MHK-49,Human,,CD and Surface Markers,Metal-Conjugated Antibodies,100 test,70,14.0,,,,PBMC,none,1,1,2012-12-31,yes,0.00,TDS_3160005B.pdf,NEW
Flow,151Eu,151,1,0,FDM,300,3151004B,Anti-Human Ig lambda (MHL-38) -151Eu,Ig lambda,MHL-38,Human,,CD and Surface Markers,Metal-Conjugated Antibodies,100 test,26,5.0,,,,PBMC,none,1,1,2012-12-31,yes,0.00,TDS_3151004B.pdf,NEW
Flow,164Dy,164,1,1,FDM,228,3164004A,Anti-IkBa (Amino-terminal Antigen) (L35A5) -164Dy,IkBa,L35A5,Cross,,Signaling and Transcription,Metal-Conjugated Antibodies,50 test,111,6.0,,,,Jurkat,"PVO4, 15 min",1,1,2012-12-31,yes,0.00,TDS_3164004A.pdf,
Flow,143Nd,143,1,1,FDM,1013,3143024B,Anti-Human IKZF1 (16B5C71)-143Nd,IKZF1/IKAROS,16B5C71,Human ,Human,Signaling & Transcription Antibodies,Metal-Conjugated Antibodies,100 Test,145,30.0,,,,PBMC,None,1,1,2017-06-19,yes,0.00,,
Flow,162Dy,162,1,0,FDM,1014,3162032B,Anti-Human IKZF3 (914821)-162Dy,IKZF3/AIOLOS,914821,Human ,Human,Signaling & Transcription Antibodies,Metal-Conjugated Antibodies,100 Test,102,20.0,,,,PBMC,None,1,1,2017-06-19,yes,0.00,,
Flow,148Nd,148,1,1,FDM,1880,3148025B,Anti-IL-10 (JES3-9D7) - 148Nd,IL-10,JES3-9D7,Human,Human,Cytokines,Metal-Conjugated Antibodies,100 test,152,6.0214,,,,,,1,1,,yes,,,
Flow,165Ho,165,1,1,FDM,1324,3165044,Anti-Human IL-10 (JES3-9D7) - 165Ho,IL-10,JES3-9D7,Human,Human,Cytokines,Metal-Conjugated Antibodies,100 Test,86,17.2838,,,,,,1,1,,yes,,,
Flow,166Er,166,1,1,FDM,419,3166008B,Anti-Human IL-10 (JES3-9D7) -166Er,IL-10,JES3-9D7,Human,,Cytokines,Metal-Conjugated Antibodies,100 test,54,11.0,H,7.0,,TH2-CD4,"PMA/Iono, 5 hrs",1,1,2013-06-14,yes,0.00,TDS_3166008B.pdf,
Flow,169Tm,169,1,1,FDM,865,3169016B,Anti-Human IL-13 (JES10-5A2)-169Tm,IL-13,JES10-5A2,Human ,human,Cytokines,Metal-Conjugated Antibodies,100 Test,240,48.0,,,,PBMC,6-hr PMA/Ionomycin,1,1,2015-08-14,yes,0.00,TDS_3169016B.pdf,
Flow,148Nd,148,1,1,FDM,371,3148008B,Anti-Human IL-17A (BL168) -148Nd,IL-17A,BL168,Human,,Cytokines,Metal-Conjugated Antibodies,100 test,24,3.0,H,7.6,,PBMC,"PMA/Iono, 6 hrs",1,1,2013-04-10,yes,0.00,TDS_3148008B.pdf,NEW
Flow,161Dy,161,1,1,FDM,622,3161008B,Anti-Human IL-17A (BL168) -161Dy,IL-17A,BL168,Human,Human,Cytokines,Metal-Conjugated Antibodies,100 test,620,24.0,,0.0,,PBMC,"PMA/Iono, 6 hrs",1,1,2015-01-29,yes,0.00,TDS_3161008B.pdf,
Flow,164Dy,164,1,1,FDM,52,3164002B,Anti-Human IL-17A (N49-653)-164Dy,IL-17A,N49-653,Human,,Cytokines,Metal-Conjugated Antibodies,100 test,149,3.0,H,21.0,,PBMC,"PMA/Iono, 6 hrs",1,1,2012-12-31,yes,0.00,TDS_3164002B.pdf,
Flow,169Tm,169,1,1,FDM,370,3169006B,Anti-Human IL-17A (BL168) -169Tm,IL-17A,BL168,Human,,Cytokines,Metal-Conjugated Antibodies,100 test,1000,21.0,H,21.0,,TH17-CD4,"PMA/Iono, 5 hrs",1,1,2013-04-10,yes,0.00,TDS_3169006B.pdf,NEW
Flow,172Yb,172,1,1,FDM,675,3172020B,Anti-Human IL-17A (BL168)-172Yb,IL-17A,BL168,Human,Human,Cytokines,Metal-Conjugated Antibodies,100 Test,765,16.0,,,,PBMC,"PMA/Iono, 5 hrs",1,1,2015-05-02,yes,0.00,TDS_3172020B.pdf,
Flow,195Pt,195,1,1,FDM,1882,3195002B,Anti-IL-17A (BL168) - 195Pt,IL-17A,BL168,Human,Human,Cytokines,Metal-Conjugated Antibodies,100 test,169,6.52692,,,,,,1,1,,yes,,,
Flow,166Er,166,1,1,FDM,451,3166010B,Anti-Human IL-17F (SHLR17) -166Er,IL-17F,SHLR17,Human,,Cytokines,Metal-Conjugated Antibodies,100 test,333,7.6,H,7.6,,TH17-CD4,"PMA/Iono, 5 hrs",1,1,2013-09-06,yes,0.00,TDS_3166010B.pdf,
Flow,172Yb,172,1,1,FDM,674,3172019B,Anti-Human IL-17F (SHLR17)-172Yb,IL-17F,SHLR17,Human,Human,Cytokines,Metal-Conjugated Antibodies,100 Test,1292,27.0,,,,Th17,"PMA/Iono, 5 hrs",1,1,2015-05-02,yes,0.00,TDS_3172019B.pdf,
Flow,209Bi,209,1,1,FDM,1327,3209016,Anti-Human IL-1b (CRM56) - 209Bi,IL-1b,CRM56,Human,Human,Cytokines,Metal-Conjugated Antibodies,100 Test,1665,332.957,,,,,,1,1,,yes,,,
Flow,112Cd,112,1,0,FDM,1951,3112002C,Anti-Human IL-2 (MQ1-17H12) - 112Cd,IL-2,MQ1-17H12,Human,Human,Cytokines,Metal-Conjugated Antibodies,25 Test,131,26.2614,,,,,,1,1,,yes,,,
Flow,144Nd,144,1,0,FDM,859,3144021B,Anti-Human IL-2 (MQ1-17H12)-144Nd,IL-2,MQ1-17H12,Human,Human,Cytokines,Metal-Conjugated Antibodies,100 Test,55,3.0,,,,PBMCs,PMA/Iono,1,1,2015-08-14,yes,0.00,TDS_3144021B.pdf,
Flow,158Gd,158,1,1,FDM,426,3158007B,Anti-Human IL-2 (MQ1-17H12) -158Gd,IL-2,MQ1-17H12,Human,,Cytokines,Metal-Conjugated Antibodies,100 test,659,13.0,H,7.6,,PBMC,"PMA/Iono, 5 hrs",1,1,2013-07-16,yes,0.00,TDS_3158007B.pdf,
Flow,166Er,166,1,1,FDM,48,3166002B,Anti-Human IL-2 (MQ1-17H12) -166Er,IL-2,MQ1-17H12,Human,,Cytokines,Metal-Conjugated Antibodies,100 test,456,16.0,M,4.4,,PBMC,"PMA/Iono, 6 hrs",1,1,2012-12-31,yes,0.00,TDS_3166002B.pdf,
Flow,172Yb,172,1,1,FDM,369,3172011B,Anti-Human Il-21 (3A3-N2) -172Yb,IL-21,3A3-N2,Human,,Cytokines,Metal-Conjugated Antibodies,100 test,22,3.0,M,2.4,,TH17-CD4,"PMA/Iono, 5 hrs",1,1,2013-04-10,yes,0.00,TDS_3172011B.pdf,NEW
Flow,150Nd,150,1,1,FDM,368,3150007B,Anti-Human IL-22 (22URTI) -150Nd,IL-22,22URTI,Human,,Cytokines,Metal-Conjugated Antibodies,100 test,139,28.0,H,15.0,,TH17-CD4,"PMA/Iono, 5 hrs",1,1,2013-04-10,yes,0.00,TDS_3150007B.pdf,NEW
Flow,161Dy,161,1,1,FDM,710,3161010B,Anti-Human IL-23 p19 (23dcdp) -161Dy,IL-23 p19 ,23dcdp,Human,Human,Cytokines,Metal-Conjugated Antibodies,100 test,75,3.0,,,,PBMC,"LPS, 24 hrs",1,1,2015-05-29,yes,0.00,TDS_3161010B.pdf,
Flow,142Nd,142,1,0,FDM,49,3142002B,Anti-Human IL-4 (MP4-25D2) -142Nd,IL-4,MP4-25D2,Human,,Cytokines,Metal-Conjugated Antibodies,100 test,111,22.0,M,2.4,,TH2-CD4,"PMA/Iono, 5 hrs",1,1,2012-12-31,yes,0.00,TDS_3142002B.pdf,
Flow,144Nd,144,1,0,FDM,406,3144010B,Anti-Human IL-4 (MP4-25D2) -144Nd ,IL-4,MP4-25D2,Human,,Cytokines,Metal-Conjugated Antibodies,100 test,10,3.0,,,,TH2-CD4,"PMA/Iono, 5 hrs",1,1,2013-05-24,yes,0.00,TDS_3144010B.pdf,
Flow,163Dy,163,1,1,FDM,685,3163011B,Anti-Human IL-4 (MP4-25D2)-163Dy,IL-4,MP4-25D2,Human,Human,Cytokines,Metal-Conjugated Antibodies,100 Test,247,7.0,,,,Th2,"PMA/Iono, 5 hrs",1,1,2015-05-02,yes,0.00,TDS_3163011B.pdf,
Flow,171Yb,171,1,1,FDM,1876,3171028B,Anti-IL-4 (MP4-25D2) - 171Yb,IL-4,MP4-25D2,Human,Human,Cytokines,Metal-Conjugated Antibodies,100 test,63,3.84898,,,,,,1,1,,yes,,,
Flow,143Nd,143,1,1,FDM,16,3143003B,Anti-Human/Mouse IL-5 (TRFK5) -143Nd,IL-5,TRFK5,Human/Mouse,,Cytokines,Metal-Conjugated Antibodies,100 test,113,22.0,,,,EL4,"PMA/Iono, 5 hrs",1,1,2012-12-31,yes,0.00,TDS_3143003B.pdf,
Flow,147Sm,147,1,1,FDM,1878,3147023B,Anti-IL-5 (TRFK5) - 147Sm,IL-5,TRFK5,Human,Human,Cytokines,Metal-Conjugated Antibodies,100 test,76,2.81296,,,,,,1,1,,yes,,,
Flow,151Eu,151,1,0,FDM,673,3151014B,Anti-Human/Mouse IL-5 (TRFK5)-151Eu,IL-5,TRFK5,Human/Mouse,Human,Cytokines,Metal-Conjugated Antibodies,100 Test,24,5.0,,,,Th2,"PMA/Iono, 5 hrs",1,1,2015-05-02,yes,0.00,TDS_3151014B.pdf,
Flow,106Cd,106,1,0,FDM,1317,3106003,Anti-Human IL-6 (MQ2-13A5) - 106Cd,IL-6,MQ2-13A5,Human,Human,Cytokines,Metal-Conjugated Antibodies,100 Test,116,23.2132,,,,,,1,1,,yes,,,
Flow,147Sm,147,1,1,FDM,51,3147002B,Anti-Human IL-6 (MQ2-13A5) -147Sm,IL-6,MQ2-13A5,Human,,Cytokines,Metal-Conjugated Antibodies,100 test,133,3.6,M,3.6,,PBMC,"LPS, 18 hrs",1,1,2012-12-31,yes,0.00,TDS_3147002B.pdf,
Flow,154Sm,154,1,1,FDM,712,3154011B,Anti-Human IL-6 (MQ2-13A5) -154Sm,IL-6,MQ2-13A5,Human,Human,Cytokines,Metal-Conjugated Antibodies,100 test,471,94.0,,,,PBMC,"LPS, 18 hrs",1,1,2015-05-29,yes,0.00,TDS_3154011B.pdf,
Flow,156Gd,156,1,1,FDM,407,3156011B,Anti-Human IL-6 (MQ2-13A5) -156Gd ,IL-6,MQ2-13A5,Human,,Cytokines,Metal-Conjugated Antibodies,100 test,30,3.0,M,3.6,,PBMC,"LPS, 18 hrs",1,1,2013-05-24,yes,0.00,TDS_3156011B.pdf,
Flow,168Er,168,1,0,FDM,820,3168013B,Anti-Human Integrin (Y9A2)-168Er,Integrin a9b1,Y9A2,Human ,human,CD and Surface Markers,Metal-Conjugated Antibodies,100 Test,12,3.0,,,,human whole blood,none,1,1,2015-08-14,yes,0.00,TDS_3168013B.pdf,
Flow,162Dy,162,1,0,FDM,794,3162026B,Anti-Human/Mouse Integrin b7 (FIB504) -162Dy,Integrin b7,FIB504,Human/Mouse,Human,CD and Surface Markers,Metal-Conjugated Antibodies,100 Test,18,4.0,,,,PBMC,None,1,1,2015-07-08,yes,0.00,TDS_3162026B.pdf,
Flow,174Yb,174,1,1,FDM,730,3174014A,Anti-Human Keratin CK8/18 (C51) -174Yb,Keratin (CK8/18),C51,Human,Human,Structure and Cytoskeleton,Metal-Conjugated Antibodies,50 Test,108,22.0,,,,Hela,None,1,1,2015-06-15,yes,0.00,TDS_3174014A.pdf,
Flow,161Dy,161,1,1,FDM,626,3161007B,Anti-Human Ki-67 (B56) -161Dy,Ki-67,B56,Cross,Human,Cell Cycle and Proliferation,Metal-Conjugated Antibodies,100 test,410,82.0,,,,PBMC,"PHA, 3 days",1,1,2015-01-29,yes,0.00,TDS_3161007B.pdf,
Flow,162Dy,162,1,0,FDM,467,3162012B,Anti-Human Ki-67 (B56) -162Dy,Ki-67,B56,Cross,Human,Cell Cycle and Proliferation,Metal-Conjugated Antibodies,100 test,1000,200.0,,,,PBMC,"anti-CD3, 2 days",1,1,2013-10-26,yes,0.00,TDS_3162012B.pdf,
Flow,168Er,168,1,0,FDM,54,3168001B,Anti-Human Ki-67 (Ki67) -168Er,Ki-67,Ki-67,Human,Human,Cell Cycle and Proliferation,Metal-Conjugated Antibodies,100 test,100,20.0,,,,PBMC,"PHA, 3 days",1,1,2012-12-31,yes,0.00,TDS_3168001B.pdf,
Flow,172Yb,172,1,1,FDM,740,3172024B,Anti-Human  Ki-67 (B56) -172Yb ,Ki-67,B56,Cross,Human,Cell Cycle and Proliferation,Metal-Conjugated Antibodies,100 Test,1794,37.0,,,,PBMC,"PHA, 3 days",1,1,2015-06-15,yes,0.00,TDS_3172024B.pdf,
Flow,162Dy,162,1,0,FDM,707,3162022A,Anti-Human KLF4 (Poly) -162Dy,KLF4,D1F2,Human,Human,Signaling and Transcription,Metal-Conjugated Antibodies,50 test,603,121.0,,,,NTERA2,None,1,1,2015-05-29,yes,0.00,TDS_3162022A.pdf,
Flow,153Eu,153,1,1,FDM,837,3153017B,Anti-Human LCK (LCK-01)-153Eu,LCK,LCK-01,Human,human,Signaling and Transcription,Metal-Conjugated Antibodies,100 test,32,6.0,,,,PBMC,none,1,1,2015-08-14,yes,0.00,TDS_3153017B.pdf,
Flow,161Dy,161,1,1,FDM,937,3161025B,Anti-Human LGR5 (4D11F8)-161Dy,Lgr5/Central LRR,4D11F8,Human ,Human,CD and Surface Markers,Metal-Conjugated Antibodies,100 Test ,18,4.0,,,,U-87 MG,None,1,1,2016-02-04,yes,0.00,TDS_3161025B.pdf,
Flow,153Eu,153,1,1,FDM,987,3153026B,Anti-Human/Mouse Mac-2/Galectin-3 (M3/38)-153Eu,Mac-2/Galectin-3,M3/38,Human/Mouse,Mouse,Cell Cycle and Proliferation,Metal-Conjugated Antibodies,100 Test ,16,3.0,,,,Bone Marrow ,None ,1,1,2016-06-24,yes,0.00,TDS_3153026B.pdf,
Flow,163Dy,163,1,1,FDM,696,3163006A,Anti-Human  MCL-1 (Poly)-163Dy,MCL-1,Polyclonal,Human,Human,Signaling and Transcription,Metal-Conjugated Antibodies,50 Test,174,35.0,,,,A431,None,1,1,2015-05-02,yes,0.00,TDS_3163006A.pdf,
Flow,167Er,167,1,0,FDM,933,3167017A,Anti-Human Met (D1C2)-167Er,Met,D1C2,Human ,Human,CD and Surface Markers,Metal-Conjugated Antibodies,50 Test ,84,17.0,,,,HepG2,None,1,1,2016-02-04,yes,0.00,TDS_3167017A.pdf,
Flow,174Yb,174,1,1,FDM,792,3174016B,Anti-Human MIC A/B (6D4) -174Yb,MICA/MICB ,6D4 ,Human,Human,CD and Surface Markers,Metal-Conjugated Antibodies,100 Test,14,3.0,,,,Hela,None,1,1,2015-07-08,yes,0.00,TDS_3174016B.pdf,
Flow,150Nd,150,1,1,FDM,259,3150004B,Anti-Human MIP1beta (D21-1351) -150Nd,MIP1beta,D21-1351,Human,,Cytokines,Metal-Conjugated Antibodies,100 test,243,49.0,,,,PBMC,"PMA/Iono, 6 hrs",1,1,2012-12-31,yes,0.00,TDS_3150004B.pdf,
Flow,160Gd,160,1,1,FDM,676,3160013B,Anti-Human/Mouse MIP1beta (D21-1351)-160Gd,MIP1beta,D21-1351,Human/Mouse,Human,Cytokines,Metal-Conjugated Antibodies,100 Test,25,3.0,,,,PBMC,"PMA/Iono, 6 hrs",1,1,2015-05-02,yes,0.00,TDS_3160013B.pdf,
Flow,155Gd,155,1,1,FDM,938,3155013B,Anti-Human Musashi-1 (14H1)-155Gd,Musashi-1/MSI1,14H1,Human ,Human,Signaling and Transcription,Metal-Conjugated Antibodies,100 Test ,79,16.0,,,,U-87 MG,None,1,1,2016-02-04,yes,0.00,TDS_3155013B.pdf,
Flow,169Tm,169,1,1,FDM,657,3169014A,Anti-Human Nanog (N31-355) -169Tm,Nanog,N31-355,Human,Human,Signaling and Transcription,Metal-Conjugated Antibodies,50 test,263,53.0,,,,ES cells (U. Conn.),None,1,1,2015-03-18,yes,0.00,TDS_3169014A.pdf,
Flow,151Eu,151,1,0,FDM,708,3151013A,Anti-Human Nestin (25/Nestin) -151Eu,Nestin,25/Nestin,Human,Human,Structure and Cytoskeleton,Metal-Conjugated Antibodies,50 test,1766,353.0,,,,NTERA2,None,1,1,2015-05-29,yes,0.00,TDS_3151013A.pdf,
Flow,143Nd,143,1,1,FDM,970,3143023A,Anti-Human NFAT1 (D43B1)-143Nd,NFAT1,D43B1,Human ,Human,Signaling and Transcription,Metal-Conjugated Antibodies,50 Test,141,6.0,,,,PBMC,None,1,1,2016-04-19,yes,0.00,TDS_3143023A.pdf,
Flow,165Ho,165,1,1,FDM,721,3165026B,Anti-Human Notch2 (MHN2-25) -165Ho,Notch2,MHN2-25,Human ,Human,CD and Surface Markers,Metal-Conjugated Antibodies,100 test,35,7.0,,,,MCF7,None,1,1,2015-05-29,yes,0.00,TDS_3165026B.pdf,
Flow,165Ho,165,1,1,FDM,323,3165006B,Anti-Human Notch3 (MHN3-21) -165Ho,Notch3,MHN3-21,Human,,CD and Surface Markers,Metal-Conjugated Antibodies,100 test,7,1.4,L,1.4,,Jurkat,none,1,1,2012-12-31,yes,0.00,TDS_3165006B.pdf,NEW
Flow,159Tb,159,1,1,FDM,903,3159025B,Anti-Human NPY1R (556153)-159Tb,NPY1R,556153,Human,Human,Signaling and Transcription,Metal-Conjugated Antibodies,100 Test,169,34.0,,,,MCF7,None,1,1,2015-10-29,yes,0.00,TDS_3159025B.pdf,
Flow,160Gd,160,1,1,FDM,908,3160019B,Anti-Human NRG1-alpha/HRG1-alpha EGF (goat poly) -160Gd,NRG1-alpha/HRG1-alpha EGF,goat polyclonal,Human,Human,Signaling and transcription,Metal-Conjugated Antibodies,100 Test,42,3.0,,,,MCF7,None,1,1,2015-10-29,yes,0.00,TDS_3160019B.pdf,
Flow,103Rh,103,1,0,FDM,491,201103B,Intercalator-103Rh,Nucleic Acid,N/A,Cross,,NA Intercalator,Cell-ID,2000 uM,80,16.0,,,,,,1,1,2014-01-24,yes,0.00,TDS_201103B.pdf,
Flow,165Ho,165,1,1,FDM,656,3165023A,Anti-Human/Mouse Oct-3/4 (40/Oct-3) -165Ho,Oct-3/4,40/Oct-3,Human/Mouse,Human,Signaling and Transcription,Metal-Conjugated Antibodies,50 test,862,172.0,,,,ES cells (U. Conn.),None,1,1,2015-03-18,yes,0.00,TDS_3165023A.pdf,
Flow,175Lu,175,1,1,FDM,744,3175022B,Anti-Human OTX2 (246826) -175Lu,OTX2,246826,Human,Human,Signaling and Transcription,Metal-Conjugated Antibodies,100 Test,600,120.0,,,,NTERA2,None,1,1,2015-06-15,yes,0.00,TDS_3175022B.pdf,
Flow,159Tb,159,1,1,FDM,845,3159026A,Anti-Human p21 Waf1/Cip1 (12D1)-159Tb,p21 Waf1/Cip1,12D1,Human,human,Cell Cycle and Proliferation,Metal-Conjugated Antibodies,50 Test ,16,5.12,,,,MCF7,none,1,1,2015-08-14,yes,0.00,TDS_3159026A.pdf,
Flow,149Sm,149,1,1,FDM,339,3149005A,Anti- p4E-BP1 [Thr37/46](236B4) -149Sm,p4E-BP1,236B4,Cross,,Signaling and Transcription,Metal-Conjugated Antibodies,50 test,208,6.0,M,1.6,,Jurkat,"Wortmannin, 2 hrs",1,1,2013-02-27,yes,0.00,TDS_3149005A.pdf,NEW
Flow,143Nd,143,1,1,FDM,732,3143018A,Anti-Human p53 (7F5) -143Nd,p53,7F5,Human,Human,Signaling and Transcription,Metal-Conjugated Antibodies,50 Test,12,3.0,,,,Hela,None,1,1,2015-06-15,yes,0.00,TDS_3143018A.pdf,
Flow,150Nd,150,1,1,FDM,939,3150024A,Anti-Human p53 (DO-7)-150Nd,p53,DO-7,Human ,Human,Cell Cycle and Proliferation,Metal-Conjugated Antibodies,50 Test ,27,5.0,,,,U-87 MG,None,1,1,2016-02-04,yes,0.00,TDS_3150024A.pdf,
Flow,152Sm,152,1,0,FDM,242,3152005A,Anti-pAkt [pS473] (D9E) -152Sm,pAkt [S473],D9E,Cross,,Signaling and Transcription,Metal-Conjugated Antibodies,50 test,137,6.0,,,,Jurkat,"Wortmannin, 2 hrs",1,1,2012-12-31,yes,0.00,TDS_3152005A.pdf,NEW
Flow,175Lu,175,1,1,FDM,815,3175026A,Anti-Cross,Pan-Actin,D18C11,Cross,human,Structure and Cytoskeleton,Metal-Conjugated Antibodies,50 Test,143,12.0,,,,Hela/Jurkat,none,1,1,2015-08-14,yes,0.00,TDS_3175026A.pdf,
Flow,162Dy,162,1,0,FDM,733,3162027A,Anti-Human Pan Keratin (C11) - 162Dy,Pan-Keratin,C11,Human,Human,Structure and Cytoskeleton,Metal-Conjugated Antibodies,50 Test,1266,253.0,,,,HeLa,None,1,1,2015-06-15,yes,0.00,TDS_3162027A.pdf,
Flow,161Dy,161,1,1,FDM,709,3161006A,Anti-Human pBad (40A9) -161Dy,pBad,40A9,Cross,Human,Cell Death and Apoptosis,Metal-Conjugated Antibodies,50 test,357,45.0,,,,COS-7,"TPA, 30 min",1,1,2015-05-29,yes,0.00,TDS_3161006A.pdf,
Flow,165Ho,165,1,1,FDM,343,3165009A,Anti-pCREB [S133] (87G3) -165Ho,pCREB [S133],87G3,Cross,Human,Signaling and Transcription,Metal-Conjugated Antibodies,50 test,979,196.0,,,,Jurkat,"PVO4, 15 min",1,1,2013-02-27,yes,0.00,TDS_3165009A.pdf,NEW
Flow,176Yb,176,1,1,FDM,342,3176005A,Anti-pCREB [S133] (87G3) -176Yb,pCREB [S133],87G3,Cross,Human,Signaling and Transcription,Metal-Conjugated Antibodies,50 test,333,10.2,,,,Jurkat,"PVO4, 15 min",1,1,2013-02-27,yes,0.00,TDS_3176005A.pdf,NEW
Flow,160Gd,160,1,1,FDM,411,3160007A,Anti-Human PDGF Receptor a (D13C6) -160Gd,PDGFRa,D13C6,Human,,CD and Surface Markers,Metal-Conjugated Antibodies,50 test,300,60.0,H,60.0,,NCI-H1703,,1,1,2013-05-24,yes,0.00,TDS_3160007A.pdf,
Flow,145Nd,145,1,0,FDM,469,3145006B,Anti-PE (PE001) -145Nd,PE,PE001,Cross,,Secondaries,Metal-Conjugated Antibodies,100 test,150,30.0,M,30.0,,na,na,1,1,2013-11-15,yes,0.00,TDS_3145006B.pdf,
Flow,156Gd,156,1,1,FDM,309,3156005B,Anti-PE (PE001) -156Gd,PE,PE001,Cross,,Secondaries,Metal-Conjugated Antibodies,100 test,150,30.0,M,30.0,,na,na,1,1,2012-12-31,yes,0.00,TDS_3156005B.pdf,NEW
Flow,165Ho,165,1,1,FDM,454,3165015B,Anti-PE (PE001) -165Ho,PE,PE001,Cross,,Secondaries,Metal-Conjugated Antibodies,100 test,150,30.0,M,30.0,,na,na,1,1,2013-09-25,yes,0.00,TDS_3165015B.pdf,
Flow,146Nd,146,1,1,FDM,359,3146007A,Anti-pEGFR [Y1068] (D7A5) -146Nd,pEGFR [Y1068],D7A5,Cross,Human,Signaling and Transcription,Metal-Conjugated Antibodies,50 test,300,7.2,,,,A-431,"EGF, 15 min",1,1,2013-04-01,yes,0.00,TDS_3146007A.pdf,NEW
Flow,175Lu,175,1,1,FDM,255,3175004B,Anti-Human Perforin (B-D48) -175Lu,Perforin,B-D48,Human,,Cell Death and Apoptosis,Metal-Conjugated Antibodies,100 test,533,107.0,,,,PBMC,none,1,1,2012-12-31,yes,0.00,TDS_3175004B.pdf,NEW
Flow,196Pt,196,1,1,FDM,1952,3196002C,Anti-Human Perforin (B-D48) - 196Pt,Perforin,B-D48,Human,Human,Cell Death and Apoptosis,Metal-Conjugated Antibodies,25 Test,63,12.5268,,,,,,1,1,,yes,,,
Flow,167Er,167,1,0,FDM,239,3167005A,Anti-pERK1/2 [T202/Y204] (D13.14.4E) -167Er,pERK1/2 [T202/Y204],D13.14.4E,Cross,,Signaling and Transcription,Metal-Conjugated Antibodies,50 test,783,149.0,M,1.6,,Jurkat,"Wortmannin, 15 min",1,1,2012-12-31,yes,0.00,TDS_3167005A.pdf,NEW
Flow,171Yb,171,1,1,FDM,420,3171010A,Anti-pErk12(202/204)(D13.14.4E) -171Yb,pERK 1/2 [T202/Y204],D13.14.4E,Cross,Human,Signaling and Transcription,Metal-Conjugated Antibodies,50 test,87,4.0,,,,Jurkat,"Wortmannin, 15 min",1,1,2013-06-28,yes,0.00,TDS_3171010A.pdf,
Flow,147Sm,147,1,1,FDM,941,3147016A,Anti-Human pHistone H2A.X [Ser139] (JBW301)-147Sm,pHistone H2A.X [Ser139],JBW301,Human ,Human,Cell Cycle and Proliferation,Metal-Conjugated Antibodies,50 Test ,229,14.0,,,,Jurkat ,Etoposide,1,1,2016-02-04,yes,0.00,TDS_3147016A.pdf,
Flow,175Lu,175,1,1,FDM,473,3175012A,Anti-pHistoneH3 [S28] (HTA28) -175Lu,pHistone H3 [S28],HTA28,Cross,Human,Cell Cycle and Proliferation,Metal-Conjugated Antibodies,50 Test,4915,983.0,,,,Jurkat,none,1,1,2013-11-15,yes,0.00,TDS_3175012A.pdf,
Flow,162Dy,162,1,0,FDM,258,3162004A,Anti-pLck[pT505] (4/LCK-Y505) -162Dy,pLck [T505],4/LCK-Y505,Cross,,Signaling and Transcription,Metal-Conjugated Antibodies,50 test,96,19.0,,,,Jurkat,"PVO4, 15 min",1,1,2012-12-31,yes,0.00,TDS_3162004A.pdf,
Flow,159Tb,159,1,1,FDM,414,3159010A,Anti-pMAPKAPK2 [T334] (27B7) -159Tb,pMAPKAPK2 [T334],27B7,Cross,,Signaling and Transcription,Metal-Conjugated Antibodies,50 test,721,62.0,,,,U937,"Anisomycin, 15 min",1,1,2013-05-24,yes,0.00,TDS_3159010A.pdf,
Flow,166Er,166,1,1,FDM,307,3166006A,Anti-Human pNF-kB p65 [pS529] (K10-895.12.50) -166Er,pNF-kB p65 [S529],K10-895.12.50,Human,,Signaling and Transcription,Metal-Conjugated Antibodies,50 test,212,42.0,L,0.6,,PBMC,"PMA/Iono, 15 min",1,1,2012-12-31,yes,0.00,TDS_3166006A.pdf,NEW
Flow,144Nd,144,1,0,FDM,629,3144015A,Anti-p-PLCg2 [pY759] (K86-689.37) -144Nd,pPLCg2 [pY759],K86-689.37,Cross,Human,Signaling and Transcription,Metal-Conjugated Antibodies,50 test,1275,225.0,,0.0,,Ramos,"PVO4, 15 minutes",1,1,2015-01-29,yes,0.00,TDS_3144015A.pdf,
Flow,162Dy,162,1,0,FDM,630,3162018A,Anti-p-PLCg2 [pY759] (K86-689.37) -162Dy,pPLCg2 [pY759],K86-689.37,Cross,Human,Signaling and Transcription,Metal-Conjugated Antibodies,50 test,2400,510.0,,,,Ramos,"PVO4, 15 min",1,1,2015-01-29,yes,0.00,TDS_3162018A.pdf,
Flow,150Nd,150,1,1,FDM,565,3150013A,Anti-pRb [S807/811] (J112-906) -150Nd,pRb [S807/811],J112-906,Cross,Human,Cell Cycle and Proliferation,Metal-Conjugated Antibodies,50 test,800,160.0,,,,Jurkat,None,1,1,2014-06-25,yes,0.00,TDS_3150013A.pdf,
Flow,166Er,166,1,1,FDM,474,3166011A,Anti-pRb [S807/811] (J112-906) -166Er,pRb [S807/811],J112-906,Cross,,Cell Cycle and Proliferation,Metal-Conjugated Antibodies,50 Test,2082,416.0,,,,MOLT-4,none,1,1,2013-11-15,yes,0.00,TDS_3166011A.pdf,
Flow,145Nd,145,1,0,FDM,816,3145011A,Anti-Human Progesterone Receptor (D8Q2J)-145Nd ,Progesterone Receptor A/B,D8Q2J,Human,human,Signaling and Transcription,Metal-Conjugated Antibodies,50 Test,156,13.0,,,,Hela/Jurkat,none,1,1,2015-08-14,yes,0.00,TDS_3145011A.pdf,
Flow,172Yb,172,1,1,FDM,291,3172008A,Anti-pS6 [S235/S236](N7-548) -172Yb,pS6 [S235/S236],N7-548,Cross,,Signaling and Transcription,Metal-Conjugated Antibodies,50 test,384,77.0,,,,Jurkat,"PVO4, 15 min",1,1,2012-12-31,yes,0.00,TDS_3172008A.pdf,NEW
Flow,175Lu,175,1,1,FDM,421,3175009A,Anti-pS6 (pS235/236) (N7-548) -175Lu,pS6 [S235/S236],N7-548,Cross,,Signaling and Transcription,Metal-Conjugated Antibodies,50 test,1253,251.0,H,7.0,,Jurkat,"PMA/Iono, 30 min",1,1,2013-06-28,yes,0.00,TDS_3175009A.pdf,
Flow,141Pr,141,1,1,FDM,243,3141002A,Anti-pSHP2 [pY580] (D66F10) -141Pr ,pSHP2 [Y580],D66F10,Cross,,Signaling and Transcription,Metal-Conjugated Antibodies,50 test,34,4.0,,,,Jurkat,"Wortmannin, 15 min",1,1,2012-12-31,yes,0.00,TDS_3141002A.pdf,NEW
Flow,156Gd,156,1,1,FDM,257,3156003A,Anti-pSLP-76[pY128] (J141-668.36.58) -156Gd,pSLP-76 [Y128],J141-668.36.58,Cross,,Signaling and Transcription,Metal-Conjugated Antibodies,50 test,333,7.6,,,,Jurkat,"PVO4, 15 min",1,1,2012-12-31,yes,0.00,TDS_3156003A.pdf,
Flow,153Eu,153,1,1,FDM,251,3153003A,Anti-pStat1 [pY701] (58D6) - 153Eu,pStat1 [Y701],58D6,Cross,human,Signaling and Transcription,Metal-Conjugated Antibodies,50 test,1893,379.0,,,,PBMC,"IFN-g, 15 min",1,1,2012-12-31,yes,0.00,TDS_3153003A.pdf,NEW
Flow,158Gd,158,1,1,FDM,293,3158005A,Anti- Human/Mouse pStat3[Y705](4/P-STAT3) -158Gd,pStat3 [Y705],4/P-Stat3,Human/Mouse,Human,Signaling and Transcription,Metal-Conjugated Antibodies,50 test,159,32.0,,,,Jurkat,"PVO4, 15 min",1,1,2012-12-31,yes,0.00,TDS_3158005A.pdf,NEW
Flow,148Nd,148,1,1,FDM,688,3148006A,Anti-pStat4 [Y693](38/p-Stat4) -148Nd,pStat4 [Y693],38,Cross,Human,Signaling and Transcription,Metal-Conjugated Antibodies,50 Test,138,4.0,,,,Jurkat,"pervanadate, 15 min",1,1,2015-05-02,yes,0.00,TDS_3148006A.pdf,
Flow,174Yb,174,1,1,FDM,334,3174005A,Anti-pStat4 [Y693] (38/p-Stat4) -174Yb,pStat4 [Y693],38,Cross,human,Signaling and Transcription,Metal-Conjugated Antibodies,50 test,1972,43.0,,,,Jurkat,"PVO4, 15 min",1,1,2012-12-31,yes,0.00,TDS_3174005A.pdf,NEW
Flow,147Sm,147,1,1,FDM,735,3147012A,Anti- pStat5 [Y694] (47) -147Sm,pStat5 [Y694],47,Human/Mouse/Rat,Human,Signaling and Transcription,Metal-Conjugated Antibodies,50 test,444,11.0,,,,Jurkat ,"Pervanadate, 15 min",1,1,2015-06-15,yes,0.00,TDS_3147012A.pdf,
Flow,150Nd,150,1,1,FDM,310,3150005A,Anti-pStat5 [Y694] (47) -150Nd,pStat5 [Y694],47,Human/Mouse/Rat,Human,Signaling and Transcription,Metal-Conjugated Antibodies,50 test,1168,234.0,,0.0,,Jurkat,"PVO4, 15 min",1,1,2012-12-31,yes,0.00,TDS_3150005A.pdf,NEW
Flow,149Sm,149,1,1,FDM,722,3149004A,Anti-Human pStat6 (18/pStat6) -149Sm,pStat6 [Y641],18,Human,Human,Signaling and Transcription,Metal-Conjugated Antibodies,50 test,104,4.0,,,,U937,"IL4, 15min",1,1,2015-05-29,yes,0.00,TDS_3149004A.pdf,
Flow,168Er,168,1,0,FDM,687,3168012A,Anti-Human pStat6 [Y641](18) -168Er,pStat6 [Y641],18,Human,Human,Signaling and Transcription,Metal-Conjugated Antibodies,50 Test,89,3.0,,,,U937,"IL-4, 15 min",1,1,2015-05-02,yes,0.00,TDS_3168012A.pdf,
Flow,175Lu,175,1,1,FDM,335,3175005A,Anti-Human pStat6 [Y641] (18/P-Stat6) -175Lu,pStat6 [Y641],18,Human,human,Signaling and Transcription,Metal-Conjugated Antibodies,50 test,100,3.2,,,,U937,"IL-4, 15 min",1,1,2012-12-31,yes,0.00,TDS_3175005A.pdf,NEW
Flow,144Nd,144,1,0,FDM,240,3144003A,Anti-pTyrosine [Y100] -144Nd,pTyrosine [Y100],P-Tyr-100,Cross,human,Signaling and Transcription,Metal-Conjugated Antibodies,50 test,1410,64.0,,,,Jurkat,"PVO4, 15 min",1,1,2012-12-31,yes,0.00,TDS_3144003A.pdf,NEW
Flow,171Yb,171,1,1,FDM,250,3171005A,Anti-pZAP70[pY319]/Syk[pY352] (17a) -171Yb,pZAP70 [Y319]/Syk [Y352],17a,Cross,human,Signaling and Transcription,Metal-Conjugated Antibodies,50 test,598,15.0,,,,Jurkat,"PVO4, 15 min",1,1,2012-12-31,yes,0.00,TDS_3171005A.pdf,NEW
Flow,156Gd,156,1,1,FDM,241,3156002A,Anti-p38 [pT180/pY182] (D3F9) -156Gd,p-p38 [T180/Y182],D3F9,Cross,Human,Signaling and Transcription,Metal-Conjugated Antibodies,50 test,40,8.0,,,,Jurkat,"PVO4, 15 min",1,1,2012-12-31,yes,0.00,TDS_3156002A.pdf,NEW
Flow,163Dy,163,1,1,FDM,830,3163018B,Anti-Human Semaphorin 6A (169203)-163Dy,Semaphorin 6A,169203,Human ,Human,CD and Surface Markers,Metal-Conjugated Antibodies,100 Test,295,16.0,,,,K562,None,1,1,2015-08-14,yes,0.00,TDS_3163018B.pdf,
Flow,164Dy,164,1,1,FDM,866,3164017B,Anti-Human Siglec 8 (7C9)-164Dy,Siglec-8,7C9,Human ,human,CD and Surface Markers,Metal-Conjugated Antibodies,100 Test,18,4.0,,,,PBMC,none,1,1,2015-08-14,yes,0.00,TDS_3164017B.pdf,
Flow,155Gd,155,1,1,FDM,759,3155004B,Anti-Human Siglec 9 (K8) -155Gd,Siglec-9,K8,Human,Human,CD and Surface Markers,Metal-Conjugated Antibodies,100 Test,450,90.0,,,,PBMC,None,1,1,2015-07-08,yes,0.00,TDS_3155004B.pdf,
Flow,150Nd,150,1,1,FDM,658,3150019B,Anti-Human Sox2 (O30-678) -150Nd,Sox2,O30-678,Human,Human,Signaling and Transcription,Metal-Conjugated Antibodies,100 test,1980,396.0,,,,ES cells (U. Conn.),None,1,1,2015-03-18,yes,0.00,TDS_3150019B.pdf,
Flow,173Yb,173,1,1,FDM,836,3173003A,Anti-Human Stat3 (124H6)-173Yb,Stat3,124H6,Human,human,Signaling and Transcription,Metal-Conjugated Antibodies,50 Test ,479,96.0,,,,PBMC,none,1,1,2015-08-14,yes,0.00,TDS_3173003A.pdf,
Flow,149Sm,149,1,1,FDM,904,3149020B,Anti-Human Syk (4D10.2)-149Sm,SyK,4D10.2,Human,Human,Signaling and Transcription,Metal-Conjugated Antibodies,100 Test,342,68.0,,,,Whole blood,none,1,1,2015-10-29,yes,0.00,TDS_3149020B.pdf,
Flow,160Gd,160,1,1,FDM,409,3160010B,Anti-Human/Mouse Tbet (4B10) -160Gd,Tbet,4B10,Human/Mouse,,Signaling and Transcription,Metal-Conjugated Antibodies,100 test,146,29.0,M,14.0,,PBMC,none,1,1,2013-05-24,no,0.00,TDS_3160010B.pdf,
Flow,161Dy,161,1,1,FDM,717,3161014B,Anti-Human/Mouse Tbet (4B10) -161Dy,Tbet,4B10,Human/Mouse,Human,Signaling and Transcription,Metal-Conjugated Antibodies,100 test,139,28.0,,,,PBMC,None,1,1,2015-05-29,no,0.00,TDS_3161014B.pdf,
Flow,141Pr,141,1,1,FDM,1852,3141022B,Anti-TCRab (T10B9.1A-31) - 141Pr,TCRab,T10B9.1A-31,Human,Human,CD and Surface Makers,Metal-Conjugated Antibodies,100 test,125,24.942,,,,,,1,1,,yes,,,
Flow,176Yb,176,1,1,FDM,795,3176015B,Anti-Human TCRa/b (IP26) -176Yb ,TCR alpha beta,IP26,Human,Human,CD and Surface Markers,Metal-Conjugated Antibodies,100 Test,50,10.0,,,,PBMC,None,1,1,2015-07-08,yes,0.00,TDS_3176015B.pdf,
Flow,152Sm,152,1,0,FDM,337,3152008B,Anti-Human TCRgd (11F2) -152Sm,TCR gamma delta,11F2,Human,,CD and Surface Markers,Metal-Conjugated Antibodies,100 test,68,14.0,M,14.0,,PBMC,none,1,1,2012-12-31,yes,0.00,TDS_3152008B.pdf,NEW
Flow,164Dy,164,1,1,FDM,1199,201325,"Human TCRgd (B1)-164Dy- MDIPA Kit, not sold separately",TCR gamma delta (Kit Only),B1,Human,,,Metal-Conjugated Antibodies,,127,16.0,,26.0,,,,1,1,,yes,,,
Flow,170Er,170,1,1,FDM,821,3170015B,Anti-Human Invariant NK T (6B11)-170Er,TCR Va24-Ja18,6B11,Human ,human,CD and Surface Markers,Metal-Conjugated Antibodies,100 Test,19,4.0,,,,human PBMCs,none,1,1,2015-08-14,yes,0.00,TDS_3170015B.pdf,
Flow,153Eu,153,1,1,FDM,967,3153024B,Anti-Human TCR Va7.2,TCR Va7.2 ,3C10,Human ,Human,CD and Surface Markers,Metal-Conjugated Antibodies,100 Test ,55,10.94,,,,PBMC,None,1,1,2016-04-19,yes,0.00,TDS_3153024B.pdf,
Flow,164Dy,164,1,1,FDM,654,3164015B,Anti-Human TdT (E17-1519) -164Dy,TdT,E17-1519,Human,Human,Signaling and Transcription,Metal-Conjugated Antibodies,100 test,60,12.0,,,,NALM-6,None,1,1,2015-03-18,yes,0.00,TDS_3164015B.pdf,
Flow,163Dy,163,1,1,FDM,750,3163010B,Anti-Human TGFbeta (TW4-6H10) -163Dy ,TGFbeta,TW4-6H10,Human,Human,Cytokines,Metal-Conjugated Antibodies,100 Test,41,8.0,,,,PBMC,None,1,1,2015-06-15,yes,0.00,TDS_3163010B.pdf,
Flow,164Dy,164,1,1,FDM,1856,3164033B,Anti-TGF-Beta1/LAP (S20006A) - 164Dy,TGF-Beta1/LAP,S20006A,Human,Human,CD and Surface Makers,Metal-Conjugated Antibodies,100 test,22,2.37228,,,,,,1,1,,yes,,,
Flow,146Nd,146,1,1,FDM,940,3146016B,Anti-Human Thioredoxin (2G11/TRX)-146Nd,Thioredoxin,2G11/TRX,Human ,Human,Signaling and Transcription,Metal-Conjugated Antibodies,100 Test ,1104,221.0,,,,K-562,None,1,1,2016-02-04,yes,0.00,TDS_3146016B.pdf,
Flow,153Eu,153,1,1,FDM,686,3153019B,Anti-Human TIGIT (MBSA43) -153Eu,TIGIT,MBSA43,Human,Human,CD and Surface Markers,Metal-Conjugated Antibodies,100 Test,10,2.0,,,,PBMC,None,1,1,2015-05-02,yes,0.00,TDS_3153019B.pdf,
Flow,154Sm,154,1,1,FDM,864,3154016B,Anti-Human TIGIT (MBSA43)-154Sm,TIGIT,MBSA43,Human,Human,CD and Surface Markers,Metal-Conjugated Antibodies,100 Test,43,9.0,,,,PBMCs,None,1,1,2015-08-14,yes,0.00,TDS_3154016B.pdf,
Flow,159Tb,159,1,1,FDM,1153,3159038B,Anti-Human TIGIT (MBSA43) - 159Tb - 100 Tests,TIGIT,MBSA43,Human ,,IO,Metal-Conjugated Antibodies,100 Test,68,13.0,,,,PBMC,,1,1,2020-01-07,yes,0.00,,
Flow,166Er,166,1,1,FDM,1874,3166033B,Anti-TIGIT (MBSA43) - 166Er,TIGIT,MBSA43,Human,Human,CD and Surface Makers,Metal-Conjugated Antibodies,100 test,83,16.6142,,,,,,1,1,,yes,,,
Flow,209Bi,209,1,1,FDM,1152,3209013B,Anti-Human TIGIT (MBSA43) - 209Bi - 100 Tests,TIGIT,MBSA43,Human ,,IO,Metal-Conjugated Antibodies,100 Test,46,9.0,,,,PBMC,,1,1,2020-01-07,yes,0.00,,
Flow,161Dy,161,1,1,FDM,905,3161021B,Anti-Human Tim-4 (9F4)-161Dy,Tim-4,9F4,Human,Human,CD and Surface Markers,Metal-Conjugated Antibodies,100 Test,43,9.0,,,,U266,None,1,1,2015-10-29,yes,0.00,TDS_3161021B.pdf,
Flow,114Cd,114,1,0,FDM,1953,3114002C,Anti-Human TNFα (Mab11) - 114Cd,TNF alpha,Mab11,Human,Human,Cytokines,Metal-Conjugated Antibodies,25 Test,148,29.5074,,,,,,1,1,,yes,,,
Flow,146Nd,146,1,1,FDM,579,3146010B,Anti-Human TNFalpha (Mab11) -146Nd,TNF alpha,Mab11,Human,Human,Cytokines,Metal-Conjugated Antibodies,100 test,516,103.0,,,,PBMC,"PMA/Ionomycin, 6 hrs",1,1,2014-08-29,yes,0.00,TDS_3146010B.pdf,
Flow,152Sm,152,1,0,FDM,53,3152002B,Anti-Human TNFalpha (Mab11) -152Sm,TNF alpha,Mab11,Human,,Cytokines,Metal-Conjugated Antibodies,100 test,516,103.0,H,15.0,,PBMC,"PMA/Iono, 6 hrs",1,1,2012-12-31,yes,0.00,TDS_3152002B.pdf,
Flow,175Lu,175,1,1,FDM,677,3175023B,Anti-Human TNFa (Mab11)-175Lu,TNF alpha,Mab11,Human,Human,Cytokines,Metal-Conjugated Antibodies,100 Test,137,27.0,,,,PBMC,"PMA/Iono, 5 hrs",1,1,2015-05-02,yes,0.00,TDS_3175023B.pdf,
Flow,148Nd,148,1,1,FDM,659,3148012B,Anti-Human TRA-1-60 (TRA-1-60) -148Nd,TRA-1-60,TRA-1-60,Human,Human,CD and Surface Markers,Metal-Conjugated Antibodies,100 test,15,3.0,,,,ES cells (U. Conn.),None,1,1,2015-03-18,yes,0.00,TDS_3148012B.pdf,
Flow,149Sm,149,1,1,FDM,829,3149019B,Anti-Human TrkA (165131)-149Sm,TrkA,165131,Human,Human,CD and Surface Markers,Metal-Conjugated Antibodies,100 Test,29,6.0,,,,K562,None,1,1,2015-08-14,yes,0.00,TDS_3149019B.pdf,
Flow,158Gd,158,1,1,FDM,974,3158026B,Anti-Human TSLP-R (1B4)-158Gd,TSLP-R,1B4,Human ,Human,CD and Surface Markers,Metal-Conjugated Antibodies,100 Test,11,3.0,,,,PBMC,GM-CSF,1,1,2016-05-04,yes,0.00,TDS_3158026B.pdf,
Flow,155Gd,155,1,1,FDM,961,3155010A,Anti-Human VE-cadherin (D87F2)-155Gd,VE-cadherin,D87F2,Human ,Human ,CD and surface markers,Metal-Conjugated Antibodies,50 Test ,21,4.0,,,,MCF7,None,1,1,2016-04-19,yes,0.00,TDS_3155010A.pdf,
Flow,154Sm,154,1,1,FDM,725,3154014A,Anti-Cross Vimentin (D21H3) -154Sm,Vimentin,D21H3,Cross,Human,Structure and Cytoskeleton,Metal-Conjugated Antibodies,50 Test,1071,19.0,,,,Hela,None,1,1,2015-06-15,yes,0.00,TDS_3154014A.pdf,
Flow,156Gd,156,1,1,FDM,817,3156023A,Anti- Vimentin (RV202)-156Gd,Vimentin,RV202,Cross,human,Structure and Cytoskeleton,Metal-Conjugated Antibodies,50 Test,104,21.0,,,,Hela/Jurkat,none,1,1,2015-08-14,yes,0.00,TDS_3156023A.pdf,
IMC,141Pr,141,1,0,FDM,1785,91H052141,Anti-AlphaSyn (E4U2F)-141Pr—15 ug,AlphaSyn,E4U2F,"Human, Mouse","Human, Mouse",FFPE,Metal-Conjugated Antibodies,15 ug,100,1.0,,,,,,1,1,,yes,,,Imaging Mass Cytometry
IMC,149Sm,149,1,0,FDM,1786,91H052149,Anti-AlphaSyn (E4U2F)-149Sm—15 ug,AlphaSyn,E4U2F,"Human, Mouse","Human, Mouse",FFPE,Metal-Conjugated Antibodies,15 ug,100,1.0,,,,,,1,1,,yes,,,Imaging Mass Cytometry
IMC,158Gd,158,1,0,FDM,1787,91H052158,Anti-AlphaSyn (E4U2F)-158Gd—15 ug,AlphaSyn,E4U2F,"Human, Mouse","Human, Mouse",FFPE,Metal-Conjugated Antibodies,15 ug,100,1.0,,,,,,1,1,,yes,,,Imaging Mass Cytometry
IMC,209Bi,209,1,0,FDM,1764,91H001209,Anti-Human Alpha-Smooth Muscle Actin (1A4)-209Bi—25 ug,Alpha-Smooth Muscle Actin,1A4,Human,Human,FFPE,Metal-Conjugated Antibodies,25 ug,100,1.0,,,,,,1,1,,yes,,,Imaging Mass Cytometry
IMC,141Pr,141,1,0,FDM,1794,91H055141,Anti-APP (4G8)-141Pr—15 ug,APP,4G8,"Human, Mouse","Human, Mouse",FFPE,Metal-Conjugated Antibodies,15 ug,100,1.0,,,,,,1,1,,yes,,,Imaging Mass Cytometry
IMC,158Gd,158,1,0,FDM,1795,91H055158,Anti-APP (4G8)-158Gd—15 ug,APP,4G8,"Human, Mouse","Human, Mouse",FFPE,Metal-Conjugated Antibodies,15 ug,100,1.0,,,,,,1,1,,yes,,,Imaging Mass Cytometry
IMC,172Yb,172,1,0,FDM,1796,91H055172,Anti-APP (4G8)-172Yb—15 ug,APP,4G8,"Human, Mouse","Human, Mouse",FFPE,Metal-Conjugated Antibodies,15 ug,100,1.0,,,,,,1,1,,yes,,,Imaging Mass Cytometry
IMC,164Dy,164,1,0,FDM,1347,3164027D,Anti-Arginase-1 (D4E3M)-164Dy—25 µg,ARGINASE-1,D4E3M,"Cross,Human","Cross,Human",FFPE,Metal-Conjugated Antibodies,25 µg,100,1.0,,,,,,1,1,,yes,,,Imaging Mass Cytometry
IMC,141Pr,141,1,0,FDM,1346,3141017D,Anti-Alpha-Smooth Muscle Actin (1A4)-141Pr—25 µg,aSMA/ACTA2,1A4,"Human,Mouse","Human,Mouse","FFPE,Frozen",Metal-Conjugated Antibodies,25 µg,100,1.0,,,,,,1,1,,yes,,,Imaging Mass Cytometry
IMC,142Nd,142,1,0,FDM,1344,91H001142,Anti-Alpha-Smooth Muscle Actin (1A4 )142Nd—15 µg,aSMA/ACTA2,1A4,"Human, Mouse","Human, Mouse","FFPE,Frozen",Metal-Conjugated Antibodies,15 µg,100,1.0,,,,,,1,1,,yes,,,Imaging Mass Cytometry
IMC,153Eu,153,1,0,FDM,1345,91H001153,Anti-Alpha-Smooth Muscle Actin (1A4 )153Eu—15 µg,aSMA/ACTA2,1A4,"Human, Mouse","Human, Mouse","FFPE,Frozen",Metal-Conjugated Antibodies,15 µg,100,1.0,,,,,,1,1,,yes,,,Imaging Mass Cytometry
IMC,145Nd,145,1,0,FDM,1913,3145023D,Anti-ATP5A (EPR13030(B))-145Nd—25 ug,ATP5A,EPR13030(B),"Human, mouse, rat","Human, mouse, rat",FFPE,Metal-Conjugated Antibodies,25 µg,100,1.0,,,,,,1,1,,yes,,,
IMC,166Er,166,1,0,FDM,1348,3166030D,Anti-Human B7-H4 (H74)-166Er—25 µg,B7-H4,H74,Human,Human,FFPE,Metal-Conjugated Antibodies,25 µg,100,1.0,,,,,,1,1,,yes,,,Imaging Mass Cytometry
IMC,146Nd,146,1,0,FDM,1349,3146019D,Anti-BCL-2 (EPR17509)-146Nd,BCL-2,EPR17509,"Human,Mouse","Human,Mouse",FFPE,Metal-Conjugated Antibodies,25 µg,100,1.0,,,,,,1,1,,yes,,,Imaging Mass Cytometry
IMC,147Sm,147,1,0,FDM,1350,3147020D,Anti-Human/Mouse BCL-6 (K112-91)-147Sm—25 µg,Bcl-6,K112-91,"Human,Mouse","Human,Mouse",FFPE,Metal-Conjugated Antibodies,25 µg,100,1.0,,,,,,1,1,,yes,,,Imaging Mass Cytometry
IMC,154Sm,154,1,0,FDM,1351,3154021D,Anti-Beta-Actin (2F1-1)-154Sm—25 µg,beta-Actin,2F1-1,"Cross,Human,Mouse","Cross,Human,Mouse",FFPE,Metal-Conjugated Antibodies,25 µg,100,1.0,,,,,,1,1,,yes,,,Imaging Mass Cytometry
IMC,147Sm,147,1,0,FDM,1355,91H022147,Anti-Beta-Catenin (5H10)-147Sm—15 µg,beta-Catenin,5H10,"Human, Mouse, Rat","Human, Mouse, Rat",FFPE,Metal-Conjugated Antibodies,15 µg,100,1.0,,,,,,1,1,,yes,,,Imaging Mass Cytometry
IMC,151Eu,151,1,0,FDM,1356,91H022151,Anti-Beta-Catenin (5H10)-151Eu—15 µg,beta-Catenin,5H10,"Human, Mouse, Rat","Human, Mouse, Rat",FFPE,Metal-Conjugated Antibodies,15 µg,100,1.0,,,,,,1,1,,yes,,,Imaging Mass Cytometry
IMC,165Ho,165,1,0,FDM,1353,3165040D,Anti-Beta-Catenin (D10A8)-165Ho—25 µg,beta-Catenin,D10A8,"Cross,Human","Cross,Human",Frozen,Metal-Conjugated Antibodies,25 µg,100,1.0,,,,,,1,1,,yes,,,Imaging Mass Cytometry
IMC,169Tm,169,1,0,FDM,1352,91H022169,Anti-Beta-Catenin (5H10)-169Tm—15 µg,beta-Catenin,5H10,"Human, Mouse, Rat","Human, Mouse, Rat",FFPE,Metal-Conjugated Antibodies,15 µg,100,1.0,,,,,,1,1,,yes,,,Imaging Mass Cytometry
IMC,172Yb,172,1,0,FDM,1358,91H022172,Anti-Beta-Catenin (5H10)-172Yb—15 µg,beta-Catenin,5H10,"Human, Mouse, Rat","Human, Mouse, Rat",FFPE,Metal-Conjugated Antibodies,15 µg,100,1.0,,,,,,1,1,,yes,,,Imaging Mass Cytometry
IMC,159Tb,159,1,0,FDM,1359,3159036D,Anti-Beta Tubulin (BT7R)-159Tb,beta-Tubulin,BT7R,"Cross,Human,Mouse","Cross,Human,Mouse",FFPE,Metal-Conjugated Antibodies,25 µg,100,1.0,,,,,,1,1,,yes,,,Imaging Mass Cytometry
IMC,172Yb,172,1,0,FDM,1360,3172030D,Anti-BRCA1 (MS110)-172Yb,BRCA1,MS110,"Human,Mouse","Human,Mouse",FFPE,Metal-Conjugated Antibodies,25 µg,100,1.0,,,,,,1,1,,yes,,,Imaging Mass Cytometry
IMC,141Pr,141,1,0,FDM,1903,91H068141,Anti-Calbindin 1 (EP3478)-141Pr-15ug,Calbindin 1,EP3478,"Human, Mouse, Rat","Human, Mouse, Rat",FFPE,Metal-Conjugated Antibodies,15 µg,100,1.0,,,,,,1,1,,yes,,,
IMC,160Gd,160,1,0,FDM,1904,91H068160,Anti-Calbindin 1 (EP3478)-160Gd-15ug,Calbindin 1,EP3478,"Human, Mouse, Rat","Human, Mouse, Rat",FFPE,Metal-Conjugated Antibodies,15 µg,100,1.0,,,,,,1,1,,yes,,,
IMC,161Dy,161,1,0,FDM,1905,91H068161,Anti-Calbindin 1 (EP3478)-161Dy-15ug,Calbindin 1,EP3478,"Human, Mouse, Rat","Human, Mouse, Rat",FFPE,Metal-Conjugated Antibodies,15 µg,100,1.0,,,,,,1,1,,yes,,,
IMC,172Yb,172,1,0,FDM,1361,3172027D,Anti-Cleaved Caspase 3 (5A1E)-172Yb—25 µg,Caspase-3 cleaved,5A1E,"Cross,Human","Cross,Human",FFPE,Metal-Conjugated Antibodies,25 µg,100,1.0,,,,,,1,1,,yes,,,Imaging Mass Cytometry
IMC,151Eu,151,1,0,FDM,1362,3151021D,Anti-Human CD107a/LAMP1 (H4A3)-151Eu—25 µg,CD107a/LAMP1,H4A3,Human,Human,FFPE,Metal-Conjugated Antibodies,25 µg,100,1.0,,,,,,1,1,,yes,,,Imaging Mass Cytometry
IMC,144Nd,144,1,0,FDM,1770,3144030D,Anti-Human CD11b (EPR1344)-144Nd—25 ug,CD11b,EPR1344,Human,Human,FFPE,Metal-Conjugated Antibodies,25 ug,100,1.0,,,,,,1,1,,yes,,,Imaging Mass Cytometry
IMC,146Nd,146,1,0,FDM,1363,91H007146,Anti-CD11b (EPR1344)-146Nd—15 µg,CD11b,EPR1344,"Human,Mouse","Human,Mouse",FFPE,Metal-Conjugated Antibodies,15 µg,100,1.0,,,,,,1,1,,yes,,,Imaging Mass Cytometry
IMC,149Sm,149,1,0,FDM,1364,3149028D,Anti-CD11b (EPR1344)-149Sm,CD11b,EPR1344,"Human,Mouse","Human,Mouse",FFPE,Metal-Conjugated Antibodies,25 µg,100,1.0,,,,,,1,1,,yes,,,Imaging Mass Cytometry
IMC,163Dy,163,1,0,FDM,1365,91H007163,Anti-CD11b (EPR1344)-163Dy—15 µg,CD11b,EPR1344,"Human,Mouse","Human,Mouse",FFPE,Metal-Conjugated Antibodies,15 µg,100,1.0,,,,,,1,1,,yes,,,Imaging Mass Cytometry
IMC,165Ho,165,1,0,FDM,1366,91H007165,Anti-CD11b (EPR1344)-165Ho—15 µg,CD11b,EPR1344,"Human,Mouse","Human,Mouse",FFPE,Metal-Conjugated Antibodies,15 µg,100,1.0,,,,,,1,1,,yes,,,Imaging Mass Cytometry
IMC,145Nd,145,1,0,FDM,1369,91H041145,Anti-CD11c (EP1347Y)-145Nd-15 ug,CD11c,EP1347Y,Human,Human,FFPE,Metal-Conjugated Antibodies,15 µg,100,1.0,,,,,,1,1,,yes,,,Imaging Mass Cytometry
IMC,151Eu,151,1,0,FDM,1370,91H041151,Anti-CD11c (EP1347Y)-151Eu-15 ug,CD11c,EP1347Y,Human,Human,FFPE,Metal-Conjugated Antibodies,15 µg,100,1.0,,,,,,1,1,,yes,,,Imaging Mass Cytometry
IMC,154Sm,154,1,0,FDM,1367,3154026D,Anti-CD11c (3.9)-154Sm—25 µg,CD11c,3.9,"Cross,Human","Cross,Human",Frozen,Metal-Conjugated Antibodies,25 µg,100,1.0,,,,,,1,1,,yes,,,Imaging Mass Cytometry
IMC,160Gd,160,1,0,FDM,1372,91H041160,Anti-CD11c (EP1347Y)-160Gd-15 ug,CD11c,EP1347Y,Human,Human,FFPE,Metal-Conjugated Antibodies,15 µg,100,1.0,,,,,,1,1,,yes,,,Imaging Mass Cytometry
IMC,168Er,168,1,0,FDM,1373,3168026D,Anti-CD127/IL-7Rα [EPR2955(2)]-168Er,CD127/IL7R,EPR2955(2),"Cross,Human,Mouse","Cross,Human,Mouse",FFPE,Metal-Conjugated Antibodies,25 µg,100,1.0,,,,,,1,1,,yes,,,Imaging Mass Cytometry
IMC,151Eu,151,1,0,FDM,1374,3151024D,Anti-CD134/OX40 (Polyclonal)-151Eu,CD134/OX40,Polyclonal,"Human,Mouse","Human,Mouse",FFPE,Metal-Conjugated Antibodies,25 µg,100,1.0,,,,,,1,1,,yes,,,Imaging Mass Cytometry
IMC,167Er,167,1,0,FDM,1887,3167027D,Anti-Human CD134/OX40 (ACT35)-167Er—25ug,CD134/OX40,ACT35,Human,Human,FFPE,Metal-Conjugated Antibodies,25 µg,100,1.0,,,,,,1,1,,yes,,,
IMC,144Nd,144,1,0,FDM,1375,3144025D,Anti-CD14 (EPR3653)-144Nd,CD14,EPR3653,"Human,Mouse","Human,Mouse",FFPE,Metal-Conjugated Antibodies,25 µg,100,1.0,,,,,,1,1,,yes,,,Imaging Mass Cytometry
IMC,148Nd,148,1,0,FDM,1376,91H003148,Anti-CD14 (EPR3653)-148Nd—15 µg,CD14,EPR3653,"Human,Mouse","Human,Mouse",FFPE,Metal-Conjugated Antibodies,15 µg,100,1.0,,,,,,1,1,,yes,,,Imaging Mass Cytometry
IMC,151Eu,151,1,0,FDM,1377,91H003151,Anti-CD14 (EPR3653)-151Eu—15 µg,CD14,EPR3653,"Human,Mouse","Human,Mouse",FFPE,Metal-Conjugated Antibodies,15 µg,100,1.0,,,,,,1,1,,yes,,,Imaging Mass Cytometry
IMC,153Eu,153,1,0,FDM,1379,91H003153,Anti-CD14 (EPR3653)-153Eu-15 ug,CD14,EPR3653,Human,Human,FFPE,Metal-Conjugated Antibodies,15 µg,100,1.0,,,,,,1,1,,yes,,,Imaging Mass Cytometry
IMC,160Gd,160,1,0,FDM,1380,91H003160,Anti-CD14 (EPR3653)-160Gd-15 ug,CD14,EPR3653,Human,Human,FFPE,Metal-Conjugated Antibodies,15 µg,100,1.0,,,,,,1,1,,yes,,,Imaging Mass Cytometry
IMC,163Dy,163,1,0,FDM,1378,91H003163,Anti-CD14 (EPR3653)-163Dy—15 µg,CD14,EPR3653,"Human,Mouse","Human,Mouse",FFPE,Metal-Conjugated Antibodies,15 µg,100,1.0,,,,,,1,1,,yes,,,Imaging Mass Cytometry
IMC,175Lu,175,1,0,FDM,1381,3175041D,Anti-CD14 (EPR3653)-175Lu-15 ug,CD14,EPR3653,Human,Human,FFPE,Metal-Conjugated Antibodies,15 µg,100,1.0,,,,,,1,1,,yes,,,Imaging Mass Cytometry
IMC,149Sm,149,1,0,FDM,1382,3149026D,Anti-Human CD15 (W6D3)-149Sm—25 µg,CD15,W6D3,Human,Human,"FFPE,Frozen",Metal-Conjugated Antibodies,25 µg,100,1.0,,,,,,1,1,,yes,,,Imaging Mass Cytometry
IMC,168Er,168,1,0,FDM,1888,3168030D,Anti-Human CD152/CTLA-4 (BLR257L)-168Er—25ug,CD152/CTLA-4,BLR257L,Human,Human,FFPE,Metal-Conjugated Antibodies,25 µg,100,1.0,,,,,,1,1,,yes,,,
IMC,145Nd,145,1,0,FDM,1780,3145021D,Anti-Human CD15/SSEA-1 (W6D3)-145Nd—25 ug,CD15/SSEA-1,W6D3,Human,Human,FFPE,Metal-Conjugated Antibodies,25 ug,100,1.0,,,,,,1,1,,yes,,,Imaging Mass Cytometry
IMC,146Nd,146,1,0,FDM,1383,3146020D,Anti-Human CD16 (EPR16784)-146Nd—25 µg,CD16,EPR16784,Human,Human,"FFPE,Frozen",Metal-Conjugated Antibodies,25 µg,100,1.0,,,,,,1,1,,yes,,,Imaging Mass Cytometry
IMC,148Nd,148,1,0,FDM,1384,91H004148,Anti-CD16 (EPR16784 )148Nd—15 µg,CD16,EPR16784,"Human, Rat","Human, Rat","FFPE,Frozen",Metal-Conjugated Antibodies,15 µg,100,1.0,,,,,,1,1,,yes,,,Imaging Mass Cytometry
IMC,149Sm,149,1,0,FDM,1385,91H004149,Anti-CD16 (EPR16784 )149Sm—15 µg,CD16,EPR16784,"Human, Rat","Human, Rat","FFPE,Frozen",Metal-Conjugated Antibodies,15 µg,100,1.0,,,,,,1,1,,yes,,,Imaging Mass Cytometry
IMC,153Eu,153,1,0,FDM,1386,91H004153,Anti-CD16 (EPR16784 )153Eu—15 µg,CD16,EPR16784,"Human, Rat","Human, Rat","FFPE,Frozen",Metal-Conjugated Antibodies,15 µg,100,1.0,,,,,,1,1,,yes,,,Imaging Mass Cytometry
IMC,147Sm,147,1,0,FDM,1387,3147021D,Anti-Human CD163 (EDHu-1)-147Sm—25 µg,CD163,EDHu-1,Human,Human,"FFPE,Frozen",Metal-Conjugated Antibodies,25 µg,100,1.0,,,,,,1,1,,yes,,,Imaging Mass Cytometry
IMC,148Nd,148,1,0,FDM,1388,91H005148,Anti-CD163 (EDHu-1 )148Nd—15 µg,CD163,EDHu-1,Human,Human,"FFPE,Frozen",Metal-Conjugated Antibodies,15 µg,100,1.0,,,,,,1,1,,yes,,,Imaging Mass Cytometry
IMC,151Eu,151,1,0,FDM,1389,91H005151,Anti-CD163 (EDHu-1 )151Eu—15 µg,CD163,EDHu-1,Human,Human,"FFPE,Frozen",Metal-Conjugated Antibodies,15 µg,100,1.0,,,,,,1,1,,yes,,,Imaging Mass Cytometry
IMC,152Sm,152,1,0,FDM,1390,91H005152,Anti-CD163 (EDHu-1 )152Sm—15 µg,CD163,EDHu-1,Human,Human,"FFPE,Frozen",Metal-Conjugated Antibodies,15 µg,100,1.0,,,,,,1,1,,yes,,,Imaging Mass Cytometry
IMC,142Nd,142,1,0,FDM,1391,3142014D,Anti-CD19 (6OMP31)-142Nd—25 µg,CD19,6OMP31,"Cross,Human","Cross,Human",FFPE,Metal-Conjugated Antibodies,25 µg,100,1.0,,,,,,1,1,,yes,,,Imaging Mass Cytometry
IMC,149Sm,149,1,0,FDM,1393,3149030D,Anti-Human CD194/CCR4 (L291H4)-149Sm—25 µg,CD194/CCR4,L291H4,Human,Human,FFPE,Metal-Conjugated Antibodies,25 µg,100,1.0,,,,,,1,1,,yes,,,Imaging Mass Cytometry
IMC,163Dy,163,1,0,FDM,1394,3163030D,Anti-CD196/CCR6 (G034E3)-163Dy—25 µg,CD196/CCR6,G034E3,"Cross,Human","Cross,Human",Frozen,Metal-Conjugated Antibodies,25 µg,100,1.0,,,,,,1,1,,yes,,,Imaging Mass Cytometry
IMC,115In,115,1,0,FDM,1643,3115001D,Anti-CD20 (H1) -115In - 15 µg,CD20,H1,Human,Human,FFPE,Metal-Conjugated Antibodies,15 µg,100,1.0,,,,,,1,1,,yes,,,Imaging Mass Cytometry
IMC,145Nd,145,1,0,FDM,1397,91H013145,Anti-CD20 (H1 )145Nd—15 µg,CD20,H1,Human,Human,FFPE,Metal-Conjugated Antibodies,15 µg,100,1.0,,,,,,1,1,,yes,,,Imaging Mass Cytometry
IMC,147Sm,147,1,0,FDM,1398,91H013147,Anti-CD20 (H1 )147Sm—15 µg,CD20,H1,Human,Human,FFPE,Metal-Conjugated Antibodies,15 µg,100,1.0,,,,,,1,1,,yes,,,Imaging Mass Cytometry
IMC,161Dy,161,1,0,FDM,1395,3161032D,Anti-CD20 (2H7)-161Dy—25 µg,CD20,2H7,"Cross,Human","Cross,Human",Frozen,Metal-Conjugated Antibodies,25 µg,100,1.0,,,,,,1,1,,yes,,,Imaging Mass Cytometry
IMC,164Dy,164,1,0,FDM,1399,91H013164,Anti-CD20 (H1 )164Dy—15 µg,CD20,H1,Human,Human,FFPE,Metal-Conjugated Antibodies,15 µg,100,1.0,,,,,,1,1,,yes,,,Imaging Mass Cytometry
IMC,153Eu,153,1,0,FDM,1400,91H042153,Anti-CD206/MMR (5C11)-153Eu-15 ug,CD206,5C11,Human,Human,FFPE,Metal-Conjugated Antibodies,15 µg,100,1.0,,,,,,1,1,,yes,,,Imaging Mass Cytometry
IMC,163Dy,163,1,0,FDM,1401,91H042163,Anti-CD206/MMR (5C11)-163Dy-15 ug,CD206,5C11,Human,Human,FFPE,Metal-Conjugated Antibodies,15 µg,100,1.0,,,,,,1,1,,yes,,,Imaging Mass Cytometry
IMC,167Er,167,1,0,FDM,1402,91H042167,Anti-CD206/MMR (5C11)-167Er-15 ug,CD206,5C11,Human,Human,FFPE,Metal-Conjugated Antibodies,15 µg,100,1.0,,,,,,1,1,,yes,,,Imaging Mass Cytometry
IMC,167Er,167,1,0,FDM,1783,3167026D,Anti-Human CD206/MMR (5C11)-167Er—25 ug,CD206/MMR,5C11,Human,Human,FFPE,Metal-Conjugated Antibodies,25 ug,100,1.0,,,,,,1,1,,yes,,,Imaging Mass Cytometry
IMC,153Eu,153,1,0,FDM,1403,3153028D,Anti-Human CD223/LAG-3 (D2G40)-153Eu—25 µg,CD223/LAG3,D2G40,Human,Human,FFPE,Metal-Conjugated Antibodies,25 µg,100,1.0,,,,,,1,1,,yes,,,Imaging Mass Cytometry
IMC,148Nd,148,1,0,FDM,1886,3148026D,Anti-Human CD223/LAG-3 (BLR027F)-148Nd—25ug,CD223/LAG-3,BLR027F,Human,Human,FFPE,Metal-Conjugated Antibodies,25 µg,100,1.0,,,,,,1,1,,yes,,,
IMC,150Nd,150,1,0,FDM,1404,3150032D,Anti-Human CD227/Mucin 1 (SM3)-150Nd—25 µg,CD227/MUC1,SM3,Human,Human,FFPE,Metal-Conjugated Antibodies,25 µg,100,1.0,,,,,,1,1,,yes,,,Imaging Mass Cytometry
IMC,175Lu,175,1,0,FDM,1405,3175029D,Anti-Human CD235ab (HIR2)-175Lu—25 µg,CD235ab,HIR2,Human,Human,FFPE,Metal-Conjugated Antibodies,25 µg,100,1.0,,,,,,1,1,,yes,,,Imaging Mass Cytometry
IMC,169Tm,169,1,0,FDM,1910,3169003B,Anti-CD25 (2A3) - 169Tm - 15ug,CD25,2A3,Human,Human,FFPE,Metal-Conjugated Antibodies,15 µg,100,1.0,,,,,,1,1,,yes,,,
IMC,175Lu,175,1,0,FDM,1406,3175037D,Anti-Human CD25 (2A3)-175Lu—25 µg,CD25,2A3,Human,Human,Frozen,Metal-Conjugated Antibodies,25 µg,100,1.0,,,,,,1,1,,yes,,,Imaging Mass Cytometry
IMC,171Yb,171,1,0,FDM,1408,3171025D,Anti-CD27 (LG.3A10)-171Yb—25 µg,CD27,LG.3A10,Human,Human,Frozen,Metal-Conjugated Antibodies,25 µg,100,1.0,,,,,,1,1,,yes,,,Imaging Mass Cytometry
IMC,150Nd,150,1,0,FDM,1410,3150033D,Anti-Human CD274/PD-L1 (SP142)-150Nd—25 µg,CD274/PD-L1,SP142,Human,Human,"FFPE,Frozen",Metal-Conjugated Antibodies,25 µg,100,1.0,,,,,,1,1,,yes,,,Imaging Mass Cytometry
IMC,151Eu,151,1,0,FDM,1412,91H046151,Anti-CD274/PD-L1 (73-10)-151Eu-15 ug,CD274/PD-L1,73-10,Human,Human,FFPE,Metal-Conjugated Antibodies,15 µg,100,1.0,,,,,,1,1,,yes,,,Imaging Mass Cytometry
IMC,164Dy,164,1,0,FDM,1413,91H046164,Anti-CD274/PD-L1 (73-10)-164Dy-15 ug,CD274/PD-L1,73-10,Human,Human,FFPE,Metal-Conjugated Antibodies,15 µg,100,1.0,,,,,,1,1,,yes,,,Imaging Mass Cytometry
IMC,166Er,166,1,0,FDM,1414,3166032D,Anti-CD274/PD-L1 (73-10)-166Er-15 ug,CD274/PD-L1,73-10,Human,Human,FFPE,Metal-Conjugated Antibodies,15 µg,100,1.0,,,,,,1,1,,yes,,,Imaging Mass Cytometry
IMC,174Yb,174,1,0,FDM,1415,91H046174,Anti-CD274/PD-L1 (73-10)-174Yb-15 ug,CD274/PD-L1,73-10,Human,Human,FFPE,Metal-Conjugated Antibodies,15 µg,100,1.0,,,,,,1,1,,yes,,,Imaging Mass Cytometry
IMC,173Yb,173,1,0,FDM,1416,3173014D,Anti-Human CD276/B7-H3 (Polyclonal)-173Yb—25 µg,CD276/B7-H3,Polyclonal,Human,Human,FFPE,Metal-Conjugated Antibodies,25 µg,100,1.0,,,,,,1,1,,yes,,,Imaging Mass Cytometry
IMC,148Nd,148,1,0,FDM,1417,3148021D,Anti-Human CD278/ICOS (D1K2T)-148Nd—25 µg,CD278/ICOS,D1K2T,Human,Human,FFPE,Metal-Conjugated Antibodies,25 µg,100,1.0,,,,,,1,1,,yes,,,Imaging Mass Cytometry
IMC,164Dy,164,1,0,FDM,1418,91H043164,Anti-CD278/ICOS (D1K2T)-164Dy-15 ug,CD278/ICOS,D1K2T,Human,Human,FFPE,Metal-Conjugated Antibodies,15 µg,100,1.0,,,,,,1,1,,yes,,,Imaging Mass Cytometry
IMC,174Yb,174,1,0,FDM,1419,91H043174,Anti-CD278/ICOS (D1K2T)-174Yb-15 ug,CD278/ICOS,D1K2T,Human,Human,FFPE,Metal-Conjugated Antibodies,15 µg,100,1.0,,,,,,1,1,,yes,,,Imaging Mass Cytometry
IMC,175Lu,175,1,0,FDM,1420,91H043175,Anti-CD278/ICOS (D1K2T)-175Lu-15 ug,CD278/ICOS,D1K2T,Human,Human,FFPE,Metal-Conjugated Antibodies,15 µg,100,1.0,,,,,,1,1,,yes,,,Imaging Mass Cytometry
IMC,165Ho,165,1,0,FDM,1421,3165041D,Anti-CD279/PD-1 (EH12.2H7)-165Ho—25 µg,CD279/PD-1,EH12.2H7,"Cross,Human","Cross,Human",Frozen,Metal-Conjugated Antibodies,25 µg,100,1.0,,,,,,1,1,,yes,,,Imaging Mass Cytometry
IMC,160Gd,160,1,0,FDM,1422,3160026D,Anti-Human CD28 (YTH913.12)-160Gd—25 µg,CD28,YTH913.12,Human,Human,Frozen,Metal-Conjugated Antibodies,25 µg,100,1.0,,,,,,1,1,,yes,,,Imaging Mass Cytometry
IMC,170Er,170,1,0,FDM,1423,3170019D,"Anti-CD3 (Polyclonal, C-Terminal)-170Er",CD3,"Polyclonal, C-Terminal","Human,Mouse","Human,Mouse",FFPE,Metal-Conjugated Antibodies,25 µg,100,1.0,,,,,,1,1,,yes,,,Imaging Mass Cytometry
IMC,144Nd,144,1,0,FDM,1432,91H008144,Anti-CD31 (EPR3094 )144Nd—15 µg,CD31/PECAM1,EPR3094,Human,Human,FFPE,Metal-Conjugated Antibodies,15 µg,100,1.0,,,,,,1,1,,yes,,,Imaging Mass Cytometry
IMC,145Nd,145,1,0,FDM,1433,91H008145,Anti-CD31 (EPR3094 )145Nd—15 µg,CD31/PECAM1,EPR3094,Human,Human,FFPE,Metal-Conjugated Antibodies,15 µg,100,1.0,,,,,,1,1,,yes,,,Imaging Mass Cytometry
IMC,146Nd,146,1,0,FDM,1434,91H008146,Anti-CD31 (EPR3094 )146Nd—15 µg,CD31/PECAM1,EPR3094,Human,Human,FFPE,Metal-Conjugated Antibodies,15 µg,100,1.0,,,,,,1,1,,yes,,,Imaging Mass Cytometry
IMC,151Eu,151,1,0,FDM,1425,3151025D,Anti-Human CD31 (EPR3094)-151Eu—25 µg,CD31/PECAM1,EPR3094,Human,Human,FFPE,Metal-Conjugated Antibodies,25 µg,100,1.0,,,,,,1,1,,yes,,,Imaging Mass Cytometry
IMC,165Ho,165,1,0,FDM,1427,91H027165,Anti-CD31 (EPR17259)-165Ho—15 µg,CD31/PECAM1,EPR17259,"Human, Mouse, Rat","Human, Mouse, Rat",FFPE,Metal-Conjugated Antibodies,15 µg,100,1.0,,,,,,1,1,,yes,,,Imaging Mass Cytometry
IMC,171Yb,171,1,0,FDM,1428,91H027171,Anti-CD31 (EPR17259)-171Yb—15 µg,CD31/PECAM1,EPR17259,"Human, Mouse, Rat","Human, Mouse, Rat",FFPE,Metal-Conjugated Antibodies,15 µg,100,1.0,,,,,,1,1,,yes,,,Imaging Mass Cytometry
IMC,172Yb,172,1,0,FDM,1429,91H027172,Anti-CD31 (EPR17259)-172Yb—15 µg,CD31/PECAM1,EPR17259,"Human, Mouse, Rat","Human, Mouse, Rat",FFPE,Metal-Conjugated Antibodies,15 µg,100,1.0,,,,,,1,1,,yes,,,Imaging Mass Cytometry
IMC,175Lu,175,1,0,FDM,1430,91H027175,Anti-CD31 (EPR17259)-175Lu—15 µg,CD31/PECAM1,EPR17259,"Human, Mouse, Rat","Human, Mouse, Rat",FFPE,Metal-Conjugated Antibodies,15 µg,100,1.0,,,,,,1,1,,yes,,,Imaging Mass Cytometry
IMC,144Nd,144,1,0,FDM,1435,3144026D,Anti-Human CD326/EpCAM (9C4)-144Nd—25 µg,CD326/EPCAM,9C4,Human,Human,"FFPE,Frozen",Metal-Conjugated Antibodies,25 µg,100,1.0,,,,,,1,1,,yes,,,Imaging Mass Cytometry
IMC,151Eu,151,1,0,FDM,1436,3151028D,Anti-Human/Mouse CD34 (EP373Y)-151Eu,CD34,EP373Y,"Human, Mouse, Rat","Human, Mouse, Rat",FFPE,Metal-Conjugated Antibodies,25 µg,100,1.0,,,,,,1,1,,yes,,,Imaging Mass Cytometry
IMC,167Er,167,1,0,FDM,1437,3167025D,Anti-Human/Mouse CD34 (EP373Y)-167Er,CD34,EP373Y,"Human, Mouse, Rat","Human, Mouse, Rat",FFPE,Metal-Conjugated Antibodies,25 µg,100,1.0,,,,,,1,1,,yes,,,Imaging Mass Cytometry
IMC,154Sm,154,1,0,FDM,1438,3154024D,Anti-CD366/Tim-3 (D5D5R)-154Sm,CD366/TIM3,D5D5R,"Human,Mouse","Human,Mouse",FFPE,Metal-Conjugated Antibodies,25 µg,100,1.0,,,,,,1,1,,yes,,,Imaging Mass Cytometry
IMC,142Nd,142,1,0,FDM,1884,3142023D,Anti-Human CD366/TIM-3 (D5D5R)-142Nd—25ug,CD366/TIM-3,D5D5R,Human,Human,FFPE,Metal-Conjugated Antibodies,25 µg,100,1.0,,,,,,1,1,,yes,,,
IMC,141Pr,141,1,0,FDM,1439,3141020D,Anti-CD38 (HIT2)-141Pr—25 µg,CD38,HIT2,"Cross,Human","Cross,Human",Frozen,Metal-Conjugated Antibodies,25 µg,100,1.0,,,,,,1,1,,yes,,,Imaging Mass Cytometry
IMC,142Nd,142,1,0,FDM,1782,3142022D,Anti-Human CD38 (E7Z8C)-142Nd—25 ug,CD38,E7Z8C,Human,Human,FFPE,Metal-Conjugated Antibodies,25 ug,100,1.0,,,,,,1,1,,yes,,,Imaging Mass Cytometry
IMC,170Er,170,1,0,FDM,1765,3170023D,Anti-Human CD3epsilon (D7A6E)-170Er—25 ug,CD3epsilon,D7A6E,Human,Human,FFPE,Metal-Conjugated Antibodies,25 ug,100,1.0,,,,,,1,1,,yes,,,Imaging Mass Cytometry
IMC,156Gd,156,1,0,FDM,1441,3156036D,Anti-CD4 (RPA-T4)-156Gd—25 µg,CD4,RPA-T4,Human,"Cross,Human",Frozen,Metal-Conjugated Antibodies,25 µg,100,1.0,,,,,,1,1,,yes,,,Imaging Mass Cytometry
IMC,163Dy,163,1,0,FDM,1447,91H010163,Anti-CD4 (EPR6855 )163Dy—15 µg,CD4,EPR6855,Human,Human,FFPE,Metal-Conjugated Antibodies,15 µg,100,1.0,,,,,,1,1,,yes,,,Imaging Mass Cytometry
IMC,169Tm,169,1,0,FDM,1448,91H010169,Anti-CD4 (EPR6855 )169Tm—15 µg,CD4,EPR6855,Human,Human,FFPE,Metal-Conjugated Antibodies,15 µg,100,1.0,,,,,,1,1,,yes,,,Imaging Mass Cytometry
IMC,171Yb,171,1,0,FDM,1449,91H010171,Anti-CD4 (EPR6855 )171Yb—15 µg,CD4,EPR6855,Human,Human,FFPE,Metal-Conjugated Antibodies,15 µg,100,1.0,,,,,,1,1,,yes,,,Imaging Mass Cytometry
IMC,153Eu,153,1,0,FDM,1450,3153029D,Anti-CD44 (IM7)-153Eu,CD44,IM7,"Human,Mouse","Human,Mouse","FFPE,Frozen",Metal-Conjugated Antibodies,25 µg,100,1.0,,,,,,1,1,,yes,,,Imaging Mass Cytometry
IMC,145Nd,145,1,0,FDM,1457,91H009145,Anti-CD45 (D9M8I )145Nd—15 µg,CD45,D9M8I,Human,Human,"FFPE,Frozen",Metal-Conjugated Antibodies,15 µg,100,1.0,,,,,,1,1,,yes,,,Imaging Mass Cytometry
IMC,152Sm,152,1,0,FDM,1451,3152018D,Anti-Human CD45 (D9M8I)-152Sm—25 µg,CD45,D9M8I,Human,Human,"FFPE,Frozen",Metal-Conjugated Antibodies,25 µg,100,1.0,,,,,,1,1,,yes,,,Imaging Mass Cytometry
IMC,163Dy,163,1,0,FDM,1458,91H009163,Anti-CD45 (D9M8I )163Dy—15 µg,CD45,D9M8I,Human,Human,"FFPE,Frozen",Metal-Conjugated Antibodies,15 µg,100,1.0,,,,,,1,1,,yes,,,Imaging Mass Cytometry
IMC,155Gd,155,1,0,FDM,1909,3155011B,Anti-CD45RA (HI100) - 155Gd - 15ug,CD45RA,HI100,Human,Human,FFPE,Metal-Conjugated Antibodies,15 µg,100,1.0,,,,,,1,1,,yes,,,
IMC,166Er,166,1,0,FDM,1463,3166031D,Anti-CD45RA (HI100)-166Er—25 µg,CD45RA,HI100,"Cross,Human","Cross,Human","FFPE,Frozen",Metal-Conjugated Antibodies,25 µg,100,1.0,,,,,,1,1,,yes,,,Imaging Mass Cytometry
IMC,149Sm,149,1,0,FDM,1465,91H020149,Anti-CD45RO (UCHL1 )149Sm—15 µg,CD45RO,UCHL1,"Human, Monkey, Rhesus, Chimpanzee","Human, Monkey, Rhesus, Chimpanzee","FFPE,Frozen",Metal-Conjugated Antibodies,15 µg,100,1.0,,,,,,1,1,,yes,,,Imaging Mass Cytometry
IMC,165Ho,165,1,0,FDM,1466,91H020165,Anti-CD45RO (UCHL1 )165Ho—15 µg,CD45RO,UCHL1,"Human, Monkey, Rhesus, Chimpanzee","Human, Monkey, Rhesus, Chimpanzee","FFPE,Frozen",Metal-Conjugated Antibodies,15 µg,100,1.0,,,,,,1,1,,yes,,,Imaging Mass Cytometry
IMC,166Er,166,1,0,FDM,1467,91H020166,Anti-CD45RO (UCHL1 )166Er—15 µg,CD45RO,UCHL1,"Human, Monkey, Rhesus, Chimpanzee","Human, Monkey, Rhesus, Chimpanzee","FFPE,Frozen",Metal-Conjugated Antibodies,15 µg,100,1.0,,,,,,1,1,,yes,,,Imaging Mass Cytometry
IMC,173Yb,173,1,0,FDM,1464,3173016D,Anti-Human CD45RO (UCHL1)-173Yb—25 µg,CD45RO,UCHL1,"Cross,Human","Cross,Human","FFPE,Frozen",Metal-Conjugated Antibodies,25 µg,100,1.0,,,,,,1,1,,yes,,,Imaging Mass Cytometry
IMC,148Nd,148,1,0,FDM,1459,91H036148,Anti-CD45R/B220 (RA3-6B2)-148Nd—15 µg,CD45R/B220,RA3-6B2,"Human, Mouse","Human, Mouse",FFPE,Metal-Conjugated Antibodies,15 µg,100,1.0,,,,,,1,1,,yes,,,Imaging Mass Cytometry
IMC,154Sm,154,1,0,FDM,1460,91H036154,Anti-CD45R/B220 (RA3-6B2)-154Sm—15 µg,CD45R/B220,RA3-6B2,"Human, Mouse","Human, Mouse",FFPE,Metal-Conjugated Antibodies,15 µg,100,1.0,,,,,,1,1,,yes,,,Imaging Mass Cytometry
IMC,168Er,168,1,0,FDM,1461,91H036168,Anti-CD45R/B220 (RA3-6B2)-168Er—15 µg,CD45R/B220,RA3-6B2,"Human, Mouse","Human, Mouse",FFPE,Metal-Conjugated Antibodies,15 µg,100,1.0,,,,,,1,1,,yes,,,Imaging Mass Cytometry
IMC,176Yb,176,1,0,FDM,1462,91H036176,Anti-CD45R/B220 (RA3-6B2)-176Yb—15 µg,CD45R/B220,RA3-6B2,"Human, Mouse","Human, Mouse",FFPE,Metal-Conjugated Antibodies,15 µg,100,1.0,,,,,,1,1,,yes,,,Imaging Mass Cytometry
IMC,145Nd,145,1,0,FDM,1468,91H035145,Anti-CD57 (NK/804)-145Nd—15 µg,CD57,NK/804,Human,Human,FFPE,Metal-Conjugated Antibodies,15 µg,100,1.0,,,,,,1,1,,yes,,,Imaging Mass Cytometry
IMC,151Eu,151,1,0,FDM,1469,91H035151,Anti-CD57 (NK/804)-151Eu—15 µg,CD57,NK/804,Human,Human,FFPE,Metal-Conjugated Antibodies,15 µg,100,1.0,,,,,,1,1,,yes,,,Imaging Mass Cytometry
IMC,152Sm,152,1,0,FDM,1470,91H035152,Anti-CD57 (NK/804)-152Sm—15 µg,CD57,NK/804,Human,Human,FFPE,Metal-Conjugated Antibodies,15 µg,100,1.0,,,,,,1,1,,yes,,,Imaging Mass Cytometry
IMC,153Eu,153,1,0,FDM,1471,91H035153,Anti-CD57 (NK/804)-153Eu—15 µg,CD57,NK/804,Human,Human,FFPE,Metal-Conjugated Antibodies,15 µg,100,1.0,,,,,,1,1,,yes,,,Imaging Mass Cytometry
IMC,160Gd,160,1,0,FDM,1472,91H035160,Anti-CD57 (NK/804)-160Gd—15 µg,CD57,NK/804,Human,Human,FFPE,Metal-Conjugated Antibodies,15 µg,100,1.0,,,,,,1,1,,yes,,,Imaging Mass Cytometry
IMC,163Dy,163,1,0,FDM,1767,3163033D,Anti-Human CD57 (NK/804)-163Dy—25 ug,CD57,NK/804,Human,Human,FFPE,Metal-Conjugated Antibodies,25 ug,100,1.0,,,,,,1,1,,yes,,,Imaging Mass Cytometry
IMC,150Nd,150,1,0,FDM,1473,3150029D,Anti-Human CD63 (H5C6)-150Nd—25 µg,CD63,H5C6,Human,Human,FFPE,Metal-Conjugated Antibodies,25 µg,100,1.0,,,,,,1,1,,yes,,,Imaging Mass Cytometry
IMC,152Sm,152,1,0,FDM,1475,91H033152,Anti-CD66b (BLR111H)-152Sm—15 µg,CD66b,BLR111H,Human,Human,FFPE,Metal-Conjugated Antibodies,15 µg,100,1.0,,,,,,1,1,,yes,,,Imaging Mass Cytometry
IMC,153Eu,153,1,0,FDM,1476,91H033153,Anti-CD66b (BLR111H)-153Eu—15 µg,CD66b,BLR111H,Human,Human,FFPE,Metal-Conjugated Antibodies,15 µg,100,1.0,,,,,,1,1,,yes,,,Imaging Mass Cytometry
IMC,154Sm,154,1,0,FDM,1477,91H033154,Anti-CD66b (BLR111H)-154Sm—15 µg,CD66b,BLR111H,Human,Human,FFPE,Metal-Conjugated Antibodies,15 µg,100,1.0,,,,,,1,1,,yes,,,Imaging Mass Cytometry
IMC,160Gd,160,1,0,FDM,1478,3160030D,Anti-CD66b (BLR111H)-160Gdr—15 µg,CD66b,BLR111H,Human,Human,FFPE,Metal-Conjugated Antibodies,15 µg,100,1.0,,,,,,1,1,,yes,,,Imaging Mass Cytometry
IMC,166Er,166,1,0,FDM,1479,91H033166,Anti-CD66b (BLR111H)-166Er—15 µg,CD66b,BLR111H,Human,Human,FFPE,Metal-Conjugated Antibodies,15 µg,100,1.0,,,,,,1,1,,yes,,,Imaging Mass Cytometry
IMC,141Pr,141,1,0,FDM,1481,91H012141,Anti-CD68 (KP1 )141Pr—15 µg,CD68,KP1,Human,Human,"FFPE,Frozen",Metal-Conjugated Antibodies,15 µg,100,1.0,,,,,,1,1,,yes,,,Imaging Mass Cytometry
IMC,144Nd,144,1,0,FDM,1482,91H012144,Anti-CD68 (KP1 )144Nd—15 µg,CD68,KP1,Human,Human,"FFPE,Frozen",Metal-Conjugated Antibodies,15 µg,100,1.0,,,,,,1,1,,yes,,,Imaging Mass Cytometry
IMC,146Nd,146,1,0,FDM,1483,91H012146,Anti-CD68 (KP1 )146Nd—15 µg,CD68,KP1,Human,Human,"FFPE,Frozen",Metal-Conjugated Antibodies,15 µg,100,1.0,,,,,,1,1,,yes,,,Imaging Mass Cytometry
IMC,159Tb,159,1,0,FDM,1480,3159035D,Anti-Human CD68 (KP1)-159Tb—25 µg,CD68,KP1,Human,Human,"FFPE,Frozen",Metal-Conjugated Antibodies,25 µg,100,1.0,,,,,,1,1,,yes,,,Imaging Mass Cytometry
IMC,143Nd,143,1,0,FDM,1779,3143032D,Anti-Human CD7 (EPR4242)-143Nd—25 ug,CD7,EPR4242,Human,Human,FFPE,Metal-Conjugated Antibodies,25 ug,100,1.0,,,,,,1,1,,yes,,,Imaging Mass Cytometry
IMC,145Nd,145,1,0,FDM,1484,91H040145,Anti-CD7 (EPR4242)-145Nd-15 ug,CD7,EPR4242,"Human, Mouse, Rat","Human, Mouse, Rat",FFPE,Metal-Conjugated Antibodies,15 µg,100,1.0,,,,,,1,1,,yes,,,Imaging Mass Cytometry
IMC,153Eu,153,1,0,FDM,1485,91H040153,Anti-CD7 (EPR4242)-153Eu-15 ug,CD7,EPR4242,"Human, Mouse, Rat","Human, Mouse, Rat",FFPE,Metal-Conjugated Antibodies,15 µg,100,1.0,,,,,,1,1,,yes,,,Imaging Mass Cytometry
IMC,174Yb,174,1,0,FDM,1486,91H040174,Anti-CD7 (EPR4242)-174Yb-15 ug,CD7,EPR4242,"Human, Mouse, Rat","Human, Mouse, Rat",FFPE,Metal-Conjugated Antibodies,15 µg,100,1.0,,,,,,1,1,,yes,,,Imaging Mass Cytometry
IMC,175Lu,175,1,0,FDM,1487,91H040175,Anti-CD7 (EPR4242)-175Lu-15 ug,CD7,EPR4242,"Human, Mouse, Rat","Human, Mouse, Rat",FFPE,Metal-Conjugated Antibodies,15 µg,100,1.0,,,,,,1,1,,yes,,,Imaging Mass Cytometry
IMC,158Gd,158,1,0,FDM,1488,3158031D,Anti-Human CD73 (EPR6115)-158Gd—25 µg,CD73,EPR6115,Human,Human,FFPE,Metal-Conjugated Antibodies,25 µg,100,1.0,,,,,,1,1,,yes,,,Imaging Mass Cytometry
IMC,166Er,166,1,0,FDM,1489,3166025D,Anti-CD74 (LN2)-166Er,CD74,LN2,"Human,Mouse","Human,Mouse",FFPE,Metal-Conjugated Antibodies,25 µg,100,1.0,,,,,,1,1,,yes,,,Imaging Mass Cytometry
IMC,156Gd,156,1,0,FDM,1494,3156035D,Anti-CD86 (IT2.2)-156Gd—25 µg,CD86,IT2.2,"Cross,Human","Cross,Human",Frozen,Metal-Conjugated Antibodies,25 µg,100,1.0,,,,,,1,1,,yes,,,Imaging Mass Cytometry
IMC,146Nd,146,1,0,FDM,1498,91H015146,Anti-CD8a (C8/144B )146Nd—15 µg,CD8a,C8/144B,Human,Human,FFPE,Metal-Conjugated Antibodies,15 µg,100,1.0,,,,,,1,1,,yes,,,Imaging Mass Cytometry
IMC,162Dy,162,1,0,FDM,1495,3162036D,Anti-CD8A (RPA-T8)-162Dy—25 µg,CD8a,RPA-T8,"Cross,Human","Cross,Human",Frozen,Metal-Conjugated Antibodies,25 µg,100,1.0,,,,,,1,1,,yes,,,Imaging Mass Cytometry
IMC,165Ho,165,1,0,FDM,1499,91H015165,Anti-CD8a (C8/144B )165Ho—15 µg,CD8a,C8/144B,Human,Human,FFPE,Metal-Conjugated Antibodies,15 µg,100,1.0,,,,,,1,1,,yes,,,Imaging Mass Cytometry
IMC,167Er,167,1,0,FDM,1500,91H015167,Anti-CD8a (C8/144B )167Er—15 µg,CD8a,C8/144B,Human,Human,FFPE,Metal-Conjugated Antibodies,15 µg,100,1.0,,,,,,1,1,,yes,,,Imaging Mass Cytometry
IMC,173Yb,173,1,0,FDM,1501,3173018D,Anti-CD98 (Polyclonal)-173Yb,CD98,Polyclonal,Human,Human,FFPE,Metal-Conjugated Antibodies,25 µg,100,1.0,,,,,,1,1,,yes,,,Imaging Mass Cytometry
IMC,143Nd,143,1,0,FDM,1912,3143035D,Anti-Citrate Synthase​ (EPR8067)-143Nd—25 ug,Citrate Synthase,EPR8067,"Human, mouse, rat","Human, mouse, rat",FFPE,Metal-Conjugated Antibodies,25 µg,100,1.0,,,,,,1,1,,yes,,,
IMC,89Y,89,1,0,FDM,1941,3089006D,Anti-Collagen I (Polyclonal)-89Y—15 ug,Collagen I,Polyclonal,"Human, Bovine","Human, Bovine","FFPE,Frozen",Metal-Conjugated Antibodies,15 µg,100,1.0,,,,,,1,1,,yes,,,Imaging Mass Cytometry
IMC,141Pr,141,1,0,FDM,1503,91H018141,Anti-Collagen I (Polyclonal)-141Pr—15 µg,Collagen I,Polyclonal,"Human,Mouse","Human,Mouse","FFPE,Frozen",Metal-Conjugated Antibodies,15 µg,100,1.0,,,,,,1,1,,yes,,,Imaging Mass Cytometry
IMC,142Nd,142,1,0,FDM,1504,91H018142,Anti-Collagen I (Polyclonal)-142Nd—15 µg,Collagen I,Polyclonal,"Human,Mouse","Human,Mouse","FFPE,Frozen",Metal-Conjugated Antibodies,15 µg,100,1.0,,,,,,1,1,,yes,,,Imaging Mass Cytometry
IMC,144Nd,144,1,0,FDM,1505,91H018144,Anti-Collagen I (Polyclonal)-144Nd—15 µg,Collagen I,Polyclonal,"Human,Mouse","Human,Mouse","FFPE,Frozen",Metal-Conjugated Antibodies,15 µg,100,1.0,,,,,,1,1,,yes,,,Imaging Mass Cytometry
IMC,169Tm,169,1,0,FDM,1507,3169023D,Anti-Collagen I (Polyclonal)-169Tm—25 µg,Collagen I,Polyclonal,"Human,Mouse","Human,Mouse","FFPE,Frozen",Metal-Conjugated Antibodies,25 µg,100,1.0,,,,,,1,1,,yes,,,Imaging Mass Cytometry
IMC,173Yb,173,1,0,FDM,1506,91H018173,Anti-Collagen I (Polyclonal)-173Yb—15ug,Collagen I,Polyclonal,"Human, Bovine,Mouse","Human, Bovine,Mouse","FFPE,Frozen",Metal-Conjugated Antibodies,15 µg,100,1.0,,,,,,1,1,,yes,,,Imaging Mass Cytometry
IMC,146Nd,146,1,0,FDM,1914,3146023D,Anti-Human CPT1A​ (EPR21843-71-1C)-146Nd—25 ug,CPT1A,EPR21843-71-1C,Human,Human,FFPE,Metal-Conjugated Antibodies,25 µg,100,1.0,,,,,,1,1,,yes,,,
IMC,164Dy,164,1,0,FDM,1508,3164028D,Anti-Cytokeratin 7 (RCK105)-164Dy,Cytokeratin 7,RCK105,"Cross,Human,Mouse","Cross,Human,Mouse",FFPE,Metal-Conjugated Antibodies,25 µg,100,1.0,,,,,,1,1,,yes,,,Imaging Mass Cytometry
IMC,164Dy,164,1,0,FDM,1502,3164025D,Anti-c-Myc p67 (9E10)-164Dy,c-Myc,9E10,Human,Human,FFPE,Metal-Conjugated Antibodies,25 µg,100,1.0,,,,,,1,1,,yes,,,Imaging Mass Cytometry
IMC,142Nd,142,1,0,FDM,1513,3142013D,Anti-EGFR (D38B1)-142Nd—25 µg,EGFR,D38B1,"Cross,Human","Cross,Human",FFPE,Metal-Conjugated Antibodies,25 µg,100,1.0,,,,,,1,1,,yes,,,Imaging Mass Cytometry
IMC,172Yb,172,1,0,FDM,1890,91H061172,Anti-EGFR (D38B1)-172Yb-15ug,EGFR,D38B1,"Human, Mouse","Human, Mouse",FFPE,Metal-Conjugated Antibodies,15 µg,100,1.0,,,,,,1,1,,yes,,,
IMC,141Pr,141,1,0,FDM,1516,91H024141,Anti-EpCAM (EPR20532-222)-141Pr—15 µg,EpCAM,EPR20532-222,"Human, Mouse, Rat","Human, Mouse, Rat",FFPE,Metal-Conjugated Antibodies,15 µg,100,1.0,,,,,,1,1,,yes,,,Imaging Mass Cytometry
IMC,144Nd,144,1,0,FDM,1514,91H024144,Anti-EpCAM (EPR20532-222)-144Nd—15 µg,EpCAM,EPR20532-222,"Human, Mouse, Rat","Human, Mouse, Rat",FFPE,Metal-Conjugated Antibodies,15 µg,100,1.0,,,,,,1,1,,yes,,,Imaging Mass Cytometry
IMC,147Sm,147,1,0,FDM,1515,91H024147,Anti-EpCAM (EPR20532-222)-147Sm—15 µg,EpCAM,EPR20532-222,"Human, Mouse, Rat","Human, Mouse, Rat",FFPE,Metal-Conjugated Antibodies,15 µg,100,1.0,,,,,,1,1,,yes,,,Imaging Mass Cytometry
IMC,151Eu,151,1,0,FDM,1517,91H024151,Anti-EpCAM (EPR20532-222)-151Eu—15 µg,EpCAM,EPR20532-222,"Human, Mouse, Rat","Human, Mouse, Rat",FFPE,Metal-Conjugated Antibodies,15 µg,100,1.0,,,,,,1,1,,yes,,,Imaging Mass Cytometry
IMC,154Sm,154,1,0,FDM,1518,91H024154,Anti-EpCAM (EPR20532-222)-154Sm—15 µg,EpCAM,EPR20532-222,"Human, Mouse, Rat","Human, Mouse, Rat",FFPE,Metal-Conjugated Antibodies,15 µg,100,1.0,,,,,,1,1,,yes,,,Imaging Mass Cytometry
IMC,172Yb,172,1,0,FDM,1777,3172034D,Anti-Human EpCAM (EPR20532-222)-172Yb—25 ug,EpCAM,EPR20532-222,Human,Human,FFPE,Metal-Conjugated Antibodies,25 ug,100,1.0,,,,,,1,1,,yes,,,Imaging Mass Cytometry
IMC,175Lu,175,1,0,FDM,1519,91H024175,Anti-EpCAM (EPR20532-222)-175Lu—15 µg,EpCAM,EPR20532-222,"Human, Mouse, Rat","Human, Mouse, Rat",FFPE,Metal-Conjugated Antibodies,15 µg,100,1.0,,,,,,1,1,,yes,,,Imaging Mass Cytometry
IMC,158Gd,158,1,0,FDM,1509,3158029D,Anti-E-Cadherin (24E10)-158Gd,E-Cadherin,24E10,"Cross,Human,Mouse","Cross,Human,Mouse","FFPE,Frozen",Metal-Conjugated Antibodies,25 µg,100,1.0,,,,,,1,1,,yes,,,Imaging Mass Cytometry
IMC,172Yb,172,1,0,FDM,1510,91H011172,Anti-E-Cadherin (24E10 )172Yb—15 µg,E-Cadherin,24E10,"Human, Mouse, Bovine, Cross","Human, Mouse, Bovine, Cross","FFPE,Frozen",Metal-Conjugated Antibodies,15 µg,100,1.0,,,,,,1,1,,yes,,,Imaging Mass Cytometry
IMC,173Yb,173,1,0,FDM,1511,91H011173,Anti-E-Cadherin (24E10 )173Yb—15 µg,E-Cadherin,24E10,"Human, Mouse, Bovine, Cross","Human, Mouse, Bovine, Cross","FFPE,Frozen",Metal-Conjugated Antibodies,15 µg,100,1.0,,,,,,1,1,,yes,,,Imaging Mass Cytometry
IMC,174Yb,174,1,0,FDM,1512,91H011174,Anti-E-Cadherin (24E10 )174Yb—15 µg,E-Cadherin,24E10,"Human, Mouse, Bovine, Cross","Human, Mouse, Bovine, Cross","FFPE,Frozen",Metal-Conjugated Antibodies,15 µg,100,1.0,,,,,,1,1,,yes,,,Imaging Mass Cytometry
IMC,161Dy,161,1,0,FDM,1762,3161035D,Anti-Human FAP (E1V9V)-161Dy—25 ug,FAP,E1V9V,Human,Human,FFPE,Metal-Conjugated Antibodies,25 ug,100,1.0,,,,,,1,1,,yes,,,Imaging Mass Cytometry
IMC,142Nd,142,1,0,FDM,1529,91H028142,Anti-Fibronectin (EPR19241-46)-142Nd—15 µg,Fibronectin,EPR19241-46,"Human, Mouse, Rat","Human, Mouse, Rat",FFPE,Metal-Conjugated Antibodies,15 µg,100,1.0,,,,,,1,1,,yes,,,Imaging Mass Cytometry
IMC,151Eu,151,1,0,FDM,1524,91H034151,Anti-Fibronectin (EPR23110-46)-151Eu—15 µg,Fibronectin,EPR23110-46,"Human, Mouse, Rat","Human, Mouse, Rat",FFPE,Metal-Conjugated Antibodies,15 µg,100,1.0,,,,,,1,1,,yes,,,Imaging Mass Cytometry
IMC,152Sm,152,1,0,FDM,1530,91H028152,Anti-Fibronectin (EPR19241-46)-152Sm—15 µg,Fibronectin,EPR19241-46,"Human, Mouse, Rat","Human, Mouse, Rat",FFPE,Metal-Conjugated Antibodies,15 µg,100,1.0,,,,,,1,1,,yes,,,Imaging Mass Cytometry
IMC,154Sm,154,1,0,FDM,1525,91H034154,Anti-Fibronectin (EPR23110-46)-154Sm—15 µg,Fibronectin,EPR23110-46,"Human, Mouse, Rat","Human, Mouse, Rat",FFPE,Metal-Conjugated Antibodies,15 µg,100,1.0,,,,,,1,1,,yes,,,Imaging Mass Cytometry
IMC,156Gd,156,1,0,FDM,1531,91H028156,Anti-Fibronectin (EPR19241-46)-156Gd—15 µg,Fibronectin,EPR19241-46,"Human, Mouse, Rat","Human, Mouse, Rat",FFPE,Metal-Conjugated Antibodies,15 µg,100,1.0,,,,,,1,1,,yes,,,Imaging Mass Cytometry
IMC,171Yb,171,1,0,FDM,1526,91H034171,Anti-Fibronectin (EPR23110-46)-171Yb—15 µg,Fibronectin,EPR23110-46,"Human, Mouse, Rat","Human, Mouse, Rat",FFPE,Metal-Conjugated Antibodies,15 µg,100,1.0,,,,,,1,1,,yes,,,Imaging Mass Cytometry
IMC,174Yb,174,1,0,FDM,1527,91H034174,Anti-Fibronectin (EPR23110-46)-174Yb—15 µg,Fibronectin,EPR23110-46,"Human, Mouse, Rat","Human, Mouse, Rat",FFPE,Metal-Conjugated Antibodies,15 µg,100,1.0,,,,,,1,1,,yes,,,Imaging Mass Cytometry
IMC,175Lu,175,1,0,FDM,1528,91H034175,Anti-Fibronectin (EPR23110-46)-175Lu—15 µg,Fibronectin,EPR23110-46,"Human, Mouse, Rat","Human, Mouse, Rat",FFPE,Metal-Conjugated Antibodies,15 µg,100,1.0,,,,,,1,1,,yes,,,Imaging Mass Cytometry
IMC,155Gd,155,1,0,FDM,1669,3155018D,Anti-Human FoxP3 (PCH101)-155Gd—25 µg,FoxP3,PCH101,Human,Human,FFPE,Metal-Conjugated Antibodies,25 µg,100,1.0,,,,,,1,1,,yes,,,
IMC,151Eu,151,1,0,FDM,1538,91H044151,Anti-GATA3 (EPR16651)-151Eu-15 ug,GATA3,EPR16651,"Human, Mouse","Human, Mouse",FFPE,Metal-Conjugated Antibodies,15 µg,100,1.0,,,,,,1,1,,yes,,,Imaging Mass Cytometry
IMC,154Sm,154,1,0,FDM,1539,91H044154,Anti-GATA3 (EPR16651)-154Sm-15 ug,GATA3,EPR16651,"Human, Mouse","Human, Mouse",FFPE,Metal-Conjugated Antibodies,15 µg,100,1.0,,,,,,1,1,,yes,,,Imaging Mass Cytometry
IMC,163Dy,163,1,0,FDM,1540,91H044163,Anti-GATA3 (EPR16651)-163Dy-15 ug,GATA3,EPR16651,"Human, Mouse","Human, Mouse",FFPE,Metal-Conjugated Antibodies,15 µg,100,1.0,,,,,,1,1,,yes,,,Imaging Mass Cytometry
IMC,175Lu,175,1,0,FDM,1541,91H044175,Anti-GATA3 (EPR16651)-175Lu-15 ug,GATA3,EPR16651,"Human, Mouse","Human, Mouse",FFPE,Metal-Conjugated Antibodies,15 µg,100,1.0,,,,,,1,1,,yes,,,Imaging Mass Cytometry
IMC,143Nd,143,1,0,FDM,1542,3143030D,Anti-Human/Mouse GFAP (GA5)-143Nd,GFAP,GA5,"Human, Mouse, Rat, Chicken, Pig, Rabbit","Human, Mouse, Rat, Chicken, Pig, Rabbit",FFPE,Metal-Conjugated Antibodies,25 µg,100,1.0,,,,,,1,1,,yes,,,Imaging Mass Cytometry
IMC,163Dy,163,1,0,FDM,1543,3163031D,Anti-Human/Mouse GFAP (GA5)-163Dy,GFAP,GA5,"Human, Mouse, Rat, Chicken, Pig, Rabbit","Human, Mouse, Rat, Chicken, Pig, Rabbit",FFPE,Metal-Conjugated Antibodies,25 µg,100,1.0,,,,,,1,1,,yes,,,Imaging Mass Cytometry
IMC,142Nd,142,1,0,FDM,1911,3142024D,Anti-Human Glut-1 (EPR3915)-142Nd—25 ug,Glut-1,EPR3915,Human,Human,FFPE,Metal-Conjugated Antibodies,25 µg,100,1.0,,,,,,1,1,,yes,,,
IMC,155Gd,155,1,0,FDM,1546,91H026155,Anti-Granzyme B (EPR22645-206)-155Gd—15 µg,Granzyme B,EPR22645-206,"Human, Mouse, Rat","Human, Mouse, Rat",FFPE,Metal-Conjugated Antibodies,15 µg,100,1.0,,,,,,1,1,,yes,,,Imaging Mass Cytometry
IMC,166Er,166,1,0,FDM,1547,91H026166,Anti-Granzyme B (EPR22645-206)-166Er—15 µg,Granzyme B,EPR22645-206,"Human, Mouse, Rat","Human, Mouse, Rat",FFPE,Metal-Conjugated Antibodies,15 µg,100,1.0,,,,,,1,1,,yes,,,Imaging Mass Cytometry
IMC,167Er,167,1,0,FDM,1544,3167023D,Anti-Granzyme B (GB11)-167Er—25 µg,Granzyme B,GB11,"Cross,Human","Cross,Human",Frozen,Metal-Conjugated Antibodies,25 µg,100,1.0,,,,,,1,1,,yes,,,Imaging Mass Cytometry
IMC,171Yb,171,1,0,FDM,1549,91H026171,Anti-Granzyme B (EPR22645-206)-171Yb—15 µg,Granzyme B,EPR22645-206,"Human, Mouse, Rat","Human, Mouse, Rat",FFPE,Metal-Conjugated Antibodies,15 µg,100,1.0,,,,,,1,1,,yes,,,Imaging Mass Cytometry
IMC,174Yb,174,1,0,FDM,1550,91H016174,Anti-Granzyme B (EPR20129-217 )174Yb—15 µg,Granzyme B,EPR20129-217,Human,Human,FFPE,Metal-Conjugated Antibodies,15 µg,100,1.0,,,,,,1,1,,yes,,,Imaging Mass Cytometry
IMC,175Lu,175,1,0,FDM,1551,91H016175,Anti-Granzyme B (EPR20129-217 )175Lu—15 µg,Granzyme B,EPR20129-217,Human,Human,FFPE,Metal-Conjugated Antibodies,15 µg,100,1.0,,,,,,1,1,,yes,,,Imaging Mass Cytometry
IMC,176Yb,176,1,0,FDM,1552,3176028D,Anti-Granzyme B (EPR20129-217 )176Yb—15 µg,Granzyme B,EPR20129-217,Human,Human,FFPE,Metal-Conjugated Antibodies,15 µg,100,1.0,,,,,,1,1,,yes,,,Imaging Mass Cytometry
IMC,145Nd,145,1,0,FDM,1919,3145024D,Anti-Human GSK3 beta (Y174)-145Nd—25 ug,GSK3 beta,Y174,Human,Human,FFPE,Metal-Conjugated Antibodies,25 µg,100,1.0,,,,,,1,1,,yes,,,
IMC,142Nd,142,1,0,FDM,1553,91H019142,Anti-Histone H3 (D1H2)-142Nd—15 µg,Histone H3,D1H2,"Cross,Human,Mouse","Cross,Human,Mouse",FFPE,Metal-Conjugated Antibodies,15 µg,100,1.0,,,,,,1,1,,yes,,,Imaging Mass Cytometry
IMC,146Nd,146,1,0,FDM,1554,91H019146,Anti-Histone H3 (D1H2)-146Nd—15 µg,Histone H3,D1H2,"Cross,Human,Mouse","Cross,Human,Mouse",FFPE,Metal-Conjugated Antibodies,15 µg,100,1.0,,,,,,1,1,,yes,,,Imaging Mass Cytometry
IMC,171Yb,171,1,0,FDM,1555,3171022D,Anti-Histone H3 (D1H2)-171Yb—25 µg,Histone H3,D1H2,"Cross,Human","Cross,Human",FFPE,Metal-Conjugated Antibodies,25 µg,100,1.0,,,,,,1,1,,yes,,,Imaging Mass Cytometry
IMC,176Yb,176,1,0,FDM,1556,3176023D,Anti-Histone H3 (D1H2)-176Yb,Histone H3,D1H2,"Cross,Human,Mouse","Cross,Human,Mouse",FFPE,Metal-Conjugated Antibodies,25 µg,100,1.0,,,,,,1,1,,yes,,,Imaging Mass Cytometry
IMC,144Nd,144,1,0,FDM,1559,3144027D,Anti-HLA-ABC (W6/32)-144Nd—25 µg,HLA-ABC,W6/32,"Cross,Human","Cross,Human",Frozen,Metal-Conjugated Antibodies,25 µg,100,1.0,,,,,,1,1,,yes,,,Imaging Mass Cytometry
IMC,151Eu,151,1,0,FDM,1561,91H021151,Anti-HLA-DR (LN3 )151Eu—15 µg,HLA-DR,LN3,"Human, Rhesus","Human, Rhesus","FFPE,Frozen",Metal-Conjugated Antibodies,15 µg,100,1.0,,,,,,1,1,,yes,,,Imaging Mass Cytometry
IMC,154Sm,154,1,0,FDM,1562,91H021154,Anti-HLA-DR (LN3 )154Sm—15 µg,HLA-DR,LN3,"Human, Rhesus","Human, Rhesus","FFPE,Frozen",Metal-Conjugated Antibodies,15 µg,100,1.0,,,,,,1,1,,yes,,,Imaging Mass Cytometry
IMC,174Yb,174,1,0,FDM,1560,3174025D,Anti-HLA-DR (LN3)-174Yb—25 µg,HLA-DR,LN3,"Cross,Human","Cross,Human","FFPE,Frozen",Metal-Conjugated Antibodies,25 µg,100,1.0,,,,,,1,1,,yes,,,Imaging Mass Cytometry
IMC,142Nd,142,1,0,FDM,1563,3142020D,Anti-Human/Mouse Iba1 (EPR16588)-142Nd,Iba1,EPR16588,"Human, Mouse, Rat","Human, Mouse, Rat",FFPE,Metal-Conjugated Antibodies,25 µg,100,1.0,,,,,,1,1,,yes,,,Imaging Mass Cytometry
IMC,168Er,168,1,0,FDM,1564,3168027D,Anti-Human/Mouse Iba1 (EPR16588)-168Er,Iba1,EPR16588,"Human, Mouse, Rat","Human, Mouse, Rat",FFPE,Metal-Conjugated Antibodies,25 µg,100,1.0,,,,,,1,1,,yes,,,Imaging Mass Cytometry
IMC,145Nd,145,1,0,FDM,1885,3145022D,Anti-Human IDO (BLR031F)-145Nd—25ug,IDO,BLR031F,Human,Human,FFPE,Metal-Conjugated Antibodies,25 µg,100,1.0,,,,,,1,1,,yes,,,
IMC,155Gd,155,1,0,FDM,1565,3155017D,Anti-Human IDO (D5J4E)-155Gd—25 µg,IDO,D5J4E,Human,Human,FFPE,Metal-Conjugated Antibodies,25 µg,100,1.0,,,,,,1,1,,yes,,,Imaging Mass Cytometry
IMC,151Eu,151,1,0,FDM,1566,3151026D,Anti-IgM (MHM-88)-151Eu—25 µg,IgM,MHM-88,"Cross,Human","Cross,Human",Frozen,Metal-Conjugated Antibodies,25 µg,100,1.0,,,,,,1,1,,yes,,,Imaging Mass Cytometry
IMC,152Sm,152,1,0,FDM,1568,91H025152,Anti-iNOS (SP126) -152Sm—15 µg,iNOS,SP126,"Human, Mouse","Human, Mouse",FFPE,Metal-Conjugated Antibodies,15 µg,100,1.0,,,,,,1,1,,yes,,,Imaging Mass Cytometry
IMC,153Eu,153,1,0,FDM,1567,91H025153,Anti- iNOS (SP126) -153Eu—15 µg,iNOS,SP126,"Human, Mouse","Human, Mouse",FFPE,Metal-Conjugated Antibodies,15 µg,100,1.0,,,,,,1,1,,yes,,,Imaging Mass Cytometry
IMC,158Gd,158,1,0,FDM,1569,91H025158,Anti-iNOS (SP126)-158Gd—15 µg,iNOS,SP126,"Human, Mouse","Human, Mouse",FFPE,Metal-Conjugated Antibodies,15 µg,100,1.0,,,,,,1,1,,yes,,,Imaging Mass Cytometry
IMC,160Gd,160,1,0,FDM,1570,91H025160,Anti-iNOS (SP126)-160Gd—15 µg,iNOS,SP126,"Human, Mouse","Human, Mouse",FFPE,Metal-Conjugated Antibodies,15 µg,100,1.0,,,,,,1,1,,yes,,,Imaging Mass Cytometry
IMC,164Dy,164,1,0,FDM,1571,91H025164,Anti-iNOS (SP126)-164Dy—15 µg,iNOS,SP126,"Human, Mouse","Human, Mouse",FFPE,Metal-Conjugated Antibodies,15 µg,100,1.0,,,,,,1,1,,yes,,,Imaging Mass Cytometry
IMC,168Er,168,1,0,FDM,1572,91H025168,Anti-iNOS (SP126)-168Er—15 µg,iNOS,SP126,"Human, Mouse","Human, Mouse",FFPE,Metal-Conjugated Antibodies,15 µg,100,1.0,,,,,,1,1,,yes,,,Imaging Mass Cytometry
IMC,174Yb,174,1,0,FDM,1573,3174022D,Anti-Human Keratin 8/18 (C51)-174Yb—25 µg,Keratin 8/18,C51,Human,Human,FFPE,Metal-Conjugated Antibodies,25 µg,100,1.0,,,,,,1,1,,yes,,,Imaging Mass Cytometry
IMC,150Nd,150,1,0,FDM,1574,3150035D,Anti-Ki-67 (B56)-150Nd—15 µg,Ki-67,B56,"Cross,Human,Mouse","Cross,Human,Mouse","FFPE,Frozen",Metal-Conjugated Antibodies,15 µg,100,1.0,,,,,,1,1,,yes,,,Imaging Mass Cytometry
IMC,168Er,168,1,0,FDM,1575,3168022D,Anti-Ki-67 (B56)-168Er—25 µg,Ki-67,B56,"Cross,Human,Mouse","Cross,Human,Mouse","FFPE,Frozen",Metal-Conjugated Antibodies,25 µg,100,1.0,,,,,,1,1,,yes,,,Imaging Mass Cytometry
IMC,172Yb,172,1,0,FDM,1576,91H017172,Anti-Ki-67 (B56)-172Yb—15 µg,Ki-67,B56,"Cross,Human,Mouse","Cross,Human,Mouse","FFPE,Frozen",Metal-Conjugated Antibodies,15 µg,100,1.0,,,,,,1,1,,yes,,,Imaging Mass Cytometry
IMC,173Yb,173,1,0,FDM,1577,91H017173,Anti-Ki-67 (B56)-173Yb—15 µg,Ki-67,B56,"Cross,Human,Mouse","Cross,Human,Mouse","FFPE,Frozen",Metal-Conjugated Antibodies,15 µg,100,1.0,,,,,,1,1,,yes,,,Imaging Mass Cytometry
IMC,148Nd,148,1,0,FDM,1915,3148027D,Anti-Human LDHA (EP1563Y)-148Nd—25 ug,LDHA,EP1563Y,Human,Human,FFPE,Metal-Conjugated Antibodies,25 µg,100,1.0,,,,,,1,1,,yes,,,
IMC,148Nd,148,1,0,FDM,1582,3148023D,Anti-Human/Mouse MAP2 (EPR19691)-148Nd,MAP2,EPR19691,"Human, Mouse, Rat","Human, Mouse, Rat",FFPE,Metal-Conjugated Antibodies,25 µg,100,1.0,,,,,,1,1,,yes,,,Imaging Mass Cytometry
IMC,175Lu,175,1,0,FDM,1583,3175040D,Anti-Human/Mouse MAP2 (EPR19691)-175Lu,MAP2,EPR19691,"Human, Mouse, Rat","Human, Mouse, Rat",FFPE,Metal-Conjugated Antibodies,25 µg,100,1.0,,,,,,1,1,,yes,,,Imaging Mass Cytometry
IMC,141Pr,141,1,0,FDM,1803,91H058141,Anti-MBP (MBP101)-141Pr—15 ug,MBP,MBP101,"Human, Mouse","Human, Mouse",FFPE,Metal-Conjugated Antibodies,15 ug,100,1.0,,,,,,1,1,,yes,,,Imaging Mass Cytometry
IMC,149Sm,149,1,0,FDM,1804,91H058149,Anti-MBP (MBP101)-149Sm—15 ug,MBP,MBP101,"Human, Mouse","Human, Mouse",FFPE,Metal-Conjugated Antibodies,15 ug,100,1.0,,,,,,1,1,,yes,,,Imaging Mass Cytometry
IMC,158Gd,158,1,0,FDM,1805,91H058158,Anti-MBP (MBP101)-158Gd—15 ug,MBP,MBP101,"Human, Mouse","Human, Mouse",FFPE,Metal-Conjugated Antibodies,15 ug,100,1.0,,,,,,1,1,,yes,,,Imaging Mass Cytometry
IMC,169Tm,169,1,0,FDM,1806,91H058169,Anti-MBP (MBP101)-169Tm—15 ug,MBP,MBP101,"Human, Mouse","Human, Mouse",FFPE,Metal-Conjugated Antibodies,15 ug,100,1.0,,,,,,1,1,,yes,,,Imaging Mass Cytometry
IMC,172Yb,172,1,0,FDM,1807,91H058172,Anti-MBP (MBP101)-172Yb—15 ug,MBP,MBP101,"Human, Mouse","Human, Mouse",FFPE,Metal-Conjugated Antibodies,15 ug,100,1.0,,,,,,1,1,,yes,,,Imaging Mass Cytometry
IMC,167Er,167,1,0,FDM,1584,3167020D,Anti-Met (D1C2)-167Er,Met,D1C2,"Human,Mouse","Human,Mouse",FFPE,Metal-Conjugated Antibodies,25 µg,100,1.0,,,,,,1,1,,yes,,,Imaging Mass Cytometry
IMC,151Eu,151,1,0,FDM,1589,91H045151,Anti-MHC Class II (HLA-DRB/1067)-151Eu-15 ug,MHC Class II,HLA-DRB/1067,Human,Human,FFPE,Metal-Conjugated Antibodies,15 µg,100,1.0,,,,,,1,1,,yes,,,Imaging Mass Cytometry
IMC,171Yb,171,1,0,FDM,1590,91H045171,Anti-MHC Class II (HLA-DRB/1067)-171Yb-15 ug,MHC Class II,HLA-DRB/1067,Human,Human,FFPE,Metal-Conjugated Antibodies,15 µg,100,1.0,,,,,,1,1,,yes,,,Imaging Mass Cytometry
IMC,175Lu,175,1,0,FDM,1591,91H045175,Anti-MHC Class II (HLA-DRB/1067)-175Lu-15 ug,MHC Class II,HLA-DRB/1067,Human,Human,FFPE,Metal-Conjugated Antibodies,15 µg,100,1.0,,,,,,1,1,,yes,,,Imaging Mass Cytometry
IMC,158Gd,158,1,0,FDM,1892,91H063158,Anti-MMP9 (RM1020)-158Gd-15ug,MMP9,RM1020,"Human, Mouse, Rat","Human, Mouse, Rat",FFPE,Metal-Conjugated Antibodies,15 µg,100,1.0,,,,,,1,1,,yes,,,
IMC,141Pr,141,1,0,FDM,1808,91H059141,Anti-MOG (EP4281)-141Pr—15 ug,MOG,EP4281,"Human, Mouse","Human, Mouse",FFPE,Metal-Conjugated Antibodies,15 ug,100,1.0,,,,,,1,1,,yes,,,Imaging Mass Cytometry
IMC,149Sm,149,1,0,FDM,1809,91H059149,Anti-MOG (EP4281)-149Sm—15 ug,MOG,EP4281,"Human, Mouse","Human, Mouse",FFPE,Metal-Conjugated Antibodies,15 ug,100,1.0,,,,,,1,1,,yes,,,Imaging Mass Cytometry
IMC,158Gd,158,1,0,FDM,1810,91H059158,Anti-MOG (EP4281)-158Gd—15 ug,MOG,EP4281,"Human, Mouse","Human, Mouse",FFPE,Metal-Conjugated Antibodies,15 ug,100,1.0,,,,,,1,1,,yes,,,Imaging Mass Cytometry
IMC,148Nd,148,1,0,FDM,1784,3148024D,Anti-Human MPO (EPR20257)-148Nd—25 ug,MPO,EPR20257,Human,Human,FFPE,Metal-Conjugated Antibodies,25 ug,100,1.0,,,,,,1,1,,yes,,,Imaging Mass Cytometry
IMC,141Pr,141,1,0,FDM,1891,91H062141,Anti-Nestin (EPR27207-53)-141Pr-15ug,Nestin,EPR27207-53,"Human, Mouse, Rat","Human, Mouse, Rat",FFPE,Metal-Conjugated Antibodies,15 µg,100,1.0,,,,,,1,1,,yes,,,
IMC,145Nd,145,1,0,FDM,1594,3145019D,Anti-Human/Mouse NeuN (EPR12763)-145Nd,NeuN,EPR12763,"Human, Mouse, Rat, Sheep, Goat, Cat, Dog, Zebrafish, Common Marmoset","Human, Mouse, Rat, Sheep, Goat, Cat, Dog, Zebrafish, Common Marmoset",FFPE,Metal-Conjugated Antibodies,25 µg,100,1.0,,,,,,1,1,,yes,,,Imaging Mass Cytometry
IMC,160Gd,160,1,0,FDM,1593,3160028D,Anti-Human/Mouse NeuN (EPR12763)-160Gd,NeuN,EPR12763,"Human, Mouse, Rat, Sheep, Goat, Cat, Dog, Zebrafish, Common Marmoset","Human, Mouse, Rat, Sheep, Goat, Cat, Dog, Zebrafish, Common Marmoset",FFPE,Metal-Conjugated Antibodies,25 µg,100,1.0,,,,,,1,1,,yes,,,Imaging Mass Cytometry
IMC,171Yb,171,1,0,FDM,1592,3171026D,Anti-Human/Mouse NeuN (EPR12763)-171Yb,NeuN,EPR12763,"Human, Mouse, Rat, Sheep, Goat, Cat, Dog, Zebrafish, Common Marmoset","Human, Mouse, Rat, Sheep, Goat, Cat, Dog, Zebrafish, Common Marmoset",FFPE,Metal-Conjugated Antibodies,25 µg,100,1.0,,,,,,1,1,,yes,,,Imaging Mass Cytometry
IMC,141Pr,141,1,0,FDM,1811,91H060141,Anti-Neurofilament (SMI 312)-141Pr—15 ug,Neurofilament,SMI 312,"Human, Mouse","Human, Mouse",FFPE,Metal-Conjugated Antibodies,15 ug,100,1.0,,,,,,1,1,,yes,,,Imaging Mass Cytometry
IMC,158Gd,158,1,0,FDM,1812,91H060158,Anti-Neurofilament (SMI 312)-158Gd—15 ug,Neurofilament,SMI 312,"Human, Mouse","Human, Mouse",FFPE,Metal-Conjugated Antibodies,15 ug,100,1.0,,,,,,1,1,,yes,,,Imaging Mass Cytometry
IMC,169Tm,169,1,0,FDM,1813,91H060169,Anti-Neurofilament (SMI 312)-169Tm—15 ug,Neurofilament,SMI 312,"Human, Mouse","Human, Mouse",FFPE,Metal-Conjugated Antibodies,15 ug,100,1.0,,,,,,1,1,,yes,,,Imaging Mass Cytometry
IMC,168Er,168,1,0,FDM,1596,3168028D,Anti-Human/Mouse Olig2 (EPR2673)-168Er,Olig2,EPR2673,"Human, Mouse, Rat","Human, Mouse, Rat",FFPE,Metal-Conjugated Antibodies,25 µg,100,1.0,,,,,,1,1,,yes,,,Imaging Mass Cytometry
IMC,172Yb,172,1,0,FDM,1595,3172033D,Anti-Human/Mouse Olig2 (EPR2673)-172Yb,Olig2,EPR2673,"Human, Mouse, Rat","Human, Mouse, Rat",FFPE,Metal-Conjugated Antibodies,25 µg,100,1.0,,,,,,1,1,,yes,,,Imaging Mass Cytometry
IMC,164Dy,164,1,0,FDM,1906,91H069164,Anti-P2RY12 (EPR26298-93)-164Dy-15ug,P2RY12,EPR26298-93,"Human, Mouse, Rat","Human, Mouse, Rat",FFPE,Metal-Conjugated Antibodies,15 µg,100,1.0,,,,,,1,1,,yes,,,
IMC,169Tm,169,1,0,FDM,1907,91H069169,Anti-P2RY12 (EPR26298-93)-169Tm-15ug,P2RY12,EPR26298-93,"Human, Mouse, Rat","Human, Mouse, Rat",FFPE,Metal-Conjugated Antibodies,15 µg,100,1.0,,,,,,1,1,,yes,,,
IMC,175Lu,175,1,0,FDM,1908,91H069175,Anti-P2RY12 (EPR26298-93)-175Lu-15ug,P2RY12,EPR26298-93,"Human, Mouse, Rat","Human, Mouse, Rat",FFPE,Metal-Conjugated Antibodies,15 µg,100,1.0,,,,,,1,1,,yes,,,
IMC,167Er,167,1,0,FDM,1916,3167028D,Anti-p4E-BP1 [T37/T46] (236B4)-167Er—25 ug,p4E-BP1 [T37/T46],236B4,"Human, mouse, rat","Human, mouse, rat",FFPE,Metal-Conjugated Antibodies,25 µg,100,1.0,,,,,,1,1,,yes,,,
IMC,143Nd,143,1,0,FDM,1597,3143026D,Anti-Human p53 (DO-7)-143Nd—25 µg,p53,DO-7,Human,Human,FFPE,Metal-Conjugated Antibodies,25 µg,100,1.0,,,,,,1,1,,yes,,,Imaging Mass Cytometry
IMC,175Lu,175,1,0,FDM,1598,3175032D,Anti-Pan-Actin (D18C11)-175Lu,Pan-Actin,D18C11,"Human,Mouse","Human,Mouse",FFPE,Metal-Conjugated Antibodies,25 µg,100,1.0,,,,,,1,1,,yes,,,Imaging Mass Cytometry
IMC,141Pr,141,1,0,FDM,1759,3141021D,Anti-Human Pan-CytoKeratin (AE-1/AE-3)-141Pr—25 ug,Pan-CytoKeratin,AE-1/AE-3,Human,Human,FFPE,Metal-Conjugated Antibodies,25 ug,100,1.0,,,,,,1,1,,yes,,,Imaging Mass Cytometry
IMC,142Nd,142,1,0,FDM,1599,91H006142,Anti-Pan-CytoKeratin (AE-1/AE-3)-142Nd—15 µg,Pan-CytoKeratin,AE-1/AE-3,"Cross,Human,Mouse","Cross,Human,Mouse","FFPE,Frozen",Metal-Conjugated Antibodies,15 µg,100,1.0,,,,,,1,1,,yes,,,Imaging Mass Cytometry
IMC,148Nd,148,1,0,FDM,1602,3148022D,Anti-Pan-Cytokeratin (AE1/AE3)-148Nd,Pan-CytoKeratin,AE-1/AE-3,"Cross,Human,Mouse","Cross,Human,Mouse","FFPE,Frozen",Metal-Conjugated Antibodies,25 µg,100,1.0,,,,,,1,1,,yes,,,Imaging Mass Cytometry
IMC,155Gd,155,1,0,FDM,1600,91H006155,Anti-Pan-CytoKeratin (AE-1/AE-3)-155Gd—15 µg,Pan-CytoKeratin,AE-1/AE-3,"Cross,Human,Mouse","Cross,Human,Mouse","FFPE,Frozen",Metal-Conjugated Antibodies,15 µg,100,1.0,,,,,,1,1,,yes,,,Imaging Mass Cytometry
IMC,174Yb,174,1,0,FDM,1601,91H006174,Anti-Pan-CytoKeratin (AE-1/AE-3)-174Yb—15 µg,Pan-CytoKeratin,AE-1/AE-3,"Cross,Human,Mouse","Cross,Human,Mouse","FFPE,Frozen",Metal-Conjugated Antibodies,15 µg,100,1.0,,,,,,1,1,,yes,,,Imaging Mass Cytometry
IMC,142Nd,142,1,0,FDM,1604,91H014142,Anti-Pan-Keratin (C11)-142Nd—15 µg,Pan-Keratin,C11,"Human,Mouse","Human,Mouse","FFPE,Frozen",Metal-Conjugated Antibodies,15 µg,100,1.0,,,,,,1,1,,yes,,,Imaging Mass Cytometry
IMC,148Nd,148,1,0,FDM,1605,3148020D,Anti-Pan-Keratin (C11)-148Nd,Pan-Keratin,C11,"Human,Mouse","Human,Mouse","FFPE,Frozen",Metal-Conjugated Antibodies,25 µg,100,1.0,,,,,,1,1,,yes,,,Imaging Mass Cytometry
IMC,155Gd,155,1,0,FDM,1606,91H014155,Anti-Pan-Keratin (C11)-155Gd—15 µg,Pan-Keratin,C11,"Human,Mouse","Human,Mouse","FFPE,Frozen",Metal-Conjugated Antibodies,15 µg,100,1.0,,,,,,1,1,,yes,,,Imaging Mass Cytometry
IMC,162Dy,162,1,0,FDM,1603,3162033D,Anti-Human Pan-Keratin (C11)-162Dy—25 µg,Pan-Keratin,C11,Human,Human,FFPE,Metal-Conjugated Antibodies,25 µg,100,1.0,,,,,,1,1,,yes,,,Imaging Mass Cytometry
IMC,174Yb,174,1,0,FDM,1607,91H014174,Anti-Pan-Keratin (C11)-174Yb—15 µg,Pan-Keratin,C11,"Human,Mouse","Human,Mouse","FFPE,Frozen",Metal-Conjugated Antibodies,15 µg,100,1.0,,,,,,1,1,,yes,,,Imaging Mass Cytometry
IMC,172Yb,172,1,0,FDM,1610,3172031D,Anti-Human PD-L2 (D7U8C)-172Yb—25 µg,PD-L2,D7U8C,Human,Human,FFPE,Metal-Conjugated Antibodies,25 µg,100,1.0,,,,,,1,1,,yes,,,Imaging Mass Cytometry
IMC,176Yb,176,1,0,FDM,1611,3176026D,Anti-Perforin  (dG9)-176Yb—25 µg,Perforin,dG9,"Cross,Human","Cross,Human",Frozen,Metal-Conjugated Antibodies,25 µg,100,1.0,,,,,,1,1,,yes,,,Imaging Mass Cytometry
IMC,159Tb,159,1,0,FDM,1612,91H039159,Anti-pERK1/2 [T202/Y204] (D13.14.4E)-159Tb—15 µg,pERK1/2 [T202/Y204],D13.14.4E,"Human, Mouse, Rat","Human, Mouse, Rat",FFPE,Metal-Conjugated Antibodies,15 µg,100,1.0,,,,,,1,1,,yes,,,Imaging Mass Cytometry
IMC,161Dy,161,1,0,FDM,1613,91H039161,Anti-pERK1/2 [T202/Y204] (D13.14.4E)-161Dy—15 µg,pERK1/2 [T202/Y204],D13.14.4E,"Human, Mouse, Rat","Human, Mouse, Rat",FFPE,Metal-Conjugated Antibodies,15 µg,100,1.0,,,,,,1,1,,yes,,,Imaging Mass Cytometry
IMC,164Dy,164,1,0,FDM,1614,91H039164,Anti-pERK1/2 [T202/Y204] (D13.14.4E)-164Dy—15 µg,pERK1/2 [T202/Y204],D13.14.4E,"Human, Mouse, Rat","Human, Mouse, Rat",FFPE,Metal-Conjugated Antibodies,15 µg,100,1.0,,,,,,1,1,,yes,,,Imaging Mass Cytometry
IMC,167Er,167,1,0,FDM,1922,3167029D,Anti-pERK1/2 [T202/Y204] (D13.14.4E)-167Er—25 ug,pERK1/2 [T202/Y204],D13.14.4E,"Human, mouse, rat","Human, mouse, rat",FFPE,Metal-Conjugated Antibodies,25 µg,100,1.0,,,,,,1,1,,yes,,,
IMC,171Yb,171,1,0,FDM,1619,3171021D,Anti-pERK1/2 [T202/Y204] (D13.14.4E)-171Yb—25 µg,pERK1/2 [T202/Y204],D13.14.4E,"Human,Mouse","Human,Mouse",FFPE,Metal-Conjugated Antibodies,25 µg,100,1.0,,,,,,1,1,,yes,,,Imaging Mass Cytometry
IMC,165Ho,165,1,0,FDM,1615,3165036D,Anti-pH2AX [S139] (N1-431)-165Ho,pH2AX [S139],N1-431,"Human,Mouse","Human,Mouse",FFPE,Metal-Conjugated Antibodies,25 µg,100,1.0,,,,,,1,1,,yes,,,Imaging Mass Cytometry
IMC,176Yb,176,1,0,FDM,1616,3176024D,Anti-pHistone H3 [Ser28] (HTA28)-176Yb—25 µg,pHistone H3 [Ser28],HTA28,"Cross,Human","Cross,Human",FFPE,Metal-Conjugated Antibodies,25 µg,100,1.0,,,,,,1,1,,yes,,,Imaging Mass Cytometry
IMC,149Sm,149,1,0,FDM,1617,3149023D,Anti-p4E-BP1 [T37/T46] (236B4)-149Sm,Phospho-4EBP1,236B4,"Cross,Human,Mouse","Cross,Human,Mouse",FFPE,Metal-Conjugated Antibodies,25 µg,100,1.0,,,,,,1,1,,yes,,,Imaging Mass Cytometry
IMC,165Ho,165,1,0,FDM,1618,3165034D,Anti-pCREB [S133] (87G3)-165Ho,Phospho-CREB [Ser133],87G3,"Cross,Human,Mouse","Cross,Human,Mouse",FFPE,Metal-Conjugated Antibodies,25 µg,100,1.0,,,,,,1,1,,yes,,,Imaging Mass Cytometry
IMC,158Gd,158,1,0,FDM,1620,3158030D,Anti-pStat3 [Y705] (4/P-STAT3)-158Gd,Phospho-Stat3,4/P-STAT3,Human,Human,FFPE,Metal-Conjugated Antibodies,25 µg,100,1.0,,,,,,1,1,,yes,,,Imaging Mass Cytometry
IMC,144Nd,144,1,0,FDM,1621,3144024D,Anti-pTyrosine (P-Tyr-100)-144Nd,Phospho-Tyrosine,P-Tyr-100,"Cross,Human,Mouse","Cross,Human,Mouse",FFPE,Metal-Conjugated Antibodies,25 µg,100,1.0,,,,,,1,1,,yes,,,Imaging Mass Cytometry
IMC,164Dy,164,1,0,FDM,1763,3164032D,Anti-Human Podoplanin (D2-40)-164Dy—25 ug,Podoplanin,D2-40,Human,Human,FFPE,Metal-Conjugated Antibodies,25 ug,100,1.0,,,,,,1,1,,yes,,,Imaging Mass Cytometry
IMC,168Er,168,1,0,FDM,1917,3168031D,Anti-pS6 [S235/S236] (N7-548)-168Er—25 ug,pS6 [S235/S236],N7-548,"Human, mouse, rat","Human, mouse, rat",FFPE,Metal-Conjugated Antibodies,25 µg,100,1.0,,,,,,1,1,,yes,,,
IMC,175Lu,175,1,0,FDM,1623,3175031D,Anti-pS6 [S235/S236] (N7-548)-175Lu—25 µg,pS6 [S235/S236],N7-548,"Human,Mouse","Human,Mouse",FFPE,Metal-Conjugated Antibodies,25 µg,100,1.0,,,,,,1,1,,yes,,,Imaging Mass Cytometry
IMC,168Er,168,1,0,FDM,1923,3168032D,Anti-pSMAD (EP823Y)-168Er—25 ug,pSMAD,EP823Y,"Human, mouse","Human, mouse",FFPE,Metal-Conjugated Antibodies,25 µg,100,1.0,,,,,,1,1,,yes,,,
IMC,149Sm,149,1,0,FDM,1800,91H057149,Anti-pTau [S202/T205] (AT8)-149Sm—15 ug,pTau [S202/T205],AT8,Human,Human,FFPE,Metal-Conjugated Antibodies,15 ug,100,1.0,,,,,,1,1,,yes,,,Imaging Mass Cytometry
IMC,158Gd,158,1,0,FDM,1801,91H057158,Anti-pTau [S202/T205] (AT8)-158Gd—15 ug,pTau [S202/T205],AT8,Human,Human,FFPE,Metal-Conjugated Antibodies,15 ug,100,1.0,,,,,,1,1,,yes,,,Imaging Mass Cytometry
IMC,172Yb,172,1,0,FDM,1802,91H057172,Anti-pTau [S202/T205] (AT8)-172Yb—15 ug,pTau [S202/T205],AT8,Human,Human,FFPE,Metal-Conjugated Antibodies,15 ug,100,1.0,,,,,,1,1,,yes,,,Imaging Mass Cytometry
IMC,143Nd,143,1,0,FDM,1918,3143036D,Anti-PTEN (EPR22636-122)-143Nd—25 ug,PTEN,EPR22636-122,"Human, mouse, rat","Human, mouse, rat",FFPE,Metal-Conjugated Antibodies,25 µg,100,1.0,,,,,,1,1,,yes,,,
IMC,146Nd,146,1,0,FDM,1920,3146024D,Anti-pTYR (TYR-100)-146Nd—25 ug,pTYR,TYR-100,"Human, mouse, rat","Human, mouse, rat",FFPE,Metal-Conjugated Antibodies,25 µg,100,1.0,,,,,,1,1,,yes,,,
IMC,149Sm,149,1,0,FDM,1788,91H053149,Anti-p-AlphaSyn [S129] (EP1536Y)-149Sm—15 ug,p-AlphaSyn [S129],EP1536Y,Human,Human,FFPE,Metal-Conjugated Antibodies,15 ug,100,1.0,,,,,,1,1,,yes,,,Imaging Mass Cytometry
IMC,169Tm,169,1,0,FDM,1789,91H053169,Anti-p-AlphaSyn [S129] (EP1536Y)-169Tm—15 ug,p-AlphaSyn [S129],EP1536Y,Human,Human,FFPE,Metal-Conjugated Antibodies,15 ug,100,1.0,,,,,,1,1,,yes,,,Imaging Mass Cytometry
IMC,172Yb,172,1,0,FDM,1790,91H053172,Anti-p-AlphaSyn [S129] (EP1536Y)-172Yb—15 ug,p-AlphaSyn [S129],EP1536Y,Human,Human,FFPE,Metal-Conjugated Antibodies,15 ug,100,1.0,,,,,,1,1,,yes,,,Imaging Mass Cytometry
IMC,166Er,166,1,0,FDM,1622,3166026D,Anti-pNFkBp65 [S529] (K10x)-166Er,p-NF-kBp65,K10-895.12.50,"Human,Mouse","Human,Mouse",FFPE,Metal-Conjugated Antibodies,25 µg,100,1.0,,,,,,1,1,,yes,,,Imaging Mass Cytometry
IMC,146Nd,146,1,0,FDM,1625,3146021D,Anti-Human/Mouse S100β (EP1576Y)-146Nd,S100beta,EP1576Y,"Human, Mouse, Rat","Human, Mouse, Rat",FFPE,Metal-Conjugated Antibodies,25 µg,100,1.0,,,,,,1,1,,yes,,,Imaging Mass Cytometry
IMC,164Dy,164,1,0,FDM,1624,3164031D,Anti-Human/Mouse S100β (EP1576Y)-164Dy,S100beta,EP1576Y,"Human, Mouse, Rat","Human, Mouse, Rat",FFPE,Metal-Conjugated Antibodies,25 µg,100,1.0,,,,,,1,1,,yes,,,Imaging Mass Cytometry
IMC,171Yb,171,1,0,FDM,1626,91H047171,Anti-SNAIL + SLUG (CL3700)-171Yb-15 ug,SNAIL + SLUG,CL3700,Human,Human,FFPE,Metal-Conjugated Antibodies,15 µg,100,1.0,,,,,,1,1,,yes,,,Imaging Mass Cytometry
IMC,174Yb,174,1,0,FDM,1627,91H047174,Anti-SNAIL + SLUG (CL3700)-174Yb-15 ug,SNAIL + SLUG,CL3700,Human,Human,FFPE,Metal-Conjugated Antibodies,15 µg,100,1.0,,,,,,1,1,,yes,,,Imaging Mass Cytometry
IMC,175Lu,175,1,0,FDM,1628,91H047175,Anti-SNAIL + SLUG (CL3700)-175Lu-15 ug,SNAIL + SLUG,CL3700,Human,Human,FFPE,Metal-Conjugated Antibodies,15 µg,100,1.0,,,,,,1,1,,yes,,,Imaging Mass Cytometry
IMC,169Tm,169,1,0,FDM,1893,91H064169,Anti-SOX2 (EPR3131)-169Tm-15ug,SOX2 ,EPR3131,"Human, Mouse, Rat","Human, Mouse, Rat",FFPE,Metal-Conjugated Antibodies,15 µg,100,1.0,,,,,,1,1,,yes,,,
IMC,147Sm,147,1,0,FDM,1629,3147022D,Anti-SOX9 (EPR14335)-147Sm,SOX-9,EPR14335,"Cross,Human,Mouse","Cross,Human,Mouse",FFPE,Metal-Conjugated Antibodies,25 µg,100,1.0,,,,,,1,1,,yes,,,Imaging Mass Cytometry
IMC,149Sm,149,1,0,FDM,1630,3149024D,Anti-Human Syk (4D10.2)-149Sm—25 µg,Syk,4D10.2,Human,Human,FFPE,Metal-Conjugated Antibodies,25 µg,100,1.0,,,,,,1,1,,yes,,,Imaging Mass Cytometry
IMC,151Eu,151,1,0,FDM,1894,91H065151,Anti-Synaptophysin (D8F6H)-151Eu-15ug,Synaptophysin,D8F6H,"Human, Mouse, Rat","Human, Mouse, Rat",FFPE,Metal-Conjugated Antibodies,15 µg,100,1.0,,,,,,1,1,,yes,,,
IMC,158Gd,158,1,0,FDM,1895,91H065158,Anti-Synaptophysin (D8F6H)-158Gd-15ug,Synaptophysin,D8F6H,"Human, Mouse, Rat","Human, Mouse, Rat",FFPE,Metal-Conjugated Antibodies,15 µg,100,1.0,,,,,,1,1,,yes,,,
IMC,161Dy,161,1,0,FDM,1896,91H065161,Anti-Synaptophysin (D8F6H)-161Dy-15ug,Synaptophysin,D8F6H,"Human, Mouse, Rat","Human, Mouse, Rat",FFPE,Metal-Conjugated Antibodies,15 µg,100,1.0,,,,,,1,1,,yes,,,
IMC,141Pr,141,1,0,FDM,1797,91H056141,Anti-Tau (D1M9X)-141Pr—15 ug,Tau,D1M9X,"Human, Mouse","Human, Mouse",FFPE,Metal-Conjugated Antibodies,15 ug,100,1.0,,,,,,1,1,,yes,,,Imaging Mass Cytometry
IMC,149Sm,149,1,0,FDM,1798,91H056149,Anti-Tau (D1M9X)-149Sm—15 ug,Tau,D1M9X,"Human, Mouse","Human, Mouse",FFPE,Metal-Conjugated Antibodies,15 ug,100,1.0,,,,,,1,1,,yes,,,Imaging Mass Cytometry
IMC,169Tm,169,1,0,FDM,1799,91H056169,Anti-Tau (D1M9X)-169Tm—15 ug,Tau,D1M9X,"Human, Mouse","Human, Mouse",FFPE,Metal-Conjugated Antibodies,15 ug,100,1.0,,,,,,1,1,,yes,,,Imaging Mass Cytometry
IMC,164Dy,164,1,0,FDM,1901,91H067164,Anti-TMEM119 (E3E4T)-164Dy-15ug,TMEM119,E3E4T,Human,Human,FFPE,Metal-Conjugated Antibodies,15 µg,100,1.0,,,,,,1,1,,yes,,,
IMC,171Yb,171,1,0,FDM,1900,91H067171,Anti-TMEM119 (E3E4T)-171Yb-15ug,TMEM119,E3E4T,Human,Human,FFPE,Metal-Conjugated Antibodies,15 µg,100,1.0,,,,,,1,1,,yes,,,
IMC,172Yb,172,1,0,FDM,1902,91H067172,Anti-TMEM119 (E3E4T)-172Yb-15ug,TMEM119,E3E4T,Human,Human,FFPE,Metal-Conjugated Antibodies,15 µg,100,1.0,,,,,,1,1,,yes,,,
IMC,89Y,89,1,0,FDM,1897,91H066089,Anti-Tubulin Beta3 (TuJ1)-89Y-15ug,Tubulin Beta3,TuJ1,"Human, Mouse, Rat","Human, Mouse, Rat",FFPE,Metal-Conjugated Antibodies,15 µg,100,1.0,,,,,,1,1,,yes,,,
IMC,149Sm,149,1,0,FDM,1898,91H066149,Anti-Tubulin Beta3 (TuJ1)-149Sm-15ug,Tubulin Beta3,TuJ1,"Human, Mouse, Rat","Human, Mouse, Rat",FFPE,Metal-Conjugated Antibodies,15 µg,100,1.0,,,,,,1,1,,yes,,,
IMC,153Eu,153,1,0,FDM,1899,91H066153,Anti-Tubulin Beta3 (TuJ1)-153Eu-15ug,Tubulin Beta3,TuJ1,"Human, Mouse, Rat","Human, Mouse, Rat",FFPE,Metal-Conjugated Antibodies,15 µg,100,1.0,,,,,,1,1,,yes,,,
IMC,160Gd,160,1,0,FDM,1632,91H048160,Anti-TWIST1 (10E4E6)-160Gd-15 ug,TWIST1,10E4E6,"Human, Mouse","Human, Mouse",FFPE,Metal-Conjugated Antibodies,15 µg,100,1.0,,,,,,1,1,,yes,,,Imaging Mass Cytometry
IMC,163Dy,163,1,0,FDM,1633,91H048163,Anti-TWIST1 (10E4E6)-163Dy-15 ug,TWIST1,10E4E6,"Human, Mouse","Human, Mouse",FFPE,Metal-Conjugated Antibodies,15 µg,100,1.0,,,,,,1,1,,yes,,,Imaging Mass Cytometry
IMC,166Er,166,1,0,FDM,1634,91H048166,Anti-TWIST1 (10E4E6)-166Er-15 ug,TWIST1,10E4E6,"Human, Mouse","Human, Mouse",FFPE,Metal-Conjugated Antibodies,15 µg,100,1.0,,,,,,1,1,,yes,,,Imaging Mass Cytometry
IMC,141Pr,141,1,0,FDM,1791,91H054141,Anti-Tyrosine Hydroxylase (E2L6M)-141Pr—15 ug,Tyrosine Hydroxylase,E2L6M,"Human, Mouse","Human, Mouse",FFPE,Metal-Conjugated Antibodies,15 ug,100,1.0,,,,,,1,1,,yes,,,Imaging Mass Cytometry
IMC,169Tm,169,1,0,FDM,1792,91H054169,Anti-Tyrosine Hydroxylase (E2L6M)-169Tm—15 ug,Tyrosine Hydroxylase,E2L6M,"Human, Mouse","Human, Mouse",FFPE,Metal-Conjugated Antibodies,15 ug,100,1.0,,,,,,1,1,,yes,,,Imaging Mass Cytometry
IMC,172Yb,172,1,0,FDM,1793,91H054172,Anti-Tyrosine Hydroxylase (E2L6M)-172Yb—15 ug,Tyrosine Hydroxylase,E2L6M,"Human, Mouse","Human, Mouse",FFPE,Metal-Conjugated Antibodies,15 ug,100,1.0,,,,,,1,1,,yes,,,Imaging Mass Cytometry
IMC,163Dy,163,1,0,FDM,1635,3163028D,Anti-Human VEGF (G153-694)-163Dy—25 µg,VEGF,G153-694,Human,Human,FFPE,Metal-Conjugated Antibodies,25 µg,100,1.0,,,,,,1,1,,yes,,,Imaging Mass Cytometry
IMC,143Nd,143,1,0,FDM,1636,3143027D,Anti-Vimentin (D21H3)-143Nd,Vimentin,D21H3,"Cross,Human,Mouse","Cross,Human,Mouse",FFPE,Metal-Conjugated Antibodies,25 µg,100,1.0,,,,,,1,1,,yes,,,Imaging Mass Cytometry
IMC,149Sm,149,1,0,FDM,1638,3149032D,Anti-Vimentin (RV202 )149Sm—15 µg,Vimentin,D21H3,"Human, Mouse, Rat, Rabbit, Bovine, Canine, Hamster, Monkey, Cross","Human, Mouse, Rat, Rabbit, Bovine, Canine, Hamster, Monkey, Cross","FFPE,Frozen",Metal-Conjugated Antibodies,15 µg,100,1.0,,,,,,1,1,,yes,,,Imaging Mass Cytometry
IMC,151Eu,151,1,0,FDM,1639,91H002151,Anti-Vimentin (RV202 )151Eu—15 µg,Vimentin,RV202,"Human, Mouse, Rat, Rabbit, Bovine, Canine, Hamster, Monkey, Cross","Human, Mouse, Rat, Rabbit, Bovine, Canine, Hamster, Monkey, Cross","FFPE,Frozen",Metal-Conjugated Antibodies,15 µg,100,1.0,,,,,,1,1,,yes,,,Imaging Mass Cytometry
IMC,154Sm,154,1,0,FDM,1640,91H002154,Anti-Vimentin (RV202 )154Sm—15 µg,Vimentin,RV202,"Human, Mouse, Rat, Rabbit, Bovine, Canine, Hamster, Monkey, Cross","Human, Mouse, Rat, Rabbit, Bovine, Canine, Hamster, Monkey, Cross","FFPE,Frozen",Metal-Conjugated Antibodies,15 µg,100,1.0,,,,,,1,1,,yes,,,Imaging Mass Cytometry
IMC,143Nd,143,1,0,FDM,1889,3143034D,Anti-Human VISTA (BLR035F)-143Nd—25ug,VISTA,BLR035F,Human,Human,FFPE,Metal-Conjugated Antibodies,25 µg,100,1.0,,,,,,1,1,,yes,,,
IMC,160Gd,160,1,0,FDM,1641,3160025D,Anti-Human Vista (D1L2G)-160Gd—25 µg,Vista,D1L2G,Human,Human,FFPE,Metal-Conjugated Antibodies,25 µg,100,1.0,,,,,,1,1,,yes,,,Imaging Mass Cytometry
IMC,148Nd,148,1,0,FDM,1921,3148028D,Anti-YAP1 (EPR19812)-148Nd—25 ug,YAP1,EPR19812,"Human, mouse","Human, mouse",FFPE,Metal-Conjugated Antibodies,25 µg,100,1.0,,,,,,1,1,,yes,,,
