Application,Part Number,Target,Clone,Metal,Reported Reactivity,Format,Technical Data Sheet,Safety Data Sheet,Sample Type,Assay Type
IMC (Imaging),3089006D,Anti-Human Collagen I,<div>Polyclonal</div>,89Y,"Human, Bovine","25µg, 0.5mg/mL","<a href=""https://fluidigm.my.salesforce.com/sfc/p/700000009DAw/a/4u000000qRbF/wyjrQP2gf4IxygLlhGMKf2kALMwPchfIwiFRmWLFmB0"" target=""_blank"">PRD025-3089006D</a>","<a href=""https://fluidigm.my.salesforce.com/sfc/p/700000009DAw/a/4u000001870w/XU6eX2YZtdejnAfGRls.mPHhJTPvhOp30R18ZV_Asw4"" target=""_blank"">MSDS-3000000X</a>",FFPE,Maxpar
IMC (Imaging),3115001D,Anti-Human CD20,<div>H1</div>,115In,Human,"25µg, 0.5mg/mL","<a href=""https://fluidigm.my.salesforce.com/sfc/p/700000009DAw/a/4u000000qRbZ/zibNgCaJ_dItpIqgZqEnuvlg_PmPqpfHdjHOavF1AMc"" target=""_blank"">PRD025-3115001D</a>","<a href=""https://fluidigm.my.salesforce.com/sfc/p/700000009DAw/a/4u000001871B/MeSTzNFqAX1JSIMP9qax90qQmfB2q0mk6RgDRE8kaTE"" target=""_blank"">SDS-00068</a>",FFPE,Maxpar
IMC (Imaging),3141017D,Anti-Human α-Smooth Muscle Actin,<div>1A4</div>,141Pr,"Human, Mouse","25µg, 0.5mg/mL","<a href=""https://fluidigm.my.salesforce.com/sfc/p/700000009DAw/a/4u0000019iRs/S9qg5DhAeYaxh.PbNWGf83euWhMFe6Zp71j55SV_WYU"" target=""_blank"">PRD025-3141017D</a>","<a href=""https://fluidigm.my.salesforce.com/sfc/p/700000009DAw/a/4u000001870w/XU6eX2YZtdejnAfGRls.mPHhJTPvhOp30R18ZV_Asw4"" target=""_blank"">MSDS-3000000X</a>","FFPE, Frozen",Maxpar
IMC (Imaging),3141018D,Anti-Human CD38 ,<div>EPR4106</div>,141Pr,Human,"25µg, 0.5mg/mL","<a href=""https://fluidigm.my.salesforce.com/sfc/p/700000009DAw/a/4u0000019iSJ/xp.hoh5xXA2k_5OfEd9OZGPTHq7SLQoQU3B.inBuTM8"" target=""_blank"">PRD025-3141018D</a>","<a href=""https://fluidigm.my.salesforce.com/sfc/p/700000009DAw/a/4u000001870w/XU6eX2YZtdejnAfGRls.mPHhJTPvhOp30R18ZV_Asw4"" target=""_blank"">MSDS-3000000X</a>",FFPE,Maxpar
IMC (Imaging),3141020D,Anti-Human CD38 ,<div>HIT2</div>,141Pr,Human,"25µg, 0.5mg/mL","<a href=""https://fluidigm.my.salesforce.com/sfc/p/700000009DAw/a/4u0000019n59/mzbekdzV1P47cLHAmMx8wD360RxkH8Zmws2Y2UOzLnk"" target=""_blank"">PRD025-3141020D</a>","<a href=""https://fluidigm.my.salesforce.com/sfc/p/700000009DAw/a/4u000001870w/XU6eX2YZtdejnAfGRls.mPHhJTPvhOp30R18ZV_Asw4"" target=""_blank"">MSDS-3000000X</a>",Frozen,Maxpar
IMC (Imaging),3141021D,Anti-Human Pan-CytoKeratin,<div>AE-1/AE-3</div>,141Pr,"Human, Rat, Dog, Non-Human Primate","25µg, 0.5mg/mL","<a href=""https://fluidigm.my.salesforce.com/sfc/p/700000009DAw/a/4u000000qRbK/odAy_sFvMWrvKORyuqZIB6.YmALSflnhiJjFOY75cCo"" target=""_blank"">PRD025-3141021D</a>","<a href=""https://fluidigm.my.salesforce.com/sfc/p/700000009DAw/a/4u000001870w/XU6eX2YZtdejnAfGRls.mPHhJTPvhOp30R18ZV_Asw4"" target=""_blank"">MSDS-3000000X</a>",FFPE,Maxpar
IMC (Imaging),3142013D,Anti-Human EGFR ,<div>D38B1</div>,142Nd,"Human, Mouse, Monkey","25µg, 0.5mg/mL","<a href=""https://fluidigm.my.salesforce.com/sfc/p/700000009DAw/a/4u0000019iSN/HKEDsTN.0YV06Gz.lNYLzJOyImoo9WzR.pLY.nHEq40"" target=""_blank"">PRD025-3142013D</a>","<a href=""https://fluidigm.my.salesforce.com/sfc/p/700000009DAw/a/4u000001870w/XU6eX2YZtdejnAfGRls.mPHhJTPvhOp30R18ZV_Asw4"" target=""_blank"">MSDS-3000000X</a>",FFPE,Maxpar
IMC (Imaging),3142014D,Anti-CD19 ,<div>6OMP31</div>,142Nd,"Human, Mouse, Rat","25µg, 0.5mg/mL","<a href=""https://fluidigm.my.salesforce.com/sfc/p/700000009DAw/a/4u0000019iSI/Mmllyal5n4d6qsFsoPBANgXJaLThAKWt8pPxGrhgMQE"" target=""_blank"">PRD025-3142014D</a>","<a href=""https://fluidigm.my.salesforce.com/sfc/p/700000009DAw/a/4u000001870w/XU6eX2YZtdejnAfGRls.mPHhJTPvhOp30R18ZV_Asw4"" target=""_blank"">MSDS-3000000X</a>",FFPE,Maxpar
IMC (Imaging),3142016D,Anti-Human CD19,<div>HIB19</div>,142Nd,"Human, Chimpanzee, Rhesus","25µg, 0.5mg/mL","<a href=""https://fluidigm.my.salesforce.com/sfc/p/700000009DAw/a/4u0000019iRr/iyz.fWyfPRr4_VblJ50G9fXh669bPe6cc0rTkE23TNw"" target=""_blank"">PRD025-3142016D</a>","<a href=""https://fluidigm.my.salesforce.com/sfc/p/700000009DAw/a/4u000001870w/XU6eX2YZtdejnAfGRls.mPHhJTPvhOp30R18ZV_Asw4"" target=""_blank"">MSDS-3000000X</a>",Frozen,Maxpar
IMC (Imaging),3142020D,Anti-Human/Mouse Iba1,<div>EPR16588</div>,142Nd,"Human, Mouse, Rat","25µg, 0.5mg/mL","<a href=""https://fluidigm.my.salesforce.com/sfc/p/700000009DAw/a/4u00000187HY/Kcu21oMtRVZPDlJTlsJsK2kE3eWIyYG3ntohT8fZRU8"" target=""_blank"">PRD025-3142020D</a>","<a href=""https://fluidigm.my.salesforce.com/sfc/p/700000009DAw/a/4u000001870w/XU6eX2YZtdejnAfGRls.mPHhJTPvhOp30R18ZV_Asw4"" target=""_blank"">MSDS-3000000X</a>",FFPE,Maxpar
IMC (Imaging),3142022D,Anti-Human CD38,<div>E7Z8C</div>,142Nd,"Human, Monkey","25µg, 0.5mg/mL","<a href=""https://fluidigm.my.salesforce.com/sfc/p/700000009DAw/a/4u000000qRbv/magW3If1INbaT0E5wib.7zQWr8bCSepqOLtyt0E68xI"" target=""_blank"">PRD025-3142022D</a>","<a href=""https://fluidigm.my.salesforce.com/sfc/p/700000009DAw/a/4u000001870w/XU6eX2YZtdejnAfGRls.mPHhJTPvhOp30R18ZV_Asw4"" target=""_blank"">MSDS-3000000X</a>",FFPE,Maxpar
IMC (Imaging),3143026D,Anti-Human p53 ,<div>DO-7</div>,143Nd,Human,"25µg, 0.5mg/mL","<a href=""https://fluidigm.my.salesforce.com/sfc/p/700000009DAw/a/4u0000019iRq/oYJQJksgUFhFqUE9pPhiBoV.T75VhM7vdU8EQ3HV4Mw"" target=""_blank"">PRD025-3143026D</a>","<a href=""https://fluidigm.my.salesforce.com/sfc/p/700000009DAw/a/4u000001870w/XU6eX2YZtdejnAfGRls.mPHhJTPvhOp30R18ZV_Asw4"" target=""_blank"">MSDS-3000000X</a>",FFPE,Maxpar
IMC (Imaging),3143027D,Anti-Vimentin ,<div>D21H3</div>,143Nd,"Rat, Mouse, Human, Monkey","25µg, 0.5mg/mL","<a href=""https://fluidigm.my.salesforce.com/sfc/p/700000009DAw/a/4u0000019iS8/6bDslCZ0sIqrzB7eUQMQzANpb3o5wYsMUe2OZgbXT74"" target=""_blank"">PRD025-3143027D</a>","<a href=""https://fluidigm.my.salesforce.com/sfc/p/700000009DAw/a/4u000001870w/XU6eX2YZtdejnAfGRls.mPHhJTPvhOp30R18ZV_Asw4"" target=""_blank"">MSDS-3000000X</a>",FFPE,Maxpar
IMC (Imaging),3143029D,Anti-Vimentin ,<div>RV202</div>,143Nd,"Rabbit, Rat, Mouse, Bovine, Canine, Hamster, Monkey, Cross","25µg, 0.5mg/mL","<a href=""https://fluidigm.my.salesforce.com/sfc/p/700000009DAw/a/4u0000019iQS/n_XnHE2K5WCZlG8uJWWd6UsognMwfAkoxBPNTbnD2_k"" target=""_blank"">PRD025-3143029D</a>","<a href=""https://fluidigm.my.salesforce.com/sfc/p/700000009DAw/a/4u000001870w/XU6eX2YZtdejnAfGRls.mPHhJTPvhOp30R18ZV_Asw4"" target=""_blank"">MSDS-3000000X</a>","FFPE, Frozen",Maxpar
IMC (Imaging),3143030D,Anti-Human/Mouse GFAP,<div>GA5</div>,143Nd,"Human, Mouse, Chicken, Pig, Rabbit, Rat","25µg, 0.5mg/mL","<a href=""https://fluidigm.my.salesforce.com/sfc/p/700000009DAw/a/4u00000187I7/cGi37sB8WlRkkRvCUMuOlPqGlZoyGPZ6oQfpsJB_Su4"" target=""_blank"">PRD025-3143030D</a>","<a href=""https://fluidigm.my.salesforce.com/sfc/p/700000009DAw/a/4u000001870w/XU6eX2YZtdejnAfGRls.mPHhJTPvhOp30R18ZV_Asw4"" target=""_blank"">MSDS-3000000X</a>",FFPE,Maxpar
IMC (Imaging),3143032D,Anti-Human CD7,<div>EPR4242</div>,143Nd,"Human, Mouse, Rat","25µg, 0.5mg/mL","<a href=""https://fluidigm.my.salesforce.com/sfc/p/700000009DAw/a/4u000000qRc3/FjI6EvbnlUPZBGVgAkCdnmA35Wy4IHiMoAJU_QWVuIE"" target=""_blank"">PRD025-3143032D</a>","<a href=""https://fluidigm.my.salesforce.com/sfc/p/700000009DAw/a/4u000001870w/XU6eX2YZtdejnAfGRls.mPHhJTPvhOp30R18ZV_Asw4"" target=""_blank"">MSDS-3000000X</a>",FFPE,Maxpar
IMC (Imaging),3144024D,Anti-pTyrosine,<div>P-Tyr-100</div>,144Nd,"Rat, Mouse, Human, All","25µg, 0.5mg/mL","<a href=""https://fluidigm.my.salesforce.com/sfc/p/700000009DAw/a/4u0000019iRt/wpIE7cU1N.mDBURBO4N94HkZp2T88R.3wZxtVTACj2s"" target=""_blank"">PRD025-3144024D</a>","<a href=""https://fluidigm.my.salesforce.com/sfc/p/700000009DAw/a/4u000001870w/XU6eX2YZtdejnAfGRls.mPHhJTPvhOp30R18ZV_Asw4"" target=""_blank"">MSDS-3000000X</a>",FFPE,Maxpar
IMC (Imaging),3144025D,Anti-Human CD14 ,<div>EPR3653</div>,144Nd,Human,"25µg, 0.5mg/mL","<a href=""https://fluidigm.my.salesforce.com/sfc/p/700000009DAw/a/4u0000019iRp/AA9BCUK2IxeXmzz9HiW3FNjeyp3V19QUfhKp2xOZsP0"" target=""_blank"">PRD025-3144025D</a>","<a href=""https://fluidigm.my.salesforce.com/sfc/p/700000009DAw/a/4u000001870w/XU6eX2YZtdejnAfGRls.mPHhJTPvhOp30R18ZV_Asw4"" target=""_blank"">MSDS-3000000X</a>",FFPE,Maxpar
IMC (Imaging),3144027D,"Anti-Human HLA-A,B,C ",<div>W6/32</div>,144Nd,Human,"25µg, 0.5mg/mL","<a href=""https://fluidigm.my.salesforce.com/sfc/p/700000009DAw/a/4u0000019iRg/dz71AWXfzoGkhrugwWHpO0zEsHu5NB_GG3dajqcsv_U"" target=""_blank"">PRD025-3144027D</a>","<a href=""https://fluidigm.my.salesforce.com/sfc/p/700000009DAw/a/4u000001870w/XU6eX2YZtdejnAfGRls.mPHhJTPvhOp30R18ZV_Asw4"" target=""_blank"">MSDS-3000000X</a>",Frozen,Maxpar
IMC (Imaging),3144030D,Anti-Human CD11b,<div>EPR1344</div>,144Nd,"Mouse, Rat, Human, Pig, Rhesus Monkey","25µg, 0.5mg/mL","<a href=""https://fluidigm.my.salesforce.com/sfc/p/700000009DAw/a/4u000000qRbj/ilMsGGqveuxrFbO9z.PJSsTqANVBR4OpOZsY8SE06mU"" target=""_blank"">PRD025-3144030D</a>","<a href=""https://fluidigm.my.salesforce.com/sfc/p/700000009DAw/a/4u000001870w/XU6eX2YZtdejnAfGRls.mPHhJTPvhOp30R18ZV_Asw4"" target=""_blank"">MSDS-3000000X</a>",FFPE,Maxpar
IMC (Imaging),3145019D,Anti-Human/Mouse NeuN,<div>EPR12763</div>,145Nd,"Human, Mouse, Rat, Sheep, Goat, Cat, Dog, Zebrafish, Common Marmoset","25µg, 0.5mg/mL","<a href=""https://fluidigm.my.salesforce.com/sfc/p/700000009DAw/a/4u000001VRnY/IsOXLfPVrYJl9S0Me88NTEvZmGN8tGkrvEhDjm8OeYo"" target=""_blank"">PRD025-3145019D</a>","<a href=""https://fluidigm.my.salesforce.com/sfc/p/700000009DAw/a/4u000001870w/XU6eX2YZtdejnAfGRls.mPHhJTPvhOp30R18ZV_Asw4"" target=""_blank"">MSDS-3000000X</a>",FFPE,Maxpar
IMC (Imaging),3145021D,Anti-Human CD15/SSEA-1,<div>W6D3</div>,145Nd,Human,"25µg, 0.5mg/mL","<a href=""https://fluidigm.my.salesforce.com/sfc/p/700000009DAw/a/4u000000qRbx/ZY_T0tNJx4rxy3sOnpuVscvz5PG3_Voj98uBxFnKCb0"" target=""_blank"">PRD025-3145021D</a>","<a href=""https://fluidigm.my.salesforce.com/sfc/p/700000009DAw/a/4u000001870w/XU6eX2YZtdejnAfGRls.mPHhJTPvhOp30R18ZV_Asw4"" target=""_blank"">MSDS-3000000X</a>",FFPE,Maxpar
IMC (Imaging),3146019D,Anti-Human/Mouse BCL-2,<div>EPR17509</div>,146Nd,"Human, Mouse","25µg, 0.5mg/mL","<a href=""https://fluidigm.my.salesforce.com/sfc/p/700000009DAw/a/4u0000019iPq/onsLZXti.nGvwJfpC90Jp95H0blc5GNN4F8QmcxgbfY"" target=""_blank"">PRD025-3146019D</a>","<a href=""https://fluidigm.my.salesforce.com/sfc/p/700000009DAw/a/4u000001870w/XU6eX2YZtdejnAfGRls.mPHhJTPvhOp30R18ZV_Asw4"" target=""_blank"">MSDS-3000000X</a>",FFPE,Maxpar
IMC (Imaging),3146020D,Anti-Human CD16 ,<div>EPR16784</div>,146Nd,Human,"25µg, 0.5mg/mL","<a href=""https://fluidigm.my.salesforce.com/sfc/p/#700000009DAw/a/4u0000019iRe/iDUh_mtBTeR.A4Y8617m.CeXBk3xZa3TQcHL8zdxdxs"" target=""_blank"">PRD025-3146020D</a>","<a href=""https://fluidigm.my.salesforce.com/sfc/p/700000009DAw/a/4u000001870w/XU6eX2YZtdejnAfGRls.mPHhJTPvhOp30R18ZV_Asw4"" target=""_blank"">MSDS-3000000X</a>","FFPE, Frozen",Maxpar
IMC (Imaging),3146021D,Anti-Human/Mouse S100β,<div>EP1576Y</div>,146Nd,"Human, Mouse, Rat","25µg, 0.5mg/mL","<a href=""https://fluidigm.my.salesforce.com/sfc/p/700000009DAw/a/4u000001VRnd/RjMrcj6ZF8Ap21X97JTdVoFLsCDP.KC6_MSuWZPlI3k"" target=""_blank"">PRD025-3146021D</a>","<a href=""https://fluidigm.my.salesforce.com/sfc/p/700000009DAw/a/4u000001870w/XU6eX2YZtdejnAfGRls.mPHhJTPvhOp30R18ZV_Asw4"" target=""_blank"">MSDS-3000000X</a>",FFPE,Maxpar
IMC (Imaging),3147020D,Anti-Human/Mouse BCL-6 ,<div>K112-91</div>,147Sm,"Human, Mouse","25µg, 0.5mg/mL","<a href=""https://fluidigm.my.salesforce.com/sfc/p/700000009DAw/a/4u0000019iRP/3jxUGH9f7wBxlGNdOO1TGh7l3vYThqA_99rtvKn72zE"" target=""_blank"">PRD025-3147020D</a>","<a href=""https://fluidigm.my.salesforce.com/sfc/p/700000009DAw/a/4u000001870w/XU6eX2YZtdejnAfGRls.mPHhJTPvhOp30R18ZV_Asw4"" target=""_blank"">MSDS-3000000X</a>",FFPE,Maxpar
IMC (Imaging),3147021D,Anti-Human CD163/M130 ,<div>EDHu-1</div>,147Sm,Human,"25µg, 0.5mg/mL","<a href=""https://fluidigm.my.salesforce.com/sfc/p/700000009DAw/a/4u0000019iR7/Lwq5zVvrZE61icCKP_drS0j041sczNdj4s6x4.bjgio"" target=""_blank"">PRD025-3147021D</a>","<a href=""https://fluidigm.my.salesforce.com/sfc/p/700000009DAw/a/4u000001870w/XU6eX2YZtdejnAfGRls.mPHhJTPvhOp30R18ZV_Asw4"" target=""_blank"">MSDS-3000000X</a>","FFPE, Frozen",Maxpar
IMC (Imaging),3147022D,Anti-SOX9,<div>EPR14335</div>,147Sm,Human,"25µg, 0.5mg/mL","<a href=""https://fluidigm.my.salesforce.com/sfc/p/700000009DAw/a/4u0000019iPp/e2qpL04FreLyTzgQjp38hjy56XvpKq3j.7dtVeptD3c"" target=""_blank"">PRD025-3147022D</a>","<a href=""https://fluidigm.my.salesforce.com/sfc/p/700000009DAw/a/4u000001870w/XU6eX2YZtdejnAfGRls.mPHhJTPvhOp30R18ZV_Asw4"" target=""_blank"">MSDS-3000000X</a>",FFPE,Maxpar
IMC (Imaging),3148020D,Anti-Human Pan-Keratin ,<div>C11</div>,148Nd,"Human, Mouse, Rat, Monkey","25µg, 0.5mg/mL","<a href=""https://fluidigm.my.salesforce.com/sfc/p/700000009DAw/a/4u0000019iPZ/GfPpGYYAbmrr8egRAu63WUbCX3ZrS1RviQ4EjK_MxNs"" target=""_blank"">PRD025-3148020D</a>","<a href=""https://fluidigm.my.salesforce.com/sfc/p/700000009DAw/a/4u000001870w/XU6eX2YZtdejnAfGRls.mPHhJTPvhOp30R18ZV_Asw4"" target=""_blank"">MSDS-3000000X</a>","FFPE, Frozen",Maxpar
IMC (Imaging),3148021D,Anti-Human CD278/ICOS ,<div>D1K2T</div>,148Nd,Human,"25µg, 0.5mg/mL","<a href=""https://fluidigm.my.salesforce.com/sfc/p/700000009DAw/a/4u0000019iPg/LuI5s6MraLe_WfvE.YqnxHZT00JRlX6wpDsIYgiVhA8"" target=""_blank"">PRD025-3148021D</a>","<a href=""https://fluidigm.my.salesforce.com/sfc/p/700000009DAw/a/4u000001870w/XU6eX2YZtdejnAfGRls.mPHhJTPvhOp30R18ZV_Asw4"" target=""_blank"">MSDS-3000000X</a>",FFPE,Maxpar
IMC (Imaging),3148022D,Anti-Pan-Cytokeratin ,<div>AE-1/AE-3</div>,148Nd,Human,"25µg, 0.5mg/mL","<a href=""https://fluidigm.my.salesforce.com/sfc/p/700000009DAw/a/4u0000019n5E/gdvMQvxG.2pMw1aMSiMWkrTbC1IYmY5CoVnY4lKmmPQ"" target=""_blank"">PRD025-3148022D</a>","<a href=""https://fluidigm.my.salesforce.com/sfc/p/700000009DAw/a/4u000001870w/XU6eX2YZtdejnAfGRls.mPHhJTPvhOp30R18ZV_Asw4"" target=""_blank"">MSDS-3000000X</a>","FFPE, Frozen",Maxpar
IMC (Imaging),3148023D,Anti-Human/Mouse MAP2,<div>EPR19691</div>,148Nd,"Human, Mouse, Rat","25µg, 0.5mg/mL","<a href=""https://fluidigm.my.salesforce.com/sfc/p/700000009DAw/a/4u00000187Hy/p2kxvhYaycnny7DdUHVKpq0Q5PecP5k8B7NA4ImJR7E"" target=""_blank"">PRD025-3148023D</a>","<a href=""https://fluidigm.my.salesforce.com/sfc/p/700000009DAw/a/4u000001870w/XU6eX2YZtdejnAfGRls.mPHhJTPvhOp30R18ZV_Asw4"" target=""_blank"">MSDS-3000000X</a>",FFPE,Maxpar
IMC (Imaging),3148024D,Anti-Human MPO,<div>EPR20257</div>,148Nd,"Human, Mouse, Rat","25µg, 0.5mg/mL","<a href=""https://fluidigm.my.salesforce.com/sfc/p/700000009DAw/a/4u000000qRc8/q9Te6rMCP0g5Hz6B_K30zd35xLJxv3AJqSLgCCnPYmY"" target=""_blank"">PRD025-3148024D</a>","<a href=""https://fluidigm.my.salesforce.com/sfc/p/700000009DAw/a/4u000001870w/XU6eX2YZtdejnAfGRls.mPHhJTPvhOp30R18ZV_Asw4"" target=""_blank"">MSDS-3000000X</a>",FFPE,Maxpar
IMC (Imaging),3149023D,Anti-p4E-BP1 [T37/T46],<div>236B4</div>,149Sm,Human,"25µg, 0.5mg/mL","<a href=""https://fluidigm.my.salesforce.com/sfc/p/700000009DAw/a/4u0000019iR6/HpkmQ23lnoxKYXlSFOgptNZbYvtUcoQg.JV92r55NMQ"" target=""_blank"">PRD025-3149023D</a>","<a href=""https://fluidigm.my.salesforce.com/sfc/p/700000009DAw/a/4u000001870w/XU6eX2YZtdejnAfGRls.mPHhJTPvhOp30R18ZV_Asw4"" target=""_blank"">MSDS-3000000X</a>",FFPE,Maxpar
IMC (Imaging),3149024D,Anti-Human Syk ,<div>4D10.2</div>,149Sm,Human,"25µg, 0.5mg/mL","<a href=""https://fluidigm.my.salesforce.com/sfc/p/700000009DAw/a/4u0000019iQh/_52JQWkaaiS1Nuy4Id97OWUh_hYh2kSbeXX36I8BtM4"" target=""_blank"">PRD025-3149024D</a>","<a href=""https://fluidigm.my.salesforce.com/sfc/p/700000009DAw/a/4u000001870w/XU6eX2YZtdejnAfGRls.mPHhJTPvhOp30R18ZV_Asw4"" target=""_blank"">MSDS-3000000X</a>",FFPE,Maxpar
IMC (Imaging),3149026D,Anti-Human CD15 ,<div>W6D3</div>,149Sm,Human,"25µg, 0.5mg/mL","<a href=""https://fluidigm.my.salesforce.com/sfc/p/700000009DAw/a/4u0000019iPf/4gz1SUoBbYaLs.TX5YhQdvXlkP1_IKUG9EsHiNWp7_E"" target=""_blank"">PRD025-3149026D</a>","<a href=""https://fluidigm.my.salesforce.com/sfc/p/700000009DAw/a/4u000001870w/XU6eX2YZtdejnAfGRls.mPHhJTPvhOp30R18ZV_Asw4"" target=""_blank"">MSDS-3000000X</a>","FFPE, Frozen",Maxpar
IMC (Imaging),3149028D,Anti-Human/Mouse CD11b ,<div>EPR1344</div>,149Sm,"Human, Mouse","25µg, 0.5mg/mL","<a href=""https://fluidigm.my.salesforce.com/sfc/p/700000009DAw/a/4u0000019iR5/AMAp_Q5uNgjYQtflGNM7TMKnl4ljOGOk9EwzokX_SrA"" target=""_blank"">PRD025-3149028D</a>","<a href=""https://fluidigm.my.salesforce.com/sfc/p/700000009DAw/a/4u000001870w/XU6eX2YZtdejnAfGRls.mPHhJTPvhOp30R18ZV_Asw4"" target=""_blank"">MSDS-3000000X</a>",FFPE,Maxpar
IMC (Imaging),3149030D,Anti-Human CD194/CCR4 ,<div>L291H4</div>,149Sm,Human,"25µg, 0.5mg/mL","<a href=""https://fluidigm.my.salesforce.com/sfc/p/700000009DAw/a/4u0000019iR0/KuljN1YAoLkUXGjO.ypt2amXhtO8hstvEKel6_GvE38"" target=""_blank"">PRD025-3149030D</a>","<a href=""https://fluidigm.my.salesforce.com/sfc/p/700000009DAw/a/4u000001870w/XU6eX2YZtdejnAfGRls.mPHhJTPvhOp30R18ZV_Asw4"" target=""_blank"">MSDS-3000000X</a>",FFPE,Maxpar
IMC (Imaging),3149032D,Anti-Human Vimentin,<div>D21H3</div>,149Sm,"Human, Mouse, Rat, Hamster, Monkey","25µg, 0.5mg/mL","<a href=""https://fluidigm.my.salesforce.com/sfc/p/700000009DAw/a/4u000000qRby/6NFzSC87a2AYiw9ls.4WcM65yFti6_WCVwkjJmQCqz0"" target=""_blank"">PRD025-3149032D</a>","<a href=""https://fluidigm.my.salesforce.com/sfc/p/700000009DAw/a/4u000001870w/XU6eX2YZtdejnAfGRls.mPHhJTPvhOp30R18ZV_Asw4"" target=""_blank"">MSDS-3000000X</a>",FFPE,Maxpar
IMC (Imaging),3150029D,Anti-Human CD63 ,<div>H5C6</div>,150Nd,Human,"25µg, 0.5mg/mL","<a href=""https://fluidigm.my.salesforce.com/sfc/p/700000009DAw/a/4u0000019iQl/UhN8pVnRQq0b50gebK21kllYs8466IJG7A0iO2uX9jc"" target=""_blank"">PRD025-3150029D</a>","<a href=""https://fluidigm.my.salesforce.com/sfc/p/700000009DAw/a/4u000001870w/XU6eX2YZtdejnAfGRls.mPHhJTPvhOp30R18ZV_Asw4"" target=""_blank"">MSDS-3000000X</a>",FFPE,Maxpar
IMC (Imaging),3150031D,Anti-Human PD-L1,<div>E1L3N</div>,150Nd,Human,"25µg, 0.5mg/mL","<a href=""https://fluidigm.my.salesforce.com/sfc/p/700000009DAw/a/4u0000019iQc/Dowh4Oxs7AbWV8JvnUC0P0e10JssGtg2fMK3A_XrE1Q"" target=""_blank"">PRD025-3150031D</a>","<a href=""https://fluidigm.my.salesforce.com/sfc/p/700000009DAw/a/4u000001870w/XU6eX2YZtdejnAfGRls.mPHhJTPvhOp30R18ZV_Asw4"" target=""_blank"">MSDS-3000000X</a>",FFPE,Maxpar
IMC (Imaging),3150032D,Anti-Human CD227/Mucin 1,<div>SM3</div>,150Nd,Human,"25µg, 0.5mg/mL","<a href=""https://fluidigm.my.salesforce.com/sfc/p/700000009DAw/a/4u0000019n5J/TIoKfUOT63i2m0CX_X0E0bdhPHJwOMh9X5aYyh2f1rY"" target=""_blank"">PRD025-3150032D</a>","<a href=""https://fluidigm.my.salesforce.com/sfc/p/700000009DAw/a/4u000001870w/XU6eX2YZtdejnAfGRls.mPHhJTPvhOp30R18ZV_Asw4"" target=""_blank"">MSDS-3000000X</a>",FFPE,Maxpar
IMC (Imaging),3150033D,Anti-Human CD274/PD-L1,<div>SP142 </div>,150Nd,Human,"25µg, 0.5mg/mL","<a href=""https://fluidigm.my.salesforce.com/sfc/p/700000009DAw/a/4u0000019n5O/kEHuzEG_4p.3H7zu3.V.XPo96TKO4xDjxcehww.Jqrc"" target=""_blank"">PRD025-3150033D</a>","<a href=""https://fluidigm.my.salesforce.com/sfc/p/700000009DAw/a/4u000001870w/XU6eX2YZtdejnAfGRls.mPHhJTPvhOp30R18ZV_Asw4"" target=""_blank"">MSDS-3000000X</a>","FFPE, Frozen",Maxpar
IMC (Imaging),3150035D,Anti-Human Ki-67,<div>B56</div>,150Nd,"Human, Mouse, Rat, Rhesus","25µg, 0.5mg/mL","<a href=""https://fluidigm.my.salesforce.com/sfc/p/700000009DAw/a/4u000000qRbu/hInBhh_tcrkvowVLWiuSq.Jo4egwUA_5IOFxFE0R5kE"" target=""_blank"">PRD025-3150035D</a>","<a href=""https://fluidigm.my.salesforce.com/sfc/p/700000009DAw/a/4u000001870w/XU6eX2YZtdejnAfGRls.mPHhJTPvhOp30R18ZV_Asw4"" target=""_blank"">MSDS-3000000X</a>",FFPE,Maxpar
IMC (Imaging),3151021D,Anti-Human CD107a/LAMP-1,<div>H4A3 </div>,151Eu,Human,"25µg, 0.5mg/mL","<a href=""https://fluidigm.my.salesforce.com/sfc/p/700000009DAw/a/4u0000019iPu/bAj9Ijwh6xEPL9WGGr.FF.8FkqQlhByKWmbk4PMwDuQ"" target=""_blank"">PRD025-3151021D</a>","<a href=""https://fluidigm.my.salesforce.com/sfc/p/700000009DAw/a/4u000001870w/XU6eX2YZtdejnAfGRls.mPHhJTPvhOp30R18ZV_Asw4"" target=""_blank"">MSDS-3000000X</a>",FFPE,Maxpar
IMC (Imaging),3151024D,Anti-Human CD134/OX40 ,<div>Polyclonal</div>,151Eu,Human,"25µg, 0.5mg/mL","<a href=""https://fluidigm.my.salesforce.com/sfc/p/700000009DAw/a/4u0000019iQg/9Ww2wqQ_JMQHsRUIWBoUb9NThrk4nQpYYuRW5W7p1.g"" target=""_blank"">PRD025-3151024D</a>","<a href=""https://fluidigm.my.salesforce.com/sfc/p/700000009DAw/a/4u000001870w/XU6eX2YZtdejnAfGRls.mPHhJTPvhOp30R18ZV_Asw4"" target=""_blank"">MSDS-3000000X</a>",FFPE,Maxpar
IMC (Imaging),3151025D,Anti-Human CD31/PECAM-1 ,<div>EPR3094</div>,151Eu,Human,"25µg, 0.5mg/mL","<a href=""https://fluidigm.my.salesforce.com/sfc/p/700000009DAw/a/4u0000019iPo/GbhB6um_uCIP4E8HlBxErRRmxlKsI3XRdKXLU5chhYE"" target=""_blank"">PRD025-3151025D</a>","<a href=""https://fluidigm.my.salesforce.com/sfc/p/700000009DAw/a/4u000001870w/XU6eX2YZtdejnAfGRls.mPHhJTPvhOp30R18ZV_Asw4"" target=""_blank"">MSDS-3000000X</a>",FFPE,Maxpar
IMC (Imaging),3151026D,Anti-Human IgM ,<div>MHM-88</div>,151Eu,Human,"25µg, 0.5mg/mL","<a href=""https://fluidigm.my.salesforce.com/sfc/p/700000009DAw/a/4u0000019n5T/Z_1d5u4LFKriy28whPsAqWt6uK86vsJRwwF8.LUJNf4"" target=""_blank"">PRD025-3151026D</a>","<a href=""https://fluidigm.my.salesforce.com/sfc/p/700000009DAw/a/4u000001870w/XU6eX2YZtdejnAfGRls.mPHhJTPvhOp30R18ZV_Asw4"" target=""_blank"">MSDS-3000000X</a>",Frozen,Maxpar
IMC (Imaging),3151027D,Anti-Human CD31 ,<div>WM59</div>,151Eu,Human,"25µg, 0.5mg/mL","<a href=""https://fluidigm.my.salesforce.com/sfc/p/700000009DAw/a/4u0000019n5U/4nSiqqTgyCfNdaysj.vHyIkDcDzGWHtzj1O1yT1rk5U"" target=""_blank"">PRD025-3151027D</a>","<a href=""https://fluidigm.my.salesforce.com/sfc/p/700000009DAw/a/4u000001870w/XU6eX2YZtdejnAfGRls.mPHhJTPvhOp30R18ZV_Asw4"" target=""_blank"">MSDS-3000000X</a>",Frozen,Maxpar
IMC (Imaging),3151028D,Anti-Human/Mouse CD34,<div>EP373Y</div>,151Eu,"Human, Mouse, Rat","25µg, 0.5mg/mL","<a href=""https://fluidigm.my.salesforce.com/sfc/p/700000009DAw/a/4u00000187I2/dgnpktG5Gbn923o_3plzrcSWGSEu8MLE2RtkqTFdp2A"" target=""_blank"">PRD025-3151028D</a>","<a href=""https://fluidigm.my.salesforce.com/sfc/p/700000009DAw/a/4u000001870w/XU6eX2YZtdejnAfGRls.mPHhJTPvhOp30R18ZV_Asw4"" target=""_blank"">MSDS-3000000X</a>",FFPE,Maxpar
IMC (Imaging),3152018D,Anti-Human CD45 ,<div>D9M8I</div>,152Sm,Human,"25µg, 0.5mg/mL","<a href=""https://fluidigm.my.salesforce.com/sfc/p/700000009DAw/a/4u0000019iQb/jwJN6.0a8LDNv51F331BdoCYf5h13W9puRmAPGNEpps"" target=""_blank"">PRD025-3152018D</a>","<a href=""https://fluidigm.my.salesforce.com/sfc/p/700000009DAw/a/4u000001870w/XU6eX2YZtdejnAfGRls.mPHhJTPvhOp30R18ZV_Asw4"" target=""_blank"">MSDS-3000000X</a>","FFPE, Frozen",Maxpar
IMC (Imaging),3153028D,Anti-Human CD223/LAG-3,<div>D2G40</div>,153Eu,Human,"25µg, 0.5mg/mL","<a href=""https://fluidigm.my.salesforce.com/sfc/p/700000009DAw/a/4u0000019iPe/EdHxeQ6J2aZfxQrZu5MNwJFo1j6MW4jiwFM8QJUyQV0"" target=""_blank"">PRD025-3153028D</a>","<a href=""https://fluidigm.my.salesforce.com/sfc/p/700000009DAw/a/4u000001870w/XU6eX2YZtdejnAfGRls.mPHhJTPvhOp30R18ZV_Asw4"" target=""_blank"">MSDS-3000000X</a>",FFPE,Maxpar
IMC (Imaging),3153029D,Anti-Human/Mouse CD44 ,<div>IM7</div>,153Eu,"Human, Mouse, Cynomolgus Monkey, Rhesus, Chimpanzee, Olive Baboon, Bovine, Canine, Porcine, Equine, Feline","25µg, 0.5mg/mL","<a href=""https://fluidigm.my.salesforce.com/sfc/p/700000009DAw/a/4u0000019iQR/.qhDk0jXx07WH5eSZln6OdfEC4.kDuVh2FdSYVy7_0Q"" target=""_blank"">PRD025-3153029D</a>","<a href=""https://fluidigm.my.salesforce.com/sfc/p/700000009DAw/a/4u000001870w/XU6eX2YZtdejnAfGRls.mPHhJTPvhOp30R18ZV_Asw4"" target=""_blank"">MSDS-3000000X</a>","FFPE, Frozen",Maxpar
IMC (Imaging),3154021D,Anti-β-actin ,<div>2F1-1</div>,154Sm,Human,"25µg, 0.5mg/mL","<a href=""https://fluidigm.my.salesforce.com/sfc/p/700000009DAw/a/4u0000019iQ4/XXGZqFWolz2Rm8huRH_EQ3aodu6CqVQvEnPl6wSOtXU"" target=""_blank"">PRD025-3154021D</a>","<a href=""https://fluidigm.my.salesforce.com/sfc/p/700000009DAw/a/4u000001870w/XU6eX2YZtdejnAfGRls.mPHhJTPvhOp30R18ZV_Asw4"" target=""_blank"">MSDS-3000000X</a>",FFPE,Maxpar
IMC (Imaging),3154024D,Anti-Human CD366/TIM-3,<div>D5D5R</div>,154Sm,Human,"25µg, 0.5mg/mL","<a href=""https://fluidigm.my.salesforce.com/sfc/p/700000009DAw/a/4u0000019iQM/E3jsllXjDW3nYcadCC2ciKysvk9H6i6pDh4Z0iuDZtU"" target=""_blank"">PRD025-3154024D</a>","<a href=""https://fluidigm.my.salesforce.com/sfc/p/700000009DAw/a/4u000001870w/XU6eX2YZtdejnAfGRls.mPHhJTPvhOp30R18ZV_Asw4"" target=""_blank"">MSDS-3000000X</a>",FFPE,Maxpar
IMC (Imaging),3154026D,Anti-Human CD11c ,<div>3.9</div>,154Sm,Human,"25µg, 0.5mg/mL","<a href=""https://fluidigm.my.salesforce.com/sfc/p/700000009DAw/a/4u0000019n5Y/3yBwwHyM0bN4BJUDyLHSLPCG8umWpw3tm2qTR9R_e5U"" target=""_blank"">PRD025-3154026D</a>","<a href=""https://fluidigm.my.salesforce.com/sfc/p/700000009DAw/a/4u000001870w/XU6eX2YZtdejnAfGRls.mPHhJTPvhOp30R18ZV_Asw4"" target=""_blank"">MSDS-3000000X</a>",Frozen,Maxpar
IMC (Imaging),3154027D,Anti-Human CD11c,<div>D3V1E</div>,154Sm,Human,"25µg, 0.5mg/mL","<a href=""https://fluidigm.my.salesforce.com/sfc/p/700000009DAw/a/4u000000qRbo/WxrG.Ddib78z2MTi2cyBcrovS6aN9ZmTCzogAKf857A"" target=""_blank"">PRD025-3154027D</a>","<a href=""https://fluidigm.my.salesforce.com/sfc/p/700000009DAw/a/4u000001870w/XU6eX2YZtdejnAfGRls.mPHhJTPvhOp30R18ZV_Asw4"" target=""_blank"">MSDS-3000000X</a>",FFPE,Maxpar
IMC (Imaging),3155017D,Anti-Human IDO ,<div>D5J4E</div>,155Gd,Human,"25µg, 0.5mg/mL","<a href=""https://fluidigm.my.salesforce.com/sfc/p/700000009DAw/a/4u0000019iQ3/e5D8G9xYh8zpqqddgNiHs1PXzUfaiKyjrskH9bkvAzU"" target=""_blank"">PRD025-3155017D</a>","<a href=""https://fluidigm.my.salesforce.com/sfc/p/700000009DAw/a/4u000001870w/XU6eX2YZtdejnAfGRls.mPHhJTPvhOp30R18ZV_Asw4"" target=""_blank"">MSDS-3000000X</a>",FFPE,Maxpar
IMC (Imaging),3155018D,Anti-Human FoxP3 ,<div>PCH101</div>,155Gd,"Human, Chimpanzee, Cynomolgus Monkey, Non-Human Primate, Rhesus Monkey","25µg, 0.5mg/mL","<a href=""https://fluidigm.my.salesforce.com/sfc/p/#700000009DAw/a/QQ000007ewMD/EyvxRaDH.Is.r2fu2JAMnloXYqdb.GGGnIHfC4JPDB4"" target=""_blank"">PRD025-3155018D</a>","<a href=""https://fluidigm.my.salesforce.com/sfc/p/700000009DAw/a/4u000001870w/XU6eX2YZtdejnAfGRls.mPHhJTPvhOp30R18ZV_Asw4"" target=""_blank"">MSDS-3000000X</a>",FFPE,Maxpar
IMC (Imaging),3156033D,Anti-Human CD4 ,<div>EPR6855</div>,156Gd,Human,"25µg, 0.5mg/mL","<a href=""https://fluidigm.my.salesforce.com/sfc/p/700000009DAw/a/4u0000019q09/z61I1lPUa.yt50BzirMZu6pIxE8QwiOjQmvMkdCf6pg"" target=""_blank"">PRD025-3156033D</a>","<a href=""https://fluidigm.my.salesforce.com/sfc/p/700000009DAw/a/4u000001870w/XU6eX2YZtdejnAfGRls.mPHhJTPvhOp30R18ZV_Asw4"" target=""_blank"">MSDS-3000000X</a>",FFPE,Maxpar
IMC (Imaging),3156035D,Anti-Human CD86,<div>IT2.2</div>,156Gd,Human,"25µg, 0.5mg/mL","<a href=""https://fluidigm.my.salesforce.com/sfc/p/700000009DAw/a/4u0000019n5i/ONMFFk3zB2enbONi7IRO91sOJzQI.RJJ.740xC1UNT8"" target=""_blank"">PRD025-3156035D</a>","<a href=""https://fluidigm.my.salesforce.com/sfc/p/700000009DAw/a/4u000001870w/XU6eX2YZtdejnAfGRls.mPHhJTPvhOp30R18ZV_Asw4"" target=""_blank"">MSDS-3000000X</a>",Frozen,Maxpar
IMC (Imaging),3156036D,Anti-Human CD4 ,<div>RPA-T4</div>,156Gd,Human,"25µg, 0.5mg/mL","<a href=""https://fluidigm.my.salesforce.com/sfc/p/700000009DAw/a/4u0000019n5n/ZahoQ7cuG5X.AguIU.gU4ZkI8dOKdJuXP0Z7qxl0jH8"" target=""_blank"">PRD025-3156036D</a>","<a href=""https://fluidigm.my.salesforce.com/sfc/p/700000009DAw/a/4u000001870w/XU6eX2YZtdejnAfGRls.mPHhJTPvhOp30R18ZV_Asw4"" target=""_blank"">MSDS-3000000X</a>",Frozen,Maxpar
IMC (Imaging),3158029D,Anti-E-Cadherin ,<div>24E10</div>,158Gd,"Human, Mouse, Bovine, Cross","25µg, 0.5mg/mL","<a href=""https://fluidigm.my.salesforce.com/sfc/p/700000009DAw/a/4u0000019iPt/b39qTnhHkh.6L39sOM2eXR0ev8SoCpD_v5ZbBea1OaU"" target=""_blank"">PRD025-3158029D</a>","<a href=""https://fluidigm.my.salesforce.com/sfc/p/700000009DAw/a/4u000001870w/XU6eX2YZtdejnAfGRls.mPHhJTPvhOp30R18ZV_Asw4"" target=""_blank"">MSDS-3000000X</a>","FFPE, Frozen",Maxpar
IMC (Imaging),3158030D,Anti-pStat3 [Y705],<div>4/P-STAT3</div>,158Gd,"Human, Mouse","25µg, 0.5mg/mL","<a href=""https://fluidigm.my.salesforce.com/sfc/p/700000009DAw/a/4u0000019q0O/nNS1HrkjLmT5k8wVAYQpQfC79VMN.mMTKrSyAwRVgaw"" target=""_blank"">PRD025-3158030D</a>","<a href=""https://fluidigm.my.salesforce.com/sfc/p/700000009DAw/a/4u000001870w/XU6eX2YZtdejnAfGRls.mPHhJTPvhOp30R18ZV_Asw4"" target=""_blank"">MSDS-3000000X</a>",FFPE,Maxpar
IMC (Imaging),3159035D,Anti-Human CD68 ,<div>KP1</div>,159Tb,Human,"25µg, 0.5mg/mL","<a href=""https://fluidigm.my.salesforce.com/sfc/p/700000009DAw/a/4u0000019iPU/URARQJHVlQ04FS0oTCuG.GswYQhcuXtymrX9vgNuuqg"" target=""_blank"">PRD025-3159035D</a>","<a href=""https://fluidigm.my.salesforce.com/sfc/p/700000009DAw/a/4u000001870w/XU6eX2YZtdejnAfGRls.mPHhJTPvhOp30R18ZV_Asw4"" target=""_blank"">MSDS-3000000X</a>","FFPE, Frozen",Maxpar
IMC (Imaging),3159036D,Anti-β-Tubulin ,<div>BT7R</div>,159Tb,Human,"25µg, 0.5mg/mL","<a href=""https://fluidigm.my.salesforce.com/sfc/p/700000009DAw/a/4u0000019n5x/lE_hktDZ71ELLa8_KhcaWYDgt_s_9ACiNJtmjRnE.so"" target=""_blank"">PRD025-3159036D</a>","<a href=""https://fluidigm.my.salesforce.com/sfc/p/700000009DAw/a/4u000001870w/XU6eX2YZtdejnAfGRls.mPHhJTPvhOp30R18ZV_Asw4"" target=""_blank"">MSDS-3000000X</a>",FFPE,Maxpar
IMC (Imaging),3160025D,Anti-Human Vista ,<div>D1L2G</div>,160Gd,Human,"25µg, 0.5mg/mL","<a href=""https://fluidigm.my.salesforce.com/sfc/p/700000009DAw/a/4u0000019iPs/0ZlP6RBxWLyHhsYIsMOqvJuIcnbdbmW7B8eg9OyJsnM"" target=""_blank"">PRD025-3160025D</a>","<a href=""https://fluidigm.my.salesforce.com/sfc/p/700000009DAw/a/4u000001870w/XU6eX2YZtdejnAfGRls.mPHhJTPvhOp30R18ZV_Asw4"" target=""_blank"">MSDS-3000000X</a>",FFPE,Maxpar
IMC (Imaging),3160026D,Anti-Human CD28 ,<div>YTH913.12</div>,160Gd,Human,"25µg, 0.5mg/mL","<a href=""https://fluidigm.my.salesforce.com/sfc/p/700000009DAw/a/4u0000019n67/80Ryq9XvrWjSNlBVcAPkVa3Eu7ySbxd_xCDq7Nh0au0"" target=""_blank"">PRD025-3160026D</a>","<a href=""https://fluidigm.my.salesforce.com/sfc/p/700000009DAw/a/4u000001870w/XU6eX2YZtdejnAfGRls.mPHhJTPvhOp30R18ZV_Asw4"" target=""_blank"">MSDS-3000000X</a>",Frozen,Maxpar
IMC (Imaging),3160028D,Anti-Human/Mouse NeuN,<div>EPR12763</div>,160Gd,"Human, Mouse, Rat, Sheep, Goat, Cat, Dog, Zebrafish, Common Marmoset","25µg, 0.5mg/mL","<a href=""https://fluidigm.my.salesforce.com/sfc/p/700000009DAw/a/4u00000187Ht/60pzdirxtraV_MCC9H6Rlucl8vz42_RASjbgE4bBn2s"" target=""_blank"">PRD025-3160028D</a>","<a href=""https://fluidigm.my.salesforce.com/sfc/p/700000009DAw/a/4u000001870w/XU6eX2YZtdejnAfGRls.mPHhJTPvhOp30R18ZV_Asw4"" target=""_blank"">MSDS-3000000X</a>",FFPE,Maxpar
IMC (Imaging),3160030D,Anti-Human CD66b,<div>BLR111H</div>,160Gd,Human,"25µg, 0.5mg/mL","<a href=""https://fluidigm.my.salesforce.com/sfc/p/700000009DAw/a/4u000000qRbH/LEspuPpOepm6KLzNOdMvXM6xeICkm1XQBJZYlK1sa3I"" target=""_blank"">PRD025-3160030D</a>","<a href=""https://fluidigm.my.salesforce.com/sfc/p/700000009DAw/a/4u000001870w/XU6eX2YZtdejnAfGRls.mPHhJTPvhOp30R18ZV_Asw4"" target=""_blank"">MSDS-3000000X</a>",FFPE,Maxpar
IMC (Imaging),3161029D,Anti-Human CD20 ,<div>H1</div>,161Dy,Human,"25µg, 0.5mg/mL","<a href=""https://fluidigm.my.salesforce.com/sfc/p/700000009DAw/a/4u0000019iPn/IeuPSkutkaZ_753BAzJyvphzfzhkDEnWSNGRZs.9lIg"" target=""_blank"">PRD025-3161029D</a>","<a href=""https://fluidigm.my.salesforce.com/sfc/p/700000009DAw/a/4u000001870w/XU6eX2YZtdejnAfGRls.mPHhJTPvhOp30R18ZV_Asw4"" target=""_blank"">MSDS-3000000X</a>",FFPE,Maxpar
IMC (Imaging),3161032D,Anti-Human CD20 ,<div>2H7</div>,161Dy,Human,"25µg, 0.5mg/mL","<a href=""https://fluidigm.my.salesforce.com/sfc/p/700000009DAw/a/4u0000019n6O/WrXYyg56mh4V5yhKCT3ZA4u0q7CihHPXpKVR4W5A4cI"" target=""_blank"">PRD025-3161032D</a>","<a href=""https://fluidigm.my.salesforce.com/sfc/p/700000009DAw/a/4u000001870w/XU6eX2YZtdejnAfGRls.mPHhJTPvhOp30R18ZV_Asw4"" target=""_blank"">MSDS-3000000X</a>",Frozen,Maxpar
IMC (Imaging),3161035D,Anti-Human FAP,<div>E1V9V</div>,161Dy,Human,"25µg, 0.5mg/mL","<a href=""https://fluidigm.my.salesforce.com/sfc/p/700000009DAw/a/4u000000qRbP/kCHVKJ8oogD_j9V7zlGQGWU5zH.4HGbgqukhrY8i0Hg"" target=""_blank"">PRD025-3161035D</a>","<a href=""https://fluidigm.my.salesforce.com/sfc/p/700000009DAw/a/4u000001870w/XU6eX2YZtdejnAfGRls.mPHhJTPvhOp30R18ZV_Asw4"" target=""_blank"">MSDS-3000000X</a>",FFPE,Maxpar
IMC (Imaging),3162033D,Anti-Human Pan-Keratin ,<div>C11</div>,162Dy,"Human, Mouse, Rat, Monkey","25µg, 0.5mg/mL","<a href=""https://fluidigm.my.salesforce.com/sfc/p/700000009DAw/a/4u0000019iPd/.1M0CFom7OXvNvQATCqC4QrGSXxB5dWAze.ALfAittw"" target=""_blank"">PRD025-3162033D</a>","<a href=""https://fluidigm.my.salesforce.com/sfc/p/700000009DAw/a/4u000001870w/XU6eX2YZtdejnAfGRls.mPHhJTPvhOp30R18ZV_Asw4"" target=""_blank"">MSDS-3000000X</a>",FFPE,Maxpar
IMC (Imaging),3162034D,Anti-Human CD8a ,<div>C8/144B</div>,162Dy,Human,"25µg, 0.5mg/mL","<a href=""https://fluidigm.my.salesforce.com/sfc/p/700000009DAw/a/4u0000019iPY/ZRRsUI7mndudRs75P5yHNEgOiXemHRb0KlSPirqxpQ4"" target=""_blank"">PRD025-3162034D</a>","<a href=""https://fluidigm.my.salesforce.com/sfc/p/700000009DAw/a/4u000001870w/XU6eX2YZtdejnAfGRls.mPHhJTPvhOp30R18ZV_Asw4"" target=""_blank"">MSDS-3000000X</a>",FFPE,Maxpar
IMC (Imaging),3162035D,Anti-Human CD8a ,<div>D8A8Y</div>,162Dy,Human,"25µg, 0.5mg/mL","<a href=""https://fluidigm.my.salesforce.com/sfc/p/700000009DAw/a/4u0000019iPT/bR0lVE3FQGMLl17v9DwcXsm5Xsdvh6Ao2f7zXPIiEAA"" target=""_blank"">PRD025-3162035D</a>","<a href=""https://fluidigm.my.salesforce.com/sfc/p/700000009DAw/a/4u000001870w/XU6eX2YZtdejnAfGRls.mPHhJTPvhOp30R18ZV_Asw4"" target=""_blank"">MSDS-3000000X</a>",FFPE,Maxpar
IMC (Imaging),3162036D,Anti-Human CD8a ,<div>RPA-T8</div>,162Dy,Human,"25µg, 0.5mg/mL","<a href=""https://fluidigm.my.salesforce.com/sfc/p/700000009DAw/a/4u0000019n6T/ZNjjlEmzIDs4OKs82cqrdpjGYZ2xOkKA0klKykY1ajM"" target=""_blank"">PRD025-3162036D</a>","<a href=""https://fluidigm.my.salesforce.com/sfc/p/700000009DAw/a/4u000001870w/XU6eX2YZtdejnAfGRls.mPHhJTPvhOp30R18ZV_Asw4"" target=""_blank"">MSDS-3000000X</a>",Frozen,Maxpar
IMC (Imaging),3163028D,Anti-Human VEGF ,<div>G153-694</div>,163Dy,Human,"25µg, 0.5mg/mL","<a href=""https://fluidigm.my.salesforce.com/sfc/p/700000009DAw/a/4u0000019iIF/VWtxHczpRghF2bwfCCLK7uwFhW7H.4wx3EuJJ4w5TVw"" target=""_blank"">PRD025-3163028D</a>","<a href=""https://fluidigm.my.salesforce.com/sfc/p/700000009DAw/a/4u000001870w/XU6eX2YZtdejnAfGRls.mPHhJTPvhOp30R18ZV_Asw4"" target=""_blank"">MSDS-3000000X</a>",FFPE,Maxpar
IMC (Imaging),3163030D,Anti-Human CD196/CCR6 ,<div>G034E3</div>,163Dy,Human,"25µg, 0.5mg/mL","<a href=""https://fluidigm.my.salesforce.com/sfc/p/700000009DAw/a/4u0000019n6Y/Rqr2q2vYD9dxNsszwWO.fbu3yloheiaPv.gght6Kv_A"" target=""_blank"">PRD025-3163030D</a>","<a href=""https://fluidigm.my.salesforce.com/sfc/p/700000009DAw/a/4u000001870w/XU6eX2YZtdejnAfGRls.mPHhJTPvhOp30R18ZV_Asw4"" target=""_blank"">MSDS-3000000X</a>",Frozen,Maxpar
IMC (Imaging),3163031D,Anti-Human/Mouse GFAP,<div>GA5</div>,163Dy,"Human, Mouse, Chicken, Pig, Rabbit, Rat","25µg, 0.5mg/mL","<a href=""https://fluidigm.my.salesforce.com/sfc/p/700000009DAw/a/4u000001VRni/iUhJHID8UFCmRl1eyu9iyfAMTb08Z0qfbFiJaAXmG2U"" target=""_blank"">PRD025-3163031D</a>","<a href=""https://fluidigm.my.salesforce.com/sfc/p/700000009DAw/a/4u000001870w/XU6eX2YZtdejnAfGRls.mPHhJTPvhOp30R18ZV_Asw4"" target=""_blank"">MSDS-3000000X</a>",FFPE,Maxpar
IMC (Imaging),3163033D,Anti-Human CD57,<div>NK/804</div>,163Dy,Human,"25µg, 0.5mg/mL","<a href=""https://fluidigm.my.salesforce.com/sfc/p/700000009DAw/a/4u000000qRbJ/PPFvMCnaNDYGjRqAoNwEHGoK6O.YXTwL6EAh08uowGw"" target=""_blank"">PRD025-3163033D</a>","<a href=""https://fluidigm.my.salesforce.com/sfc/p/700000009DAw/a/4u000001870w/XU6eX2YZtdejnAfGRls.mPHhJTPvhOp30R18ZV_Asw4"" target=""_blank"">MSDS-3000000X</a>",FFPE,Maxpar
IMC (Imaging),3164025D,Anti-Human c-Myc p67 ,<div>9E10</div>,164Dy,Human,"25µg, 0.5mg/mL","<a href=""https://fluidigm.my.salesforce.com/sfc/p/#700000009DAw/a/QQ000006Q5VF/mBG18tLVRdMzf8KV__J7PVd1kKjF3IV8.3t__69tzZw"" target=""_blank"">PRD025-3164025D</a>","<a href=""https://fluidigm.my.salesforce.com/sfc/p/700000009DAw/a/4u000001870w/XU6eX2YZtdejnAfGRls.mPHhJTPvhOp30R18ZV_Asw4"" target=""_blank"">MSDS-3000000X</a>",FFPE,Maxpar
IMC (Imaging),3164027D,Anti-Cross Arginase-1 ,<div>D4E3M</div>,164Dy,"Human, Mouse","25µg, 0.5mg/mL","<a href=""https://fluidigm.my.salesforce.com/sfc/p/700000009DAw/a/4u0000019iIE/1xp6SkSvSU3xONb8WZe8aU6nXzj65oHGKqA5bwQnWvE"" target=""_blank"">PRD025-3164027D</a>","<a href=""https://fluidigm.my.salesforce.com/sfc/p/700000009DAw/a/4u000001870w/XU6eX2YZtdejnAfGRls.mPHhJTPvhOp30R18ZV_Asw4"" target=""_blank"">MSDS-3000000X</a>",FFPE,Maxpar
IMC (Imaging),3164028D,Anti-Cytokeratin 7 ,<div>RCK105</div>,164Dy,"Human, Mouse","25µg, 0.5mg/mL","<a href=""https://fluidigm.my.salesforce.com/sfc/p/700000009DAw/a/4u0000019iI9/tUy93k5htRD6tuIEf4VT0nNzbmxboiu8JF1J4ZRfzfU"" target=""_blank"">PRD025-3164028D</a>","<a href=""https://fluidigm.my.salesforce.com/sfc/p/700000009DAw/a/4u000001870w/XU6eX2YZtdejnAfGRls.mPHhJTPvhOp30R18ZV_Asw4"" target=""_blank"">MSDS-3000000X</a>",FFPE,Maxpar
IMC (Imaging),3164031D,Anti-Human/Mouse S100β,<div>EP1576Y</div>,164Dy,"Human, Mouse, Rat","25µg, 0.5mg/mL","<a href=""https://fluidigm.my.salesforce.com/sfc/p/700000009DAw/a/4u00000187Hx/IItuiqdJ_I_HnvBNCVRyKZNfxZScwxcNz9kgbzclj44"" target=""_blank"">PRD025-3164031D</a>","<a href=""https://fluidigm.my.salesforce.com/sfc/p/700000009DAw/a/4u000001870w/XU6eX2YZtdejnAfGRls.mPHhJTPvhOp30R18ZV_Asw4"" target=""_blank"">MSDS-3000000X</a>",FFPE,Maxpar
IMC (Imaging),3164032D,Anti-Human Podoplanin,<div>D2-40</div>,164Dy,Human,"25µg, 0.5mg/mL","<a href=""https://fluidigm.my.salesforce.com/sfc/p/700000009DAw/a/4u000000qRbG/H1TACXiq3nsFe.YDZe7Wj0Nn_W_8tYHbxYi.mTqlRIU"" target=""_blank"">PRD025-3164032D</a>","<a href=""https://fluidigm.my.salesforce.com/sfc/p/700000009DAw/a/4u000001870w/XU6eX2YZtdejnAfGRls.mPHhJTPvhOp30R18ZV_Asw4"" target=""_blank"">MSDS-3000000X</a>",FFPE,Maxpar
IMC (Imaging),3165032D,Anti-β-Catenin,<div>D13A1</div>,165Ho,"Human, Mouse","25µg, 0.5mg/mL","<a href=""https://fluidigm.my.salesforce.com/sfc/p/700000009DAw/a/4u0000019iHv/RN.a0ZfKbRrjnzvnXhgzGoKxynv4XsyPG976wCsdJE0"" target=""_blank"">PRD025-3165032D</a>","<a href=""https://fluidigm.my.salesforce.com/sfc/p/700000009DAw/a/4u000001870w/XU6eX2YZtdejnAfGRls.mPHhJTPvhOp30R18ZV_Asw4"" target=""_blank"">MSDS-3000000X</a>",FFPE,Maxpar
IMC (Imaging),3165034D,Anti-pCREB [S133],<div>87G3</div>,165Ho,"Human, Mouse","25µg, 0.5mg/mL","<a href=""https://fluidigm.my.salesforce.com/sfc/p/700000009DAw/a/4u0000019iHN/ys728VDcukwjefmZ9vxY5f5uCsdR3EuqZfbHWVX4mJQ"" target=""_blank"">PRD025-3165034D</a>","<a href=""https://fluidigm.my.salesforce.com/sfc/p/700000009DAw/a/4u000001870w/XU6eX2YZtdejnAfGRls.mPHhJTPvhOp30R18ZV_Asw4"" target=""_blank"">MSDS-3000000X</a>",FFPE,Maxpar
IMC (Imaging),3165036D,Anti-Human pH2AX [S139] ,<div>N1-431</div>,165Ho,Human,"25µg, 0.5mg/mL","<a href=""https://fluidigm.my.salesforce.com/sfc/p/700000009DAw/a/4u0000019iI4/WEbu3qznV9q_4IwmW_9IEojxL72BNRGYnx3OA.YU8JM"" target=""_blank"">PRD025-3165036D</a>","<a href=""https://fluidigm.my.salesforce.com/sfc/p/700000009DAw/a/4u000001870w/XU6eX2YZtdejnAfGRls.mPHhJTPvhOp30R18ZV_Asw4"" target=""_blank"">MSDS-3000000X</a>",FFPE,Maxpar
IMC (Imaging),3165039D,Anti-Human CD279/PD-1 ,<div>EPR4877(2)</div>,165Ho,Human,"25µg, 0.5mg/mL","<a href=""https://fluidigm.my.salesforce.com/sfc/p/700000009DAw/a/4u0000019iHz/ZtA9CcCx5MkO3SPWxNSmFiA2AkV6N2tKLT0CQ1GQ5EU"" target=""_blank"">PRD025-3165039D</a>","<a href=""https://fluidigm.my.salesforce.com/sfc/p/700000009DAw/a/4u000001870w/XU6eX2YZtdejnAfGRls.mPHhJTPvhOp30R18ZV_Asw4"" target=""_blank"">MSDS-3000000X</a>",FFPE,Maxpar
IMC (Imaging),3165040D,Anti-β-Catenin ,<div>D10A8</div>,165Ho,"Human, Mouse","25µg, 0.5mg/mL","<a href=""https://fluidigm.my.salesforce.com/sfc/p/700000009DAw/a/4u0000019n6d/ZzLUNHI79OywRyMWCSkQP9nYf4kwGv5JQMDgFQK0O3Q"" target=""_blank"">PRD025-3165040D</a>","<a href=""https://fluidigm.my.salesforce.com/sfc/p/700000009DAw/a/4u000001870w/XU6eX2YZtdejnAfGRls.mPHhJTPvhOp30R18ZV_Asw4"" target=""_blank"">MSDS-3000000X</a>",Frozen,Maxpar
IMC (Imaging),3165041D,Anti-Human CD279/PD-1 ,<div>EH12.2H7</div>,165Ho,Human,"25µg, 0.5mg/mL","<a href=""https://fluidigm.my.salesforce.com/sfc/p/700000009DAw/a/4u0000019n6i/ohdN0uAWQNqxz0NjZ6yuhqT.BDvb2cnncfPOV.JfaGE"" target=""_blank"">PRD025-3165041D</a>","<a href=""https://fluidigm.my.salesforce.com/sfc/p/700000009DAw/a/4u000001870w/XU6eX2YZtdejnAfGRls.mPHhJTPvhOp30R18ZV_Asw4"" target=""_blank"">MSDS-3000000X</a>",Frozen,Maxpar
IMC (Imaging),3165045D,Anti-Human CD279/PD-1,<div>D4W2J</div>,165Ho,Human,"25µg, 0.5mg/mL","<a href=""https://fluidigm.my.salesforce.com/sfc/p/700000009DAw/a/4u000000qRbp/x3sEpiVYN6wx4wAq05ufC8IzYkH7ygg37RHEi63lUs4"" target=""_blank"">PRD025-3165045D</a>","<a href=""https://fluidigm.my.salesforce.com/sfc/p/700000009DAw/a/4u000001870w/XU6eX2YZtdejnAfGRls.mPHhJTPvhOp30R18ZV_Asw4"" target=""_blank"">MSDS-3000000X</a>",FFPE,Maxpar
IMC (Imaging),3166025D,Anti-Human CD74 ,<div>LN2</div>,166Er,Human,"25µg, 0.5mg/mL","<a href=""https://fluidigm.my.salesforce.com/sfc/p/700000009DAw/a/4u0000019iHu/Ptk2.Mi_Cj2lpu9VCPOEMv5a_FcftHAD.96se45mvFA"" target=""_blank"">PRD025-3166025D</a>","<a href=""https://fluidigm.my.salesforce.com/sfc/p/700000009DAw/a/4u000001870w/XU6eX2YZtdejnAfGRls.mPHhJTPvhOp30R18ZV_Asw4"" target=""_blank"">MSDS-3000000X</a>",FFPE,Maxpar
IMC (Imaging),3166026D,Anti-Human pNFkBp65 [S529],<div>K10-895.12.50</div>,166Er,Human,"25µg, 0.5mg/mL","<a href=""https://fluidigm.my.salesforce.com/sfc/p/700000009DAw/a/4u0000019iHb/WVDjt7fUIBjvk1km0ZILUZR1apb3UjzhjXo6QmUDsZ8"" target=""_blank"">PRD025-3166026D</a>","<a href=""https://fluidigm.my.salesforce.com/sfc/p/700000009DAw/a/4u000001870w/XU6eX2YZtdejnAfGRls.mPHhJTPvhOp30R18ZV_Asw4"" target=""_blank"">MSDS-3000000X</a>",FFPE,Maxpar
IMC (Imaging),3166030D,Anti-Human B7-H4 ,<div>H74</div>,166Er,Human,"25µg, 0.5mg/mL","<a href=""https://fluidigm.my.salesforce.com/sfc/p/700000009DAw/a/4u0000019iHl/CLruF9J3a15wEci.n.T56zRf5TAgQNgyHw5LGx8HDu8"" target=""_blank"">PRD025-3166030D</a>","<a href=""https://fluidigm.my.salesforce.com/sfc/p/700000009DAw/a/4u000001870w/XU6eX2YZtdejnAfGRls.mPHhJTPvhOp30R18ZV_Asw4"" target=""_blank"">MSDS-3000000X</a>",FFPE,Maxpar
IMC (Imaging),3166031D,Anti-Human CD45RA,<div>HI100</div>,166Er,"Human, Chimpanzee","25µg, 0.5mg/mL","<a href=""https://fluidigm.my.salesforce.com/sfc/p/700000009DAw/a/4u0000019iHp/Gb7XOq4g2ptR.jFa6QTN8ucy_GGcQZOCAvVCfT02oDc"" target=""_blank"">PRD025-3166031D</a>","<a href=""https://fluidigm.my.salesforce.com/sfc/p/700000009DAw/a/4u000001870w/XU6eX2YZtdejnAfGRls.mPHhJTPvhOp30R18ZV_Asw4"" target=""_blank"">MSDS-3000000X</a>","FFPE, Frozen",Maxpar
IMC (Imaging),3166032D,Anti-Human CD274/PD-L1,<div>73-10</div>,166Er,Human,"25µg, 0.5mg/mL","<a href=""https://fluidigm.my.salesforce.com/sfc/p/700000009DAw/a/4u000000qRbw/3c6eNP1QdyQQuvUnINqBiD_ygCI6kycNhlJoTtit0wA"" target=""_blank"">PRD025-3166032D</a>","<a href=""https://fluidigm.my.salesforce.com/sfc/p/700000009DAw/a/4u000001870w/XU6eX2YZtdejnAfGRls.mPHhJTPvhOp30R18ZV_Asw4"" target=""_blank"">MSDS-3000000X</a>",FFPE,Maxpar
IMC (Imaging),3167020D,Anti-Human Met,<div>D1C2</div>,167Er,Human,"25µg, 0.5mg/mL","<a href=""https://fluidigm.my.salesforce.com/sfc/p/700000009DAw/a/4u0000019iHM/7AsDtETMGpkDfm55UCdAt9f_t6Dl4_lzyQd9MRJnPMU"" target=""_blank"">PRD025-3167020D</a>","<a href=""https://fluidigm.my.salesforce.com/sfc/p/700000009DAw/a/4u000001870w/XU6eX2YZtdejnAfGRls.mPHhJTPvhOp30R18ZV_Asw4"" target=""_blank"">MSDS-3000000X</a>",FFPE,Maxpar
IMC (Imaging),3167021D,Anti-Human Granzyme B ,<div>EPR20129-217</div>,167Er,Human,"25µg, 0.5mg/mL","<a href=""https://fluidigm.my.salesforce.com/sfc/p/700000009DAw/a/4u0000019iGx/J7Wuj.8iZVaIqjQ15ocl9AvjE9zywhWzh0yYTtIoO5g"" target=""_blank"">PRD025-3167021D</a>","<a href=""https://fluidigm.my.salesforce.com/sfc/p/700000009DAw/a/4u000001870w/XU6eX2YZtdejnAfGRls.mPHhJTPvhOp30R18ZV_Asw4"" target=""_blank"">MSDS-3000000X</a>",FFPE,Maxpar
IMC (Imaging),3167023D,Anti-Human/Mouse Granzyme B ,<div>GB11</div>,167Er,"Human, Mouse","25µg, 0.5mg/mL","<a href=""https://fluidigm.my.salesforce.com/sfc/p/700000009DAw/a/4u0000019n6n/wEJMVjcGah4iE9u3e014gr46bVVSF0dtQk5FuvkN.rg"" target=""_blank"">PRD025-3167023D</a>","<a href=""https://fluidigm.my.salesforce.com/sfc/p/700000009DAw/a/4u000001870w/XU6eX2YZtdejnAfGRls.mPHhJTPvhOp30R18ZV_Asw4"" target=""_blank"">MSDS-3000000X</a>",Frozen,Maxpar
IMC (Imaging),3167025D,Anti-Human/Mouse CD34,<div>EP373Y</div>,167Er,"Human, Mouse, Rat","25µg, 0.5mg/mL","<a href=""https://fluidigm.my.salesforce.com/sfc/p/700000009DAw/a/4u00000187Hs/8onKA7gxuiqtY.YH03nQ1dRP5yg0bPQCmcbxEPhLLFw"" target=""_blank"">PRD025-3167025D</a>","<a href=""https://fluidigm.my.salesforce.com/sfc/p/700000009DAw/a/4u000001870w/XU6eX2YZtdejnAfGRls.mPHhJTPvhOp30R18ZV_Asw4"" target=""_blank"">MSDS-3000000X</a>",FFPE,Maxpar
IMC (Imaging),3167026D,Anti-Human CD206/MMR,<div>5C11</div>,167Er,Human,"25µg, 0.5mg/mL","<a href=""https://fluidigm.my.salesforce.com/sfc/p/700000009DAw/a/4u000000qRbl/5a4.vF03F8hPKxYCSWQAi7oGBP4cAKUTV8x3ptB904U"" target=""_blank"">PRD025-3167026D</a>","<a href=""https://fluidigm.my.salesforce.com/sfc/p/700000009DAw/a/4u000001870w/XU6eX2YZtdejnAfGRls.mPHhJTPvhOp30R18ZV_Asw4"" target=""_blank"">MSDS-3000000X</a>",FFPE,Maxpar
IMC (Imaging),3168022D,Anti-Ki-67 ,<div>B56</div>,168Er,"Human, Mouse","25µg, 0.5mg/mL","<a href=""https://fluidigm.my.salesforce.com/sfc/p/700000009DAw/a/4u0000019iHR/5kdgtoFhOJVnsUxQlQ.GoggKjKlRkA_e1UsmIuMnpCo"" target=""_blank"">PRD025-3168022D</a>","<a href=""https://fluidigm.my.salesforce.com/sfc/p/700000009DAw/a/4u000001870w/XU6eX2YZtdejnAfGRls.mPHhJTPvhOp30R18ZV_Asw4"" target=""_blank"">MSDS-3000000X</a>","FFPE, Frozen",Maxpar
IMC (Imaging),3168026D,Anti-CD127/IL-7Rα,<div>EPR2955(2)</div>,168Er,"Human, Mouse","25µg, 0.5mg/mL","<a href=""https://fluidigm.my.salesforce.com/sfc/p/#700000009DAw/a/4u0000019h1s/mzEF4TRcEQY_vr6eOkzg_0vulByQWiwTdBNuZXjMUj0"" target=""_blank"">PRD025-3168026D</a>","<a href=""https://fluidigm.my.salesforce.com/sfc/p/700000009DAw/a/4u000001870w/XU6eX2YZtdejnAfGRls.mPHhJTPvhOp30R18ZV_Asw4"" target=""_blank"">MSDS-3000000X</a>",FFPE,Maxpar
IMC (Imaging),3168027D,Anti-Human/Mouse Iba1,<div>EPR16588</div>,168Er,"Human, Mouse, Rat","25µg, 0.5mg/mL","<a href=""https://fluidigm.my.salesforce.com/sfc/p/700000009DAw/a/4u00000187HY/Kcu21oMtRVZPDlJTlsJsK2kE3eWIyYG3ntohT8fZRU8"" target=""_blank"">PRD025-3168027D</a>","<a href=""https://fluidigm.my.salesforce.com/sfc/p/700000009DAw/a/4u000001870w/XU6eX2YZtdejnAfGRls.mPHhJTPvhOp30R18ZV_Asw4"" target=""_blank"">MSDS-3000000X</a>",FFPE,Maxpar
IMC (Imaging),3168028D,Anti-Human/Mouse Olig2,<div>EPR2673</div>,168Er,"Human, Mouse, Rat","25µg, 0.5mg/mL","<a href=""https://fluidigm.my.salesforce.com/sfc/p/700000009DAw/a/4u00000187Hi/sRR4M.LFbNnWDiAFnp_NlEL7iC.CI88PKW0Ju3lqGTM"" target=""_blank"">PRD025-3168028D</a>","<a href=""https://fluidigm.my.salesforce.com/sfc/p/700000009DAw/a/4u000001870w/XU6eX2YZtdejnAfGRls.mPHhJTPvhOp30R18ZV_Asw4"" target=""_blank"">MSDS-3000000X</a>",FFPE,Maxpar
IMC (Imaging),3168029D,Anti-Human iNOS,<div>SP126</div>,168Er,"Human, Mouse, Rat","25µg, 0.5mg/mL","<a href=""https://fluidigm.my.salesforce.com/sfc/p/700000009DAw/a/4u000000qRbt/mZNtDmoU.Ifm2zMVyQtho_Vh7SYwVvwvcPoUUzCwkH0"" target=""_blank"">PRD025-3168029D</a>","<a href=""https://fluidigm.my.salesforce.com/sfc/p/700000009DAw/a/4u000001870w/XU6eX2YZtdejnAfGRls.mPHhJTPvhOp30R18ZV_Asw4"" target=""_blank"">MSDS-3000000X</a>",FFPE,Maxpar
IMC (Imaging),3169023D,Anti-Collagen Type I ,<div>Polyclonal</div>,169Tm,"Human, Bovine","25µg, 0.5mg/mL","<a href=""https://fluidigm.my.salesforce.com/sfc/p/700000009DAw/a/4u0000019iHk/ZaG8T8Sj5ckeDTwRIIhdZ6qB84iwOjqLQ04AbOaabWw"" target=""_blank"">PRD025-3169023D</a>","<a href=""https://fluidigm.my.salesforce.com/sfc/p/700000009DAw/a/4u000001870w/XU6eX2YZtdejnAfGRls.mPHhJTPvhOp30R18ZV_Asw4"" target=""_blank"">MSDS-3000000X</a>","FFPE, Frozen",Maxpar
IMC (Imaging),3169031D,Anti-Human β-Catenin,<div>5H10</div>,169Tm,"Human, Mouse, Rat, Dog, Chicken, Bovine, Rhesus Monkey","25µg, 0.5mg/mL","<a href=""https://fluidigm.my.salesforce.com/sfc/p/700000009DAw/a/4u000000qRbU/0MlvZ6gjUASpl1_.RskmNjBFpdUfaJJbMOLH3nQlqA4"" target=""_blank"">PRD025-3169031D</a>","<a href=""https://fluidigm.my.salesforce.com/sfc/p/700000009DAw/a/4u000001870w/XU6eX2YZtdejnAfGRls.mPHhJTPvhOp30R18ZV_Asw4"" target=""_blank"">MSDS-3000000X</a>",FFPE,Maxpar
IMC (Imaging),3170019D,Anti-Human CD3 ,"<div>Polyclonal, C-Terminal</div>",170Er,"Human, Mouse, Chimpanzee","25µg, 0.5mg/mL","<a href=""https://fluidigm.my.salesforce.com/sfc/p/#700000009DAw/a/QQ000006Q2kI/O_kviVOGxgxe6YhgJpqq5IjmX3Vd7RrbyjxRwvQFvQM"" target=""_blank"">PRD025-3170019D</a>","<a href=""https://fluidigm.my.salesforce.com/sfc/p/700000009DAw/a/4u000001870w/XU6eX2YZtdejnAfGRls.mPHhJTPvhOp30R18ZV_Asw4"" target=""_blank"">MSDS-3000000X</a>",FFPE,Maxpar
IMC (Imaging),3170022D,Anti-Human CD3 ,<div>UCHT1</div>,170Er,"Human, Chimpanzee","25µg, 0.5mg/mL","<a href=""https://fluidigm.my.salesforce.com/sfc/p/700000009DAw/a/4u0000019n6s/sIWnwt41Q1w2j60wNOoFuELgROeGhI7pyZIgQoyHXH4"" target=""_blank"">PRD025-3170022D</a>","<a href=""https://fluidigm.my.salesforce.com/sfc/p/700000009DAw/a/4u000001870w/XU6eX2YZtdejnAfGRls.mPHhJTPvhOp30R18ZV_Asw4"" target=""_blank"">MSDS-3000000X</a>",Frozen,Maxpar
IMC (Imaging),3170023D,Anti-Human CD3ε,<div>D7A6E</div>,170Er,"Human, Monkey","25µg, 0.5mg/mL","<a href=""https://fluidigm.my.salesforce.com/sfc/p/700000009DAw/a/4u000000qRbC/q4xvs63odNm9MHNSZc.1awSKDNvlsUiuO6BRgFQFzaA"" target=""_blank"">PRD025-3170023D</a>","<a href=""https://fluidigm.my.salesforce.com/sfc/p/700000009DAw/a/4u000001870w/XU6eX2YZtdejnAfGRls.mPHhJTPvhOp30R18ZV_Asw4"" target=""_blank"">MSDS-3000000X</a>",FFPE,Maxpar
IMC (Imaging),3171021D,Anti-pERK1/2 [T202/Y204],<div>D13.14.4E</div>,171Yb,"Human, Mouse, Rat, Bovine, Canine, Porcine, Hamster, Monkey","25µg, 0.5mg/mL","<a href=""https://fluidigm.my.salesforce.com/sfc/p/700000009DAw/a/4u0000019iHV/nf_qUtpXhnXFxpH.uZBeaxBo_6yYGbx9HH8CSyL8ye0"" target=""_blank"">PRD025-3171021D</a>","<a href=""https://fluidigm.my.salesforce.com/sfc/p/700000009DAw/a/4u000001870w/XU6eX2YZtdejnAfGRls.mPHhJTPvhOp30R18ZV_Asw4"" target=""_blank"">MSDS-3000000X</a>",FFPE,Maxpar
IMC (Imaging),3171022D,Anti-Histone H3 ,<div>D1H2</div>,171Yb,"Human, Mouse","25µg, 0.5mg/mL","<a href=""https://fluidigm.my.salesforce.com/sfc/p/700000009DAw/a/4u0000019iHQ/s0ESdDaJ1UO1QL83iw.CpFYtgbT8rcK_fhKQRc3nu3c"" target=""_blank"">PRD025-3171022D</a>","<a href=""https://fluidigm.my.salesforce.com/sfc/p/700000009DAw/a/4u000001870w/XU6eX2YZtdejnAfGRls.mPHhJTPvhOp30R18ZV_Asw4"" target=""_blank"">MSDS-3000000X</a>",FFPE,Maxpar
IMC (Imaging),3171024D,Anti-Human CD27 ,<div>EPR8569</div>,171Yb,Human,"25µg, 0.5mg/mL","<a href=""https://fluidigm.my.salesforce.com/sfc/p/700000009DAw/a/4u0000019iHL/mW7JhdxnR_vcgcJm_STpAutZMyUejXucXUS6j6PqoCs"" target=""_blank"">PRD025-3171024D</a>","<a href=""https://fluidigm.my.salesforce.com/sfc/p/700000009DAw/a/4u000001870w/XU6eX2YZtdejnAfGRls.mPHhJTPvhOp30R18ZV_Asw4"" target=""_blank"">MSDS-3000000X</a>",FFPE,Maxpar
IMC (Imaging),3171025D,Anti-Human/Mouse CD27 ,<div>LG.3A10</div>,171Yb,"Human, Mouse","25µg, 0.5mg/mL","<a href=""https://fluidigm.my.salesforce.com/sfc/p/700000009DAw/a/4u0000019n6o/qANksktmKax6hnOO2ZrESf.wOpAOYSlDqjDAzHow.qY"" target=""_blank"">PRD025-3171025D</a>","<a href=""https://fluidigm.my.salesforce.com/sfc/p/700000009DAw/a/4u000001870w/XU6eX2YZtdejnAfGRls.mPHhJTPvhOp30R18ZV_Asw4"" target=""_blank"">MSDS-3000000X</a>",Frozen,Maxpar
IMC (Imaging),3171026D,Anti-Human/Mouse NeuN,<div>EPR12763</div>,171Yb,"Human, Mouse, Rat, Sheep, Goat, Cat, Dog, Zebrafish, Common Marmoset","25µg, 0.5mg/mL","<a href=""https://fluidigm.my.salesforce.com/sfc/p/700000009DAw/a/4u00000187HO/U1XkQ0mZlKB8w5rt3AMZ5NsFzlMYWuPpJcNpwetDaCY"" target=""_blank"">PRD025-3171026D</a>","<a href=""https://fluidigm.my.salesforce.com/sfc/p/700000009DAw/a/4u000001870w/XU6eX2YZtdejnAfGRls.mPHhJTPvhOp30R18ZV_Asw4"" target=""_blank"">MSDS-3000000X</a>",FFPE,Maxpar
IMC (Imaging),3171027D,Anti-Human Fibronectin,<div>EPR23110-46</div>,171Yb,"Human, Mouse, Rat","25µg, 0.5mg/mL","<a href=""https://fluidigm.my.salesforce.com/sfc/p/700000009DAw/a/4u000000qRbB/ks0rUXmKF3Lyrf6mqcU7_47l_RYDSD5qVRf3aPt_DF8"" target=""_blank"">PRD025-3171027D</a>","<a href=""https://fluidigm.my.salesforce.com/sfc/p/700000009DAw/a/4u000001870w/XU6eX2YZtdejnAfGRls.mPHhJTPvhOp30R18ZV_Asw4"" target=""_blank"">MSDS-3000000X</a>",FFPE,Maxpar
IMC (Imaging),3172027D,Anti-Cleaved Caspase 3,<div>5A1E</div>,172Yb,"Human, Mouse","25µg, 0.5mg/mL","<a href=""https://fluidigm.my.salesforce.com/sfc/p/700000009DAw/a/4u0000019iH7/4VklfpSvIZp9x5RvYQKZWkVss8_AKjHS98zWD2ztqKo"" target=""_blank"">PRD025-3172027D</a>","<a href=""https://fluidigm.my.salesforce.com/sfc/p/700000009DAw/a/4u000001870w/XU6eX2YZtdejnAfGRls.mPHhJTPvhOp30R18ZV_Asw4"" target=""_blank"">MSDS-3000000X</a>",FFPE,Maxpar
IMC (Imaging),3172030D,Anti-Human BRCA1 ,<div>MS110</div>,172Yb,Human,"25µg, 0.5mg/mL","<a href=""https://fluidigm.my.salesforce.com/sfc/p/700000009DAw/a/4u0000019iHD/.yonOEC_U3Ag.KATLFTPutHle3UlUYeB_oWlp8c5x5Q"" target=""_blank"">PRD025-3172030D</a>","<a href=""https://fluidigm.my.salesforce.com/sfc/p/700000009DAw/a/4u000001870w/XU6eX2YZtdejnAfGRls.mPHhJTPvhOp30R18ZV_Asw4"" target=""_blank"">MSDS-3000000X</a>",FFPE,Maxpar
IMC (Imaging),3172031D,Anti-Human PD-L2 ,<div>D7U8C</div>,172Yb,Human,"25µg, 0.5mg/mL","<a href=""https://fluidigm.my.salesforce.com/sfc/p/700000009DAw/a/4u0000019iHG/nF7TKjG2J.oL2M7kuX45kuG6HPb.8SBs2zhZhc_B32U"" target=""_blank"">PRD025-3172031D</a>","<a href=""https://fluidigm.my.salesforce.com/sfc/p/700000009DAw/a/4u000001870w/XU6eX2YZtdejnAfGRls.mPHhJTPvhOp30R18ZV_Asw4"" target=""_blank"">MSDS-3000000X</a>",FFPE,Maxpar
IMC (Imaging),3172033D,Anti-Human/Mouse Olig2,<div>EPR2673</div>,172Yb,"Human, Mouse, Rat","25µg, 0.5mg/mL","<a href=""https://fluidigm.my.salesforce.com/sfc/p/700000009DAw/a/4u00000187Hd/qYQUl3EUmofcTJvW9CiV17zrQR3GGyD.PYlumCVzdU4"" target=""_blank"">PRD025-3172033D</a>","<a href=""https://fluidigm.my.salesforce.com/sfc/p/700000009DAw/a/4u000001870w/XU6eX2YZtdejnAfGRls.mPHhJTPvhOp30R18ZV_Asw4"" target=""_blank"">MSDS-3000000X</a>",FFPE,Maxpar
IMC (Imaging),3172034D,Anti-Human EpCAM,<div>EPR20532-222</div>,172Yb,"Human, Mouse, Rat","25µg, 0.5mg/mL","<a href=""https://fluidigm.my.salesforce.com/sfc/p/700000009DAw/a/4u000000qRbk/imvw79tqNAR_V05DxbwGRdngorutXCuIDxfGrGuVRRI"" target=""_blank"">PRD025-3172034D</a>","<a href=""https://fluidigm.my.salesforce.com/sfc/p/700000009DAw/a/4u000001870w/XU6eX2YZtdejnAfGRls.mPHhJTPvhOp30R18ZV_Asw4"" target=""_blank"">MSDS-3000000X</a>",FFPE,Maxpar
IMC (Imaging),3173014D,Anti-Human CD276/B7-H3 ,<div>Polyclonal</div>,173Yb,Human,"25µg, 0.5mg/mL","<a href=""https://fluidigm.my.salesforce.com/sfc/p/700000009DAw/a/4u0000019iHC/Z5buJgu.4hN7m6iQ4Y_KpVpdGnoiDsNheALRpAGqJwk"" target=""_blank"">PRD025-3173014D</a>","<a href=""https://fluidigm.my.salesforce.com/sfc/p/700000009DAw/a/4u000001870w/XU6eX2YZtdejnAfGRls.mPHhJTPvhOp30R18ZV_Asw4"" target=""_blank"">MSDS-3000000X</a>",FFPE,Maxpar
IMC (Imaging),3173016D,Anti-Human CD45RO ,<div>UCHL1</div>,173Yb,"Cynomolgus Monkey, Rhesus, Chimpanzee, Human","25µg, 0.5mg/mL","<a href=""https://fluidigm.my.salesforce.com/sfc/p/700000009DAw/a/4u0000019iHB/opRoDqx2Vx0CNeIWDuB4ifw3uPd0kocGWI4yJxdy0Mo"" target=""_blank"">PRD025-3173016D</a>","<a href=""https://fluidigm.my.salesforce.com/sfc/p/700000009DAw/a/4u000001870w/XU6eX2YZtdejnAfGRls.mPHhJTPvhOp30R18ZV_Asw4"" target=""_blank"">MSDS-3000000X</a>","FFPE, Frozen",Maxpar
IMC (Imaging),3173018D,Anti-Human CD98 ,<div>Polyclonal</div>,173Yb,Human,"25µg, 0.5mg/mL","<a href=""https://fluidigm.my.salesforce.com/sfc/p/#700000009DAw/a/4u0000019q0E/zEVsbvx4fxlCMNh9qqATQ5eHG0LC7_FPKUpic4hniqs"" target=""_blank"">PRD025-3173018D</a>","<a href=""https://fluidigm.my.salesforce.com/sfc/p/700000009DAw/a/4u000001870w/XU6eX2YZtdejnAfGRls.mPHhJTPvhOp30R18ZV_Asw4"" target=""_blank"">MSDS-3000000X</a>",FFPE,Maxpar
IMC (Imaging),3174022D,Anti-Human Keratin 8/18 ,<div>C51</div>,174Yb,Human,"25µg, 0.5mg/mL","<a href=""https://fluidigm.my.salesforce.com/sfc/p/700000009DAw/a/4u0000019iH6/Klv3TAc8ZlVEKmaFXZAy5E_i7KKlrKMau0uNZuiXzS8"" target=""_blank"">PRD025-3174022D</a>","<a href=""https://fluidigm.my.salesforce.com/sfc/p/700000009DAw/a/4u000001870w/XU6eX2YZtdejnAfGRls.mPHhJTPvhOp30R18ZV_Asw4"" target=""_blank"">MSDS-3000000X</a>",FFPE,Maxpar
IMC (Imaging),3174025D,Anti-Human HLA-DR ,<div>LN3</div>,174Yb,"Human, Rhesus","25µg, 0.5mg/mL","<a href=""https://fluidigm.my.salesforce.com/sfc/p/#700000009DAw/a/QQ000007ewkP/s0UaGAD.tN4LozdPHp9Oted_mwyTSh8sNzRXVQ2bDzY"" target=""_blank"">PRD025-3174025D</a>","<a href=""https://fluidigm.my.salesforce.com/sfc/p/700000009DAw/a/4u000001870w/XU6eX2YZtdejnAfGRls.mPHhJTPvhOp30R18ZV_Asw4"" target=""_blank"">MSDS-3000000X</a>","FFPE, Frozen",Maxpar
IMC (Imaging),3175029D,Anti-Human CD235ab,<div>HIR2 (GA-R2)</div>,175Lu,Human,"25µg, 0.5mg/mL","<a href=""https://fluidigm.my.salesforce.com/sfc/p/700000009DAw/a/4u0000019iH1/1OaI_hEZCgZzCUw5TPfbH6nA80vlgQ2RHhJ9zukoiG8"" target=""_blank"">PRD025-3175029D</a>","<a href=""https://fluidigm.my.salesforce.com/sfc/p/700000009DAw/a/4u000001870w/XU6eX2YZtdejnAfGRls.mPHhJTPvhOp30R18ZV_Asw4"" target=""_blank"">MSDS-3000000X</a>",FFPE,Maxpar
IMC (Imaging),3175031D,Anti-pS6 [S235/S236],<div>N7-548</div>,175Lu,"Human, Mouse","25µg, 0.5mg/mL","<a href=""https://fluidigm.my.salesforce.com/sfc/p/700000009DAw/a/4u0000019iGw/kVZal_cSikIaCYKp9JS9sZVINMV2EZuzqgE0jUWQQmo"" target=""_blank"">PRD025-3175031D</a>","<a href=""https://fluidigm.my.salesforce.com/sfc/p/700000009DAw/a/4u000001870w/XU6eX2YZtdejnAfGRls.mPHhJTPvhOp30R18ZV_Asw4"" target=""_blank"">MSDS-3000000X</a>",FFPE,Maxpar
IMC (Imaging),3175032D,Anti-Pan-Actin ,<div>D18C11</div>,175Lu,"Human, Mouse","25µg, 0.5mg/mL","<a href=""https://fluidigm.my.salesforce.com/sfc/p/700000009DAw/a/4u0000019iGr/TVraQLoD9_bDq2PaPFnVsKRCKpGLYMM1P2LfDpRWu.0"" target=""_blank"">PRD025-3175032D</a>","<a href=""https://fluidigm.my.salesforce.com/sfc/p/700000009DAw/a/4u000001870w/XU6eX2YZtdejnAfGRls.mPHhJTPvhOp30R18ZV_Asw4"" target=""_blank"">MSDS-3000000X</a>",FFPE,Maxpar
IMC (Imaging),3175036D,Anti-Human CD25/IL2Rα  ,<div>EPR6452</div>,175Lu,Human,"25µg, 0.5mg/mL","<a href=""https://fluidigm.my.salesforce.com/sfc/p/700000009DAw/a/4u0000019iGm/GgCpN23qrC26ouc5tqbKpGvpRz9CBOIrIt41jhGrtaQ"" target=""_blank"">PRD025-3175036D</a>","<a href=""https://fluidigm.my.salesforce.com/sfc/p/700000009DAw/a/4u000001870w/XU6eX2YZtdejnAfGRls.mPHhJTPvhOp30R18ZV_Asw4"" target=""_blank"">MSDS-3000000X</a>",FFPE,Maxpar
IMC (Imaging),3175040D,Anti-Human/Mouse MAP2,<div>EPR19691</div>,175Lu,"Human, Mouse, Rat","25µg, 0.5mg/mL","<a href=""https://fluidigm.my.salesforce.com/sfc/p/700000009DAw/a/4u00000187HT/zCMPiyDLu9K6EcS9yH7Fshbzgr2wulKfIijrvI7xH_A"" target=""_blank"">PRD025-3175040D</a>","<a href=""https://fluidigm.my.salesforce.com/sfc/p/700000009DAw/a/4u000001870w/XU6eX2YZtdejnAfGRls.mPHhJTPvhOp30R18ZV_Asw4"" target=""_blank"">MSDS-3000000X</a>",FFPE,Maxpar
IMC (Imaging),3175041D,Anti-Human CD14,<div>EPR3653</div>,175Lu,Human,"25µg, 0.5mg/mL","<a href=""https://fluidigm.my.salesforce.com/sfc/p/700000009DAw/a/4u000000qRbL/Dl2s3Qqa32uSGCMIsw1beG.AAMF_nH7IPgON8v0yiRU"" target=""_blank"">PRD025-3175041D</a>","<a href=""https://fluidigm.my.salesforce.com/sfc/p/700000009DAw/a/4u000001870w/XU6eX2YZtdejnAfGRls.mPHhJTPvhOp30R18ZV_Asw4"" target=""_blank"">MSDS-3000000X</a>",FFPE,Maxpar
IMC (Imaging),3176023D,Anti-Histone H3 ,<div>D1H2</div>,176Yb,"Human, Mouse","25µg, 0.5mg/mL","<a href=""https://fluidigm.my.salesforce.com/sfc/p/700000009DAw/a/4u0000019iGh/RLXRBfaVIFrWZaYMUFsIkrkcAJEvkaLyok6O_M2GpLA"" target=""_blank"">PRD025-3176023D</a>","<a href=""https://fluidigm.my.salesforce.com/sfc/p/700000009DAw/a/4u000001870w/XU6eX2YZtdejnAfGRls.mPHhJTPvhOp30R18ZV_Asw4"" target=""_blank"">MSDS-3000000X</a>",FFPE,Maxpar
IMC (Imaging),3176024D,Anti-pHistone H3 [Ser28] ,<div>HTA28</div>,176Yb,"Human, Mouse","25µg, 0.5mg/mL","<a href=""https://fluidigm.my.salesforce.com/sfc/p/700000009DAw/a/4u0000019iGX/kjpPWRFIhJSSgz81KpJJ8j02fB7yfB7Jd8_j8uCUqII"" target=""_blank"">PRD025-3176024D</a>","<a href=""https://fluidigm.my.salesforce.com/sfc/p/700000009DAw/a/4u000001870w/XU6eX2YZtdejnAfGRls.mPHhJTPvhOp30R18ZV_Asw4"" target=""_blank"">MSDS-3000000X</a>",FFPE,Maxpar
IMC (Imaging),3176026D,Anti-Human Perforin ,<div>dG9</div>,176Yb,Human,"25µg, 0.5mg/mL","<a href=""https://fluidigm.my.salesforce.com/sfc/p/700000009DAw/a/4u0000019n7R/Gmpc.DL2.giABV8Hli4CjZe8dwim0asRDWa4q7zH70M"" target=""_blank"">PRD025-3176026D</a>","<a href=""https://fluidigm.my.salesforce.com/sfc/p/700000009DAw/a/4u000001870w/XU6eX2YZtdejnAfGRls.mPHhJTPvhOp30R18ZV_Asw4"" target=""_blank"">MSDS-3000000X</a>",Frozen,Maxpar
IMC (Imaging),3176028D,Anti-Human Granzyme B,<div>EPR20129-217</div>,176Yb,Human,"25µg, 0.5mg/mL","<a href=""https://fluidigm.my.salesforce.com/sfc/p/700000009DAw/a/4u000000qRbI/nLTmFtxIZGjP7es0aMG.VU1Cb1btukcmx2y6yZ9BYME"" target=""_blank"">PRD025-3176028D</a>","<a href=""https://fluidigm.my.salesforce.com/sfc/p/700000009DAw/a/4u000001870w/XU6eX2YZtdejnAfGRls.mPHhJTPvhOp30R18ZV_Asw4"" target=""_blank"">MSDS-3000000X</a>",FFPE,Maxpar
IMC (Imaging),3209017D,Anti-Human α-Smooth Muscle Actin,<div>1A4</div>,209Bi,"Human, Mouse, Rat, Pig, Chicken","25µg, 0.5mg/mL","<a href=""https://fluidigm.my.salesforce.com/sfc/p/700000009DAw/a/4u000000qRbA/EgF_uHP2QnepyVgruwaoXKnz9.oo.8wrKCieg7mQyR4"" target=""_blank"">PRD025-3209017D</a>","<a href=""https://fluidigm.my.salesforce.com/sfc/p/700000009DAw/a/4u000001871G/1XaEqEvHrGO1umq7nQFjhaeFZWVqJSiyN8iKQRnL0h0"" target=""_blank"">SDS-00066</a>",FFPE,Maxpar
IMC (Imaging),3142023D,Anti-Human CD366/TIM-3 ,<div>D5D5R</div>,142Nd,Human,"25µg, 0.5mg/mL","<a href=""https://fluidigm.my.salesforce.com/sfc/p/700000009DAw/a/QQ000001JKfB/4ucXbq5vaM0djeGq2F5ao.wav49PyigQObIwm.q.H3g"" target=""_blank"">PRD025-3142023D</a>","<a href=""https://fluidigm.my.salesforce.com/sfc/p/700000009DAw/a/4u000001870w/XU6eX2YZtdejnAfGRls.mPHhJTPvhOp30R18ZV_Asw4"" target=""_blank"">MSDS-3000000X</a>",FFPE,Maxpar
IMC (Imaging),3145022D,Anti-Human IDO ,<div>BLR031F</div>,145Nd,Human,"25µg, 0.5mg/mL","<a href=""https://fluidigm.my.salesforce.com/sfc/p/700000009DAw/a/QQ000001JKth/NxJ7TgQ9GzEv4eGxtYSpMTrMY9l31tJ5HUspRqteZ5M"" target=""_blank"">PRD025-3145022D</a>","<a href=""https://fluidigm.my.salesforce.com/sfc/p/700000009DAw/a/4u000001870w/XU6eX2YZtdejnAfGRls.mPHhJTPvhOp30R18ZV_Asw4"" target=""_blank"">MSDS-3000000X</a>",FFPE,Maxpar
IMC (Imaging),3148026D,Anti-Human CD223/LAG-3 ,<div>BLR027F</div>,148Nd,Human,"25µg, 0.5mg/mL","<a href=""https://fluidigm.my.salesforce.com/sfc/p/700000009DAw/a/QQ000001JKk1/xirUPfFX.k2.BaRtyut26o5GJ6s4oPBjti482M3DU5o"" target=""_blank"">PRD025-3148026D</a>","<a href=""https://fluidigm.my.salesforce.com/sfc/p/700000009DAw/a/4u000001870w/XU6eX2YZtdejnAfGRls.mPHhJTPvhOp30R18ZV_Asw4"" target=""_blank"">MSDS-3000000X</a>",FFPE,Maxpar
IMC (Imaging),3167027D,Anti-Human CD134/OX40 ,<div>ACT35</div>,167Er,Human,"25µg, 0.5mg/mL","<a href=""https://fluidigm.my.salesforce.com/sfc/p/700000009DAw/a/QQ000001JKgn/o2LqiOxGCLD4D9QNw64pZbxJoXMc4WuknrkVdVzitME"" target=""_blank"">PRD025-3167027D</a>","<a href=""https://fluidigm.my.salesforce.com/sfc/p/700000009DAw/a/4u000001870w/XU6eX2YZtdejnAfGRls.mPHhJTPvhOp30R18ZV_Asw4"" target=""_blank"">MSDS-3000000X</a>",FFPE,Maxpar
IMC (Imaging),3168030D,Anti-Human CD152/CTLA-4 ,<div>BLR257L</div>,168Er,Human,"25µg, 0.5mg/mL","<a href=""https://fluidigm.my.salesforce.com/sfc/p/700000009DAw/a/QQ000003svZ3/dGs16Kq_uMPVlkNcSaxBGuLjGKzs6quV9LtWdBekha0"" target=""_blank"">PRD025-3168030D</a>","<a href=""https://fluidigm.my.salesforce.com/sfc/p/700000009DAw/a/4u000001870w/XU6eX2YZtdejnAfGRls.mPHhJTPvhOp30R18ZV_Asw4"" target=""_blank"">MSDS-3000000X</a>",FFPE,Maxpar
IMC (Imaging),3143034D,Anti-Human VISTA ,<div>BLR035F</div>,143Nd,Human,"25µg, 0.5mg/mL","<a href=""https://fluidigm.my.salesforce.com/sfc/p/700000009DAw/a/QQ000001JKs5/XizIKWYFUS5f3Cnji8H7mzTHJSP9NhBt0Jv.x0_6e7E"" target=""_blank"">PRD025-3143034D</a>","<a href=""https://fluidigm.my.salesforce.com/sfc/p/700000009DAw/a/4u000001870w/XU6eX2YZtdejnAfGRls.mPHhJTPvhOp30R18ZV_Asw4"" target=""_blank"">MSDS-3000000X</a>",FFPE,Maxpar
IMC (Imaging),3142024D,Anti-Human Glut-1,<div>EPR3915</div>,142Nd,"Human, Mouse, Rat","25µg, 0.5mg/mL","<a href=""https://fluidigm.my.salesforce.com/sfc/p/700000009DAw/a/QQ0000034cUn/fiLBD5sUav9Td5ere.6Fq93IhHOyEZ5uIZUOlqfgwlQ"" target=""_blank"">PRD025-3142024D</a>","<a href=""https://fluidigm.my.salesforce.com/sfc/p/700000009DAw/a/4u000001870w/XU6eX2YZtdejnAfGRls.mPHhJTPvhOp30R18ZV_Asw4"" target=""_blank"">MSDS-3000000X</a>",FFPE,Maxpar
IMC (Imaging),3143035D,Anti-Citrate Synthase​,<div>EPR8067</div>,143Nd,"Human, Mouse, Rat","25µg, 0.5mg/mL","<a href=""https://fluidigm.my.salesforce.com/sfc/p/700000009DAw/a/QQ0000034ccr/XmJOVGMyZKY6S_LozHconC4uzfULDCmq4gsB.AGQMh8"" target=""_blank"">PRD025-3143035D</a>","<a href=""https://fluidigm.my.salesforce.com/sfc/p/700000009DAw/a/4u000001870w/XU6eX2YZtdejnAfGRls.mPHhJTPvhOp30R18ZV_Asw4"" target=""_blank"">MSDS-3000000X</a>",FFPE,Maxpar
IMC (Imaging),3145023D,Anti-ATP5A,<div>EPR13030(B)</div>,145Nd,"Human, Mouse, Rat","25µg, 0.5mg/mL","<a href=""https://fluidigm.my.salesforce.com/sfc/p/700000009DAw/a/QQ0000034cjJ/1NC.Ch2z1JQxDka2kk9IR.fTE0YWm30LIdVNsaJuHbw"" target=""_blank"">PRD025-3145023D</a>","<a href=""https://fluidigm.my.salesforce.com/sfc/p/700000009DAw/a/4u000001870w/XU6eX2YZtdejnAfGRls.mPHhJTPvhOp30R18ZV_Asw4"" target=""_blank"">MSDS-3000000X</a>",FFPE,Maxpar
IMC (Imaging),3146023D,Anti-Human CPT1A​,<div>EPR21843-71-1C</div>,146Nd,Human,"25µg, 0.5mg/mL","<a href=""https://fluidigm.my.salesforce.com/sfc/p/700000009DAw/a/QQ0000034ckv/JwcxCg1R.eFWVabm.xCest3g7ZTEbYf2PaQv5gzRJZw"" target=""_blank"">PRD025-3146023D</a>","<a href=""https://fluidigm.my.salesforce.com/sfc/p/700000009DAw/a/4u000001870w/XU6eX2YZtdejnAfGRls.mPHhJTPvhOp30R18ZV_Asw4"" target=""_blank"">MSDS-3000000X</a>",FFPE,Maxpar
IMC (Imaging),3148027D,Anti-Human LDHA,<div>EP1563Y</div>,148Nd,Human,"25µg, 0.5mg/mL","<a href=""https://fluidigm.my.salesforce.com/sfc/p/700000009DAw/a/QQ0000034cpl/8Tu6HvXG3oFng6zJ.zdEOclD3w2KTSYuzUxvB5QVGWc"" target=""_blank"">PRD025-3148027D</a>","<a href=""https://fluidigm.my.salesforce.com/sfc/p/700000009DAw/a/4u000001870w/XU6eX2YZtdejnAfGRls.mPHhJTPvhOp30R18ZV_Asw4"" target=""_blank"">MSDS-3000000X</a>",FFPE,Maxpar
IMC (Imaging),3167028D,Anti-p4E-BP1 [T37/T46],<div>236B4</div>,167Er,"Human, Mouse, Rat, Monkey, D. melanogaster","25µg, 0.5mg/mL","<a href=""https://fluidigm.my.salesforce.com/sfc/p/700000009DAw/a/QQ0000034cub/2QJi_1EXgf9bqZHgXSUcPCF3Dmk3javEHdc0X3q51Q4"" target=""_blank"">PRD025-3167028D</a>","<a href=""https://fluidigm.my.salesforce.com/sfc/p/700000009DAw/a/4u000001870w/XU6eX2YZtdejnAfGRls.mPHhJTPvhOp30R18ZV_Asw4"" target=""_blank"">MSDS-3000000X</a>",FFPE,Maxpar
IMC (Imaging),3168031D,Anti-pS6 [S235/S236],<div>N7-548</div>,168Er,"Human, Mouse, Rat","25µg, 0.5mg/mL","<a href=""https://fluidigm.my.salesforce.com/sfc/p/700000009DAw/a/QQ0000034cwD/gwAs_iRahXGyYFAYXEnW2YhJxeyYMc4oy6vWbr_FcVI"" target=""_blank"">PRD025-3168031D</a>","<a href=""https://fluidigm.my.salesforce.com/sfc/p/700000009DAw/a/4u000001870w/XU6eX2YZtdejnAfGRls.mPHhJTPvhOp30R18ZV_Asw4"" target=""_blank"">MSDS-3000000X</a>",FFPE,Maxpar
IMC (Imaging),3143036D,Anti-PTEN,<div>EPR22636-122</div>,143Nd,"Human, Mouse, Rat","25µg, 0.5mg/mL","<a href=""https://fluidigm.my.salesforce.com/sfc/p/700000009DAw/a/QQ0000034czR/0fIesQHBkR6o1M.eZcmC.kQ5pZvmz7ZlowJfZMSvM4k"" target=""_blank"">PRD025-3143036D</a>","<a href=""https://fluidigm.my.salesforce.com/sfc/p/700000009DAw/a/4u000001870w/XU6eX2YZtdejnAfGRls.mPHhJTPvhOp30R18ZV_Asw4"" target=""_blank"">MSDS-3000000X</a>",FFPE,Maxpar
IMC (Imaging),3145024D,Anti-Human GSK3 β,<div>Y174</div>,145Nd,Human,"25µg, 0.5mg/mL","<a href=""https://fluidigm.my.salesforce.com/sfc/p/700000009DAw/a/QQ0000034d4H/kJxAiWZGHpUkAhxPygQLcxrs2Uek9tpLBc0ZUkRhRuE"" target=""_blank"">PRD025-3145024D</a>","<a href=""https://fluidigm.my.salesforce.com/sfc/p/700000009DAw/a/4u000001870w/XU6eX2YZtdejnAfGRls.mPHhJTPvhOp30R18ZV_Asw4"" target=""_blank"">MSDS-3000000X</a>",FFPE,Maxpar
IMC (Imaging),3146024D,Anti-pTYR,<div>TYR-100</div>,146Nd,"Human, Mouse, Rat, All Species Expected","25µg, 0.5mg/mL","<a href=""https://fluidigm.my.salesforce.com/sfc/p/700000009DAw/a/QQ0000034d5t/G4Hr_faZPyppFOQOdKhLpzD3d5W9G_KkbGnS6pn0q6E"" target=""_blank"">PRD025-3146024D</a>","<a href=""https://fluidigm.my.salesforce.com/sfc/p/700000009DAw/a/4u000001870w/XU6eX2YZtdejnAfGRls.mPHhJTPvhOp30R18ZV_Asw4"" target=""_blank"">MSDS-3000000X</a>",FFPE,Maxpar
IMC (Imaging),3148028D,Anti-YAP1,<div>EPR19812</div>,148Nd,"Human, Mouse","25µg, 0.5mg/mL","<a href=""https://fluidigm.my.salesforce.com/sfc/p/700000009DAw/a/QQ0000034d97/49xJY7AKmHFZbAKsYvxmz9CRJHZNE1ZAX7t1hjpgn0U"" target=""_blank"">PRD025-3148028D</a>","<a href=""https://fluidigm.my.salesforce.com/sfc/p/700000009DAw/a/4u000001870w/XU6eX2YZtdejnAfGRls.mPHhJTPvhOp30R18ZV_Asw4"" target=""_blank"">MSDS-3000000X</a>",FFPE,Maxpar
IMC (Imaging),3167029D,Anti-pERK1/2 [T202/Y204],<div>D.13.14.4E</div>,167Er,"Human, Mouse, Rat, Hamster, Monkey, Mink, D. melanogaster, Zebrafish, Bovine, Dog, Pig, S. cerevisiae","25µg, 0.5mg/mL","<a href=""https://fluidigm.my.salesforce.com/sfc/p/700000009DAw/a/QQ0000034dCL/iDu5X9s1WPtK73jsiMZ33dz5BzrMN1KKCJgGMNCrd.k"" target=""_blank"">PRD025-3167029D</a>","<a href=""https://fluidigm.my.salesforce.com/sfc/p/700000009DAw/a/4u000001870w/XU6eX2YZtdejnAfGRls.mPHhJTPvhOp30R18ZV_Asw4"" target=""_blank"">MSDS-3000000X</a>",FFPE,Maxpar
IMC (Imaging),3168032D,Anti-pSMAD,<div>EP823Y</div>,168Er,"Human, Mouse","25µg, 0.5mg/mL","<a href=""https://fluidigm.my.salesforce.com/sfc/p/700000009DAw/a/QQ0000034dDx/tFEdFa9EhNjFmh41n7Jzy12eDO9r7kEN53RvEbDpUzI"" target=""_blank"">PRD025-3168032D</a>","<a href=""https://fluidigm.my.salesforce.com/sfc/p/700000009DAw/a/4u000001870w/XU6eX2YZtdejnAfGRls.mPHhJTPvhOp30R18ZV_Asw4"" target=""_blank"">MSDS-3000000X</a>",FFPE,Maxpar
IMC (Imaging),91H001142,Anti-α-Smooth Muscle Actin ,<div>1A4</div>,142Nd,"Human, Mouse, Rat","15µg, 0.5mg/mL","<a href=""https://fluidigm.my.salesforce.com/sfc/p/700000009DAw/a/4u0000019ibq/t0onsZH94lDMV1QGhCuUPbvDZXtznQW4d.zI7tAOgi0"" target=""_blank"">TDS-00704</a>","<a href=""https://fluidigm.my.salesforce.com/sfc/p/700000009DAw/a/4u000001870w/XU6eX2YZtdejnAfGRls.mPHhJTPvhOp30R18ZV_Asw4"" target=""_blank"">MSDS-3000000X</a>","FFPE, Frozen",MaxparOnDemand
IMC (Imaging),91H001153,Anti-α-Smooth Muscle Actin ,<div>1A4</div>,153Eu,"Human, Mouse, Rat","15µg, 0.5mg/mL","<a href=""https://fluidigm.my.salesforce.com/sfc/p/700000009DAw/a/4u0000019ibq/t0onsZH94lDMV1QGhCuUPbvDZXtznQW4d.zI7tAOgi0"" target=""_blank"">TDS-00704</a>","<a href=""https://fluidigm.my.salesforce.com/sfc/p/700000009DAw/a/4u000001870w/XU6eX2YZtdejnAfGRls.mPHhJTPvhOp30R18ZV_Asw4"" target=""_blank"">MSDS-3000000X</a>","FFPE, Frozen",MaxparOnDemand
IMC (Imaging),91H002149,Anti-Vimentin ,<div>RV202</div>,149Sm,"Human, Mouse, Rat, Rabbit, Bovine, Canine, Hamster, Monkey, Chicken, Goat","15µg, 0.5mg/mL","<a href=""https://fluidigm.my.salesforce.com/sfc/p/700000009DAw/a/4u0000019ibq/t0onsZH94lDMV1QGhCuUPbvDZXtznQW4d.zI7tAOgi0"" target=""_blank"">TDS-00704</a>","<a href=""https://fluidigm.my.salesforce.com/sfc/p/700000009DAw/a/4u000001870w/XU6eX2YZtdejnAfGRls.mPHhJTPvhOp30R18ZV_Asw4"" target=""_blank"">MSDS-3000000X</a>","FFPE, Frozen",MaxparOnDemand
IMC (Imaging),91H002151,Anti-Vimentin ,<div>RV202</div>,151Eu,"Human, Mouse, Rat, Rabbit, Bovine, Canine, Hamster, Monkey, Chicken, Goat","15µg, 0.5mg/mL","<a href=""https://fluidigm.my.salesforce.com/sfc/p/700000009DAw/a/4u0000019ibq/t0onsZH94lDMV1QGhCuUPbvDZXtznQW4d.zI7tAOgi0"" target=""_blank"">TDS-00704</a>","<a href=""https://fluidigm.my.salesforce.com/sfc/p/700000009DAw/a/4u000001870w/XU6eX2YZtdejnAfGRls.mPHhJTPvhOp30R18ZV_Asw4"" target=""_blank"">MSDS-3000000X</a>","FFPE, Frozen",MaxparOnDemand
IMC (Imaging),91H002154,Anti-Vimentin ,<div>RV202</div>,154Sm,"Human, Mouse, Rat, Rabbit, Bovine, Canine, Hamster, Monkey, Chicken, Goat","15µg, 0.5mg/mL","<a href=""https://fluidigm.my.salesforce.com/sfc/p/700000009DAw/a/4u0000019ibq/t0onsZH94lDMV1QGhCuUPbvDZXtznQW4d.zI7tAOgi0"" target=""_blank"">TDS-00704</a>","<a href=""https://fluidigm.my.salesforce.com/sfc/p/700000009DAw/a/4u000001870w/XU6eX2YZtdejnAfGRls.mPHhJTPvhOp30R18ZV_Asw4"" target=""_blank"">MSDS-3000000X</a>","FFPE, Frozen",MaxparOnDemand
IMC (Imaging),91H003148,Anti-CD14 ,<div>EPR3653</div>,148Nd,Human,"15µg, 0.5mg/mL","<a href=""https://fluidigm.my.salesforce.com/sfc/p/#700000009DAw/a/4u0000019ibq/t0onsZH94lDMV1QGhCuUPbvDZXtznQW4d.zI7tAOgi0"" target=""_blank"">TDS-00704</a>","<a href=""https://fluidigm.my.salesforce.com/sfc/p/700000009DAw/a/4u000001870w/XU6eX2YZtdejnAfGRls.mPHhJTPvhOp30R18ZV_Asw4"" target=""_blank"">MSDS-3000000X</a>",FFPE,MaxparOnDemand
IMC (Imaging),91H003151,Anti-CD14 ,<div>EPR3653</div>,151Eu,Human,"15µg, 0.5mg/mL","<a href=""https://fluidigm.my.salesforce.com/sfc/p/700000009DAw/a/4u0000019ibq/t0onsZH94lDMV1QGhCuUPbvDZXtznQW4d.zI7tAOgi0"" target=""_blank"">TDS-00704</a>","<a href=""https://fluidigm.my.salesforce.com/sfc/p/700000009DAw/a/4u000001870w/XU6eX2YZtdejnAfGRls.mPHhJTPvhOp30R18ZV_Asw4"" target=""_blank"">MSDS-3000000X</a>",FFPE,MaxparOnDemand
IMC (Imaging),91H003153,Anti-CD14,<div>EPR3653</div>,153Eu,Human,"15µg, 0.5mg/mL","<a href=""https://fluidigm.my.salesforce.com/sfc/p/700000009DAw/a/4u0000019ibq/t0onsZH94lDMV1QGhCuUPbvDZXtznQW4d.zI7tAOgi0"" target=""_blank"">TDS-00704</a>","<a href=""https://fluidigm.my.salesforce.com/sfc/p/700000009DAw/a/4u000001870w/XU6eX2YZtdejnAfGRls.mPHhJTPvhOp30R18ZV_Asw4"" target=""_blank"">MSDS-3000000X</a>",FFPE,MaxparOnDemand
IMC (Imaging),91H003160,Anti-CD14,<div>EPR3653</div>,160Gd,Human,"15µg, 0.5mg/mL","<a href=""https://fluidigm.my.salesforce.com/sfc/p/700000009DAw/a/4u0000019ibq/t0onsZH94lDMV1QGhCuUPbvDZXtznQW4d.zI7tAOgi0"" target=""_blank"">TDS-00704</a>","<a href=""https://fluidigm.my.salesforce.com/sfc/p/700000009DAw/a/4u000001870w/XU6eX2YZtdejnAfGRls.mPHhJTPvhOp30R18ZV_Asw4"" target=""_blank"">MSDS-3000000X</a>",FFPE,MaxparOnDemand
IMC (Imaging),91H003163,Anti-CD14 ,<div>EPR3653</div>,163Dy,Human,"15µg, 0.5mg/mL","<a href=""https://fluidigm.my.salesforce.com/sfc/p/700000009DAw/a/4u0000019ibq/t0onsZH94lDMV1QGhCuUPbvDZXtznQW4d.zI7tAOgi0"" target=""_blank"">TDS-00704</a>","<a href=""https://fluidigm.my.salesforce.com/sfc/p/700000009DAw/a/4u000001870w/XU6eX2YZtdejnAfGRls.mPHhJTPvhOp30R18ZV_Asw4"" target=""_blank"">MSDS-3000000X</a>",FFPE,MaxparOnDemand
IMC (Imaging),91H004148,Anti-CD16 ,<div>EPR16784</div>,148Nd,"Human, Rat","15µg, 0.5mg/mL","<a href=""https://fluidigm.my.salesforce.com/sfc/p/700000009DAw/a/4u0000019ibq/t0onsZH94lDMV1QGhCuUPbvDZXtznQW4d.zI7tAOgi0"" target=""_blank"">TDS-00704</a>","<a href=""https://fluidigm.my.salesforce.com/sfc/p/700000009DAw/a/4u000001870w/XU6eX2YZtdejnAfGRls.mPHhJTPvhOp30R18ZV_Asw4"" target=""_blank"">MSDS-3000000X</a>","FFPE, Frozen",MaxparOnDemand
IMC (Imaging),91H004149,Anti-CD16 ,<div>EPR16784</div>,149Sm,"Human, Rat","15µg, 0.5mg/mL","<a href=""https://fluidigm.my.salesforce.com/sfc/p/700000009DAw/a/4u0000019ibq/t0onsZH94lDMV1QGhCuUPbvDZXtznQW4d.zI7tAOgi0"" target=""_blank"">TDS-00704</a>","<a href=""https://fluidigm.my.salesforce.com/sfc/p/700000009DAw/a/4u000001870w/XU6eX2YZtdejnAfGRls.mPHhJTPvhOp30R18ZV_Asw4"" target=""_blank"">MSDS-3000000X</a>","FFPE, Frozen",MaxparOnDemand
IMC (Imaging),91H004153,Anti-CD16 ,<div>EPR16784</div>,153Eu,"Human, Rat","15µg, 0.5mg/mL","<a href=""https://fluidigm.my.salesforce.com/sfc/p/700000009DAw/a/4u0000019ibq/t0onsZH94lDMV1QGhCuUPbvDZXtznQW4d.zI7tAOgi0"" target=""_blank"">TDS-00704</a>","<a href=""https://fluidigm.my.salesforce.com/sfc/p/700000009DAw/a/4u000001870w/XU6eX2YZtdejnAfGRls.mPHhJTPvhOp30R18ZV_Asw4"" target=""_blank"">MSDS-3000000X</a>","FFPE, Frozen",MaxparOnDemand
IMC (Imaging),91H005148,Anti-CD163 ,<div>EDHu-1</div>,148Nd,"Human, Non-human primate, Sheep","15µg, 0.5mg/mL","<a href=""https://fluidigm.my.salesforce.com/sfc/p/700000009DAw/a/4u0000019ibq/t0onsZH94lDMV1QGhCuUPbvDZXtznQW4d.zI7tAOgi0"" target=""_blank"">TDS-00704</a>","<a href=""https://fluidigm.my.salesforce.com/sfc/p/700000009DAw/a/4u000001870w/XU6eX2YZtdejnAfGRls.mPHhJTPvhOp30R18ZV_Asw4"" target=""_blank"">MSDS-3000000X</a>","FFPE, Frozen",MaxparOnDemand
IMC (Imaging),91H005151,Anti-CD163 ,<div>EDHu-1</div>,151Eu,"Human, Non-human primate, Sheep","15µg, 0.5mg/mL","<a href=""https://fluidigm.my.salesforce.com/sfc/p/700000009DAw/a/4u0000019ibq/t0onsZH94lDMV1QGhCuUPbvDZXtznQW4d.zI7tAOgi0"" target=""_blank"">TDS-00704</a>","<a href=""https://fluidigm.my.salesforce.com/sfc/p/700000009DAw/a/4u000001870w/XU6eX2YZtdejnAfGRls.mPHhJTPvhOp30R18ZV_Asw4"" target=""_blank"">MSDS-3000000X</a>","FFPE, Frozen",MaxparOnDemand
IMC (Imaging),91H005152,Anti-CD163 ,<div>EDHu-1</div>,152Sm,"Human, Non-human primate, Sheep","15µg, 0.5mg/mL","<a href=""https://fluidigm.my.salesforce.com/sfc/p/700000009DAw/a/4u0000019ibq/t0onsZH94lDMV1QGhCuUPbvDZXtznQW4d.zI7tAOgi0"" target=""_blank"">TDS-00704</a>","<a href=""https://fluidigm.my.salesforce.com/sfc/p/700000009DAw/a/4u000001870w/XU6eX2YZtdejnAfGRls.mPHhJTPvhOp30R18ZV_Asw4"" target=""_blank"">MSDS-3000000X</a>","FFPE, Frozen",MaxparOnDemand
IMC (Imaging),91H006142,Anti-Pan-CytoKeratin ,<div>AE-1/AE-3</div>,142Nd,"Human, Mouse, Rat, Dog, Primate","15µg, 0.5mg/mL","<a href=""https://fluidigm.my.salesforce.com/sfc/p/700000009DAw/a/4u0000019ibq/t0onsZH94lDMV1QGhCuUPbvDZXtznQW4d.zI7tAOgi0"" target=""_blank"">TDS-00704</a>","<a href=""https://fluidigm.my.salesforce.com/sfc/p/700000009DAw/a/4u000001870w/XU6eX2YZtdejnAfGRls.mPHhJTPvhOp30R18ZV_Asw4"" target=""_blank"">MSDS-3000000X</a>","FFPE, Frozen",MaxparOnDemand
IMC (Imaging),91H006155,Anti-Pan-CytoKeratin ,<div>AE-1/AE-3</div>,155Gd,"Human, Mouse, Rat, Dog, Primate","15µg, 0.5mg/mL","<a href=""https://fluidigm.my.salesforce.com/sfc/p/700000009DAw/a/4u0000019ibq/t0onsZH94lDMV1QGhCuUPbvDZXtznQW4d.zI7tAOgi0"" target=""_blank"">TDS-00704</a>","<a href=""https://fluidigm.my.salesforce.com/sfc/p/700000009DAw/a/4u000001870w/XU6eX2YZtdejnAfGRls.mPHhJTPvhOp30R18ZV_Asw4"" target=""_blank"">MSDS-3000000X</a>","FFPE, Frozen",MaxparOnDemand
IMC (Imaging),91H006174,Anti-Pan-CytoKeratin ,<div>AE-1/AE-3</div>,174Yb,"Human, Mouse, Rat, Dog, Primate","15µg, 0.5mg/mL","<a href=""https://fluidigm.my.salesforce.com/sfc/p/700000009DAw/a/4u0000019ibq/t0onsZH94lDMV1QGhCuUPbvDZXtznQW4d.zI7tAOgi0"" target=""_blank"">TDS-00704</a>","<a href=""https://fluidigm.my.salesforce.com/sfc/p/700000009DAw/a/4u000001870w/XU6eX2YZtdejnAfGRls.mPHhJTPvhOp30R18ZV_Asw4"" target=""_blank"">MSDS-3000000X</a>","FFPE, Frozen",MaxparOnDemand
IMC (Imaging),91H007146,Anti-CD11b ,<div>EPR1344</div>,146Nd,"Human, Mouse, Rat","15µg, 0.5mg/mL","<a href=""https://fluidigm.my.salesforce.com/sfc/p/700000009DAw/a/4u0000019ibq/t0onsZH94lDMV1QGhCuUPbvDZXtznQW4d.zI7tAOgi0"" target=""_blank"">TDS-00704</a>","<a href=""https://fluidigm.my.salesforce.com/sfc/p/700000009DAw/a/4u000001870w/XU6eX2YZtdejnAfGRls.mPHhJTPvhOp30R18ZV_Asw4"" target=""_blank"">MSDS-3000000X</a>",FFPE,MaxparOnDemand
IMC (Imaging),91H007163,Anti-CD11b ,<div>EPR1344</div>,163Dy,"Human, Mouse, Rat","15µg, 0.5mg/mL","<a href=""https://fluidigm.my.salesforce.com/sfc/p/700000009DAw/a/4u0000019ibq/t0onsZH94lDMV1QGhCuUPbvDZXtznQW4d.zI7tAOgi0"" target=""_blank"">TDS-00704</a>","<a href=""https://fluidigm.my.salesforce.com/sfc/p/700000009DAw/a/4u000001870w/XU6eX2YZtdejnAfGRls.mPHhJTPvhOp30R18ZV_Asw4"" target=""_blank"">MSDS-3000000X</a>",FFPE,MaxparOnDemand
IMC (Imaging),91H007165,Anti-CD11b ,<div>EPR1344</div>,165Ho,"Human, Mouse, Rat","15µg, 0.5mg/mL","<a href=""https://fluidigm.my.salesforce.com/sfc/p/700000009DAw/a/4u0000019ibq/t0onsZH94lDMV1QGhCuUPbvDZXtznQW4d.zI7tAOgi0"" target=""_blank"">TDS-00704</a>","<a href=""https://fluidigm.my.salesforce.com/sfc/p/700000009DAw/a/4u000001870w/XU6eX2YZtdejnAfGRls.mPHhJTPvhOp30R18ZV_Asw4"" target=""_blank"">MSDS-3000000X</a>",FFPE,MaxparOnDemand
IMC (Imaging),91H008144,Anti-CD31 ,<div>EPR3094</div>,144Nd,Human,"15µg, 0.5mg/mL","<a href=""https://fluidigm.my.salesforce.com/sfc/p/700000009DAw/a/4u0000019ibq/t0onsZH94lDMV1QGhCuUPbvDZXtznQW4d.zI7tAOgi0"" target=""_blank"">TDS-00704</a>","<a href=""https://fluidigm.my.salesforce.com/sfc/p/700000009DAw/a/4u000001870w/XU6eX2YZtdejnAfGRls.mPHhJTPvhOp30R18ZV_Asw4"" target=""_blank"">MSDS-3000000X</a>",FFPE,MaxparOnDemand
IMC (Imaging),91H008145,Anti-CD31 ,<div>EPR3094</div>,145Nd,Human,"15µg, 0.5mg/mL","<a href=""https://fluidigm.my.salesforce.com/sfc/p/700000009DAw/a/4u0000019ibq/t0onsZH94lDMV1QGhCuUPbvDZXtznQW4d.zI7tAOgi0"" target=""_blank"">TDS-00704</a>","<a href=""https://fluidigm.my.salesforce.com/sfc/p/700000009DAw/a/4u000001870w/XU6eX2YZtdejnAfGRls.mPHhJTPvhOp30R18ZV_Asw4"" target=""_blank"">MSDS-3000000X</a>",FFPE,MaxparOnDemand
IMC (Imaging),91H008146,Anti-CD31 ,<div>EPR3094</div>,146Nd,Human,"15µg, 0.5mg/mL","<a href=""https://fluidigm.my.salesforce.com/sfc/p/700000009DAw/a/4u0000019ibq/t0onsZH94lDMV1QGhCuUPbvDZXtznQW4d.zI7tAOgi0"" target=""_blank"">TDS-00704</a>","<a href=""https://fluidigm.my.salesforce.com/sfc/p/700000009DAw/a/4u000001870w/XU6eX2YZtdejnAfGRls.mPHhJTPvhOp30R18ZV_Asw4"" target=""_blank"">MSDS-3000000X</a>",FFPE,MaxparOnDemand
IMC (Imaging),91H009145,Anti-CD45 ,<div>D9M8I</div>,145Nd,Human,"15µg, 0.5mg/mL","<a href=""https://fluidigm.my.salesforce.com/sfc/p/700000009DAw/a/4u0000019ibq/t0onsZH94lDMV1QGhCuUPbvDZXtznQW4d.zI7tAOgi0"" target=""_blank"">TDS-00704</a>","<a href=""https://fluidigm.my.salesforce.com/sfc/p/700000009DAw/a/4u000001870w/XU6eX2YZtdejnAfGRls.mPHhJTPvhOp30R18ZV_Asw4"" target=""_blank"">MSDS-3000000X</a>","FFPE, Frozen",MaxparOnDemand
IMC (Imaging),91H009163,Anti-CD45 ,<div>D9M8I</div>,163Dy,Human,"15µg, 0.5mg/mL","<a href=""https://fluidigm.my.salesforce.com/sfc/p/700000009DAw/a/4u0000019ibq/t0onsZH94lDMV1QGhCuUPbvDZXtznQW4d.zI7tAOgi0"" target=""_blank"">TDS-00704</a>","<a href=""https://fluidigm.my.salesforce.com/sfc/p/700000009DAw/a/4u000001870w/XU6eX2YZtdejnAfGRls.mPHhJTPvhOp30R18ZV_Asw4"" target=""_blank"">MSDS-3000000X</a>","FFPE, Frozen",MaxparOnDemand
IMC (Imaging),91H010163,Anti-CD4 ,<div>EPR6855</div>,163Dy,Human,"15µg, 0.5mg/mL","<a href=""https://fluidigm.my.salesforce.com/sfc/p/700000009DAw/a/4u0000019ibq/t0onsZH94lDMV1QGhCuUPbvDZXtznQW4d.zI7tAOgi0"" target=""_blank"">TDS-00704</a>","<a href=""https://fluidigm.my.salesforce.com/sfc/p/700000009DAw/a/4u000001870w/XU6eX2YZtdejnAfGRls.mPHhJTPvhOp30R18ZV_Asw4"" target=""_blank"">MSDS-3000000X</a>",FFPE,MaxparOnDemand
IMC (Imaging),91H010169,Anti-CD4 ,<div>EPR6855</div>,169Tm,Human,"15µg, 0.5mg/mL","<a href=""https://fluidigm.my.salesforce.com/sfc/p/700000009DAw/a/4u0000019ibq/t0onsZH94lDMV1QGhCuUPbvDZXtznQW4d.zI7tAOgi0"" target=""_blank"">TDS-00704</a>","<a href=""https://fluidigm.my.salesforce.com/sfc/p/700000009DAw/a/4u000001870w/XU6eX2YZtdejnAfGRls.mPHhJTPvhOp30R18ZV_Asw4"" target=""_blank"">MSDS-3000000X</a>",FFPE,MaxparOnDemand
IMC (Imaging),91H010171,Anti-CD4 ,<div>EPR6855</div>,171Yb,Human,"15µg, 0.5mg/mL","<a href=""https://fluidigm.my.salesforce.com/sfc/p/700000009DAw/a/4u0000019ibq/t0onsZH94lDMV1QGhCuUPbvDZXtznQW4d.zI7tAOgi0"" target=""_blank"">TDS-00704</a>","<a href=""https://fluidigm.my.salesforce.com/sfc/p/700000009DAw/a/4u000001870w/XU6eX2YZtdejnAfGRls.mPHhJTPvhOp30R18ZV_Asw4"" target=""_blank"">MSDS-3000000X</a>",FFPE,MaxparOnDemand
IMC (Imaging),91H011172,Anti-E-Cadherin ,<div>24E10</div>,172Yb,"Human, Mouse","15µg, 0.5mg/mL","<a href=""https://fluidigm.my.salesforce.com/sfc/p/700000009DAw/a/4u0000019ibq/t0onsZH94lDMV1QGhCuUPbvDZXtznQW4d.zI7tAOgi0"" target=""_blank"">TDS-00704</a>","<a href=""https://fluidigm.my.salesforce.com/sfc/p/700000009DAw/a/4u000001870w/XU6eX2YZtdejnAfGRls.mPHhJTPvhOp30R18ZV_Asw4"" target=""_blank"">MSDS-3000000X</a>","FFPE, Frozen",MaxparOnDemand
IMC (Imaging),91H011173,Anti-E-Cadherin ,<div>24E10</div>,173Yb,"Human, Mouse","15µg, 0.5mg/mL","<a href=""https://fluidigm.my.salesforce.com/sfc/p/700000009DAw/a/4u0000019ibq/t0onsZH94lDMV1QGhCuUPbvDZXtznQW4d.zI7tAOgi0"" target=""_blank"">TDS-00704</a>","<a href=""https://fluidigm.my.salesforce.com/sfc/p/700000009DAw/a/4u000001870w/XU6eX2YZtdejnAfGRls.mPHhJTPvhOp30R18ZV_Asw4"" target=""_blank"">MSDS-3000000X</a>","FFPE, Frozen",MaxparOnDemand
IMC (Imaging),91H011174,Anti-E-Cadherin ,<div>24E10</div>,174Yb,"Human, Mouse","15µg, 0.5mg/mL","<a href=""https://fluidigm.my.salesforce.com/sfc/p/700000009DAw/a/4u0000019ibq/t0onsZH94lDMV1QGhCuUPbvDZXtznQW4d.zI7tAOgi0"" target=""_blank"">TDS-00704</a>","<a href=""https://fluidigm.my.salesforce.com/sfc/p/700000009DAw/a/4u000001870w/XU6eX2YZtdejnAfGRls.mPHhJTPvhOp30R18ZV_Asw4"" target=""_blank"">MSDS-3000000X</a>","FFPE, Frozen",MaxparOnDemand
IMC (Imaging),91H012141,Anti-CD68 ,<div>KP1</div>,141Pr,Human,"15µg, 0.5mg/mL","<a href=""https://fluidigm.my.salesforce.com/sfc/p/700000009DAw/a/4u0000019ibq/t0onsZH94lDMV1QGhCuUPbvDZXtznQW4d.zI7tAOgi0"" target=""_blank"">TDS-00704</a>","<a href=""https://fluidigm.my.salesforce.com/sfc/p/700000009DAw/a/4u000001870w/XU6eX2YZtdejnAfGRls.mPHhJTPvhOp30R18ZV_Asw4"" target=""_blank"">MSDS-3000000X</a>","FFPE, Frozen",MaxparOnDemand
IMC (Imaging),91H012144,Anti-CD68 ,<div>KP1</div>,144Nd,Human,"15µg, 0.5mg/mL","<a href=""https://fluidigm.my.salesforce.com/sfc/p/700000009DAw/a/4u0000019ibq/t0onsZH94lDMV1QGhCuUPbvDZXtznQW4d.zI7tAOgi0"" target=""_blank"">TDS-00704</a>","<a href=""https://fluidigm.my.salesforce.com/sfc/p/700000009DAw/a/4u000001870w/XU6eX2YZtdejnAfGRls.mPHhJTPvhOp30R18ZV_Asw4"" target=""_blank"">MSDS-3000000X</a>","FFPE, Frozen",MaxparOnDemand
IMC (Imaging),91H012146,Anti-CD68 ,<div>KP1</div>,146Nd,Human,"15µg, 0.5mg/mL","<a href=""https://fluidigm.my.salesforce.com/sfc/p/700000009DAw/a/4u0000019ibq/t0onsZH94lDMV1QGhCuUPbvDZXtznQW4d.zI7tAOgi0"" target=""_blank"">TDS-00704</a>","<a href=""https://fluidigm.my.salesforce.com/sfc/p/700000009DAw/a/4u000001870w/XU6eX2YZtdejnAfGRls.mPHhJTPvhOp30R18ZV_Asw4"" target=""_blank"">MSDS-3000000X</a>","FFPE, Frozen",MaxparOnDemand
IMC (Imaging),91H013145,Anti-CD20,<div>H1</div>,145Nd,Human,"15µg, 0.5mg/mL","<a href=""https://fluidigm.my.salesforce.com/sfc/p/700000009DAw/a/4u0000019ibq/t0onsZH94lDMV1QGhCuUPbvDZXtznQW4d.zI7tAOgi0"" target=""_blank"">TDS-00704</a>","<a href=""https://fluidigm.my.salesforce.com/sfc/p/700000009DAw/a/4u000001870w/XU6eX2YZtdejnAfGRls.mPHhJTPvhOp30R18ZV_Asw4"" target=""_blank"">MSDS-3000000X</a>",FFPE,MaxparOnDemand
IMC (Imaging),91H013147,Anti-CD20,<div>H1</div>,147Sm,Human,"15µg, 0.5mg/mL","<a href=""https://fluidigm.my.salesforce.com/sfc/p/700000009DAw/a/4u0000019ibq/t0onsZH94lDMV1QGhCuUPbvDZXtznQW4d.zI7tAOgi0"" target=""_blank"">TDS-00704</a>","<a href=""https://fluidigm.my.salesforce.com/sfc/p/700000009DAw/a/4u000001870w/XU6eX2YZtdejnAfGRls.mPHhJTPvhOp30R18ZV_Asw4"" target=""_blank"">MSDS-3000000X</a>",FFPE,MaxparOnDemand
IMC (Imaging),91H013164,Anti-CD20,<div>H1</div>,164Dy,Human,"15µg, 0.5mg/mL","<a href=""https://fluidigm.my.salesforce.com/sfc/p/700000009DAw/a/4u0000019ibq/t0onsZH94lDMV1QGhCuUPbvDZXtznQW4d.zI7tAOgi0"" target=""_blank"">TDS-00704</a>","<a href=""https://fluidigm.my.salesforce.com/sfc/p/700000009DAw/a/4u000001870w/XU6eX2YZtdejnAfGRls.mPHhJTPvhOp30R18ZV_Asw4"" target=""_blank"">MSDS-3000000X</a>",FFPE,MaxparOnDemand
IMC (Imaging),91H014142,Anti-Pan-Keratin ,<div>C11</div>,142Nd,"Human, Mouse, Rat, Monkey","15µg, 0.5mg/mL","<a href=""https://fluidigm.my.salesforce.com/sfc/p/700000009DAw/a/4u0000019ibq/t0onsZH94lDMV1QGhCuUPbvDZXtznQW4d.zI7tAOgi0"" target=""_blank"">TDS-00704</a>","<a href=""https://fluidigm.my.salesforce.com/sfc/p/700000009DAw/a/4u000001870w/XU6eX2YZtdejnAfGRls.mPHhJTPvhOp30R18ZV_Asw4"" target=""_blank"">MSDS-3000000X</a>","FFPE, Frozen",MaxparOnDemand
IMC (Imaging),91H014155,Anti-Pan-Keratin ,<div>C11</div>,155Gd,"Human, Mouse, Rat, Monkey","15µg, 0.5mg/mL","<a href=""https://fluidigm.my.salesforce.com/sfc/p/700000009DAw/a/4u0000019ibq/t0onsZH94lDMV1QGhCuUPbvDZXtznQW4d.zI7tAOgi0"" target=""_blank"">TDS-00704</a>","<a href=""https://fluidigm.my.salesforce.com/sfc/p/700000009DAw/a/4u000001870w/XU6eX2YZtdejnAfGRls.mPHhJTPvhOp30R18ZV_Asw4"" target=""_blank"">MSDS-3000000X</a>","FFPE, Frozen",MaxparOnDemand
IMC (Imaging),91H014174,Anti-Pan-Keratin ,<div>C11</div>,174Yb,"Human, Mouse, Rat, Monkey","15µg, 0.5mg/mL","<a href=""https://fluidigm.my.salesforce.com/sfc/p/700000009DAw/a/4u0000019ibq/t0onsZH94lDMV1QGhCuUPbvDZXtznQW4d.zI7tAOgi0"" target=""_blank"">TDS-00704</a>","<a href=""https://fluidigm.my.salesforce.com/sfc/p/700000009DAw/a/4u000001870w/XU6eX2YZtdejnAfGRls.mPHhJTPvhOp30R18ZV_Asw4"" target=""_blank"">MSDS-3000000X</a>","FFPE, Frozen",MaxparOnDemand
IMC (Imaging),91H015146,Anti-CD8a ,<div>C8/144B</div>,146Nd,Human,"15µg, 0.5mg/mL","<a href=""https://fluidigm.my.salesforce.com/sfc/p/700000009DAw/a/4u0000019ibq/t0onsZH94lDMV1QGhCuUPbvDZXtznQW4d.zI7tAOgi0"" target=""_blank"">TDS-00704</a>","<a href=""https://fluidigm.my.salesforce.com/sfc/p/700000009DAw/a/4u000001870w/XU6eX2YZtdejnAfGRls.mPHhJTPvhOp30R18ZV_Asw4"" target=""_blank"">MSDS-3000000X</a>",FFPE,MaxparOnDemand
IMC (Imaging),91H015165,Anti-CD8a ,<div>C8/144B</div>,165Ho,Human,"15µg, 0.5mg/mL","<a href=""https://fluidigm.my.salesforce.com/sfc/p/700000009DAw/a/4u0000019ibq/t0onsZH94lDMV1QGhCuUPbvDZXtznQW4d.zI7tAOgi0"" target=""_blank"">TDS-00704</a>","<a href=""https://fluidigm.my.salesforce.com/sfc/p/700000009DAw/a/4u000001870w/XU6eX2YZtdejnAfGRls.mPHhJTPvhOp30R18ZV_Asw4"" target=""_blank"">MSDS-3000000X</a>",FFPE,MaxparOnDemand
IMC (Imaging),91H015167,Anti-CD8a ,<div>C8/144B</div>,167Er,Human,"15µg, 0.5mg/mL","<a href=""https://fluidigm.my.salesforce.com/sfc/p/700000009DAw/a/4u0000019ibq/t0onsZH94lDMV1QGhCuUPbvDZXtznQW4d.zI7tAOgi0"" target=""_blank"">TDS-00704</a>","<a href=""https://fluidigm.my.salesforce.com/sfc/p/700000009DAw/a/4u000001870w/XU6eX2YZtdejnAfGRls.mPHhJTPvhOp30R18ZV_Asw4"" target=""_blank"">MSDS-3000000X</a>",FFPE,MaxparOnDemand
IMC (Imaging),91H016174,Anti-Granzyme B ,<div>EPR20129-217</div>,174Yb,Human,"15µg, 0.5mg/mL","<a href=""https://fluidigm.my.salesforce.com/sfc/p/700000009DAw/a/4u0000019ibq/t0onsZH94lDMV1QGhCuUPbvDZXtznQW4d.zI7tAOgi0"" target=""_blank"">TDS-00704</a>","<a href=""https://fluidigm.my.salesforce.com/sfc/p/700000009DAw/a/4u000001870w/XU6eX2YZtdejnAfGRls.mPHhJTPvhOp30R18ZV_Asw4"" target=""_blank"">MSDS-3000000X</a>",FFPE,MaxparOnDemand
IMC (Imaging),91H016175,Anti-Granzyme B ,<div>EPR20129-217</div>,175Lu,Human,"15µg, 0.5mg/mL","<a href=""https://fluidigm.my.salesforce.com/sfc/p/700000009DAw/a/4u0000019ibq/t0onsZH94lDMV1QGhCuUPbvDZXtznQW4d.zI7tAOgi0"" target=""_blank"">TDS-00704</a>","<a href=""https://fluidigm.my.salesforce.com/sfc/p/700000009DAw/a/4u000001870w/XU6eX2YZtdejnAfGRls.mPHhJTPvhOp30R18ZV_Asw4"" target=""_blank"">MSDS-3000000X</a>",FFPE,MaxparOnDemand
IMC (Imaging),91H017172,Anti-Ki-67 ,<div>B56</div>,172Yb,"Human, Mouse, Rat, Rhesus","15µg, 0.5mg/mL","<a href=""https://fluidigm.my.salesforce.com/sfc/p/700000009DAw/a/4u0000019ibq/t0onsZH94lDMV1QGhCuUPbvDZXtznQW4d.zI7tAOgi0"" target=""_blank"">TDS-00704</a>","<a href=""https://fluidigm.my.salesforce.com/sfc/p/700000009DAw/a/4u000001870w/XU6eX2YZtdejnAfGRls.mPHhJTPvhOp30R18ZV_Asw4"" target=""_blank"">MSDS-3000000X</a>","FFPE, Frozen",MaxparOnDemand
IMC (Imaging),91H017173,Anti-Ki-67 ,<div>B56</div>,173Yb,"Human, Mouse, Rat, Rhesus","15µg, 0.5mg/mL","<a href=""https://fluidigm.my.salesforce.com/sfc/p/700000009DAw/a/4u0000019ibq/t0onsZH94lDMV1QGhCuUPbvDZXtznQW4d.zI7tAOgi0"" target=""_blank"">TDS-00704</a>","<a href=""https://fluidigm.my.salesforce.com/sfc/p/700000009DAw/a/4u000001870w/XU6eX2YZtdejnAfGRls.mPHhJTPvhOp30R18ZV_Asw4"" target=""_blank"">MSDS-3000000X</a>","FFPE, Frozen",MaxparOnDemand
IMC (Imaging),91H018141,Anti-Collagen I ,<div>Polyclonal</div>,141Pr,"Human, Bovine","15µg, 0.5mg/mL","<a href=""https://fluidigm.my.salesforce.com/sfc/p/700000009DAw/a/4u0000019ibq/t0onsZH94lDMV1QGhCuUPbvDZXtznQW4d.zI7tAOgi0"" target=""_blank"">TDS-00704</a>","<a href=""https://fluidigm.my.salesforce.com/sfc/p/700000009DAw/a/4u000001870w/XU6eX2YZtdejnAfGRls.mPHhJTPvhOp30R18ZV_Asw4"" target=""_blank"">MSDS-3000000X</a>","FFPE, Frozen",MaxparOnDemand
IMC (Imaging),91H018142,Anti-Collagen I ,<div>Polyclonal</div>,142Nd,"Human, Bovine","15µg, 0.5mg/mL","<a href=""https://fluidigm.my.salesforce.com/sfc/p/700000009DAw/a/4u0000019ibq/t0onsZH94lDMV1QGhCuUPbvDZXtznQW4d.zI7tAOgi0"" target=""_blank"">TDS-00704</a>","<a href=""https://fluidigm.my.salesforce.com/sfc/p/700000009DAw/a/4u000001870w/XU6eX2YZtdejnAfGRls.mPHhJTPvhOp30R18ZV_Asw4"" target=""_blank"">MSDS-3000000X</a>","FFPE, Frozen",MaxparOnDemand
IMC (Imaging),91H018144,Anti-Collagen I ,<div>Polyclonal</div>,144Nd,"Human, Bovine","15µg, 0.5mg/mL","<a href=""https://fluidigm.my.salesforce.com/sfc/p/700000009DAw/a/4u0000019ibq/t0onsZH94lDMV1QGhCuUPbvDZXtznQW4d.zI7tAOgi0"" target=""_blank"">TDS-00704</a>","<a href=""https://fluidigm.my.salesforce.com/sfc/p/700000009DAw/a/4u000001870w/XU6eX2YZtdejnAfGRls.mPHhJTPvhOp30R18ZV_Asw4"" target=""_blank"">MSDS-3000000X</a>","FFPE, Frozen",MaxparOnDemand
IMC (Imaging),91H018173,Anti-Collagen I,<div>Polyclonal</div>,173Yb,"Human, Bovine","15µg, 0.5mg/mL","<a href=""https://fluidigm.my.salesforce.com/sfc/p/700000009DAw/a/4u0000019ibq/t0onsZH94lDMV1QGhCuUPbvDZXtznQW4d.zI7tAOgi0"" target=""_blank"">TDS-00704</a>","<a href=""https://fluidigm.my.salesforce.com/sfc/p/700000009DAw/a/4u000001870w/XU6eX2YZtdejnAfGRls.mPHhJTPvhOp30R18ZV_Asw4"" target=""_blank"">MSDS-3000000X</a>","FFPE, Frozen",MaxparOnDemand
IMC (Imaging),91H019142,Anti-Histone H3 ,<div>D1H2</div>,142Nd,"Human, Mouse, Rat, Monkey","15µg, 0.5mg/mL","<a href=""https://fluidigm.my.salesforce.com/sfc/p/700000009DAw/a/4u0000019ibq/t0onsZH94lDMV1QGhCuUPbvDZXtznQW4d.zI7tAOgi0"" target=""_blank"">TDS-00704</a>","<a href=""https://fluidigm.my.salesforce.com/sfc/p/700000009DAw/a/4u000001870w/XU6eX2YZtdejnAfGRls.mPHhJTPvhOp30R18ZV_Asw4"" target=""_blank"">MSDS-3000000X</a>",FFPE,MaxparOnDemand
IMC (Imaging),91H019146,Anti-Histone H3 ,<div>D1H2</div>,146Nd,"Human, Mouse, Rat, Monkey","15µg, 0.5mg/mL","<a href=""https://fluidigm.my.salesforce.com/sfc/p/700000009DAw/a/4u0000019ibq/t0onsZH94lDMV1QGhCuUPbvDZXtznQW4d.zI7tAOgi0"" target=""_blank"">TDS-00704</a>","<a href=""https://fluidigm.my.salesforce.com/sfc/p/700000009DAw/a/4u000001870w/XU6eX2YZtdejnAfGRls.mPHhJTPvhOp30R18ZV_Asw4"" target=""_blank"">MSDS-3000000X</a>",FFPE,MaxparOnDemand
IMC (Imaging),91H020149,Anti-CD45RO ,<div>UCHL1</div>,149Sm,"Human, Chimpanzee, Cynomolgus, Common Marmoset","15µg, 0.5mg/mL","<a href=""https://fluidigm.my.salesforce.com/sfc/p/700000009DAw/a/4u0000019ibq/t0onsZH94lDMV1QGhCuUPbvDZXtznQW4d.zI7tAOgi0"" target=""_blank"">TDS-00704</a>","<a href=""https://fluidigm.my.salesforce.com/sfc/p/700000009DAw/a/4u000001870w/XU6eX2YZtdejnAfGRls.mPHhJTPvhOp30R18ZV_Asw4"" target=""_blank"">MSDS-3000000X</a>","FFPE, Frozen",MaxparOnDemand
IMC (Imaging),91H020165,Anti-CD45RO ,<div>UCHL1</div>,165Ho,"Human, Chimpanzee, Cynomolgus, Common Marmoset","15µg, 0.5mg/mL","<a href=""https://fluidigm.my.salesforce.com/sfc/p/700000009DAw/a/4u0000019ibq/t0onsZH94lDMV1QGhCuUPbvDZXtznQW4d.zI7tAOgi0"" target=""_blank"">TDS-00704</a>","<a href=""https://fluidigm.my.salesforce.com/sfc/p/700000009DAw/a/4u000001870w/XU6eX2YZtdejnAfGRls.mPHhJTPvhOp30R18ZV_Asw4"" target=""_blank"">MSDS-3000000X</a>","FFPE, Frozen",MaxparOnDemand
IMC (Imaging),91H020166,Anti-CD45RO ,<div>UCHL1</div>,166Er,"Human, Chimpanzee, Cynomolgus, Common Marmoset","15µg, 0.5mg/mL","<a href=""https://fluidigm.my.salesforce.com/sfc/p/700000009DAw/a/4u0000019ibq/t0onsZH94lDMV1QGhCuUPbvDZXtznQW4d.zI7tAOgi0"" target=""_blank"">TDS-00704</a>","<a href=""https://fluidigm.my.salesforce.com/sfc/p/700000009DAw/a/4u000001870w/XU6eX2YZtdejnAfGRls.mPHhJTPvhOp30R18ZV_Asw4"" target=""_blank"">MSDS-3000000X</a>","FFPE, Frozen",MaxparOnDemand
IMC (Imaging),91H021151,Anti-HLA-DR ,<div>LN3</div>,151Eu,"Human, Rhesus","15µg, 0.5mg/mL","<a href=""https://fluidigm.my.salesforce.com/sfc/p/700000009DAw/a/4u0000019ibq/t0onsZH94lDMV1QGhCuUPbvDZXtznQW4d.zI7tAOgi0"" target=""_blank"">TDS-00704</a>","<a href=""https://fluidigm.my.salesforce.com/sfc/p/700000009DAw/a/4u000001870w/XU6eX2YZtdejnAfGRls.mPHhJTPvhOp30R18ZV_Asw4"" target=""_blank"">MSDS-3000000X</a>","FFPE, Frozen",MaxparOnDemand
IMC (Imaging),91H021154,Anti-HLA-DR ,<div>LN3</div>,154Sm,"Human, Rhesus","15µg, 0.5mg/mL","<a href=""https://fluidigm.my.salesforce.com/sfc/p/700000009DAw/a/4u0000019ibq/t0onsZH94lDMV1QGhCuUPbvDZXtznQW4d.zI7tAOgi0"" target=""_blank"">TDS-00704</a>","<a href=""https://fluidigm.my.salesforce.com/sfc/p/700000009DAw/a/4u000001870w/XU6eX2YZtdejnAfGRls.mPHhJTPvhOp30R18ZV_Asw4"" target=""_blank"">MSDS-3000000X</a>","FFPE, Frozen",MaxparOnDemand
IMC (Imaging),91H022147,Anti-β-Catenin ,<div>5H10</div>,147Sm,"Human, Mouse, Rat","15µg, 0.5mg/mL","<a href=""https://fluidigm.my.salesforce.com/sfc/p/700000009DAw/a/4u0000019ibq/t0onsZH94lDMV1QGhCuUPbvDZXtznQW4d.zI7tAOgi0"" target=""_blank"">TDS-00704</a>","<a href=""https://fluidigm.my.salesforce.com/sfc/p/700000009DAw/a/4u000001870w/XU6eX2YZtdejnAfGRls.mPHhJTPvhOp30R18ZV_Asw4"" target=""_blank"">MSDS-3000000X</a>",FFPE,MaxparOnDemand
IMC (Imaging),91H022151,Anti-β-Catenin ,<div>5H10</div>,151Eu,"Human, Mouse, Rat","15µg, 0.5mg/mL","<a href=""https://fluidigm.my.salesforce.com/sfc/p/700000009DAw/a/4u0000019ibq/t0onsZH94lDMV1QGhCuUPbvDZXtznQW4d.zI7tAOgi0"" target=""_blank"">TDS-00704</a>","<a href=""https://fluidigm.my.salesforce.com/sfc/p/700000009DAw/a/4u000001870w/XU6eX2YZtdejnAfGRls.mPHhJTPvhOp30R18ZV_Asw4"" target=""_blank"">MSDS-3000000X</a>",FFPE,MaxparOnDemand
IMC (Imaging),91H022165,Anti-β-Catenin ,<div>5H10</div>,165Ho,"Human, Mouse, Rat","15µg, 0.5mg/mL","<a href=""https://fluidigm.my.salesforce.com/sfc/p/700000009DAw/a/4u0000019ibq/t0onsZH94lDMV1QGhCuUPbvDZXtznQW4d.zI7tAOgi0"" target=""_blank"">TDS-00704</a>","<a href=""https://fluidigm.my.salesforce.com/sfc/p/700000009DAw/a/4u000001870w/XU6eX2YZtdejnAfGRls.mPHhJTPvhOp30R18ZV_Asw4"" target=""_blank"">MSDS-3000000X</a>",FFPE,MaxparOnDemand
IMC (Imaging),91H022172,Anti-β-Catenin ,<div>5H10</div>,172Yb,"Human, Mouse, Rat","15µg, 0.5mg/mL","<a href=""https://fluidigm.my.salesforce.com/sfc/p/700000009DAw/a/4u0000019ibq/t0onsZH94lDMV1QGhCuUPbvDZXtznQW4d.zI7tAOgi0"" target=""_blank"">TDS-00704</a>","<a href=""https://fluidigm.my.salesforce.com/sfc/p/700000009DAw/a/4u000001870w/XU6eX2YZtdejnAfGRls.mPHhJTPvhOp30R18ZV_Asw4"" target=""_blank"">MSDS-3000000X</a>",FFPE,MaxparOnDemand
IMC (Imaging),91H023152,Anti-CD8 ,<div>EPR21769</div>,152Sm,Mouse,"15µg, 0.5mg/mL","<a href=""https://fluidigm.my.salesforce.com/sfc/p/700000009DAw/a/4u0000019ibq/t0onsZH94lDMV1QGhCuUPbvDZXtznQW4d.zI7tAOgi0"" target=""_blank"">TDS-00704</a>","<a href=""https://fluidigm.my.salesforce.com/sfc/p/700000009DAw/a/4u000001870w/XU6eX2YZtdejnAfGRls.mPHhJTPvhOp30R18ZV_Asw4"" target=""_blank"">MSDS-3000000X</a>",FFPE,MaxparOnDemand
IMC (Imaging),91H023162,Anti-CD8 ,<div>EPR21769</div>,162Dy,Mouse,"15µg, 0.5mg/mL","<a href=""https://fluidigm.my.salesforce.com/sfc/p/700000009DAw/a/4u0000019ibq/t0onsZH94lDMV1QGhCuUPbvDZXtznQW4d.zI7tAOgi0"" target=""_blank"">TDS-00704</a>","<a href=""https://fluidigm.my.salesforce.com/sfc/p/700000009DAw/a/4u000001870w/XU6eX2YZtdejnAfGRls.mPHhJTPvhOp30R18ZV_Asw4"" target=""_blank"">MSDS-3000000X</a>",FFPE,MaxparOnDemand
IMC (Imaging),91H023167,Anti-CD8 ,<div>EPR21769</div>,167Er,Mouse,"15µg, 0.5mg/mL","<a href=""https://fluidigm.my.salesforce.com/sfc/p/700000009DAw/a/4u0000019ibq/t0onsZH94lDMV1QGhCuUPbvDZXtznQW4d.zI7tAOgi0"" target=""_blank"">TDS-00704</a>","<a href=""https://fluidigm.my.salesforce.com/sfc/p/700000009DAw/a/4u000001870w/XU6eX2YZtdejnAfGRls.mPHhJTPvhOp30R18ZV_Asw4"" target=""_blank"">MSDS-3000000X</a>",FFPE,MaxparOnDemand
IMC (Imaging),91H023176,Anti-CD8 ,<div>EPR21769</div>,176Yb,Mouse,"15µg, 0.5mg/mL","<a href=""https://fluidigm.my.salesforce.com/sfc/p/700000009DAw/a/4u0000019ibq/t0onsZH94lDMV1QGhCuUPbvDZXtznQW4d.zI7tAOgi0"" target=""_blank"">TDS-00704</a>","<a href=""https://fluidigm.my.salesforce.com/sfc/p/700000009DAw/a/4u000001870w/XU6eX2YZtdejnAfGRls.mPHhJTPvhOp30R18ZV_Asw4"" target=""_blank"">MSDS-3000000X</a>",FFPE,MaxparOnDemand
IMC (Imaging),91H024141,Anti-EpCAM ,<div>EPR20532-222</div>,141Pr,"Human, Mouse, Rat","15µg, 0.5mg/mL","<a href=""https://fluidigm.my.salesforce.com/sfc/p/700000009DAw/a/4u0000019ibq/t0onsZH94lDMV1QGhCuUPbvDZXtznQW4d.zI7tAOgi0"" target=""_blank"">TDS-00704</a>","<a href=""https://fluidigm.my.salesforce.com/sfc/p/700000009DAw/a/4u000001870w/XU6eX2YZtdejnAfGRls.mPHhJTPvhOp30R18ZV_Asw4"" target=""_blank"">MSDS-3000000X</a>",FFPE,MaxparOnDemand
IMC (Imaging),91H024144,Anti-EpCAM,<div>EPR20532-222</div>,144Nd,"Human, Mouse, Rat","15µg, 0.5mg/mL","<a href=""https://fluidigm.my.salesforce.com/sfc/p/700000009DAw/a/4u0000019ibq/t0onsZH94lDMV1QGhCuUPbvDZXtznQW4d.zI7tAOgi0"" target=""_blank"">TDS-00704</a>","<a href=""https://fluidigm.my.salesforce.com/sfc/p/700000009DAw/a/4u000001870w/XU6eX2YZtdejnAfGRls.mPHhJTPvhOp30R18ZV_Asw4"" target=""_blank"">MSDS-3000000X</a>",FFPE,MaxparOnDemand
IMC (Imaging),91H024147,Anti-EpCAM,<div>EPR20532-222</div>,147Sm,"Human, Mouse, Rat","15µg, 0.5mg/mL","<a href=""https://fluidigm.my.salesforce.com/sfc/p/700000009DAw/a/4u0000019ibq/t0onsZH94lDMV1QGhCuUPbvDZXtznQW4d.zI7tAOgi0"" target=""_blank"">TDS-00704</a>","<a href=""https://fluidigm.my.salesforce.com/sfc/p/700000009DAw/a/4u000001870w/XU6eX2YZtdejnAfGRls.mPHhJTPvhOp30R18ZV_Asw4"" target=""_blank"">MSDS-3000000X</a>",FFPE,MaxparOnDemand
IMC (Imaging),91H024151,Anti-EpCAM ,<div>EPR20532-222</div>,151Eu,"Human, Mouse, Rat","15µg, 0.5mg/mL","<a href=""https://fluidigm.my.salesforce.com/sfc/p/700000009DAw/a/4u0000019ibq/t0onsZH94lDMV1QGhCuUPbvDZXtznQW4d.zI7tAOgi0"" target=""_blank"">TDS-00704</a>","<a href=""https://fluidigm.my.salesforce.com/sfc/p/700000009DAw/a/4u000001870w/XU6eX2YZtdejnAfGRls.mPHhJTPvhOp30R18ZV_Asw4"" target=""_blank"">MSDS-3000000X</a>",FFPE,MaxparOnDemand
IMC (Imaging),91H024154,Anti-EpCAM ,<div>EPR20532-222</div>,154Sm,"Human, Mouse, Rat","15µg, 0.5mg/mL","<a href=""https://fluidigm.my.salesforce.com/sfc/p/700000009DAw/a/4u0000019ibq/t0onsZH94lDMV1QGhCuUPbvDZXtznQW4d.zI7tAOgi0"" target=""_blank"">TDS-00704</a>","<a href=""https://fluidigm.my.salesforce.com/sfc/p/700000009DAw/a/4u000001870w/XU6eX2YZtdejnAfGRls.mPHhJTPvhOp30R18ZV_Asw4"" target=""_blank"">MSDS-3000000X</a>",FFPE,MaxparOnDemand
IMC (Imaging),91H024175,Anti-EpCAM ,<div>EPR20532-222</div>,175Lu,"Human, Mouse, Rat","15µg, 0.5mg/mL","<a href=""https://fluidigm.my.salesforce.com/sfc/p/700000009DAw/a/4u0000019ibq/t0onsZH94lDMV1QGhCuUPbvDZXtznQW4d.zI7tAOgi0"" target=""_blank"">TDS-00704</a>","<a href=""https://fluidigm.my.salesforce.com/sfc/p/700000009DAw/a/4u000001870w/XU6eX2YZtdejnAfGRls.mPHhJTPvhOp30R18ZV_Asw4"" target=""_blank"">MSDS-3000000X</a>",FFPE,MaxparOnDemand
IMC (Imaging),91H025152,Anti-iNOS ,<div>SP126</div>,152Sm,"Human, Mouse","15µg, 0.5mg/mL","<a href=""https://fluidigm.my.salesforce.com/sfc/p/700000009DAw/a/4u0000019ibq/t0onsZH94lDMV1QGhCuUPbvDZXtznQW4d.zI7tAOgi0"" target=""_blank"">TDS-00704</a>","<a href=""https://fluidigm.my.salesforce.com/sfc/p/700000009DAw/a/4u000001870w/XU6eX2YZtdejnAfGRls.mPHhJTPvhOp30R18ZV_Asw4"" target=""_blank"">MSDS-3000000X</a>",FFPE,MaxparOnDemand
IMC (Imaging),91H025153,Anti-iNOS ,<div>SP126</div>,153Eu,"Human, Mouse","15µg, 0.5mg/mL","<a href=""https://fluidigm.my.salesforce.com/sfc/p/700000009DAw/a/4u0000019ibq/t0onsZH94lDMV1QGhCuUPbvDZXtznQW4d.zI7tAOgi0"" target=""_blank"">TDS-00704</a>","<a href=""https://fluidigm.my.salesforce.com/sfc/p/700000009DAw/a/4u000001870w/XU6eX2YZtdejnAfGRls.mPHhJTPvhOp30R18ZV_Asw4"" target=""_blank"">MSDS-3000000X</a>",FFPE,MaxparOnDemand
IMC (Imaging),91H025158,Anti-iNOS ,<div>SP126</div>,158Gd,"Human, Mouse","15µg, 0.5mg/mL","<a href=""https://fluidigm.my.salesforce.com/sfc/p/700000009DAw/a/4u0000019ibq/t0onsZH94lDMV1QGhCuUPbvDZXtznQW4d.zI7tAOgi0"" target=""_blank"">TDS-00704</a>","<a href=""https://fluidigm.my.salesforce.com/sfc/p/700000009DAw/a/4u000001870w/XU6eX2YZtdejnAfGRls.mPHhJTPvhOp30R18ZV_Asw4"" target=""_blank"">MSDS-3000000X</a>",FFPE,MaxparOnDemand
IMC (Imaging),91H025160,Anti-iNOS ,<div>SP126</div>,160Gd,"Human, Mouse","15µg, 0.5mg/mL","<a href=""https://fluidigm.my.salesforce.com/sfc/p/700000009DAw/a/4u0000019ibq/t0onsZH94lDMV1QGhCuUPbvDZXtznQW4d.zI7tAOgi0"" target=""_blank"">TDS-00704</a>","<a href=""https://fluidigm.my.salesforce.com/sfc/p/700000009DAw/a/4u000001870w/XU6eX2YZtdejnAfGRls.mPHhJTPvhOp30R18ZV_Asw4"" target=""_blank"">MSDS-3000000X</a>",FFPE,MaxparOnDemand
IMC (Imaging),91H025164,Anti-iNOS ,<div>SP126</div>,164Dy,"Human, Mouse","15µg, 0.5mg/mL","<a href=""https://fluidigm.my.salesforce.com/sfc/p/700000009DAw/a/4u0000019ibq/t0onsZH94lDMV1QGhCuUPbvDZXtznQW4d.zI7tAOgi0"" target=""_blank"">TDS-00704</a>","<a href=""https://fluidigm.my.salesforce.com/sfc/p/700000009DAw/a/4u000001870w/XU6eX2YZtdejnAfGRls.mPHhJTPvhOp30R18ZV_Asw4"" target=""_blank"">MSDS-3000000X</a>",FFPE,MaxparOnDemand
IMC (Imaging),91H026155,Anti-Granzyme B ,<div>EPR22645-206</div>,155Gd,"Human, Mouse, Rat","15µg, 0.5mg/mL","<a href=""https://fluidigm.my.salesforce.com/sfc/p/700000009DAw/a/4u0000019ibq/t0onsZH94lDMV1QGhCuUPbvDZXtznQW4d.zI7tAOgi0"" target=""_blank"">TDS-00704</a>","<a href=""https://fluidigm.my.salesforce.com/sfc/p/700000009DAw/a/4u000001870w/XU6eX2YZtdejnAfGRls.mPHhJTPvhOp30R18ZV_Asw4"" target=""_blank"">MSDS-3000000X</a>",FFPE,MaxparOnDemand
IMC (Imaging),91H026166,Anti-Granzyme B ,<div>EPR22645-206</div>,166Er,"Human, Mouse, Rat","15µg, 0.5mg/mL","<a href=""https://fluidigm.my.salesforce.com/sfc/p/700000009DAw/a/4u0000019ibq/t0onsZH94lDMV1QGhCuUPbvDZXtznQW4d.zI7tAOgi0"" target=""_blank"">TDS-00704</a>","<a href=""https://fluidigm.my.salesforce.com/sfc/p/700000009DAw/a/4u000001870w/XU6eX2YZtdejnAfGRls.mPHhJTPvhOp30R18ZV_Asw4"" target=""_blank"">MSDS-3000000X</a>",FFPE,MaxparOnDemand
IMC (Imaging),91H026167,Anti-Granzyme B ,<div>EPR22645-206</div>,167Er,"Human, Mouse, Rat","15µg, 0.5mg/mL","<a href=""https://fluidigm.my.salesforce.com/sfc/p/700000009DAw/a/4u0000019ibq/t0onsZH94lDMV1QGhCuUPbvDZXtznQW4d.zI7tAOgi0"" target=""_blank"">TDS-00704</a>","<a href=""https://fluidigm.my.salesforce.com/sfc/p/700000009DAw/a/4u000001870w/XU6eX2YZtdejnAfGRls.mPHhJTPvhOp30R18ZV_Asw4"" target=""_blank"">MSDS-3000000X</a>",FFPE,MaxparOnDemand
IMC (Imaging),91H026171,Anti-Granzyme B ,<div>EPR22645-206</div>,171Yb,"Human, Mouse, Rat","15µg, 0.5mg/mL","<a href=""https://fluidigm.my.salesforce.com/sfc/p/700000009DAw/a/4u0000019ibq/t0onsZH94lDMV1QGhCuUPbvDZXtznQW4d.zI7tAOgi0"" target=""_blank"">TDS-00704</a>","<a href=""https://fluidigm.my.salesforce.com/sfc/p/700000009DAw/a/4u000001870w/XU6eX2YZtdejnAfGRls.mPHhJTPvhOp30R18ZV_Asw4"" target=""_blank"">MSDS-3000000X</a>",FFPE,MaxparOnDemand
IMC (Imaging),91H027151,Anti-CD31 ,<div>EPR17259</div>,151Eu,"Human, Mouse, Rat","15µg, 0.5mg/mL","<a href=""https://fluidigm.my.salesforce.com/sfc/p/700000009DAw/a/4u0000019ibq/t0onsZH94lDMV1QGhCuUPbvDZXtznQW4d.zI7tAOgi0"" target=""_blank"">TDS-00704</a>","<a href=""https://fluidigm.my.salesforce.com/sfc/p/700000009DAw/a/4u000001870w/XU6eX2YZtdejnAfGRls.mPHhJTPvhOp30R18ZV_Asw4"" target=""_blank"">MSDS-3000000X</a>",FFPE,MaxparOnDemand
IMC (Imaging),91H027165,Anti-CD31 ,<div>EPR17259</div>,165Ho,"Human, Mouse, Rat","15µg, 0.5mg/mL","<a href=""https://fluidigm.my.salesforce.com/sfc/p/700000009DAw/a/4u0000019ibq/t0onsZH94lDMV1QGhCuUPbvDZXtznQW4d.zI7tAOgi0"" target=""_blank"">TDS-00704</a>","<a href=""https://fluidigm.my.salesforce.com/sfc/p/700000009DAw/a/4u000001870w/XU6eX2YZtdejnAfGRls.mPHhJTPvhOp30R18ZV_Asw4"" target=""_blank"">MSDS-3000000X</a>",FFPE,MaxparOnDemand
IMC (Imaging),91H027171,Anti-CD31 ,<div>EPR17259</div>,171Yb,"Human, Mouse, Rat","15µg, 0.5mg/mL","<a href=""https://fluidigm.my.salesforce.com/sfc/p/700000009DAw/a/4u0000019ibq/t0onsZH94lDMV1QGhCuUPbvDZXtznQW4d.zI7tAOgi0"" target=""_blank"">TDS-00704</a>","<a href=""https://fluidigm.my.salesforce.com/sfc/p/700000009DAw/a/4u000001870w/XU6eX2YZtdejnAfGRls.mPHhJTPvhOp30R18ZV_Asw4"" target=""_blank"">MSDS-3000000X</a>",FFPE,MaxparOnDemand
IMC (Imaging),91H027172,Anti-CD31 ,<div>EPR17259</div>,172Yb,"Human, Mouse, Rat","15µg, 0.5mg/mL","<a href=""https://fluidigm.my.salesforce.com/sfc/p/700000009DAw/a/4u0000019ibq/t0onsZH94lDMV1QGhCuUPbvDZXtznQW4d.zI7tAOgi0"" target=""_blank"">TDS-00704</a>","<a href=""https://fluidigm.my.salesforce.com/sfc/p/700000009DAw/a/4u000001870w/XU6eX2YZtdejnAfGRls.mPHhJTPvhOp30R18ZV_Asw4"" target=""_blank"">MSDS-3000000X</a>",FFPE,MaxparOnDemand
IMC (Imaging),91H027175,Anti-CD31 ,<div>EPR17259</div>,175Lu,"Human, Mouse, Rat","15µg, 0.5mg/mL","<a href=""https://fluidigm.my.salesforce.com/sfc/p/700000009DAw/a/4u0000019ibq/t0onsZH94lDMV1QGhCuUPbvDZXtznQW4d.zI7tAOgi0"" target=""_blank"">TDS-00704</a>","<a href=""https://fluidigm.my.salesforce.com/sfc/p/700000009DAw/a/4u000001870w/XU6eX2YZtdejnAfGRls.mPHhJTPvhOp30R18ZV_Asw4"" target=""_blank"">MSDS-3000000X</a>",FFPE,MaxparOnDemand
IMC (Imaging),91H028142,Anti-Fibronectin ,<div>EPR19241-46</div>,142Nd,"Mouse, Rat","15µg, 0.5mg/mL","<a href=""https://fluidigm.my.salesforce.com/sfc/p/700000009DAw/a/4u0000019ibq/t0onsZH94lDMV1QGhCuUPbvDZXtznQW4d.zI7tAOgi0"" target=""_blank"">TDS-00704</a>","<a href=""https://fluidigm.my.salesforce.com/sfc/p/700000009DAw/a/4u000001870w/XU6eX2YZtdejnAfGRls.mPHhJTPvhOp30R18ZV_Asw4"" target=""_blank"">MSDS-3000000X</a>",FFPE,MaxparOnDemand
IMC (Imaging),91H028152,Anti-Fibronectin ,<div>EPR19241-46</div>,152Sm,"Mouse, Rat","15µg, 0.5mg/mL","<a href=""https://fluidigm.my.salesforce.com/sfc/p/700000009DAw/a/4u0000019ibq/t0onsZH94lDMV1QGhCuUPbvDZXtznQW4d.zI7tAOgi0"" target=""_blank"">TDS-00704</a>","<a href=""https://fluidigm.my.salesforce.com/sfc/p/700000009DAw/a/4u000001870w/XU6eX2YZtdejnAfGRls.mPHhJTPvhOp30R18ZV_Asw4"" target=""_blank"">MSDS-3000000X</a>",FFPE,MaxparOnDemand
IMC (Imaging),91H028156,Anti-Fibronectin ,<div>EPR19241-46</div>,156Gd,"Mouse, Rat","15µg, 0.5mg/mL","<a href=""https://fluidigm.my.salesforce.com/sfc/p/700000009DAw/a/4u0000019ibq/t0onsZH94lDMV1QGhCuUPbvDZXtznQW4d.zI7tAOgi0"" target=""_blank"">TDS-00704</a>","<a href=""https://fluidigm.my.salesforce.com/sfc/p/700000009DAw/a/4u000001870w/XU6eX2YZtdejnAfGRls.mPHhJTPvhOp30R18ZV_Asw4"" target=""_blank"">MSDS-3000000X</a>",FFPE,MaxparOnDemand
IMC (Imaging),91H028174,Anti-Fibronectin ,<div>EPR19241-46</div>,174Yb,"Mouse, Rat","15µg, 0.5mg/mL","<a href=""https://fluidigm.my.salesforce.com/sfc/p/700000009DAw/a/4u0000019ibq/t0onsZH94lDMV1QGhCuUPbvDZXtznQW4d.zI7tAOgi0"" target=""_blank"">TDS-00704</a>","<a href=""https://fluidigm.my.salesforce.com/sfc/p/700000009DAw/a/4u000001870w/XU6eX2YZtdejnAfGRls.mPHhJTPvhOp30R18ZV_Asw4"" target=""_blank"">MSDS-3000000X</a>",FFPE,MaxparOnDemand
IMC (Imaging),91H029147,Anti-CD45 ,<div>D3F8Q</div>,147Sm,Mouse,"15µg, 0.5mg/mL","<a href=""https://fluidigm.my.salesforce.com/sfc/p/700000009DAw/a/4u0000019ibq/t0onsZH94lDMV1QGhCuUPbvDZXtznQW4d.zI7tAOgi0"" target=""_blank"">TDS-00704</a>","<a href=""https://fluidigm.my.salesforce.com/sfc/p/700000009DAw/a/4u000001870w/XU6eX2YZtdejnAfGRls.mPHhJTPvhOp30R18ZV_Asw4"" target=""_blank"">MSDS-3000000X</a>",FFPE,MaxparOnDemand
IMC (Imaging),91H029151,Anti-CD45 ,<div>D3F8Q</div>,151Eu,Mouse,"15µg, 0.5mg/mL","<a href=""https://fluidigm.my.salesforce.com/sfc/p/700000009DAw/a/4u0000019ibq/t0onsZH94lDMV1QGhCuUPbvDZXtznQW4d.zI7tAOgi0"" target=""_blank"">TDS-00704</a>","<a href=""https://fluidigm.my.salesforce.com/sfc/p/700000009DAw/a/4u000001870w/XU6eX2YZtdejnAfGRls.mPHhJTPvhOp30R18ZV_Asw4"" target=""_blank"">MSDS-3000000X</a>",FFPE,MaxparOnDemand
IMC (Imaging),91H029152,Anti-CD45 ,<div>D3F8Q</div>,152Sm,Mouse,"15µg, 0.5mg/mL","<a href=""https://fluidigm.my.salesforce.com/sfc/p/700000009DAw/a/4u0000019ibq/t0onsZH94lDMV1QGhCuUPbvDZXtznQW4d.zI7tAOgi0"" target=""_blank"">TDS-00704</a>","<a href=""https://fluidigm.my.salesforce.com/sfc/p/700000009DAw/a/4u000001870w/XU6eX2YZtdejnAfGRls.mPHhJTPvhOp30R18ZV_Asw4"" target=""_blank"">MSDS-3000000X</a>",FFPE,MaxparOnDemand
IMC (Imaging),91H029156,Anti-CD45 ,<div>D3F8Q</div>,156Gd,Mouse,"15µg, 0.5mg/mL","<a href=""https://fluidigm.my.salesforce.com/sfc/p/700000009DAw/a/4u0000019ibq/t0onsZH94lDMV1QGhCuUPbvDZXtznQW4d.zI7tAOgi0"" target=""_blank"">TDS-00704</a>","<a href=""https://fluidigm.my.salesforce.com/sfc/p/700000009DAw/a/4u000001870w/XU6eX2YZtdejnAfGRls.mPHhJTPvhOp30R18ZV_Asw4"" target=""_blank"">MSDS-3000000X</a>",FFPE,MaxparOnDemand
IMC (Imaging),91H029175,Anti-CD45 ,<div>D3F8Q</div>,175Lu,Mouse,"15µg, 0.5mg/mL","<a href=""https://fluidigm.my.salesforce.com/sfc/p/700000009DAw/a/4u0000019ibq/t0onsZH94lDMV1QGhCuUPbvDZXtznQW4d.zI7tAOgi0"" target=""_blank"">TDS-00704</a>","<a href=""https://fluidigm.my.salesforce.com/sfc/p/700000009DAw/a/4u000001870w/XU6eX2YZtdejnAfGRls.mPHhJTPvhOp30R18ZV_Asw4"" target=""_blank"">MSDS-3000000X</a>",FFPE,MaxparOnDemand
IMC (Imaging),91H030153,Anti-F4/80 ,<div>D2S9R</div>,153Eu,Mouse,"15µg, 0.5mg/mL","<a href=""https://fluidigm.my.salesforce.com/sfc/p/700000009DAw/a/4u0000019ibq/t0onsZH94lDMV1QGhCuUPbvDZXtznQW4d.zI7tAOgi0"" target=""_blank"">TDS-00704</a>","<a href=""https://fluidigm.my.salesforce.com/sfc/p/700000009DAw/a/4u000001870w/XU6eX2YZtdejnAfGRls.mPHhJTPvhOp30R18ZV_Asw4"" target=""_blank"">MSDS-3000000X</a>",FFPE,MaxparOnDemand
IMC (Imaging),91H030156,Anti-F4/80 ,<div>D2S9R</div>,156Gd,Mouse,"15µg, 0.5mg/mL","<a href=""https://fluidigm.my.salesforce.com/sfc/p/700000009DAw/a/4u0000019ibq/t0onsZH94lDMV1QGhCuUPbvDZXtznQW4d.zI7tAOgi0"" target=""_blank"">TDS-00704</a>","<a href=""https://fluidigm.my.salesforce.com/sfc/p/700000009DAw/a/4u000001870w/XU6eX2YZtdejnAfGRls.mPHhJTPvhOp30R18ZV_Asw4"" target=""_blank"">MSDS-3000000X</a>",FFPE,MaxparOnDemand
IMC (Imaging),91H030166,Anti-F4/80 ,<div>D2S9R</div>,166Er,Mouse,"15µg, 0.5mg/mL","<a href=""https://fluidigm.my.salesforce.com/sfc/p/700000009DAw/a/4u0000019ibq/t0onsZH94lDMV1QGhCuUPbvDZXtznQW4d.zI7tAOgi0"" target=""_blank"">TDS-00704</a>","<a href=""https://fluidigm.my.salesforce.com/sfc/p/700000009DAw/a/4u000001870w/XU6eX2YZtdejnAfGRls.mPHhJTPvhOp30R18ZV_Asw4"" target=""_blank"">MSDS-3000000X</a>",FFPE,MaxparOnDemand
IMC (Imaging),91H030169,Anti-F4/80 ,<div>D2S9R</div>,169Tm,Mouse,"15µg, 0.5mg/mL","<a href=""https://fluidigm.my.salesforce.com/sfc/p/700000009DAw/a/4u0000019ibq/t0onsZH94lDMV1QGhCuUPbvDZXtznQW4d.zI7tAOgi0"" target=""_blank"">TDS-00704</a>","<a href=""https://fluidigm.my.salesforce.com/sfc/p/700000009DAw/a/4u000001870w/XU6eX2YZtdejnAfGRls.mPHhJTPvhOp30R18ZV_Asw4"" target=""_blank"">MSDS-3000000X</a>",FFPE,MaxparOnDemand
IMC (Imaging),91H031159,Anti-CD4 ,<div>BLR167J</div>,159Tb,Mouse,"15µg, 0.5mg/mL","<a href=""https://fluidigm.my.salesforce.com/sfc/p/700000009DAw/a/4u0000019ibq/t0onsZH94lDMV1QGhCuUPbvDZXtznQW4d.zI7tAOgi0"" target=""_blank"">TDS-00704</a>","<a href=""https://fluidigm.my.salesforce.com/sfc/p/700000009DAw/a/4u000001870w/XU6eX2YZtdejnAfGRls.mPHhJTPvhOp30R18ZV_Asw4"" target=""_blank"">MSDS-3000000X</a>",FFPE,MaxparOnDemand
IMC (Imaging),91H031162,Anti-CD4 ,<div>BLR167J</div>,162Dy,Mouse,"15µg, 0.5mg/mL","<a href=""https://fluidigm.my.salesforce.com/sfc/p/700000009DAw/a/4u0000019ibq/t0onsZH94lDMV1QGhCuUPbvDZXtznQW4d.zI7tAOgi0"" target=""_blank"">TDS-00704</a>","<a href=""https://fluidigm.my.salesforce.com/sfc/p/700000009DAw/a/4u000001870w/XU6eX2YZtdejnAfGRls.mPHhJTPvhOp30R18ZV_Asw4"" target=""_blank"">MSDS-3000000X</a>",FFPE,MaxparOnDemand
IMC (Imaging),91H031165,Anti-CD4 ,<div>BLR167J</div>,165Ho,Mouse,"15µg, 0.5mg/mL","<a href=""https://fluidigm.my.salesforce.com/sfc/p/700000009DAw/a/4u0000019ibq/t0onsZH94lDMV1QGhCuUPbvDZXtznQW4d.zI7tAOgi0"" target=""_blank"">TDS-00704</a>","<a href=""https://fluidigm.my.salesforce.com/sfc/p/700000009DAw/a/4u000001870w/XU6eX2YZtdejnAfGRls.mPHhJTPvhOp30R18ZV_Asw4"" target=""_blank"">MSDS-3000000X</a>",FFPE,MaxparOnDemand
IMC (Imaging),91H031169,Anti-CD4 ,<div>BLR167J</div>,169Tm,Mouse,"15µg, 0.5mg/mL","<a href=""https://fluidigm.my.salesforce.com/sfc/p/700000009DAw/a/4u0000019ibq/t0onsZH94lDMV1QGhCuUPbvDZXtznQW4d.zI7tAOgi0"" target=""_blank"">TDS-00704</a>","<a href=""https://fluidigm.my.salesforce.com/sfc/p/700000009DAw/a/4u000001870w/XU6eX2YZtdejnAfGRls.mPHhJTPvhOp30R18ZV_Asw4"" target=""_blank"">MSDS-3000000X</a>",FFPE,MaxparOnDemand
IMC (Imaging),91H032155,Anti-FoxP3 ,<div>FJK-16s</div>,155Gd,"Mouse, Bovine, Dog, Cat, Pig, Rat","15µg, 0.5mg/mL","<a href=""https://fluidigm.my.salesforce.com/sfc/p/700000009DAw/a/4u0000019ibq/t0onsZH94lDMV1QGhCuUPbvDZXtznQW4d.zI7tAOgi0"" target=""_blank"">TDS-00704</a>","<a href=""https://fluidigm.my.salesforce.com/sfc/p/700000009DAw/a/4u000001870w/XU6eX2YZtdejnAfGRls.mPHhJTPvhOp30R18ZV_Asw4"" target=""_blank"">MSDS-3000000X</a>",FFPE,MaxparOnDemand
IMC (Imaging),91H032158,Anti-FoxP3 ,<div>FJK-16s</div>,158Gd,"Mouse, Bovine, Dog, Cat, Pig, Rat","15µg, 0.5mg/mL","<a href=""https://fluidigm.my.salesforce.com/sfc/p/700000009DAw/a/4u0000019ibq/t0onsZH94lDMV1QGhCuUPbvDZXtznQW4d.zI7tAOgi0"" target=""_blank"">TDS-00704</a>","<a href=""https://fluidigm.my.salesforce.com/sfc/p/700000009DAw/a/4u000001870w/XU6eX2YZtdejnAfGRls.mPHhJTPvhOp30R18ZV_Asw4"" target=""_blank"">MSDS-3000000X</a>",FFPE,MaxparOnDemand
IMC (Imaging),91H032162,Anti-FoxP3 ,<div>FJK-16s</div>,162Dy,"Mouse, Bovine, Dog, Cat, Pig, Rat","15µg, 0.5mg/mL","<a href=""https://fluidigm.my.salesforce.com/sfc/p/700000009DAw/a/4u0000019ibq/t0onsZH94lDMV1QGhCuUPbvDZXtznQW4d.zI7tAOgi0"" target=""_blank"">TDS-00704</a>","<a href=""https://fluidigm.my.salesforce.com/sfc/p/700000009DAw/a/4u000001870w/XU6eX2YZtdejnAfGRls.mPHhJTPvhOp30R18ZV_Asw4"" target=""_blank"">MSDS-3000000X</a>",FFPE,MaxparOnDemand
IMC (Imaging),91H032165,Anti-FoxP3 ,<div>FJK-16s</div>,165Ho,"Mouse, Bovine, Dog, Cat, Pig, Rat","15µg, 0.5mg/mL","<a href=""https://fluidigm.my.salesforce.com/sfc/p/700000009DAw/a/4u0000019ibq/t0onsZH94lDMV1QGhCuUPbvDZXtznQW4d.zI7tAOgi0"" target=""_blank"">TDS-00704</a>","<a href=""https://fluidigm.my.salesforce.com/sfc/p/700000009DAw/a/4u000001870w/XU6eX2YZtdejnAfGRls.mPHhJTPvhOp30R18ZV_Asw4"" target=""_blank"">MSDS-3000000X</a>",FFPE,MaxparOnDemand
IMC (Imaging),91H032167,Anti-FoxP3 ,<div>FJK-16s</div>,167Er,"Mouse, Bovine, Dog, Cat, Pig, Rat","15µg, 0.5mg/mL","<a href=""https://fluidigm.my.salesforce.com/sfc/p/700000009DAw/a/4u0000019ibq/t0onsZH94lDMV1QGhCuUPbvDZXtznQW4d.zI7tAOgi0"" target=""_blank"">TDS-00704</a>","<a href=""https://fluidigm.my.salesforce.com/sfc/p/700000009DAw/a/4u000001870w/XU6eX2YZtdejnAfGRls.mPHhJTPvhOp30R18ZV_Asw4"" target=""_blank"">MSDS-3000000X</a>",FFPE,MaxparOnDemand
IMC (Imaging),91H033152,Anti-CD66b,<div>BLR111H</div>,152Sm,Human,"15µg, 0.5mg/mL","<a href=""https://fluidigm.my.salesforce.com/sfc/p/700000009DAw/a/4u0000019ibq/t0onsZH94lDMV1QGhCuUPbvDZXtznQW4d.zI7tAOgi0"" target=""_blank"">TDS-00704</a>","<a href=""https://fluidigm.my.salesforce.com/sfc/p/700000009DAw/a/4u000001870w/XU6eX2YZtdejnAfGRls.mPHhJTPvhOp30R18ZV_Asw4"" target=""_blank"">MSDS-3000000X</a>",FFPE,MaxparOnDemand
IMC (Imaging),91H033153,Anti-CD66b,<div>BLR111H</div>,153Eu,Human,"15µg, 0.5mg/mL","<a href=""https://fluidigm.my.salesforce.com/sfc/p/700000009DAw/a/4u0000019ibq/t0onsZH94lDMV1QGhCuUPbvDZXtznQW4d.zI7tAOgi0"" target=""_blank"">TDS-00704</a>","<a href=""https://fluidigm.my.salesforce.com/sfc/p/700000009DAw/a/4u000001870w/XU6eX2YZtdejnAfGRls.mPHhJTPvhOp30R18ZV_Asw4"" target=""_blank"">MSDS-3000000X</a>",FFPE,MaxparOnDemand
IMC (Imaging),91H033154,Anti-CD66b,<div>BLR111H</div>,154Sm,Human,"15µg, 0.5mg/mL","<a href=""https://fluidigm.my.salesforce.com/sfc/p/700000009DAw/a/4u0000019ibq/t0onsZH94lDMV1QGhCuUPbvDZXtznQW4d.zI7tAOgi0"" target=""_blank"">TDS-00704</a>","<a href=""https://fluidigm.my.salesforce.com/sfc/p/700000009DAw/a/4u000001870w/XU6eX2YZtdejnAfGRls.mPHhJTPvhOp30R18ZV_Asw4"" target=""_blank"">MSDS-3000000X</a>",FFPE,MaxparOnDemand
IMC (Imaging),91H033166,Anti-CD66b,<div>BLR111H</div>,166Er,Human,"15µg, 0.5mg/mL","<a href=""https://fluidigm.my.salesforce.com/sfc/p/700000009DAw/a/4u0000019ibq/t0onsZH94lDMV1QGhCuUPbvDZXtznQW4d.zI7tAOgi0"" target=""_blank"">TDS-00704</a>","<a href=""https://fluidigm.my.salesforce.com/sfc/p/700000009DAw/a/4u000001870w/XU6eX2YZtdejnAfGRls.mPHhJTPvhOp30R18ZV_Asw4"" target=""_blank"">MSDS-3000000X</a>",FFPE,MaxparOnDemand
IMC (Imaging),91H034151,Anti-Fibronectin ,<div>EPR23110-46</div>,151Eu,"Human, Mouse, Rat","15µg, 0.5mg/mL","<a href=""https://fluidigm.my.salesforce.com/sfc/p/700000009DAw/a/4u0000019ibq/t0onsZH94lDMV1QGhCuUPbvDZXtznQW4d.zI7tAOgi0"" target=""_blank"">TDS-00704</a>","<a href=""https://fluidigm.my.salesforce.com/sfc/p/700000009DAw/a/4u000001870w/XU6eX2YZtdejnAfGRls.mPHhJTPvhOp30R18ZV_Asw4"" target=""_blank"">MSDS-3000000X</a>",FFPE,MaxparOnDemand
IMC (Imaging),91H034154,Anti-Fibronectin ,<div>EPR23110-46</div>,154Sm,"Human, Mouse, Rat","15µg, 0.5mg/mL","<a href=""https://fluidigm.my.salesforce.com/sfc/p/700000009DAw/a/4u0000019ibq/t0onsZH94lDMV1QGhCuUPbvDZXtznQW4d.zI7tAOgi0"" target=""_blank"">TDS-00704</a>","<a href=""https://fluidigm.my.salesforce.com/sfc/p/700000009DAw/a/4u000001870w/XU6eX2YZtdejnAfGRls.mPHhJTPvhOp30R18ZV_Asw4"" target=""_blank"">MSDS-3000000X</a>",FFPE,MaxparOnDemand
IMC (Imaging),91H034174,Anti-Fibronectin ,<div>EPR23110-46</div>,174Yb,"Human, Mouse, Rat","15µg, 0.5mg/mL","<a href=""https://fluidigm.my.salesforce.com/sfc/p/700000009DAw/a/4u0000019ibq/t0onsZH94lDMV1QGhCuUPbvDZXtznQW4d.zI7tAOgi0"" target=""_blank"">TDS-00704</a>","<a href=""https://fluidigm.my.salesforce.com/sfc/p/700000009DAw/a/4u000001870w/XU6eX2YZtdejnAfGRls.mPHhJTPvhOp30R18ZV_Asw4"" target=""_blank"">MSDS-3000000X</a>",FFPE,MaxparOnDemand
IMC (Imaging),91H034175,Anti-Fibronectin ,<div>EPR23110-46</div>,175Lu,"Human, Mouse, Rat","15µg, 0.5mg/mL","<a href=""https://fluidigm.my.salesforce.com/sfc/p/700000009DAw/a/4u0000019ibq/t0onsZH94lDMV1QGhCuUPbvDZXtznQW4d.zI7tAOgi0"" target=""_blank"">TDS-00704</a>","<a href=""https://fluidigm.my.salesforce.com/sfc/p/700000009DAw/a/4u000001870w/XU6eX2YZtdejnAfGRls.mPHhJTPvhOp30R18ZV_Asw4"" target=""_blank"">MSDS-3000000X</a>",FFPE,MaxparOnDemand
IMC (Imaging),91H035145,Anti-CD57 ,<div>NK/804</div>,145Nd,Human,"15µg, 0.5mg/mL","<a href=""https://fluidigm.my.salesforce.com/sfc/p/700000009DAw/a/4u0000019ibq/t0onsZH94lDMV1QGhCuUPbvDZXtznQW4d.zI7tAOgi0"" target=""_blank"">TDS-00704</a>","<a href=""https://fluidigm.my.salesforce.com/sfc/p/700000009DAw/a/4u000001870w/XU6eX2YZtdejnAfGRls.mPHhJTPvhOp30R18ZV_Asw4"" target=""_blank"">MSDS-3000000X</a>",FFPE,MaxparOnDemand
IMC (Imaging),91H035151,Anti-CD57 ,<div>NK/804</div>,151Eu,Human,"15µg, 0.5mg/mL","<a href=""https://fluidigm.my.salesforce.com/sfc/p/700000009DAw/a/4u0000019ibq/t0onsZH94lDMV1QGhCuUPbvDZXtznQW4d.zI7tAOgi0"" target=""_blank"">TDS-00704</a>","<a href=""https://fluidigm.my.salesforce.com/sfc/p/700000009DAw/a/4u000001870w/XU6eX2YZtdejnAfGRls.mPHhJTPvhOp30R18ZV_Asw4"" target=""_blank"">MSDS-3000000X</a>",FFPE,MaxparOnDemand
IMC (Imaging),91H035152,Anti-CD57 ,<div>NK/804</div>,152Sm,Human,"15µg, 0.5mg/mL","<a href=""https://fluidigm.my.salesforce.com/sfc/p/700000009DAw/a/4u0000019ibq/t0onsZH94lDMV1QGhCuUPbvDZXtznQW4d.zI7tAOgi0"" target=""_blank"">TDS-00704</a>","<a href=""https://fluidigm.my.salesforce.com/sfc/p/700000009DAw/a/4u000001870w/XU6eX2YZtdejnAfGRls.mPHhJTPvhOp30R18ZV_Asw4"" target=""_blank"">MSDS-3000000X</a>",FFPE,MaxparOnDemand
IMC (Imaging),91H035153,Anti-CD57 ,<div>NK/804</div>,153Eu,Human,"15µg, 0.5mg/mL","<a href=""https://fluidigm.my.salesforce.com/sfc/p/700000009DAw/a/4u0000019ibq/t0onsZH94lDMV1QGhCuUPbvDZXtznQW4d.zI7tAOgi0"" target=""_blank"">TDS-00704</a>","<a href=""https://fluidigm.my.salesforce.com/sfc/p/700000009DAw/a/4u000001870w/XU6eX2YZtdejnAfGRls.mPHhJTPvhOp30R18ZV_Asw4"" target=""_blank"">MSDS-3000000X</a>",FFPE,MaxparOnDemand
IMC (Imaging),91H035160,Anti-CD57 ,<div>NK/804</div>,160Gd,Human,"15µg, 0.5mg/mL","<a href=""https://fluidigm.my.salesforce.com/sfc/p/700000009DAw/a/4u0000019ibq/t0onsZH94lDMV1QGhCuUPbvDZXtznQW4d.zI7tAOgi0"" target=""_blank"">TDS-00704</a>","<a href=""https://fluidigm.my.salesforce.com/sfc/p/700000009DAw/a/4u000001870w/XU6eX2YZtdejnAfGRls.mPHhJTPvhOp30R18ZV_Asw4"" target=""_blank"">MSDS-3000000X</a>",FFPE,MaxparOnDemand
IMC (Imaging),91H036148,Anti-CD45R/B220,<div>RA3-6B2</div>,148Nd,"Human, Mouse","15µg, 0.5mg/mL","<a href=""https://fluidigm.my.salesforce.com/sfc/p/700000009DAw/a/4u0000019ibq/t0onsZH94lDMV1QGhCuUPbvDZXtznQW4d.zI7tAOgi0"" target=""_blank"">TDS-00704</a>","<a href=""https://fluidigm.my.salesforce.com/sfc/p/700000009DAw/a/4u000001870w/XU6eX2YZtdejnAfGRls.mPHhJTPvhOp30R18ZV_Asw4"" target=""_blank"">MSDS-3000000X</a>",FFPE,MaxparOnDemand
IMC (Imaging),91H036154,Anti-CD45R/B220,<div>RA3-6B2</div>,154Sm,"Human, Mouse","15µg, 0.5mg/mL","<a href=""https://fluidigm.my.salesforce.com/sfc/p/700000009DAw/a/4u0000019ibq/t0onsZH94lDMV1QGhCuUPbvDZXtznQW4d.zI7tAOgi0"" target=""_blank"">TDS-00704</a>","<a href=""https://fluidigm.my.salesforce.com/sfc/p/700000009DAw/a/4u000001870w/XU6eX2YZtdejnAfGRls.mPHhJTPvhOp30R18ZV_Asw4"" target=""_blank"">MSDS-3000000X</a>",FFPE,MaxparOnDemand
IMC (Imaging),91H036168,Anti-CD45R/B220,<div>RA3-6B2</div>,168Er,"Human, Mouse","15µg, 0.5mg/mL","<a href=""https://fluidigm.my.salesforce.com/sfc/p/700000009DAw/a/4u0000019ibq/t0onsZH94lDMV1QGhCuUPbvDZXtznQW4d.zI7tAOgi0"" target=""_blank"">TDS-00704</a>","<a href=""https://fluidigm.my.salesforce.com/sfc/p/700000009DAw/a/4u000001870w/XU6eX2YZtdejnAfGRls.mPHhJTPvhOp30R18ZV_Asw4"" target=""_blank"">MSDS-3000000X</a>",FFPE,MaxparOnDemand
IMC (Imaging),91H036176,Anti-CD45R/B220,<div>RA3-6B2</div>,176Yb,"Human, Mouse","15µg, 0.5mg/mL","<a href=""https://fluidigm.my.salesforce.com/sfc/p/700000009DAw/a/4u0000019ibq/t0onsZH94lDMV1QGhCuUPbvDZXtznQW4d.zI7tAOgi0"" target=""_blank"">TDS-00704</a>","<a href=""https://fluidigm.my.salesforce.com/sfc/p/700000009DAw/a/4u000001870w/XU6eX2YZtdejnAfGRls.mPHhJTPvhOp30R18ZV_Asw4"" target=""_blank"">MSDS-3000000X</a>",FFPE,MaxparOnDemand
IMC (Imaging),91H037150,Anti-Ly-6G,<div>1A8</div>,150Nd,Mouse,"15µg, 0.5mg/mL","<a href=""https://fluidigm.my.salesforce.com/sfc/p/700000009DAw/a/4u0000019ibq/t0onsZH94lDMV1QGhCuUPbvDZXtznQW4d.zI7tAOgi0"" target=""_blank"">TDS-00704</a>","<a href=""https://fluidigm.my.salesforce.com/sfc/p/700000009DAw/a/4u000001870w/XU6eX2YZtdejnAfGRls.mPHhJTPvhOp30R18ZV_Asw4"" target=""_blank"">MSDS-3000000X</a>",FFPE,MaxparOnDemand
IMC (Imaging),91H037160,Anti-Ly-6G,<div>1A8</div>,160Gd,Mouse,"15µg, 0.5mg/mL","<a href=""https://fluidigm.my.salesforce.com/sfc/p/700000009DAw/a/4u0000019ibq/t0onsZH94lDMV1QGhCuUPbvDZXtznQW4d.zI7tAOgi0"" target=""_blank"">TDS-00704</a>","<a href=""https://fluidigm.my.salesforce.com/sfc/p/700000009DAw/a/4u000001870w/XU6eX2YZtdejnAfGRls.mPHhJTPvhOp30R18ZV_Asw4"" target=""_blank"">MSDS-3000000X</a>",FFPE,MaxparOnDemand
IMC (Imaging),91H037166,Anti-Ly-6G,<div>1A8</div>,166Er,Mouse,"15µg, 0.5mg/mL","<a href=""https://fluidigm.my.salesforce.com/sfc/p/700000009DAw/a/4u0000019ibq/t0onsZH94lDMV1QGhCuUPbvDZXtznQW4d.zI7tAOgi0"" target=""_blank"">TDS-00704</a>","<a href=""https://fluidigm.my.salesforce.com/sfc/p/700000009DAw/a/4u000001870w/XU6eX2YZtdejnAfGRls.mPHhJTPvhOp30R18ZV_Asw4"" target=""_blank"">MSDS-3000000X</a>",FFPE,MaxparOnDemand
IMC (Imaging),91H037174,Anti-Ly-6G,<div>1A8</div>,174Yb,Mouse,"15µg, 0.5mg/mL","<a href=""https://fluidigm.my.salesforce.com/sfc/p/700000009DAw/a/4u0000019ibq/t0onsZH94lDMV1QGhCuUPbvDZXtznQW4d.zI7tAOgi0"" target=""_blank"">TDS-00704</a>","<a href=""https://fluidigm.my.salesforce.com/sfc/p/700000009DAw/a/4u000001870w/XU6eX2YZtdejnAfGRls.mPHhJTPvhOp30R18ZV_Asw4"" target=""_blank"">MSDS-3000000X</a>",FFPE,MaxparOnDemand
IMC (Imaging),91H038158,Anti-MHC Class II,<div>M5/114.15.2</div>,158Gd,Mouse,"15µg, 0.5mg/mL","<a href=""https://fluidigm.my.salesforce.com/sfc/p/700000009DAw/a/4u0000019ibq/t0onsZH94lDMV1QGhCuUPbvDZXtznQW4d.zI7tAOgi0"" target=""_blank"">TDS-00704</a>","<a href=""https://fluidigm.my.salesforce.com/sfc/p/700000009DAw/a/4u000001870w/XU6eX2YZtdejnAfGRls.mPHhJTPvhOp30R18ZV_Asw4"" target=""_blank"">MSDS-3000000X</a>",FFPE,MaxparOnDemand
IMC (Imaging),91H038161,Anti-MHC Class II,<div>M5/114.15.2</div>,161Dy,Mouse,"15µg, 0.5mg/mL","<a href=""https://fluidigm.my.salesforce.com/sfc/p/700000009DAw/a/4u0000019ibq/t0onsZH94lDMV1QGhCuUPbvDZXtznQW4d.zI7tAOgi0"" target=""_blank"">TDS-00704</a>","<a href=""https://fluidigm.my.salesforce.com/sfc/p/700000009DAw/a/4u000001870w/XU6eX2YZtdejnAfGRls.mPHhJTPvhOp30R18ZV_Asw4"" target=""_blank"">MSDS-3000000X</a>",FFPE,MaxparOnDemand
IMC (Imaging),91H038164,Anti-MHC Class II,<div>M5/114.15.2</div>,164Dy,Mouse,"15µg, 0.5mg/mL","<a href=""https://fluidigm.my.salesforce.com/sfc/p/700000009DAw/a/4u0000019ibq/t0onsZH94lDMV1QGhCuUPbvDZXtznQW4d.zI7tAOgi0"" target=""_blank"">TDS-00704</a>","<a href=""https://fluidigm.my.salesforce.com/sfc/p/700000009DAw/a/4u000001870w/XU6eX2YZtdejnAfGRls.mPHhJTPvhOp30R18ZV_Asw4"" target=""_blank"">MSDS-3000000X</a>",FFPE,MaxparOnDemand
IMC (Imaging),91H038169,Anti-MHC Class II,<div>M5/114.15.2</div>,169Tm,Mouse,"15µg, 0.5mg/mL","<a href=""https://fluidigm.my.salesforce.com/sfc/p/700000009DAw/a/4u0000019ibq/t0onsZH94lDMV1QGhCuUPbvDZXtznQW4d.zI7tAOgi0"" target=""_blank"">TDS-00704</a>","<a href=""https://fluidigm.my.salesforce.com/sfc/p/700000009DAw/a/4u000001870w/XU6eX2YZtdejnAfGRls.mPHhJTPvhOp30R18ZV_Asw4"" target=""_blank"">MSDS-3000000X</a>",FFPE,MaxparOnDemand
IMC (Imaging),91H039159,Anti-pERK1/2 [T202/Y204],<div>D13.14.4E</div>,159Tb,"Human, Mouse, Rat","15µg, 0.5mg/mL","<a href=""https://fluidigm.my.salesforce.com/sfc/p/700000009DAw/a/4u0000019ibq/t0onsZH94lDMV1QGhCuUPbvDZXtznQW4d.zI7tAOgi0"" target=""_blank"">TDS-00704</a>","<a href=""https://fluidigm.my.salesforce.com/sfc/p/700000009DAw/a/4u000001870w/XU6eX2YZtdejnAfGRls.mPHhJTPvhOp30R18ZV_Asw4"" target=""_blank"">MSDS-3000000X</a>",FFPE,MaxparOnDemand
IMC (Imaging),91H039161,Anti-pERK1/2 [T202/Y204],<div>D13.14.4E</div>,161Dy,"Human, Mouse, Rat","15µg, 0.5mg/mL","<a href=""https://fluidigm.my.salesforce.com/sfc/p/700000009DAw/a/4u0000019ibq/t0onsZH94lDMV1QGhCuUPbvDZXtznQW4d.zI7tAOgi0"" target=""_blank"">TDS-00704</a>","<a href=""https://fluidigm.my.salesforce.com/sfc/p/700000009DAw/a/4u000001870w/XU6eX2YZtdejnAfGRls.mPHhJTPvhOp30R18ZV_Asw4"" target=""_blank"">MSDS-3000000X</a>",FFPE,MaxparOnDemand
IMC (Imaging),91H039164,Anti-pERK1/2 [T202/Y204],<div>D13.14.4E</div>,164Dy,"Human, Mouse, Rat","15µg, 0.5mg/mL","<a href=""https://fluidigm.my.salesforce.com/sfc/p/700000009DAw/a/4u0000019ibq/t0onsZH94lDMV1QGhCuUPbvDZXtznQW4d.zI7tAOgi0"" target=""_blank"">TDS-00704</a>","<a href=""https://fluidigm.my.salesforce.com/sfc/p/700000009DAw/a/4u000001870w/XU6eX2YZtdejnAfGRls.mPHhJTPvhOp30R18ZV_Asw4"" target=""_blank"">MSDS-3000000X</a>",FFPE,MaxparOnDemand
IMC (Imaging),91H040145,Anti-CD7,<div>EPR4242</div>,145Nd,"Human, Mouse, Rat","15µg, 0.5mg/mL","<a href=""https://fluidigm.my.salesforce.com/sfc/p/700000009DAw/a/4u0000019ibq/t0onsZH94lDMV1QGhCuUPbvDZXtznQW4d.zI7tAOgi0"" target=""_blank"">TDS-00704</a>","<a href=""https://fluidigm.my.salesforce.com/sfc/p/700000009DAw/a/4u000001870w/XU6eX2YZtdejnAfGRls.mPHhJTPvhOp30R18ZV_Asw4"" target=""_blank"">MSDS-3000000X</a>",FFPE,MaxparOnDemand
IMC (Imaging),91H040153,Anti-CD7,<div>EPR4242</div>,153Eu,"Human, Mouse, Rat","15µg, 0.5mg/mL","<a href=""https://fluidigm.my.salesforce.com/sfc/p/700000009DAw/a/4u0000019ibq/t0onsZH94lDMV1QGhCuUPbvDZXtznQW4d.zI7tAOgi0"" target=""_blank"">TDS-00704</a>","<a href=""https://fluidigm.my.salesforce.com/sfc/p/700000009DAw/a/4u000001870w/XU6eX2YZtdejnAfGRls.mPHhJTPvhOp30R18ZV_Asw4"" target=""_blank"">MSDS-3000000X</a>",FFPE,MaxparOnDemand
IMC (Imaging),91H040174,Anti-CD7,<div>EPR4242</div>,174Yb,"Human, Mouse, Rat","15µg, 0.5mg/mL","<a href=""https://fluidigm.my.salesforce.com/sfc/p/700000009DAw/a/4u0000019ibq/t0onsZH94lDMV1QGhCuUPbvDZXtznQW4d.zI7tAOgi0"" target=""_blank"">TDS-00704</a>","<a href=""https://fluidigm.my.salesforce.com/sfc/p/700000009DAw/a/4u000001870w/XU6eX2YZtdejnAfGRls.mPHhJTPvhOp30R18ZV_Asw4"" target=""_blank"">MSDS-3000000X</a>",FFPE,MaxparOnDemand
IMC (Imaging),91H040175,Anti-CD7,<div>EPR4242</div>,175Lu,"Human, Mouse, Rat","15µg, 0.5mg/mL","<a href=""https://fluidigm.my.salesforce.com/sfc/p/700000009DAw/a/4u0000019ibq/t0onsZH94lDMV1QGhCuUPbvDZXtznQW4d.zI7tAOgi0"" target=""_blank"">TDS-00704</a>","<a href=""https://fluidigm.my.salesforce.com/sfc/p/700000009DAw/a/4u000001870w/XU6eX2YZtdejnAfGRls.mPHhJTPvhOp30R18ZV_Asw4"" target=""_blank"">MSDS-3000000X</a>",FFPE,MaxparOnDemand
IMC (Imaging),91H041145,Anti-CD11c,<div>EP1347Y</div>,145Nd,Human,"15µg, 0.5mg/mL","<a href=""https://fluidigm.my.salesforce.com/sfc/p/700000009DAw/a/4u0000019ibq/t0onsZH94lDMV1QGhCuUPbvDZXtznQW4d.zI7tAOgi0"" target=""_blank"">TDS-00704</a>","<a href=""https://fluidigm.my.salesforce.com/sfc/p/700000009DAw/a/4u000001870w/XU6eX2YZtdejnAfGRls.mPHhJTPvhOp30R18ZV_Asw4"" target=""_blank"">MSDS-3000000X</a>",FFPE,MaxparOnDemand
IMC (Imaging),91H041151,Anti-CD11c,<div>EP1347Y</div>,151Eu,Human,"15µg, 0.5mg/mL","<a href=""https://fluidigm.my.salesforce.com/sfc/p/700000009DAw/a/4u0000019ibq/t0onsZH94lDMV1QGhCuUPbvDZXtznQW4d.zI7tAOgi0"" target=""_blank"">TDS-00704</a>","<a href=""https://fluidigm.my.salesforce.com/sfc/p/700000009DAw/a/4u000001870w/XU6eX2YZtdejnAfGRls.mPHhJTPvhOp30R18ZV_Asw4"" target=""_blank"">MSDS-3000000X</a>",FFPE,MaxparOnDemand
IMC (Imaging),91H041154,Anti-CD11c,<div>EP1347Y</div>,154Sm,Human,"15µg, 0.5mg/mL","<a href=""https://fluidigm.my.salesforce.com/sfc/p/700000009DAw/a/4u0000019ibq/t0onsZH94lDMV1QGhCuUPbvDZXtznQW4d.zI7tAOgi0"" target=""_blank"">TDS-00704</a>","<a href=""https://fluidigm.my.salesforce.com/sfc/p/700000009DAw/a/4u000001870w/XU6eX2YZtdejnAfGRls.mPHhJTPvhOp30R18ZV_Asw4"" target=""_blank"">MSDS-3000000X</a>",FFPE,MaxparOnDemand
IMC (Imaging),91H041160,Anti-CD11c,<div>EP1347Y</div>,160Gd,Human,"15µg, 0.5mg/mL","<a href=""https://fluidigm.my.salesforce.com/sfc/p/700000009DAw/a/4u0000019ibq/t0onsZH94lDMV1QGhCuUPbvDZXtznQW4d.zI7tAOgi0"" target=""_blank"">TDS-00704</a>","<a href=""https://fluidigm.my.salesforce.com/sfc/p/700000009DAw/a/4u000001870w/XU6eX2YZtdejnAfGRls.mPHhJTPvhOp30R18ZV_Asw4"" target=""_blank"">MSDS-3000000X</a>",FFPE,MaxparOnDemand
IMC (Imaging),91H042153,Anti-CD206/MMR,<div>5C11</div>,153Eu,Human,"15µg, 0.5mg/mL","<a href=""https://fluidigm.my.salesforce.com/sfc/p/700000009DAw/a/4u0000019ibq/t0onsZH94lDMV1QGhCuUPbvDZXtznQW4d.zI7tAOgi0"" target=""_blank"">TDS-00704</a>","<a href=""https://fluidigm.my.salesforce.com/sfc/p/700000009DAw/a/4u000001870w/XU6eX2YZtdejnAfGRls.mPHhJTPvhOp30R18ZV_Asw4"" target=""_blank"">MSDS-3000000X</a>",FFPE,MaxparOnDemand
IMC (Imaging),91H042163,Anti-CD206/MMR,<div>5C11</div>,163Dy,Human,"15µg, 0.5mg/mL","<a href=""https://fluidigm.my.salesforce.com/sfc/p/700000009DAw/a/4u0000019ibq/t0onsZH94lDMV1QGhCuUPbvDZXtznQW4d.zI7tAOgi0"" target=""_blank"">TDS-00704</a>","<a href=""https://fluidigm.my.salesforce.com/sfc/p/700000009DAw/a/4u000001870w/XU6eX2YZtdejnAfGRls.mPHhJTPvhOp30R18ZV_Asw4"" target=""_blank"">MSDS-3000000X</a>",FFPE,MaxparOnDemand
IMC (Imaging),91H043164,Anti-CD278/ICOS,<div>D1K2T</div>,164Dy,Human,"15µg, 0.5mg/mL","<a href=""https://fluidigm.my.salesforce.com/sfc/p/700000009DAw/a/4u0000019ibq/t0onsZH94lDMV1QGhCuUPbvDZXtznQW4d.zI7tAOgi0"" target=""_blank"">TDS-00704</a>","<a href=""https://fluidigm.my.salesforce.com/sfc/p/700000009DAw/a/4u000001870w/XU6eX2YZtdejnAfGRls.mPHhJTPvhOp30R18ZV_Asw4"" target=""_blank"">MSDS-3000000X</a>",FFPE,MaxparOnDemand
IMC (Imaging),91H043174,Anti-CD278/ICOS,<div>D1K2T</div>,174Yb,Human,"15µg, 0.5mg/mL","<a href=""https://fluidigm.my.salesforce.com/sfc/p/700000009DAw/a/4u0000019ibq/t0onsZH94lDMV1QGhCuUPbvDZXtznQW4d.zI7tAOgi0"" target=""_blank"">TDS-00704</a>","<a href=""https://fluidigm.my.salesforce.com/sfc/p/700000009DAw/a/4u000001870w/XU6eX2YZtdejnAfGRls.mPHhJTPvhOp30R18ZV_Asw4"" target=""_blank"">MSDS-3000000X</a>",FFPE,MaxparOnDemand
IMC (Imaging),91H043175,Anti-CD278/ICOS,<div>D1K2T</div>,175Lu,Human,"15µg, 0.5mg/mL","<a href=""https://fluidigm.my.salesforce.com/sfc/p/700000009DAw/a/4u0000019ibq/t0onsZH94lDMV1QGhCuUPbvDZXtznQW4d.zI7tAOgi0"" target=""_blank"">TDS-00704</a>","<a href=""https://fluidigm.my.salesforce.com/sfc/p/700000009DAw/a/4u000001870w/XU6eX2YZtdejnAfGRls.mPHhJTPvhOp30R18ZV_Asw4"" target=""_blank"">MSDS-3000000X</a>",FFPE,MaxparOnDemand
IMC (Imaging),91H044151,Anti-GATA3,<div>EPR16651</div>,151Eu,"Human, Mouse","15µg, 0.5mg/mL","<a href=""https://fluidigm.my.salesforce.com/sfc/p/700000009DAw/a/4u0000019ibq/t0onsZH94lDMV1QGhCuUPbvDZXtznQW4d.zI7tAOgi0"" target=""_blank"">TDS-00704</a>","<a href=""https://fluidigm.my.salesforce.com/sfc/p/700000009DAw/a/4u000001870w/XU6eX2YZtdejnAfGRls.mPHhJTPvhOp30R18ZV_Asw4"" target=""_blank"">MSDS-3000000X</a>",FFPE,MaxparOnDemand
IMC (Imaging),91H044154,Anti-GATA3,<div>EPR16651</div>,154Sm,"Human, Mouse","15µg, 0.5mg/mL","<a href=""https://fluidigm.my.salesforce.com/sfc/p/700000009DAw/a/4u0000019ibq/t0onsZH94lDMV1QGhCuUPbvDZXtznQW4d.zI7tAOgi0"" target=""_blank"">TDS-00704</a>","<a href=""https://fluidigm.my.salesforce.com/sfc/p/700000009DAw/a/4u000001870w/XU6eX2YZtdejnAfGRls.mPHhJTPvhOp30R18ZV_Asw4"" target=""_blank"">MSDS-3000000X</a>",FFPE,MaxparOnDemand
IMC (Imaging),91H044163,Anti-GATA3,<div>EPR16651</div>,163Dy,"Human, Mouse","15µg, 0.5mg/mL","<a href=""https://fluidigm.my.salesforce.com/sfc/p/700000009DAw/a/4u0000019ibq/t0onsZH94lDMV1QGhCuUPbvDZXtznQW4d.zI7tAOgi0"" target=""_blank"">TDS-00704</a>","<a href=""https://fluidigm.my.salesforce.com/sfc/p/700000009DAw/a/4u000001870w/XU6eX2YZtdejnAfGRls.mPHhJTPvhOp30R18ZV_Asw4"" target=""_blank"">MSDS-3000000X</a>",FFPE,MaxparOnDemand
IMC (Imaging),91H044175,Anti-GATA3,<div>EPR16651</div>,175Lu,"Human, Mouse","15µg, 0.5mg/mL","<a href=""https://fluidigm.my.salesforce.com/sfc/p/700000009DAw/a/4u0000019ibq/t0onsZH94lDMV1QGhCuUPbvDZXtznQW4d.zI7tAOgi0"" target=""_blank"">TDS-00704</a>","<a href=""https://fluidigm.my.salesforce.com/sfc/p/700000009DAw/a/4u000001870w/XU6eX2YZtdejnAfGRls.mPHhJTPvhOp30R18ZV_Asw4"" target=""_blank"">MSDS-3000000X</a>",FFPE,MaxparOnDemand
IMC (Imaging),91H045151,Anti-MHC Class II,<div>HLA-DRB/1067</div>,151Eu,Human,"15µg, 0.5mg/mL","<a href=""https://fluidigm.my.salesforce.com/sfc/p/700000009DAw/a/4u0000019ibq/t0onsZH94lDMV1QGhCuUPbvDZXtznQW4d.zI7tAOgi0"" target=""_blank"">TDS-00704</a>","<a href=""https://fluidigm.my.salesforce.com/sfc/p/700000009DAw/a/4u000001870w/XU6eX2YZtdejnAfGRls.mPHhJTPvhOp30R18ZV_Asw4"" target=""_blank"">MSDS-3000000X</a>",FFPE,MaxparOnDemand
IMC (Imaging),91H045171,Anti-MHC Class II,<div>HLA-DRB/1067</div>,171Yb,Human,"15µg, 0.5mg/mL","<a href=""https://fluidigm.my.salesforce.com/sfc/p/700000009DAw/a/4u0000019ibq/t0onsZH94lDMV1QGhCuUPbvDZXtznQW4d.zI7tAOgi0"" target=""_blank"">TDS-00704</a>","<a href=""https://fluidigm.my.salesforce.com/sfc/p/700000009DAw/a/4u000001870w/XU6eX2YZtdejnAfGRls.mPHhJTPvhOp30R18ZV_Asw4"" target=""_blank"">MSDS-3000000X</a>",FFPE,MaxparOnDemand
IMC (Imaging),91H045175,Anti-MHC Class II,<div>HLA-DRB/1067</div>,175Lu,Human,"15µg, 0.5mg/mL","<a href=""https://fluidigm.my.salesforce.com/sfc/p/700000009DAw/a/4u0000019ibq/t0onsZH94lDMV1QGhCuUPbvDZXtznQW4d.zI7tAOgi0"" target=""_blank"">TDS-00704</a>","<a href=""https://fluidigm.my.salesforce.com/sfc/p/700000009DAw/a/4u000001870w/XU6eX2YZtdejnAfGRls.mPHhJTPvhOp30R18ZV_Asw4"" target=""_blank"">MSDS-3000000X</a>",FFPE,MaxparOnDemand
IMC (Imaging),91H046150,Anti-CD274/PD-L1,<div>73-10</div>,150Nd,Human,"15µg, 0.5mg/mL","<a href=""https://fluidigm.my.salesforce.com/sfc/p/700000009DAw/a/4u0000019ibq/t0onsZH94lDMV1QGhCuUPbvDZXtznQW4d.zI7tAOgi0"" target=""_blank"">TDS-00704</a>","<a href=""https://fluidigm.my.salesforce.com/sfc/p/700000009DAw/a/4u000001870w/XU6eX2YZtdejnAfGRls.mPHhJTPvhOp30R18ZV_Asw4"" target=""_blank"">MSDS-3000000X</a>",FFPE,MaxparOnDemand
IMC (Imaging),91H046151,Anti-CD274/PD-L1,<div>73-10</div>,151Eu,Human,"15µg, 0.5mg/mL","<a href=""https://fluidigm.my.salesforce.com/sfc/p/700000009DAw/a/4u0000019ibq/t0onsZH94lDMV1QGhCuUPbvDZXtznQW4d.zI7tAOgi0"" target=""_blank"">TDS-00704</a>","<a href=""https://fluidigm.my.salesforce.com/sfc/p/700000009DAw/a/4u000001870w/XU6eX2YZtdejnAfGRls.mPHhJTPvhOp30R18ZV_Asw4"" target=""_blank"">MSDS-3000000X</a>",FFPE,MaxparOnDemand
IMC (Imaging),91H046164,Anti-CD274/PD-L1,<div>73-10</div>,164Dy,Human,"15µg, 0.5mg/mL","<a href=""https://fluidigm.my.salesforce.com/sfc/p/700000009DAw/a/4u0000019ibq/t0onsZH94lDMV1QGhCuUPbvDZXtznQW4d.zI7tAOgi0"" target=""_blank"">TDS-00704</a>","<a href=""https://fluidigm.my.salesforce.com/sfc/p/700000009DAw/a/4u000001870w/XU6eX2YZtdejnAfGRls.mPHhJTPvhOp30R18ZV_Asw4"" target=""_blank"">MSDS-3000000X</a>",FFPE,MaxparOnDemand
IMC (Imaging),91H046174,Anti-CD274/PD-L1,<div>73-10</div>,174Yb,Human,"15µg, 0.5mg/mL","<a href=""https://fluidigm.my.salesforce.com/sfc/p/700000009DAw/a/4u0000019ibq/t0onsZH94lDMV1QGhCuUPbvDZXtznQW4d.zI7tAOgi0"" target=""_blank"">TDS-00704</a>","<a href=""https://fluidigm.my.salesforce.com/sfc/p/700000009DAw/a/4u000001870w/XU6eX2YZtdejnAfGRls.mPHhJTPvhOp30R18ZV_Asw4"" target=""_blank"">MSDS-3000000X</a>",FFPE,MaxparOnDemand
IMC (Imaging),91H048160,Anti-TWIST1,<div>10E4E6</div>,160Gd,"Human, Mouse","15µg, 0.5mg/mL","<a href=""https://fluidigm.my.salesforce.com/sfc/p/700000009DAw/a/4u0000019ibq/t0onsZH94lDMV1QGhCuUPbvDZXtznQW4d.zI7tAOgi0"" target=""_blank"">TDS-00704</a>","<a href=""https://fluidigm.my.salesforce.com/sfc/p/700000009DAw/a/4u000001870w/XU6eX2YZtdejnAfGRls.mPHhJTPvhOp30R18ZV_Asw4"" target=""_blank"">MSDS-3000000X</a>",FFPE,MaxparOnDemand
IMC (Imaging),91H048163,Anti-TWIST1,<div>10E4E6</div>,163Dy,"Human, Mouse","15µg, 0.5mg/mL","<a href=""https://fluidigm.my.salesforce.com/sfc/p/700000009DAw/a/4u0000019ibq/t0onsZH94lDMV1QGhCuUPbvDZXtznQW4d.zI7tAOgi0"" target=""_blank"">TDS-00704</a>","<a href=""https://fluidigm.my.salesforce.com/sfc/p/700000009DAw/a/4u000001870w/XU6eX2YZtdejnAfGRls.mPHhJTPvhOp30R18ZV_Asw4"" target=""_blank"">MSDS-3000000X</a>",FFPE,MaxparOnDemand
IMC (Imaging),91H048166,Anti-TWIST1,<div>10E4E6</div>,166Er,"Human, Mouse","15µg, 0.5mg/mL","<a href=""https://fluidigm.my.salesforce.com/sfc/p/700000009DAw/a/4u0000019ibq/t0onsZH94lDMV1QGhCuUPbvDZXtznQW4d.zI7tAOgi0"" target=""_blank"">TDS-00704</a>","<a href=""https://fluidigm.my.salesforce.com/sfc/p/700000009DAw/a/4u000001870w/XU6eX2YZtdejnAfGRls.mPHhJTPvhOp30R18ZV_Asw4"" target=""_blank"">MSDS-3000000X</a>",FFPE,MaxparOnDemand
IMC (Imaging),91H052141,Anti-αSyn,<div>E4U2F</div>,141Pr,"Human, Mouse, Rat","15µg, 0.5mg/mL","<a href=""https://fluidigm.my.salesforce.com/sfc/p/700000009DAw/a/4u0000019ibq/t0onsZH94lDMV1QGhCuUPbvDZXtznQW4d.zI7tAOgi0"" target=""_blank"">TDS-00704</a>","<a href=""https://fluidigm.my.salesforce.com/sfc/p/700000009DAw/a/4u000001870w/XU6eX2YZtdejnAfGRls.mPHhJTPvhOp30R18ZV_Asw4"" target=""_blank"">MSDS-3000000X</a>",FFPE,MaxparOnDemand
IMC (Imaging),91H052149,Anti-αSyn,<div>E4U2F</div>,149Sm,"Human, Mouse, Rat","15µg, 0.5mg/mL","<a href=""https://fluidigm.my.salesforce.com/sfc/p/700000009DAw/a/4u0000019ibq/t0onsZH94lDMV1QGhCuUPbvDZXtznQW4d.zI7tAOgi0"" target=""_blank"">TDS-00704</a>","<a href=""https://fluidigm.my.salesforce.com/sfc/p/700000009DAw/a/4u000001870w/XU6eX2YZtdejnAfGRls.mPHhJTPvhOp30R18ZV_Asw4"" target=""_blank"">MSDS-3000000X</a>",FFPE,MaxparOnDemand
IMC (Imaging),91H052158,Anti-αSyn,<div>E4U2F</div>,158Gd,"Human, Mouse, Rat","15µg, 0.5mg/mL","<a href=""https://fluidigm.my.salesforce.com/sfc/p/700000009DAw/a/4u0000019ibq/t0onsZH94lDMV1QGhCuUPbvDZXtznQW4d.zI7tAOgi0"" target=""_blank"">TDS-00704</a>","<a href=""https://fluidigm.my.salesforce.com/sfc/p/700000009DAw/a/4u000001870w/XU6eX2YZtdejnAfGRls.mPHhJTPvhOp30R18ZV_Asw4"" target=""_blank"">MSDS-3000000X</a>",FFPE,MaxparOnDemand
IMC (Imaging),91H053149,Anti-p-αSyn [S129],<div>EP1536Y</div>,149Sm,"Human, Mouse, Rat","15µg, 0.5mg/mL","<a href=""https://fluidigm.my.salesforce.com/sfc/p/700000009DAw/a/4u0000019ibq/t0onsZH94lDMV1QGhCuUPbvDZXtznQW4d.zI7tAOgi0"" target=""_blank"">TDS-00704</a>","<a href=""https://fluidigm.my.salesforce.com/sfc/p/700000009DAw/a/4u000001870w/XU6eX2YZtdejnAfGRls.mPHhJTPvhOp30R18ZV_Asw4"" target=""_blank"">MSDS-3000000X</a>",FFPE,MaxparOnDemand
IMC (Imaging),91H053169,Anti-p-αSyn [S129],<div>EP1536Y</div>,169Tm,"Human, Mouse, Rat","15µg, 0.5mg/mL","<a href=""https://fluidigm.my.salesforce.com/sfc/p/700000009DAw/a/4u0000019ibq/t0onsZH94lDMV1QGhCuUPbvDZXtznQW4d.zI7tAOgi0"" target=""_blank"">TDS-00704</a>","<a href=""https://fluidigm.my.salesforce.com/sfc/p/700000009DAw/a/4u000001870w/XU6eX2YZtdejnAfGRls.mPHhJTPvhOp30R18ZV_Asw4"" target=""_blank"">MSDS-3000000X</a>",FFPE,MaxparOnDemand
IMC (Imaging),91H053172,Anti-p-αSyn [S129],<div>EP1536Y</div>,172Yb,"Human, Mouse, Rat","15µg, 0.5mg/mL","<a href=""https://fluidigm.my.salesforce.com/sfc/p/700000009DAw/a/4u0000019ibq/t0onsZH94lDMV1QGhCuUPbvDZXtznQW4d.zI7tAOgi0"" target=""_blank"">TDS-00704</a>","<a href=""https://fluidigm.my.salesforce.com/sfc/p/700000009DAw/a/4u000001870w/XU6eX2YZtdejnAfGRls.mPHhJTPvhOp30R18ZV_Asw4"" target=""_blank"">MSDS-3000000X</a>",FFPE,MaxparOnDemand
IMC (Imaging),91H054141,Anti-Tyrosine Hydroxylase,<div>E2L6M</div>,141Pr,"Human, Mouse, Rat","15µg, 0.5mg/mL","<a href=""https://fluidigm.my.salesforce.com/sfc/p/700000009DAw/a/4u0000019ibq/t0onsZH94lDMV1QGhCuUPbvDZXtznQW4d.zI7tAOgi0"" target=""_blank"">TDS-00704</a>","<a href=""https://fluidigm.my.salesforce.com/sfc/p/700000009DAw/a/4u000001870w/XU6eX2YZtdejnAfGRls.mPHhJTPvhOp30R18ZV_Asw4"" target=""_blank"">MSDS-3000000X</a>",FFPE,MaxparOnDemand
IMC (Imaging),91H054169,Anti-Tyrosine Hydroxylase,<div>E2L6M</div>,169Tm,"Human, Mouse, Rat","15µg, 0.5mg/mL","<a href=""https://fluidigm.my.salesforce.com/sfc/p/700000009DAw/a/4u0000019ibq/t0onsZH94lDMV1QGhCuUPbvDZXtznQW4d.zI7tAOgi0"" target=""_blank"">TDS-00704</a>","<a href=""https://fluidigm.my.salesforce.com/sfc/p/700000009DAw/a/4u000001870w/XU6eX2YZtdejnAfGRls.mPHhJTPvhOp30R18ZV_Asw4"" target=""_blank"">MSDS-3000000X</a>",FFPE,MaxparOnDemand
IMC (Imaging),91H054172,Anti-Tyrosine Hydroxylase,<div>E2L6M</div>,172Yb,"Human, Mouse, Rat","15µg, 0.5mg/mL","<a href=""https://fluidigm.my.salesforce.com/sfc/p/700000009DAw/a/4u0000019ibq/t0onsZH94lDMV1QGhCuUPbvDZXtznQW4d.zI7tAOgi0"" target=""_blank"">TDS-00704</a>","<a href=""https://fluidigm.my.salesforce.com/sfc/p/700000009DAw/a/4u000001870w/XU6eX2YZtdejnAfGRls.mPHhJTPvhOp30R18ZV_Asw4"" target=""_blank"">MSDS-3000000X</a>",FFPE,MaxparOnDemand
IMC (Imaging),91H055141,Anti-APP,<div>4G8</div>,141Pr,"Human, Mouse","15µg, 0.5mg/mL","<a href=""https://fluidigm.my.salesforce.com/sfc/p/700000009DAw/a/4u0000019ibq/t0onsZH94lDMV1QGhCuUPbvDZXtznQW4d.zI7tAOgi0"" target=""_blank"">TDS-00704</a>","<a href=""https://fluidigm.my.salesforce.com/sfc/p/700000009DAw/a/4u000001870w/XU6eX2YZtdejnAfGRls.mPHhJTPvhOp30R18ZV_Asw4"" target=""_blank"">MSDS-3000000X</a>","FFPE, Frozen",MaxparOnDemand
IMC (Imaging),91H055158,Anti-APP,<div>4G8</div>,158Gd,"Human, Mouse","15µg, 0.5mg/mL","<a href=""https://fluidigm.my.salesforce.com/sfc/p/700000009DAw/a/4u0000019ibq/t0onsZH94lDMV1QGhCuUPbvDZXtznQW4d.zI7tAOgi0"" target=""_blank"">TDS-00704</a>","<a href=""https://fluidigm.my.salesforce.com/sfc/p/700000009DAw/a/4u000001870w/XU6eX2YZtdejnAfGRls.mPHhJTPvhOp30R18ZV_Asw4"" target=""_blank"">MSDS-3000000X</a>","FFPE, Frozen",MaxparOnDemand
IMC (Imaging),91H055172,Anti-APP,<div>4G8</div>,172Yb,"Human, Mouse","15µg, 0.5mg/mL","<a href=""https://fluidigm.my.salesforce.com/sfc/p/700000009DAw/a/4u0000019ibq/t0onsZH94lDMV1QGhCuUPbvDZXtznQW4d.zI7tAOgi0"" target=""_blank"">TDS-00704</a>","<a href=""https://fluidigm.my.salesforce.com/sfc/p/700000009DAw/a/4u000001870w/XU6eX2YZtdejnAfGRls.mPHhJTPvhOp30R18ZV_Asw4"" target=""_blank"">MSDS-3000000X</a>","FFPE, Frozen",MaxparOnDemand
IMC (Imaging),91H056141,Anti-Tau,<div>D1M9X</div>,141Pr,"Human, Mouse, Rat","15µg, 0.5mg/mL","<a href=""https://fluidigm.my.salesforce.com/sfc/p/700000009DAw/a/4u0000019ibq/t0onsZH94lDMV1QGhCuUPbvDZXtznQW4d.zI7tAOgi0"" target=""_blank"">TDS-00704</a>","<a href=""https://fluidigm.my.salesforce.com/sfc/p/700000009DAw/a/4u000001870w/XU6eX2YZtdejnAfGRls.mPHhJTPvhOp30R18ZV_Asw4"" target=""_blank"">MSDS-3000000X</a>",FFPE,MaxparOnDemand
IMC (Imaging),91H056149,Anti-Tau,<div>D1M9X</div>,149Sm,"Human, Mouse, Rat","15µg, 0.5mg/mL","<a href=""https://fluidigm.my.salesforce.com/sfc/p/700000009DAw/a/4u0000019ibq/t0onsZH94lDMV1QGhCuUPbvDZXtznQW4d.zI7tAOgi0"" target=""_blank"">TDS-00704</a>","<a href=""https://fluidigm.my.salesforce.com/sfc/p/700000009DAw/a/4u000001870w/XU6eX2YZtdejnAfGRls.mPHhJTPvhOp30R18ZV_Asw4"" target=""_blank"">MSDS-3000000X</a>",FFPE,MaxparOnDemand
IMC (Imaging),91H056169,Anti-Tau,<div>D1M9X</div>,169Tm,"Human, Mouse, Rat","15µg, 0.5mg/mL","<a href=""https://fluidigm.my.salesforce.com/sfc/p/700000009DAw/a/4u0000019ibq/t0onsZH94lDMV1QGhCuUPbvDZXtznQW4d.zI7tAOgi0"" target=""_blank"">TDS-00704</a>","<a href=""https://fluidigm.my.salesforce.com/sfc/p/700000009DAw/a/4u000001870w/XU6eX2YZtdejnAfGRls.mPHhJTPvhOp30R18ZV_Asw4"" target=""_blank"">MSDS-3000000X</a>",FFPE,MaxparOnDemand
IMC (Imaging),91H057149,Anti-pTau [S202/T205],<div>AT8</div>,149Sm,Human,"15µg, 0.5mg/mL","<a href=""https://fluidigm.my.salesforce.com/sfc/p/700000009DAw/a/4u0000019ibq/t0onsZH94lDMV1QGhCuUPbvDZXtznQW4d.zI7tAOgi0"" target=""_blank"">TDS-00704</a>","<a href=""https://fluidigm.my.salesforce.com/sfc/p/700000009DAw/a/4u000001870w/XU6eX2YZtdejnAfGRls.mPHhJTPvhOp30R18ZV_Asw4"" target=""_blank"">MSDS-3000000X</a>",FFPE,MaxparOnDemand
IMC (Imaging),91H057158,Anti-pTau [S202/T205],<div>AT8</div>,158Gd,Human,"15µg, 0.5mg/mL","<a href=""https://fluidigm.my.salesforce.com/sfc/p/700000009DAw/a/4u0000019ibq/t0onsZH94lDMV1QGhCuUPbvDZXtznQW4d.zI7tAOgi0"" target=""_blank"">TDS-00704</a>","<a href=""https://fluidigm.my.salesforce.com/sfc/p/700000009DAw/a/4u000001870w/XU6eX2YZtdejnAfGRls.mPHhJTPvhOp30R18ZV_Asw4"" target=""_blank"">MSDS-3000000X</a>",FFPE,MaxparOnDemand
IMC (Imaging),91H057172,Anti-pTau [S202/T205],<div>AT8</div>,172Yb,Human,"15µg, 0.5mg/mL","<a href=""https://fluidigm.my.salesforce.com/sfc/p/700000009DAw/a/4u0000019ibq/t0onsZH94lDMV1QGhCuUPbvDZXtznQW4d.zI7tAOgi0"" target=""_blank"">TDS-00704</a>","<a href=""https://fluidigm.my.salesforce.com/sfc/p/700000009DAw/a/4u000001870w/XU6eX2YZtdejnAfGRls.mPHhJTPvhOp30R18ZV_Asw4"" target=""_blank"">MSDS-3000000X</a>",FFPE,MaxparOnDemand
IMC (Imaging),91H058141,Anti-MBP,<div>MBP101</div>,141Pr,"Goat, Human, Mouse, Non-human primate, Sheep, Rabbit, Rat","15µg, 0.5mg/mL","<a href=""https://fluidigm.my.salesforce.com/sfc/p/700000009DAw/a/4u0000019ibq/t0onsZH94lDMV1QGhCuUPbvDZXtznQW4d.zI7tAOgi0"" target=""_blank"">TDS-00704</a>","<a href=""https://fluidigm.my.salesforce.com/sfc/p/700000009DAw/a/4u000001870w/XU6eX2YZtdejnAfGRls.mPHhJTPvhOp30R18ZV_Asw4"" target=""_blank"">MSDS-3000000X</a>",FFPE,MaxparOnDemand
IMC (Imaging),91H058149,Anti-MBP,<div>MBP101</div>,149Sm,"Goat, Human, Mouse, Non-human primate, Sheep, Rabbit, Rat","15µg, 0.5mg/mL","<a href=""https://fluidigm.my.salesforce.com/sfc/p/700000009DAw/a/4u0000019ibq/t0onsZH94lDMV1QGhCuUPbvDZXtznQW4d.zI7tAOgi0"" target=""_blank"">TDS-00704</a>","<a href=""https://fluidigm.my.salesforce.com/sfc/p/700000009DAw/a/4u000001870w/XU6eX2YZtdejnAfGRls.mPHhJTPvhOp30R18ZV_Asw4"" target=""_blank"">MSDS-3000000X</a>",FFPE,MaxparOnDemand
IMC (Imaging),91H058158,Anti-MBP,<div>MBP101</div>,158Gd,"Goat, Human, Mouse, Non-human primate, Sheep, Rabbit, Rat","15µg, 0.5mg/mL","<a href=""https://fluidigm.my.salesforce.com/sfc/p/700000009DAw/a/4u0000019ibq/t0onsZH94lDMV1QGhCuUPbvDZXtznQW4d.zI7tAOgi0"" target=""_blank"">TDS-00704</a>","<a href=""https://fluidigm.my.salesforce.com/sfc/p/700000009DAw/a/4u000001870w/XU6eX2YZtdejnAfGRls.mPHhJTPvhOp30R18ZV_Asw4"" target=""_blank"">MSDS-3000000X</a>",FFPE,MaxparOnDemand
IMC (Imaging),91H058169,Anti-MBP,<div>MBP101</div>,169Tm,"Goat, Human, Mouse, Non-human primate, Sheep, Rabbit, Rat","15µg, 0.5mg/mL","<a href=""https://fluidigm.my.salesforce.com/sfc/p/700000009DAw/a/4u0000019ibq/t0onsZH94lDMV1QGhCuUPbvDZXtznQW4d.zI7tAOgi0"" target=""_blank"">TDS-00704</a>","<a href=""https://fluidigm.my.salesforce.com/sfc/p/700000009DAw/a/4u000001870w/XU6eX2YZtdejnAfGRls.mPHhJTPvhOp30R18ZV_Asw4"" target=""_blank"">MSDS-3000000X</a>",FFPE,MaxparOnDemand
IMC (Imaging),91H058172,Anti-MBP,<div>MBP101</div>,172Yb,"Goat, Human, Mouse, Non-human primate, Sheep, Rabbit, Rat","15µg, 0.5mg/mL","<a href=""https://fluidigm.my.salesforce.com/sfc/p/700000009DAw/a/4u0000019ibq/t0onsZH94lDMV1QGhCuUPbvDZXtznQW4d.zI7tAOgi0"" target=""_blank"">TDS-00704</a>","<a href=""https://fluidigm.my.salesforce.com/sfc/p/700000009DAw/a/4u000001870w/XU6eX2YZtdejnAfGRls.mPHhJTPvhOp30R18ZV_Asw4"" target=""_blank"">MSDS-3000000X</a>",FFPE,MaxparOnDemand
IMC (Imaging),91H059141,Anti-MOG,<div>EP4281</div>,141Pr,"Mouse, Rat, Human","15µg, 0.5mg/mL","<a href=""https://fluidigm.my.salesforce.com/sfc/p/700000009DAw/a/4u0000019ibq/t0onsZH94lDMV1QGhCuUPbvDZXtznQW4d.zI7tAOgi0"" target=""_blank"">TDS-00704</a>","<a href=""https://fluidigm.my.salesforce.com/sfc/p/700000009DAw/a/4u000001870w/XU6eX2YZtdejnAfGRls.mPHhJTPvhOp30R18ZV_Asw4"" target=""_blank"">MSDS-3000000X</a>",FFPE,MaxparOnDemand
IMC (Imaging),91H059149,Anti-MOG,<div>EP4281</div>,149Sm,"Mouse, Rat, Human","15µg, 0.5mg/mL","<a href=""https://fluidigm.my.salesforce.com/sfc/p/700000009DAw/a/4u0000019ibq/t0onsZH94lDMV1QGhCuUPbvDZXtznQW4d.zI7tAOgi0"" target=""_blank"">TDS-00704</a>","<a href=""https://fluidigm.my.salesforce.com/sfc/p/700000009DAw/a/4u000001870w/XU6eX2YZtdejnAfGRls.mPHhJTPvhOp30R18ZV_Asw4"" target=""_blank"">MSDS-3000000X</a>",FFPE,MaxparOnDemand
IMC (Imaging),91H059158,Anti-MOG,<div>EP4281</div>,158Gd,"Mouse, Rat, Human","15µg, 0.5mg/mL","<a href=""https://fluidigm.my.salesforce.com/sfc/p/700000009DAw/a/4u0000019ibq/t0onsZH94lDMV1QGhCuUPbvDZXtznQW4d.zI7tAOgi0"" target=""_blank"">TDS-00704</a>","<a href=""https://fluidigm.my.salesforce.com/sfc/p/700000009DAw/a/4u000001870w/XU6eX2YZtdejnAfGRls.mPHhJTPvhOp30R18ZV_Asw4"" target=""_blank"">MSDS-3000000X</a>",FFPE,MaxparOnDemand
IMC (Imaging),91H060141,Anti-Neurofilament,<div>SMI 312</div>,141Pr,"Human, Mouse, Rat","15µg, 0.5mg/mL","<a href=""https://fluidigm.my.salesforce.com/sfc/p/700000009DAw/a/4u0000019ibq/t0onsZH94lDMV1QGhCuUPbvDZXtznQW4d.zI7tAOgi0"" target=""_blank"">TDS-00704</a>","<a href=""https://fluidigm.my.salesforce.com/sfc/p/700000009DAw/a/4u000001870w/XU6eX2YZtdejnAfGRls.mPHhJTPvhOp30R18ZV_Asw4"" target=""_blank"">MSDS-3000000X</a>","FFPE, Frozen",MaxparOnDemand
IMC (Imaging),91H060158,Anti-Neurofilament,<div>SMI 312</div>,158Gd,"Human, Mouse, Rat","15µg, 0.5mg/mL","<a href=""https://fluidigm.my.salesforce.com/sfc/p/700000009DAw/a/4u0000019ibq/t0onsZH94lDMV1QGhCuUPbvDZXtznQW4d.zI7tAOgi0"" target=""_blank"">TDS-00704</a>","<a href=""https://fluidigm.my.salesforce.com/sfc/p/700000009DAw/a/4u000001870w/XU6eX2YZtdejnAfGRls.mPHhJTPvhOp30R18ZV_Asw4"" target=""_blank"">MSDS-3000000X</a>","FFPE, Frozen",MaxparOnDemand
IMC (Imaging),91H060169,Anti-Neurofilament,<div>SMI 312</div>,169Tm,"Human, Mouse, Rat","15µg, 0.5mg/mL","<a href=""https://fluidigm.my.salesforce.com/sfc/p/700000009DAw/a/4u0000019ibq/t0onsZH94lDMV1QGhCuUPbvDZXtznQW4d.zI7tAOgi0"" target=""_blank"">TDS-00704</a>","<a href=""https://fluidigm.my.salesforce.com/sfc/p/700000009DAw/a/4u000001870w/XU6eX2YZtdejnAfGRls.mPHhJTPvhOp30R18ZV_Asw4"" target=""_blank"">MSDS-3000000X</a>","FFPE, Frozen",MaxparOnDemand
IMC (Imaging),91H061172,Anti-EGFR,<div>D38B1</div>,172Yb,"Human, Mouse","15µg, 0.5mg/mL","<a href=""https://fluidigm.my.salesforce.com/sfc/p/700000009DAw/a/4u0000019ibq/t0onsZH94lDMV1QGhCuUPbvDZXtznQW4d.zI7tAOgi0"" target=""_blank"">TDS-00704</a>","<a href=""https://fluidigm.my.salesforce.com/sfc/p/700000009DAw/a/4u000001870w/XU6eX2YZtdejnAfGRls.mPHhJTPvhOp30R18ZV_Asw4"" target=""_blank"">MSDS-3000000X</a>",FFPE,MaxparOnDemand
IMC (Imaging),91H062141,Anti-Nestin,<div>EPR27207-53</div>,141Pr,"Human, Mouse","15µg, 0.5mg/mL","<a href=""https://fluidigm.my.salesforce.com/sfc/p/700000009DAw/a/4u0000019ibq/t0onsZH94lDMV1QGhCuUPbvDZXtznQW4d.zI7tAOgi0"" target=""_blank"">TDS-00704</a>","<a href=""https://fluidigm.my.salesforce.com/sfc/p/700000009DAw/a/4u000001870w/XU6eX2YZtdejnAfGRls.mPHhJTPvhOp30R18ZV_Asw4"" target=""_blank"">MSDS-3000000X</a>",FFPE,MaxparOnDemand
IMC (Imaging),91H063158,Anti-MMP9,<div>RM1020</div>,158Gd,"Human, Mouse","15µg, 0.5mg/mL","<a href=""https://fluidigm.my.salesforce.com/sfc/p/700000009DAw/a/4u0000019ibq/t0onsZH94lDMV1QGhCuUPbvDZXtznQW4d.zI7tAOgi0"" target=""_blank"">TDS-00704</a>","<a href=""https://fluidigm.my.salesforce.com/sfc/p/700000009DAw/a/4u000001870w/XU6eX2YZtdejnAfGRls.mPHhJTPvhOp30R18ZV_Asw4"" target=""_blank"">MSDS-3000000X</a>","FFPE, Frozen",MaxparOnDemand
IMC (Imaging),91H064169,Anti-SOX2,<div>EPR3131</div>,169Tm,"Human, Mouse","15µg, 0.5mg/mL","<a href=""https://fluidigm.my.salesforce.com/sfc/p/700000009DAw/a/4u0000019ibq/t0onsZH94lDMV1QGhCuUPbvDZXtznQW4d.zI7tAOgi0"" target=""_blank"">TDS-00704</a>","<a href=""https://fluidigm.my.salesforce.com/sfc/p/700000009DAw/a/4u000001870w/XU6eX2YZtdejnAfGRls.mPHhJTPvhOp30R18ZV_Asw4"" target=""_blank"">MSDS-3000000X</a>",FFPE,MaxparOnDemand
IMC (Imaging),91H065151,Anti-Synaptophysin,<div>D8F6H</div>,151Eu,"Human, Mouse","15µg, 0.5mg/mL","<a href=""https://fluidigm.my.salesforce.com/sfc/p/700000009DAw/a/4u0000019ibq/t0onsZH94lDMV1QGhCuUPbvDZXtznQW4d.zI7tAOgi0"" target=""_blank"">TDS-00704</a>","<a href=""https://fluidigm.my.salesforce.com/sfc/p/700000009DAw/a/4u000001870w/XU6eX2YZtdejnAfGRls.mPHhJTPvhOp30R18ZV_Asw4"" target=""_blank"">MSDS-3000000X</a>",FFPE,MaxparOnDemand
IMC (Imaging),91H065158,Anti-Synaptophysin,<div>D8F6H</div>,158Gd,"Human, Mouse","15µg, 0.5mg/mL","<a href=""https://fluidigm.my.salesforce.com/sfc/p/700000009DAw/a/4u0000019ibq/t0onsZH94lDMV1QGhCuUPbvDZXtznQW4d.zI7tAOgi0"" target=""_blank"">TDS-00704</a>","<a href=""https://fluidigm.my.salesforce.com/sfc/p/700000009DAw/a/4u000001870w/XU6eX2YZtdejnAfGRls.mPHhJTPvhOp30R18ZV_Asw4"" target=""_blank"">MSDS-3000000X</a>",FFPE,MaxparOnDemand
IMC (Imaging),91H065161,Anti-Synaptophysin,<div>D8F6H</div>,161Dy,"Human, Mouse","15µg, 0.5mg/mL","<a href=""https://fluidigm.my.salesforce.com/sfc/p/700000009DAw/a/4u0000019ibq/t0onsZH94lDMV1QGhCuUPbvDZXtznQW4d.zI7tAOgi0"" target=""_blank"">TDS-00704</a>","<a href=""https://fluidigm.my.salesforce.com/sfc/p/700000009DAw/a/4u000001870w/XU6eX2YZtdejnAfGRls.mPHhJTPvhOp30R18ZV_Asw4"" target=""_blank"">MSDS-3000000X</a>",FFPE,MaxparOnDemand
IMC (Imaging),91H066089,Anti-β III Tubulin,<div>TuJ1</div>,89Y,"Human, Mouse","15µg, 0.5mg/mL","<a href=""https://fluidigm.my.salesforce.com/sfc/p/700000009DAw/a/4u0000019ibq/t0onsZH94lDMV1QGhCuUPbvDZXtznQW4d.zI7tAOgi0"" target=""_blank"">TDS-00704</a>","<a href=""https://fluidigm.my.salesforce.com/sfc/p/700000009DAw/a/4u000001870w/XU6eX2YZtdejnAfGRls.mPHhJTPvhOp30R18ZV_Asw4"" target=""_blank"">MSDS-3000000X</a>",FFPE,MaxparOnDemand
IMC (Imaging),91H066149,Anti-β III Tubulin,<div>TuJ1</div>,149Sm,"Human, Mouse","15µg, 0.5mg/mL","<a href=""https://fluidigm.my.salesforce.com/sfc/p/700000009DAw/a/4u0000019ibq/t0onsZH94lDMV1QGhCuUPbvDZXtznQW4d.zI7tAOgi0"" target=""_blank"">TDS-00704</a>","<a href=""https://fluidigm.my.salesforce.com/sfc/p/700000009DAw/a/4u000001870w/XU6eX2YZtdejnAfGRls.mPHhJTPvhOp30R18ZV_Asw4"" target=""_blank"">MSDS-3000000X</a>",FFPE,MaxparOnDemand
IMC (Imaging),91H066153,Anti-β III Tubulin,<div>TuJ1</div>,153Eu,"Human, Mouse","15µg, 0.5mg/mL","<a href=""https://fluidigm.my.salesforce.com/sfc/p/700000009DAw/a/4u0000019ibq/t0onsZH94lDMV1QGhCuUPbvDZXtznQW4d.zI7tAOgi0"" target=""_blank"">TDS-00704</a>","<a href=""https://fluidigm.my.salesforce.com/sfc/p/700000009DAw/a/4u000001870w/XU6eX2YZtdejnAfGRls.mPHhJTPvhOp30R18ZV_Asw4"" target=""_blank"">MSDS-3000000X</a>",FFPE,MaxparOnDemand
IMC (Imaging),91H067171,Anti-TMEM119,<div>E3E4T</div>,171Yb,"Human, Mouse","15µg, 0.5mg/mL","<a href=""https://fluidigm.my.salesforce.com/sfc/p/700000009DAw/a/4u0000019ibq/t0onsZH94lDMV1QGhCuUPbvDZXtznQW4d.zI7tAOgi0"" target=""_blank"">TDS-00704</a>","<a href=""https://fluidigm.my.salesforce.com/sfc/p/700000009DAw/a/4u000001870w/XU6eX2YZtdejnAfGRls.mPHhJTPvhOp30R18ZV_Asw4"" target=""_blank"">MSDS-3000000X</a>",FFPE,MaxparOnDemand
IMC (Imaging),91H067164,Anti-TMEM119,<div>E3E4T</div>,164Dy,"Human, Mouse","15µg, 0.5mg/mL","<a href=""https://fluidigm.my.salesforce.com/sfc/p/700000009DAw/a/4u0000019ibq/t0onsZH94lDMV1QGhCuUPbvDZXtznQW4d.zI7tAOgi0"" target=""_blank"">TDS-00704</a>","<a href=""https://fluidigm.my.salesforce.com/sfc/p/700000009DAw/a/4u000001870w/XU6eX2YZtdejnAfGRls.mPHhJTPvhOp30R18ZV_Asw4"" target=""_blank"">MSDS-3000000X</a>",FFPE,MaxparOnDemand
IMC (Imaging),91H067172,Anti-TMEM119,<div>E3E4T</div>,172Yb,"Human, Mouse","15µg, 0.5mg/mL","<a href=""https://fluidigm.my.salesforce.com/sfc/p/700000009DAw/a/4u0000019ibq/t0onsZH94lDMV1QGhCuUPbvDZXtznQW4d.zI7tAOgi0"" target=""_blank"">TDS-00704</a>","<a href=""https://fluidigm.my.salesforce.com/sfc/p/700000009DAw/a/4u000001870w/XU6eX2YZtdejnAfGRls.mPHhJTPvhOp30R18ZV_Asw4"" target=""_blank"">MSDS-3000000X</a>",FFPE,MaxparOnDemand
IMC (Imaging),91H068141,Anti-Calbindin 1,<div>EP3478</div>,141Pr,"Human, Mouse","15µg, 0.5mg/mL","<a href=""https://fluidigm.my.salesforce.com/sfc/p/700000009DAw/a/4u0000019ibq/t0onsZH94lDMV1QGhCuUPbvDZXtznQW4d.zI7tAOgi0"" target=""_blank"">TDS-00704</a>","<a href=""https://fluidigm.my.salesforce.com/sfc/p/700000009DAw/a/4u000001870w/XU6eX2YZtdejnAfGRls.mPHhJTPvhOp30R18ZV_Asw4"" target=""_blank"">MSDS-3000000X</a>","FFPE, Frozen",MaxparOnDemand
IMC (Imaging),91H068160,Anti-Calbindin 1,<div>EP3478</div>,160Gd,"Human, Mouse","15µg, 0.5mg/mL","<a href=""https://fluidigm.my.salesforce.com/sfc/p/700000009DAw/a/4u0000019ibq/t0onsZH94lDMV1QGhCuUPbvDZXtznQW4d.zI7tAOgi0"" target=""_blank"">TDS-00704</a>","<a href=""https://fluidigm.my.salesforce.com/sfc/p/700000009DAw/a/4u000001870w/XU6eX2YZtdejnAfGRls.mPHhJTPvhOp30R18ZV_Asw4"" target=""_blank"">MSDS-3000000X</a>","FFPE, Frozen",MaxparOnDemand
IMC (Imaging),91H068161,Anti-Calbindin 1,<div>EP3478</div>,161Dy,"Human, Mouse","15µg, 0.5mg/mL","<a href=""https://fluidigm.my.salesforce.com/sfc/p/700000009DAw/a/4u0000019ibq/t0onsZH94lDMV1QGhCuUPbvDZXtznQW4d.zI7tAOgi0"" target=""_blank"">TDS-00704</a>","<a href=""https://fluidigm.my.salesforce.com/sfc/p/700000009DAw/a/4u000001870w/XU6eX2YZtdejnAfGRls.mPHhJTPvhOp30R18ZV_Asw4"" target=""_blank"">MSDS-3000000X</a>","FFPE, Frozen",MaxparOnDemand
IMC (Imaging),91H069164,Anti-P2RY12,<div>EPR26298-93</div>,164Dy,"Human, Mouse","15µg, 0.5mg/mL","<a href=""https://fluidigm.my.salesforce.com/sfc/p/700000009DAw/a/4u0000019ibq/t0onsZH94lDMV1QGhCuUPbvDZXtznQW4d.zI7tAOgi0"" target=""_blank"">TDS-00704</a>","<a href=""https://fluidigm.my.salesforce.com/sfc/p/700000009DAw/a/4u000001870w/XU6eX2YZtdejnAfGRls.mPHhJTPvhOp30R18ZV_Asw4"" target=""_blank"">MSDS-3000000X</a>","FFPE, Frozen",MaxparOnDemand
IMC (Imaging),91H069169,Anti-P2RY12,<div>EPR26298-93</div>,169Tm,"Human, Mouse","15µg, 0.5mg/mL","<a href=""https://fluidigm.my.salesforce.com/sfc/p/700000009DAw/a/4u0000019ibq/t0onsZH94lDMV1QGhCuUPbvDZXtznQW4d.zI7tAOgi0"" target=""_blank"">TDS-00704</a>","<a href=""https://fluidigm.my.salesforce.com/sfc/p/700000009DAw/a/4u000001870w/XU6eX2YZtdejnAfGRls.mPHhJTPvhOp30R18ZV_Asw4"" target=""_blank"">MSDS-3000000X</a>","FFPE, Frozen",MaxparOnDemand
IMC (Imaging),91H069175,Anti-P2RY12,<div>EPR26298-93</div>,175Lu,"Human, Mouse","15µg, 0.5mg/mL","<a href=""https://fluidigm.my.salesforce.com/sfc/p/700000009DAw/a/4u0000019ibq/t0onsZH94lDMV1QGhCuUPbvDZXtznQW4d.zI7tAOgi0"" target=""_blank"">TDS-00704</a>","<a href=""https://fluidigm.my.salesforce.com/sfc/p/700000009DAw/a/4u000001870w/XU6eX2YZtdejnAfGRls.mPHhJTPvhOp30R18ZV_Asw4"" target=""_blank"">MSDS-3000000X</a>","FFPE, Frozen",MaxparOnDemand
CyTOF (Cytometry),3089003B,Anti-Human CD45,<div>HI30</div>,89Y,"Human, Chimpanzee",100 Tests,"<a href=""https://fluidigm.my.salesforce.com/sfc/p/700000009DAw/a/4u0000019hnn/Kf.EZt_t5keBQQNcpbR.yc0PATIVNQRE2Flt_3IPERE"" target=""_blank"">PRD009-3089003B</a>","<a href=""https://fluidigm.my.salesforce.com/sfc/p/700000009DAw/a/4u000001870w/XU6eX2YZtdejnAfGRls.mPHhJTPvhOp30R18ZV_Asw4"" target=""_blank"">MSDS-3000000X</a>",various,Maxpar
CyTOF (Cytometry),3089003C,Anti-Human CD45,<div>HI30</div>,89Y,"Human, Chimpanzee",25 Tests,"<a href=""https://fluidigm.my.salesforce.com/sfc/p/700000009DAw/a/4u0000019hnn/Kf.EZt_t5keBQQNcpbR.yc0PATIVNQRE2Flt_3IPERE"" target=""_blank"">PRD009-3089003B</a>","<a href=""https://fluidigm.my.salesforce.com/sfc/p/700000009DAw/a/4u000001870w/XU6eX2YZtdejnAfGRls.mPHhJTPvhOp30R18ZV_Asw4"" target=""_blank"">MSDS-3000000X</a>",various,Maxpar
CyTOF (Cytometry),3089004B,Anti-Human CD41,<div>HIP8</div>,89Y,"Human, African Green, Baboon, Capuchin Monkey, Cynomolgus, Rhesus",100 Tests,"<a href=""https://fluidigm.my.salesforce.com/sfc/p/700000009DAw/a/4u0000019hns/hZ9wgtlFly42jPRdMv4tFnDdk6j5UA38KHcRoW8g6rc"" target=""_blank"">PRD009-3089004B</a>","<a href=""https://fluidigm.my.salesforce.com/sfc/p/700000009DAw/a/4u000001870w/XU6eX2YZtdejnAfGRls.mPHhJTPvhOp30R18ZV_Asw4"" target=""_blank"">MSDS-3000000X</a>",various,Maxpar
CyTOF (Cytometry),3089004C,Anti-Human CD41,<div>HIP8</div>,89Y,"Human, African Green, Baboon, Capuchin Monkey, Cynomolgus, Rhesus",25 Tests,"<a href=""https://fluidigm.my.salesforce.com/sfc/p/700000009DAw/a/4u0000019hns/hZ9wgtlFly42jPRdMv4tFnDdk6j5UA38KHcRoW8g6rc"" target=""_blank"">PRD009-3089004B</a>","<a href=""https://fluidigm.my.salesforce.com/sfc/p/700000009DAw/a/4u000001870w/XU6eX2YZtdejnAfGRls.mPHhJTPvhOp30R18ZV_Asw4"" target=""_blank"">MSDS-3000000X</a>",various,Maxpar
CyTOF (Cytometry),3106001B,Anti-Human CD45,<div>HI30</div>,106Cd,"Human, Chimpanzee",100 Tests,"<a href=""https://fluidigm.my.salesforce.com/sfc/p/700000009DAw/a/4u000000Mvgi/HfvSgjjTkB7o2b_3xuopSCMZYP4t1pOHw4EGRySolVo"" target=""_blank"">PRD009-3106001B</a>","<a href=""https://fluidigm.my.salesforce.com/sfc/p/700000009DAw/a/4u000000dlbq/TACqxhBzGNCMUJOdkH1XK6bDuGaTQsGp4vGSePoNz6M"" target=""_blank"">SDS-00021</a>",various,Maxpar
CyTOF (Cytometry),3106001C,Anti-Human CD45,<div>HI30</div>,106Cd,"Human, Chimpanzee",25 Tests,"<a href=""https://fluidigm.my.salesforce.com/sfc/p/700000009DAw/a/4u000000Mvgi/HfvSgjjTkB7o2b_3xuopSCMZYP4t1pOHw4EGRySolVo"" target=""_blank"">PRD009-3106001B</a>","<a href=""https://fluidigm.my.salesforce.com/sfc/p/700000009DAw/a/4u000000dlbq/TACqxhBzGNCMUJOdkH1XK6bDuGaTQsGp4vGSePoNz6M"" target=""_blank"">SDS-00021</a>",various,Maxpar
CyTOF (Cytometry),3106002B,Anti-Human CD107a/LAMP1,<div>H4A3</div>,106Cd,"Human, Cynomolgus Macaque, Rhesus Macaque, Chimpanzee, Baboon, Pigtailed Macaque, African Green Monkey",100 Tests,"<a href=""https://fluidigm.my.salesforce.com/sfc/p/700000009DAw/a/4u000001A23T/3RHiILc_hKdRdx0mXeO6ti1bFD.UAV_bR.Lge.hXhlM"" target=""_blank"">PRD009-3106002B</a>","<a href=""https://fluidigm.my.salesforce.com/sfc/p/700000009DAw/a/4u000000dlbq/TACqxhBzGNCMUJOdkH1XK6bDuGaTQsGp4vGSePoNz6M"" target=""_blank"">SDS-00021</a>",various,Maxpar
CyTOF (Cytometry),3106002C,Anti-Human CD107a/LAMP1,<div>H4A3</div>,106Cd,"Human, Cynomolgus Macaque, Rhesus Macaque, Chimpanzee, Baboon, Pigtailed Macaque, African Green Monkey",25 Tests,"<a href=""https://fluidigm.my.salesforce.com/sfc/p/700000009DAw/a/4u000001A23T/3RHiILc_hKdRdx0mXeO6ti1bFD.UAV_bR.Lge.hXhlM"" target=""_blank"">PRD009-3106002B</a>","<a href=""https://fluidigm.my.salesforce.com/sfc/p/700000009DAw/a/4u000000dlbq/TACqxhBzGNCMUJOdkH1XK6bDuGaTQsGp4vGSePoNz6M"" target=""_blank"">SDS-00021</a>",various,Maxpar
CyTOF (Cytometry),3106003B,Anti-Human IL-6,<div>MQ2-13A5</div>,106Cd,Human,100 Tests,"<a href=""https://fluidigm.my.salesforce.com/sfc/p/700000009DAw/a/4u000001A239/iM1Wx9TmrABGEHssg0TrFunC3O8HdhnLASwTejLB9Q4"" target=""_blank"">PRD009-3106003B</a>","<a href=""https://fluidigm.my.salesforce.com/sfc/p/700000009DAw/a/4u000000dlbq/TACqxhBzGNCMUJOdkH1XK6bDuGaTQsGp4vGSePoNz6M"" target=""_blank"">SDS-00021</a>",various,Maxpar
CyTOF (Cytometry),3106003C,Anti-Human IL-6,<div>MQ2-13A5</div>,106Cd,Human,25 Tests,"<a href=""https://fluidigm.my.salesforce.com/sfc/p/700000009DAw/a/4u000001A239/iM1Wx9TmrABGEHssg0TrFunC3O8HdhnLASwTejLB9Q4"" target=""_blank"">PRD009-3106003B</a>","<a href=""https://fluidigm.my.salesforce.com/sfc/p/700000009DAw/a/4u000000dlbq/TACqxhBzGNCMUJOdkH1XK6bDuGaTQsGp4vGSePoNz6M"" target=""_blank"">SDS-00021</a>",various,Maxpar
CyTOF (Cytometry),3110001B,Anti-Human CD45,<div>HI30</div>,110Cd,"Human, Chimpanzee",100 Tests,"<a href=""https://fluidigm.my.salesforce.com/sfc/p/700000009DAw/a/4u000000MvhH/dfi0RUEdWKxRmucLuQG1foUdEFD3ZN7DTpJsiwtb2JY"" target=""_blank"">PRD009-3110001B</a>","<a href=""https://fluidigm.my.salesforce.com/sfc/p/700000009DAw/a/4u000000dlbq/TACqxhBzGNCMUJOdkH1XK6bDuGaTQsGp4vGSePoNz6M"" target=""_blank"">SDS-00021</a>",various,Maxpar
CyTOF (Cytometry),3110001C,Anti-Human CD45,<div>HI30</div>,110Cd,"Human, Chimpanzee",25 Tests,"<a href=""https://fluidigm.my.salesforce.com/sfc/p/700000009DAw/a/4u000000MvhH/dfi0RUEdWKxRmucLuQG1foUdEFD3ZN7DTpJsiwtb2JY"" target=""_blank"">PRD009-3110001B</a>","<a href=""https://fluidigm.my.salesforce.com/sfc/p/700000009DAw/a/4u000000dlbq/TACqxhBzGNCMUJOdkH1XK6bDuGaTQsGp4vGSePoNz6M"" target=""_blank"">SDS-00021</a>",various,Maxpar
CyTOF (Cytometry),3111001B,Anti-Human CD45,<div>HI30</div>,111Cd,"Human, Chimpanzee",100 Tests,"<a href=""https://fluidigm.my.salesforce.com/sfc/p/700000009DAw/a/4u000000Mvgd/JLDjIbmmiz9aG7015TBOMs_rqVTUhF9VYJF3i5MR33s"" target=""_blank"">PRD009-3111001B</a>","<a href=""https://fluidigm.my.salesforce.com/sfc/p/700000009DAw/a/4u000000dlbq/TACqxhBzGNCMUJOdkH1XK6bDuGaTQsGp4vGSePoNz6M"" target=""_blank"">SDS-00021</a>",various,Maxpar
CyTOF (Cytometry),3111001C,Anti-Human CD45,<div>HI30</div>,111Cd,"Human, Chimpanzee",25 Tests,"<a href=""https://fluidigm.my.salesforce.com/sfc/p/700000009DAw/a/4u000000Mvgd/JLDjIbmmiz9aG7015TBOMs_rqVTUhF9VYJF3i5MR33s"" target=""_blank"">PRD009-3111001B</a>","<a href=""https://fluidigm.my.salesforce.com/sfc/p/700000009DAw/a/4u000000dlbq/TACqxhBzGNCMUJOdkH1XK6bDuGaTQsGp4vGSePoNz6M"" target=""_blank"">SDS-00021</a>",various,Maxpar
CyTOF (Cytometry),3112001B,Anti-Human CD45,<div>HI30</div>,112Cd,"Human, Chimpanzee",100 Tests,"<a href=""https://fluidigm.my.salesforce.com/sfc/p/700000009DAw/a/4u000000MvgY/ZSSZRpPvFIpqnhE1jWw5i_mjihK.bcVvGr4ZInjVo2E"" target=""_blank"">PRD009-3112001B</a>","<a href=""https://fluidigm.my.salesforce.com/sfc/p/700000009DAw/a/4u000000dlbq/TACqxhBzGNCMUJOdkH1XK6bDuGaTQsGp4vGSePoNz6M"" target=""_blank"">SDS-00021</a>",various,Maxpar
CyTOF (Cytometry),3112001C,Anti-Human CD45,<div>HI30</div>,112Cd,"Human, Chimpanzee",25 Tests,"<a href=""https://fluidigm.my.salesforce.com/sfc/p/700000009DAw/a/4u000000MvgY/ZSSZRpPvFIpqnhE1jWw5i_mjihK.bcVvGr4ZInjVo2E"" target=""_blank"">PRD009-3112001B</a>","<a href=""https://fluidigm.my.salesforce.com/sfc/p/700000009DAw/a/4u000000dlbq/TACqxhBzGNCMUJOdkH1XK6bDuGaTQsGp4vGSePoNz6M"" target=""_blank"">SDS-00021</a>",various,Maxpar
CyTOF (Cytometry),3112002B,Anti-Human IL-2,<div>MQ1-17H12</div>,112Cd,"Human, Cat, Chimpanzee, Bamboo, Cynomolgus Macaque, Rhesus Macaque, Sooty Mangabey",100 Tests,"<a href=""https://fluidigm.my.salesforce.com/sfc/p/700000009DAw/a/4u000001A234/SN6PgHTGucG8L706ltBdi8n69G.P91BnvkKIwZko1IQ"" target=""_blank"">PRD009-3112002B</a>","<a href=""https://fluidigm.my.salesforce.com/sfc/p/700000009DAw/a/4u000000dlbq/TACqxhBzGNCMUJOdkH1XK6bDuGaTQsGp4vGSePoNz6M"" target=""_blank"">SDS-00021</a>",various,Maxpar
CyTOF (Cytometry),3112002C,Anti-Human IL-2,<div>MQ1-17H12</div>,112Cd,"Human, Cat, Chimpanzee, Bamboo, Cynomolgus Macaque, Rhesus Macaque, Sooty Mangabey",25 Tests,"<a href=""https://fluidigm.my.salesforce.com/sfc/p/700000009DAw/a/4u000001A234/SN6PgHTGucG8L706ltBdi8n69G.P91BnvkKIwZko1IQ"" target=""_blank"">PRD009-3112002B</a>","<a href=""https://fluidigm.my.salesforce.com/sfc/p/700000009DAw/a/4u000000dlbq/TACqxhBzGNCMUJOdkH1XK6bDuGaTQsGp4vGSePoNz6M"" target=""_blank"">SDS-00021</a>",various,Maxpar
CyTOF (Cytometry),3113001B,Anti-Human CD45,<div>HI30</div>,113Cd,"Human, Chimpanzee",100 Tests,"<a href=""https://fluidigm.my.salesforce.com/sfc/p/700000009DAw/a/4u000000Mvgn/bv_ip1aB6nfgn6L1apwigQwADyAcWlRhuxrPpYmSvi0"" target=""_blank"">PRD009-3113001B</a>","<a href=""https://fluidigm.my.salesforce.com/sfc/p/700000009DAw/a/4u000000dlbq/TACqxhBzGNCMUJOdkH1XK6bDuGaTQsGp4vGSePoNz6M"" target=""_blank"">SDS-00021</a>",various,Maxpar
CyTOF (Cytometry),3113001C,Anti-Human CD45,<div>HI30</div>,113Cd,"Human, Chimpanzee",25 Tests,"<a href=""https://fluidigm.my.salesforce.com/sfc/p/700000009DAw/a/4u000000Mvgn/bv_ip1aB6nfgn6L1apwigQwADyAcWlRhuxrPpYmSvi0"" target=""_blank"">PRD009-3113001B</a>","<a href=""https://fluidigm.my.salesforce.com/sfc/p/700000009DAw/a/4u000000dlbq/TACqxhBzGNCMUJOdkH1XK6bDuGaTQsGp4vGSePoNz6M"" target=""_blank"">SDS-00021</a>",various,Maxpar
CyTOF (Cytometry),3113002B,Anti-Human CD69,<div>FN50</div>,113Cd,"Human, African Green, Baboon, Chimpanzee, Cynomolgus Macaque, Pigtailed Macaque, Rhesus Macaque",100 Tests,"<a href=""https://fluidigm.my.salesforce.com/sfc/p/700000009DAw/a/4u000001A23A/zG8QtyLhc55kuOPlfqLsSAqOwqJNOan64Vld.DbDEWs"" target=""_blank"">PRD009-3113002B</a>","<a href=""https://fluidigm.my.salesforce.com/sfc/p/700000009DAw/a/4u000000dlbq/TACqxhBzGNCMUJOdkH1XK6bDuGaTQsGp4vGSePoNz6M"" target=""_blank"">SDS-00021</a>",various,Maxpar
CyTOF (Cytometry),3113002C,Anti-Human CD69,<div>FN50</div>,113Cd,"Human, African Green, Baboon, Chimpanzee, Cynomolgus Macaque, Pigtailed Macaque, Rhesus Macaque",25 Tests,"<a href=""https://fluidigm.my.salesforce.com/sfc/p/700000009DAw/a/4u000001A23A/zG8QtyLhc55kuOPlfqLsSAqOwqJNOan64Vld.DbDEWs"" target=""_blank"">PRD009-3113002B</a>","<a href=""https://fluidigm.my.salesforce.com/sfc/p/700000009DAw/a/4u000000dlbq/TACqxhBzGNCMUJOdkH1XK6bDuGaTQsGp4vGSePoNz6M"" target=""_blank"">SDS-00021</a>",various,Maxpar
CyTOF (Cytometry),3114001B,Anti-Human CD45,<div>HI30</div>,114Cd,"Human, Chimpanzee",100 Tests,"<a href=""https://fluidigm.my.salesforce.com/sfc/p/700000009DAw/a/4u000000Mvgj/RsaxvRs0QyqusA3ct1eg6B2ZyDFvxvG3nN_IbXBJ8IQ"" target=""_blank"">PRD009-3114001B</a>","<a href=""https://fluidigm.my.salesforce.com/sfc/p/700000009DAw/a/4u000000dlbq/TACqxhBzGNCMUJOdkH1XK6bDuGaTQsGp4vGSePoNz6M"" target=""_blank"">SDS-00021</a>",various,Maxpar
CyTOF (Cytometry),3114001C,Anti-Human CD45,<div>HI30</div>,114Cd,"Human, Chimpanzee",25 Tests,"<a href=""https://fluidigm.my.salesforce.com/sfc/p/700000009DAw/a/4u000000Mvgj/RsaxvRs0QyqusA3ct1eg6B2ZyDFvxvG3nN_IbXBJ8IQ"" target=""_blank"">PRD009-3114001B</a>","<a href=""https://fluidigm.my.salesforce.com/sfc/p/700000009DAw/a/4u000000dlbq/TACqxhBzGNCMUJOdkH1XK6bDuGaTQsGp4vGSePoNz6M"" target=""_blank"">SDS-00021</a>",various,Maxpar
CyTOF (Cytometry),3114002B,Anti-Human TNFα,<div>MAb11</div>,114Cd,"Human, Cat, Chimpanzee, Baboon, Cynomolgus Macaque, Rhesus Macaque, Pigtailed Macaque, Sooty Mangabey, Pig",100 Tests,"<a href=""https://fluidigm.my.salesforce.com/sfc/p/700000009DAw/a/4u000001A23E/loYRj3q3g8E9YzjKCwpi0BGH8.U7s94hbB9PAUZjSLk"" target=""_blank"">PRD009-3114002B</a>","<a href=""https://fluidigm.my.salesforce.com/sfc/p/700000009DAw/a/4u000000dlbq/TACqxhBzGNCMUJOdkH1XK6bDuGaTQsGp4vGSePoNz6M"" target=""_blank"">SDS-00021</a>",various,Maxpar
CyTOF (Cytometry),3114002C,Anti-Human TNFα,<div>MAb11</div>,114Cd,"Human, Cat, Chimpanzee, Baboon, Cynomolgus Macaque, Rhesus Macaque, Pigtailed Macaque, Sooty Mangabey, Pig",25 Tests,"<a href=""https://fluidigm.my.salesforce.com/sfc/p/700000009DAw/a/4u000001A23E/loYRj3q3g8E9YzjKCwpi0BGH8.U7s94hbB9PAUZjSLk"" target=""_blank"">PRD009-3114002B</a>","<a href=""https://fluidigm.my.salesforce.com/sfc/p/700000009DAw/a/4u000000dlbq/TACqxhBzGNCMUJOdkH1XK6bDuGaTQsGp4vGSePoNz6M"" target=""_blank"">SDS-00021</a>",various,Maxpar
CyTOF (Cytometry),3116001B,Anti-Human CD45,<div>HI30</div>,116Cd,"Human, Chimpanzee",100 Tests,"<a href=""https://fluidigm.my.salesforce.com/sfc/p/700000009DAw/a/4u000000Mvgs/6xDZVlasc9Re_TnA3uz8pYnT9g8ChXENwxC9PR2o7uc"" target=""_blank"">PRD009-3116001B</a>","<a href=""https://fluidigm.my.salesforce.com/sfc/p/700000009DAw/a/4u000000dlbq/TACqxhBzGNCMUJOdkH1XK6bDuGaTQsGp4vGSePoNz6M"" target=""_blank"">SDS-00021</a>",various,Maxpar
CyTOF (Cytometry),3116001C,Anti-Human CD45,<div>HI30</div>,116Cd,"Human, Chimpanzee",25 Tests,"<a href=""https://fluidigm.my.salesforce.com/sfc/p/700000009DAw/a/4u000000Mvgs/6xDZVlasc9Re_TnA3uz8pYnT9g8ChXENwxC9PR2o7uc"" target=""_blank"">PRD009-3116001B</a>","<a href=""https://fluidigm.my.salesforce.com/sfc/p/700000009DAw/a/4u000000dlbq/TACqxhBzGNCMUJOdkH1XK6bDuGaTQsGp4vGSePoNz6M"" target=""_blank"">SDS-00021</a>",various,Maxpar
CyTOF (Cytometry),3116002B,Anti-Human IFNγ,<div>B27</div>,116Cd,"Human, Chimpanzee, Baboon, Cynomolgus Macaque, Rhesus Macaque, Pigtailed Macaque, African Green Monkey, Sooty Mangabey",100 Tests,"<a href=""https://fluidigm.my.salesforce.com/sfc/p/700000009DAw/a/4u000001A23J/5.9GmwEEd_L5EQvGfmlRUZ2f01MsOnp7cAt1qKRMefw"" target=""_blank"">PRD009-3116002B</a>","<a href=""https://fluidigm.my.salesforce.com/sfc/p/700000009DAw/a/4u000000dlbq/TACqxhBzGNCMUJOdkH1XK6bDuGaTQsGp4vGSePoNz6M"" target=""_blank"">SDS-00021</a>",various,Maxpar
CyTOF (Cytometry),3116002C,Anti-Human IFNγ,<div>B27</div>,116Cd,"Human, Chimpanzee, Baboon, Cynomolgus Macaque, Rhesus Macaque, Pigtailed Macaque, African Green Monkey, Sooty Mangabey",25 Tests,"<a href=""https://fluidigm.my.salesforce.com/sfc/p/700000009DAw/a/4u000001A23J/5.9GmwEEd_L5EQvGfmlRUZ2f01MsOnp7cAt1qKRMefw"" target=""_blank"">PRD009-3116002B</a>","<a href=""https://fluidigm.my.salesforce.com/sfc/p/700000009DAw/a/4u000000dlbq/TACqxhBzGNCMUJOdkH1XK6bDuGaTQsGp4vGSePoNz6M"" target=""_blank"">SDS-00021</a>",various,Maxpar
CyTOF (Cytometry),3141001B,Anti-Human CD235ab,<div>HIR2 (GA-R2)</div>,141Pr,"Human, African Green, Baboon",100 Tests,"<a href=""https://fluidigm.my.salesforce.com/sfc/p/700000009DAw/a/4u0000019hnt/GrUweXgTxTv6Z3IQ4zRn7m2KyaxTktmKeivYSSjegV8"" target=""_blank"">PRD009-3141001B</a>","<a href=""https://fluidigm.my.salesforce.com/sfc/p/700000009DAw/a/4u000001870w/XU6eX2YZtdejnAfGRls.mPHhJTPvhOp30R18ZV_Asw4"" target=""_blank"">MSDS-3000000X</a>",various,Maxpar
CyTOF (Cytometry),3141001C,Anti-Human CD235ab,<div>HIR2 (GA-R2)</div>,141Pr,"Human, African Green, Baboon",25 Tests,"<a href=""https://fluidigm.my.salesforce.com/sfc/p/700000009DAw/a/4u0000019hnt/GrUweXgTxTv6Z3IQ4zRn7m2KyaxTktmKeivYSSjegV8"" target=""_blank"">PRD009-3141001B</a>","<a href=""https://fluidigm.my.salesforce.com/sfc/p/700000009DAw/a/4u000001870w/XU6eX2YZtdejnAfGRls.mPHhJTPvhOp30R18ZV_Asw4"" target=""_blank"">MSDS-3000000X</a>",various,Maxpar
CyTOF (Cytometry),3141002A,Anti-pSHP2 [Y580],<div>D66F10</div>,141Pr,"Rat, Mouse, Human",50 Tests,"<a href=""https://fluidigm.my.salesforce.com/sfc/p/700000009DAw/a/4u0000019ho2/QHQlJwUqEI.GJD.Ke8ZB3VvuEbxwuF29kEkpK6cOsoA"" target=""_blank"">PRD009-3141002A</a>","<a href=""https://fluidigm.my.salesforce.com/sfc/p/700000009DAw/a/4u000001870w/XU6eX2YZtdejnAfGRls.mPHhJTPvhOp30R18ZV_Asw4"" target=""_blank"">MSDS-3000000X</a>",various,Maxpar
CyTOF (Cytometry),3141002C,Anti-pSHP2 [Y580],<div>D66F10</div>,141Pr,"Rat, Mouse, Human",25 Tests,"<a href=""https://fluidigm.my.salesforce.com/sfc/p/700000009DAw/a/4u0000019ho2/QHQlJwUqEI.GJD.Ke8ZB3VvuEbxwuF29kEkpK6cOsoA"" target=""_blank"">PRD009-3141002B</a>","<a href=""https://fluidigm.my.salesforce.com/sfc/p/700000009DAw/a/4u000001870w/XU6eX2YZtdejnAfGRls.mPHhJTPvhOp30R18ZV_Asw4"" target=""_blank"">MSDS-3000000X</a>",various,Maxpar
CyTOF (Cytometry),3141003A,Anti-Human CD196/CCR6,<div>G034E3</div>,141Pr,"Human, African Green, Baboon, Cynomolgus Macaque, Rhesus Macaque",50 Tests,"<a href=""https://fluidigm.my.salesforce.com/sfc/p/700000009DAw/a/4u0000019ho7/o2t0TTlLlbU1Lp215f0KMHLUSEvzO8kthRF5wU6HslI"" target=""_blank"">PRD009-3141003A</a>","<a href=""https://fluidigm.my.salesforce.com/sfc/p/700000009DAw/a/4u000001870w/XU6eX2YZtdejnAfGRls.mPHhJTPvhOp30R18ZV_Asw4"" target=""_blank"">MSDS-3000000X</a>",various,Maxpar
CyTOF (Cytometry),3141003C,Anti-Human CD196/CCR6,<div>G034E3</div>,141Pr,"Human, African Green, Baboon, Cynomolgus Macaque, Rhesus Macaque",25 Tests,"<a href=""https://fluidigm.my.salesforce.com/sfc/p/700000009DAw/a/4u0000019ho7/o2t0TTlLlbU1Lp215f0KMHLUSEvzO8kthRF5wU6HslI"" target=""_blank"">PRD009-3141003B</a>","<a href=""https://fluidigm.my.salesforce.com/sfc/p/700000009DAw/a/4u000001870w/XU6eX2YZtdejnAfGRls.mPHhJTPvhOp30R18ZV_Asw4"" target=""_blank"">MSDS-3000000X</a>",various,Maxpar
CyTOF (Cytometry),3141004B,Anti-Human CD49D,<div>9F10</div>,141Pr,"Human, Cynomolgus Macaque, Rhesus Macaque, African Green, Baboon, Cat, Cow, Chimpanzee, Common Marmoset, Dog, Horse, Sheep, Squirrel Monkey",100 Tests,"<a href=""https://fluidigm.my.salesforce.com/sfc/p/700000009DAw/a/4u0000019hoC/CBtOaNW0BdHq_0fqbe6KvrPKl.9K6OaiVvDZQfGh9eQ"" target=""_blank"">PRD009-3141004B</a>","<a href=""https://fluidigm.my.salesforce.com/sfc/p/700000009DAw/a/4u000001870w/XU6eX2YZtdejnAfGRls.mPHhJTPvhOp30R18ZV_Asw4"" target=""_blank"">MSDS-3000000X</a>",various,Maxpar
CyTOF (Cytometry),3141004C,Anti-Human CD49D,<div>9F10</div>,141Pr,"Human, Cynomolgus Macaque, Rhesus Macaque, African Green, Baboon, Cat, Cow, Chimpanzee, Common Marmoset, Dog, Horse, Sheep, Squirrel Monkey",25 Tests,"<a href=""https://fluidigm.my.salesforce.com/sfc/p/700000009DAw/a/4u0000019hoC/CBtOaNW0BdHq_0fqbe6KvrPKl.9K6OaiVvDZQfGh9eQ"" target=""_blank"">PRD009-3141004B</a>","<a href=""https://fluidigm.my.salesforce.com/sfc/p/700000009DAw/a/4u000001870w/XU6eX2YZtdejnAfGRls.mPHhJTPvhOp30R18ZV_Asw4"" target=""_blank"">MSDS-3000000X</a>",various,Maxpar
CyTOF (Cytometry),3141005B,Anti-Mouse Gr-1 / Ly-6G/C,<div>RB6-8C5</div>,141Pr,Mouse,100 Tests,"<a href=""https://fluidigm.my.salesforce.com/sfc/p/700000009DAw/a/4u0000019hoH/4z6XiKdYHC1m8L.tho6owzELpCVq4GRPRZWIko6.SfU"" target=""_blank"">PRD009-3141005B</a>","<a href=""https://fluidigm.my.salesforce.com/sfc/p/700000009DAw/a/4u000001870w/XU6eX2YZtdejnAfGRls.mPHhJTPvhOp30R18ZV_Asw4"" target=""_blank"">MSDS-3000000X</a>",various,Maxpar
CyTOF (Cytometry),3141005C,Anti-Mouse Gr-1 / Ly-6G/C,<div>RB6-8C5</div>,141Pr,Mouse,25 Tests,"<a href=""https://fluidigm.my.salesforce.com/sfc/p/700000009DAw/a/4u0000019hoH/4z6XiKdYHC1m8L.tho6owzELpCVq4GRPRZWIko6.SfU"" target=""_blank"">PRD009-3141005B</a>","<a href=""https://fluidigm.my.salesforce.com/sfc/p/700000009DAw/a/4u000001870w/XU6eX2YZtdejnAfGRls.mPHhJTPvhOp30R18ZV_Asw4"" target=""_blank"">MSDS-3000000X</a>",various,Maxpar
CyTOF (Cytometry),3141006B,Anti-Human CD326/EpCAM,<div>9C4</div>,141Pr,Human,100 Tests,"<a href=""https://fluidigm.my.salesforce.com/sfc/p/700000009DAw/a/4u0000019hoD/ehl.DfqxmIUk4mjKrlH.CMoOg9XWR0nZ54P2DEcIyq0"" target=""_blank"">PRD009-3141006B</a>","<a href=""https://fluidigm.my.salesforce.com/sfc/p/700000009DAw/a/4u000001870w/XU6eX2YZtdejnAfGRls.mPHhJTPvhOp30R18ZV_Asw4"" target=""_blank"">MSDS-3000000X</a>",various,Maxpar
CyTOF (Cytometry),3141006C,Anti-Human CD326/EpCAM,<div>9C4</div>,141Pr,Human,25 Tests,"<a href=""https://fluidigm.my.salesforce.com/sfc/p/700000009DAw/a/4u0000019hoD/ehl.DfqxmIUk4mjKrlH.CMoOg9XWR0nZ54P2DEcIyq0"" target=""_blank"">PRD009-3141006B</a>","<a href=""https://fluidigm.my.salesforce.com/sfc/p/700000009DAw/a/4u000001870w/XU6eX2YZtdejnAfGRls.mPHhJTPvhOp30R18ZV_Asw4"" target=""_blank"">MSDS-3000000X</a>",various,Maxpar
CyTOF (Cytometry),3141008B,Anti-Mouse Ly-6G,<div>1A8</div>,141Pr,Mouse,100 Tests,"<a href=""https://fluidigm.my.salesforce.com/sfc/p/700000009DAw/a/4u0000019hoM/Bgz1GwvLZZLdFwkY8_oRy_ok8SNlfXnXsaWyzRBa65Y"" target=""_blank"">PRD009-3141008B</a>","<a href=""https://fluidigm.my.salesforce.com/sfc/p/700000009DAw/a/4u000001870w/XU6eX2YZtdejnAfGRls.mPHhJTPvhOp30R18ZV_Asw4"" target=""_blank"">MSDS-3000000X</a>",various,Maxpar
CyTOF (Cytometry),3141008C,Anti-Mouse Ly-6G,<div>1A8 </div>,141Pr,Mouse,25 Tests,"<a href=""https://fluidigm.my.salesforce.com/sfc/p/700000009DAw/a/4u0000019hoM/Bgz1GwvLZZLdFwkY8_oRy_ok8SNlfXnXsaWyzRBa65Y"" target=""_blank"">PRD009-3141008B</a>","<a href=""https://fluidigm.my.salesforce.com/sfc/p/700000009DAw/a/4u000001870w/XU6eX2YZtdejnAfGRls.mPHhJTPvhOp30R18ZV_Asw4"" target=""_blank"">MSDS-3000000X</a>",various,Maxpar
CyTOF (Cytometry),3141009B,Anti-Human CD45,<div>HI30</div>,141Pr,"Human, Chimpanzee",100 Tests,"<a href=""https://fluidigm.my.salesforce.com/sfc/p/700000009DAw/a/4u0000019hoR/EWeQwgDu5.CBeOFCcqKP9OpFd5ixSYreQtahFWwJBjk"" target=""_blank"">PRD009-3141009B</a>","<a href=""https://fluidigm.my.salesforce.com/sfc/p/700000009DAw/a/4u000001870w/XU6eX2YZtdejnAfGRls.mPHhJTPvhOp30R18ZV_Asw4"" target=""_blank"">MSDS-3000000X</a>",various,Maxpar
CyTOF (Cytometry),3141009C,Anti-Human CD45,<div>HI30</div>,141Pr,"Human, Chimpanzee",25 Tests,"<a href=""https://fluidigm.my.salesforce.com/sfc/p/700000009DAw/a/4u0000019hoR/EWeQwgDu5.CBeOFCcqKP9OpFd5ixSYreQtahFWwJBjk"" target=""_blank"">PRD009-3141009B</a>","<a href=""https://fluidigm.my.salesforce.com/sfc/p/700000009DAw/a/4u000001870w/XU6eX2YZtdejnAfGRls.mPHhJTPvhOp30R18ZV_Asw4"" target=""_blank"">MSDS-3000000X</a>",various,Maxpar
CyTOF (Cytometry),3141010B,"Anti-Human HLA-A,B,C",<div>W6/32</div>,141Pr,"Human, African Green, Baboon, Cat (Feline), Cattle (Bovine, Cow), Chimpanzee, Cynomolgus, Rhesus",100 Tests,"<a href=""https://fluidigm.my.salesforce.com/sfc/p/700000009DAw/a/4u0000019hoW/34pD2ymufnsZxPE_DrhISuwE3mJGONTTA3vH4eG9bE0"" target=""_blank"">PRD009-3141010B</a>","<a href=""https://fluidigm.my.salesforce.com/sfc/p/700000009DAw/a/4u000001870w/XU6eX2YZtdejnAfGRls.mPHhJTPvhOp30R18ZV_Asw4"" target=""_blank"">MSDS-3000000X</a>",various,Maxpar
CyTOF (Cytometry),3141010C,"Anti-Human HLA-A,B,C",<div>W6/32</div>,141Pr,"Human, African Green, Baboon, Cat (Feline), Cattle (Bovine, Cow), Chimpanzee, Cynomolgus, Rhesus",25 Tests,"<a href=""https://fluidigm.my.salesforce.com/sfc/p/700000009DAw/a/4u0000019hoW/34pD2ymufnsZxPE_DrhISuwE3mJGONTTA3vH4eG9bE0"" target=""_blank"">PRD009-3141010B</a>","<a href=""https://fluidigm.my.salesforce.com/sfc/p/700000009DAw/a/4u000001870w/XU6eX2YZtdejnAfGRls.mPHhJTPvhOp30R18ZV_Asw4"" target=""_blank"">MSDS-3000000X</a>",various,Maxpar
CyTOF (Cytometry),3141013B,Anti-Mouse TNFα,<div>MP6-XT22</div>,141Pr,Mouse,100 Tests,"<a href=""https://fluidigm.my.salesforce.com/sfc/p/700000009DAw/a/4u0000019hob/9MWppVjOFGlD11xqiJMwDLU6_j1MW_abMDOZkMmj3vE"" target=""_blank"">PRD009-3141013B</a>","<a href=""https://fluidigm.my.salesforce.com/sfc/p/700000009DAw/a/4u000001870w/XU6eX2YZtdejnAfGRls.mPHhJTPvhOp30R18ZV_Asw4"" target=""_blank"">MSDS-3000000X</a>",various,Maxpar
CyTOF (Cytometry),3141013C,Anti-Mouse TNFα,<div>MP6-XT22</div>,141Pr,Mouse,25 Tests,"<a href=""https://fluidigm.my.salesforce.com/sfc/p/700000009DAw/a/4u0000019hob/9MWppVjOFGlD11xqiJMwDLU6_j1MW_abMDOZkMmj3vE"" target=""_blank"">PRD009-3141013B</a>","<a href=""https://fluidigm.my.salesforce.com/sfc/p/700000009DAw/a/4u000001870w/XU6eX2YZtdejnAfGRls.mPHhJTPvhOp30R18ZV_Asw4"" target=""_blank"">MSDS-3000000X</a>",various,Maxpar
CyTOF (Cytometry),3141014A,Anti-Human CD196/CCR6,<div>11A9</div>,141Pr,"Human,Rhesus, Cynomolgus, Baboon",50 Tests,"<a href=""https://fluidigm.my.salesforce.com/sfc/p/700000009DAw/a/4u0000019hog/1ffm2XMQrKmNC228LiGGDUlhlx567pOi0M0ow7lzvQ4"" target=""_blank"">PRD009-3141014A</a>","<a href=""https://fluidigm.my.salesforce.com/sfc/p/700000009DAw/a/4u000001870w/XU6eX2YZtdejnAfGRls.mPHhJTPvhOp30R18ZV_Asw4"" target=""_blank"">MSDS-3000000X</a>",various,Maxpar
CyTOF (Cytometry),3141014C,Anti-Human CD196/CCR6,<div>11A9</div>,141Pr,"Human,Rhesus, Cynomolgus, Baboon",25 Tests,"<a href=""https://fluidigm.my.salesforce.com/sfc/p/700000009DAw/a/4u0000019hog/1ffm2XMQrKmNC228LiGGDUlhlx567pOi0M0ow7lzvQ4"" target=""_blank"">PRD009-3141014B</a>","<a href=""https://fluidigm.my.salesforce.com/sfc/p/700000009DAw/a/4u000001870w/XU6eX2YZtdejnAfGRls.mPHhJTPvhOp30R18ZV_Asw4"" target=""_blank"">MSDS-3000000X</a>",various,Maxpar
CyTOF (Cytometry),3141016B,Anti-Mouse CD146 ,<div>ME-9F1</div>,141Pr,Mouse,100 Tests,"<a href=""https://fluidigm.my.salesforce.com/sfc/p/700000009DAw/a/4u0000019hoh/zLAJ4J2ghebQzgBYw2VvMi7PtJO.w_0BNwCCDMhlyYk"" target=""_blank"">PRD009-3141016B</a>","<a href=""https://fluidigm.my.salesforce.com/sfc/p/700000009DAw/a/4u000001870w/XU6eX2YZtdejnAfGRls.mPHhJTPvhOp30R18ZV_Asw4"" target=""_blank"">MSDS-3000000X</a>",various,Maxpar
CyTOF (Cytometry),3141016C,Anti-Mouse CD146 ,<div>ME-9F1</div>,141Pr,Mouse,25 Tests,"<a href=""https://fluidigm.my.salesforce.com/sfc/p/700000009DAw/a/4u0000019hoh/zLAJ4J2ghebQzgBYw2VvMi7PtJO.w_0BNwCCDMhlyYk"" target=""_blank"">PRD009-3141016B</a>","<a href=""https://fluidigm.my.salesforce.com/sfc/p/700000009DAw/a/4u000001870w/XU6eX2YZtdejnAfGRls.mPHhJTPvhOp30R18ZV_Asw4"" target=""_blank"">MSDS-3000000X</a>",various,Maxpar
CyTOF (Cytometry),3141019B,Anti-Human CD3,<div>UCHT1</div>,141Pr,"Human, Chimpanzee",100 Tests,"<a href=""https://fluidigm.my.salesforce.com/sfc/p/700000009DAw/a/4u0000019iht/IvVYWYKXHWg48XLv5ysnuPc9aq7rdz0dwu3UjeCe_1g"" target=""_blank"">PRD009-3141019B</a>","<a href=""https://fluidigm.my.salesforce.com/sfc/p/700000009DAw/a/4u000001870w/XU6eX2YZtdejnAfGRls.mPHhJTPvhOp30R18ZV_Asw4"" target=""_blank"">MSDS-3000000X</a>",various,Maxpar
CyTOF (Cytometry),3141019C,Anti-Human CD3,<div>UCHT1</div>,141Pr,"Human, Chimpanzee",25 Tests,"<a href=""https://fluidigm.my.salesforce.com/sfc/p/700000009DAw/a/4u0000019iht/IvVYWYKXHWg48XLv5ysnuPc9aq7rdz0dwu3UjeCe_1g"" target=""_blank"">PRD009-3141019B</a>","<a href=""https://fluidigm.my.salesforce.com/sfc/p/700000009DAw/a/4u000001870w/XU6eX2YZtdejnAfGRls.mPHhJTPvhOp30R18ZV_Asw4"" target=""_blank"">MSDS-3000000X</a>",various,Maxpar
CyTOF (Cytometry),3142001B,Anti-Human CD19,<div>HIB19</div>,142Nd,"Human, Chimpanzee",100 Tests,"<a href=""https://fluidigm.my.salesforce.com/sfc/p/700000009DAw/a/4u0000019hol/MnuOk38cW2Rz.BX4ecaH_7oHgLCTnYNKErtSvq5eR4c"" target=""_blank"">PRD009-3142001B</a>","<a href=""https://fluidigm.my.salesforce.com/sfc/p/700000009DAw/a/4u000001870w/XU6eX2YZtdejnAfGRls.mPHhJTPvhOp30R18ZV_Asw4"" target=""_blank"">MSDS-3000000X</a>",various,Maxpar
CyTOF (Cytometry),3142001C,Anti-Human CD19,<div>HIB19</div>,142Nd,"Human, Chimpanzee",25 Tests,"<a href=""https://fluidigm.my.salesforce.com/sfc/p/700000009DAw/a/4u0000019hol/MnuOk38cW2Rz.BX4ecaH_7oHgLCTnYNKErtSvq5eR4c"" target=""_blank"">PRD009-3142001B</a>","<a href=""https://fluidigm.my.salesforce.com/sfc/p/700000009DAw/a/4u000001870w/XU6eX2YZtdejnAfGRls.mPHhJTPvhOp30R18ZV_Asw4"" target=""_blank"">MSDS-3000000X</a>",various,Maxpar
CyTOF (Cytometry),3142002B,Anti-Human IL-4,<div>MP4-25D2</div>,142Nd,"Human, Pig, Rhesus Macaque",100 Tests,"<a href=""https://fluidigm.my.salesforce.com/sfc/p/700000009DAw/a/4u0000019hoq/D3OskLLf8MvfymzGhR7EA46Eyzw829XDR_IQOGnKZ.g"" target=""_blank"">PRD009-3142002B</a>","<a href=""https://fluidigm.my.salesforce.com/sfc/p/700000009DAw/a/4u000001870w/XU6eX2YZtdejnAfGRls.mPHhJTPvhOp30R18ZV_Asw4"" target=""_blank"">MSDS-3000000X</a>",various,Maxpar
CyTOF (Cytometry),3142002C,Anti-Human IL-4,<div>MP4-25D2</div>,142Nd,"Human, Pig, Rhesus Macaque",25 Tests,"<a href=""https://fluidigm.my.salesforce.com/sfc/p/700000009DAw/a/4u0000019hoq/D3OskLLf8MvfymzGhR7EA46Eyzw829XDR_IQOGnKZ.g"" target=""_blank"">PRD009-3142002B</a>","<a href=""https://fluidigm.my.salesforce.com/sfc/p/700000009DAw/a/4u000001870w/XU6eX2YZtdejnAfGRls.mPHhJTPvhOp30R18ZV_Asw4"" target=""_blank"">MSDS-3000000X</a>",various,Maxpar
CyTOF (Cytometry),3142003B,Anti-Mouse CD11c,<div>N418</div>,142Nd,Mouse,100 Tests,"<a href=""https://fluidigm.my.salesforce.com/sfc/p/700000009DAw/a/4u0000019hov/aX6IpaGSVRNDp3W8gEeQl8fTd5AmVLjTPFjLMhZAmbA"" target=""_blank"">PRD009-3142003B</a>","<a href=""https://fluidigm.my.salesforce.com/sfc/p/700000009DAw/a/4u000001870w/XU6eX2YZtdejnAfGRls.mPHhJTPvhOp30R18ZV_Asw4"" target=""_blank"">MSDS-3000000X</a>",various,Maxpar
CyTOF (Cytometry),3142003C,Anti-Mouse CD11c,<div>N418</div>,142Nd,Mouse,25 Tests,"<a href=""https://fluidigm.my.salesforce.com/sfc/p/700000009DAw/a/4u0000019hov/aX6IpaGSVRNDp3W8gEeQl8fTd5AmVLjTPFjLMhZAmbA"" target=""_blank"">PRD009-3142003B</a>","<a href=""https://fluidigm.my.salesforce.com/sfc/p/700000009DAw/a/4u000001870w/XU6eX2YZtdejnAfGRls.mPHhJTPvhOp30R18ZV_Asw4"" target=""_blank"">MSDS-3000000X</a>",various,Maxpar
CyTOF (Cytometry),3142004A,Anti-Cleaved Caspase 3,<div>D3E9</div>,142Nd,"Human, Rat, Mouse, Cow, Pig, Monkey, Dog",50 Tests,"<a href=""https://fluidigm.my.salesforce.com/sfc/p/700000009DAw/a/4u0000019hoN/2kXK2AuBbzsaBpPIvl8Pubz4bTlRIGPRl1r0cozs1nU"" target=""_blank"">PRD009-3142004A</a>","<a href=""https://fluidigm.my.salesforce.com/sfc/p/700000009DAw/a/4u000001870w/XU6eX2YZtdejnAfGRls.mPHhJTPvhOp30R18ZV_Asw4"" target=""_blank"">MSDS-3000000X</a>",various,Maxpar
CyTOF (Cytometry),3142004C,Anti-Cleaved Caspase 3,<div>D3E9</div>,142Nd,"Human, Rat, Mouse, Cow, Pig, Monkey, Dog",25 Tests,"<a href=""https://fluidigm.my.salesforce.com/sfc/p/700000009DAw/a/4u0000019hoN/2kXK2AuBbzsaBpPIvl8Pubz4bTlRIGPRl1r0cozs1nU"" target=""_blank"">PRD009-3142004B</a>","<a href=""https://fluidigm.my.salesforce.com/sfc/p/700000009DAw/a/4u000001870w/XU6eX2YZtdejnAfGRls.mPHhJTPvhOp30R18ZV_Asw4"" target=""_blank"">MSDS-3000000X</a>",various,Maxpar
CyTOF (Cytometry),3142005B,Anti-Mouse CD39,<div>24DMS1</div>,142Nd,Mouse,100 Tests,"<a href=""https://fluidigm.my.salesforce.com/sfc/p/700000009DAw/a/4u0000019how/XK7YwLE73uh1qjVGBbiSOuJNQ7nvswbalfyKqQsTR4Q"" target=""_blank"">PRD009-3142005B</a>","<a href=""https://fluidigm.my.salesforce.com/sfc/p/700000009DAw/a/4u000001870w/XU6eX2YZtdejnAfGRls.mPHhJTPvhOp30R18ZV_Asw4"" target=""_blank"">MSDS-3000000X</a>",various,Maxpar
CyTOF (Cytometry),3142005C,Anti-Mouse CD39,<div>24DMS1</div>,142Nd,Mouse,25 Tests,"<a href=""https://fluidigm.my.salesforce.com/sfc/p/700000009DAw/a/4u0000019how/XK7YwLE73uh1qjVGBbiSOuJNQ7nvswbalfyKqQsTR4Q"" target=""_blank"">PRD009-3142005B</a>","<a href=""https://fluidigm.my.salesforce.com/sfc/p/700000009DAw/a/4u000001870w/XU6eX2YZtdejnAfGRls.mPHhJTPvhOp30R18ZV_Asw4"" target=""_blank"">MSDS-3000000X</a>",various,Maxpar
CyTOF (Cytometry),3142006B,Anti-Human CD11a,<div>HI111</div>,142Nd,"Human, African Green, Baboon, Bovine, Capuchin monkey, Chimpanzee, Cynomolgus, Dog, Horse Rabbit, Sheep",100 Tests,"<a href=""https://fluidigm.my.salesforce.com/sfc/p/700000009DAw/a/4u000000tM5K/CqAmEKZkYt8qdKucrlTB5ABRjaxphMaXej8g8ObRWGk"" target=""_blank"">PRD009-3142006B</a>","<a href=""https://fluidigm.my.salesforce.com/sfc/p/700000009DAw/a/4u000001870w/XU6eX2YZtdejnAfGRls.mPHhJTPvhOp30R18ZV_Asw4"" target=""_blank"">MSDS-3000000X</a>",various,Maxpar
CyTOF (Cytometry),3142006C,Anti-Human CD11a,<div>HI111</div>,142Nd,"Human, African Green, Baboon, Bovine, Capuchin monkey, Chimpanzee, Cynomolgus, Dog, Horse Rabbit, Sheep",25 Tests,"<a href=""https://fluidigm.my.salesforce.com/sfc/p/700000009DAw/a/4u000000tM5K/CqAmEKZkYt8qdKucrlTB5ABRjaxphMaXej8g8ObRWGk"" target=""_blank"">PRD009-3142006B</a>","<a href=""https://fluidigm.my.salesforce.com/sfc/p/700000009DAw/a/4u000001870w/XU6eX2YZtdejnAfGRls.mPHhJTPvhOp30R18ZV_Asw4"" target=""_blank"">MSDS-3000000X</a>",various,Maxpar
CyTOF (Cytometry),3142009B,Anti-Human CD181/CXCR1,<div>8F1/CXCR1</div>,142Nd,Human,100 Tests,"<a href=""https://fluidigm.my.salesforce.com/sfc/p/700000009DAw/a/4u0000019hor/5hpEYLtSYRnX00FAvHktWNiT1cg75LKL6S2lJF2qp1k"" target=""_blank"">PRD009-3142009B</a>","<a href=""https://fluidigm.my.salesforce.com/sfc/p/700000009DAw/a/4u000001870w/XU6eX2YZtdejnAfGRls.mPHhJTPvhOp30R18ZV_Asw4"" target=""_blank"">MSDS-3000000X</a>",various,Maxpar
CyTOF (Cytometry),3142009C,Anti-Human CD181/CXCR1,<div>8F1/CXCR1</div>,142Nd,Human,25 Tests,"<a href=""https://fluidigm.my.salesforce.com/sfc/p/700000009DAw/a/4u0000019hor/5hpEYLtSYRnX00FAvHktWNiT1cg75LKL6S2lJF2qp1k"" target=""_blank"">PRD009-3142009B</a>","<a href=""https://fluidigm.my.salesforce.com/sfc/p/700000009DAw/a/4u000001870w/XU6eX2YZtdejnAfGRls.mPHhJTPvhOp30R18ZV_Asw4"" target=""_blank"">MSDS-3000000X</a>",various,Maxpar
CyTOF (Cytometry),3142010B,Anti-Human CD40,<div>5C3</div>,142Nd,"Human, Baboon, Chimpanzee, Cynomolgus Macaque, Rhesus Macaque, Squirrel Monkey",100 Tests,"<a href=""https://fluidigm.my.salesforce.com/sfc/p/700000009DAw/a/4u0000019hoi/ikPXvPEkbeByvn4q0FbROVZWry6F47vPtYsEPp6G7wE"" target=""_blank"">PRD009-3142010B</a>","<a href=""https://fluidigm.my.salesforce.com/sfc/p/700000009DAw/a/4u000001870w/XU6eX2YZtdejnAfGRls.mPHhJTPvhOp30R18ZV_Asw4"" target=""_blank"">MSDS-3000000X</a>",various,Maxpar
CyTOF (Cytometry),3142010C,Anti-Human CD40,<div>5C3</div>,142Nd,"Human, Baboon, Chimpanzee, Cynomolgus Macaque, Rhesus Macaque, Squirrel Monkey",25 Tests,"<a href=""https://fluidigm.my.salesforce.com/sfc/p/700000009DAw/a/4u0000019hoi/ikPXvPEkbeByvn4q0FbROVZWry6F47vPtYsEPp6G7wE"" target=""_blank"">PRD009-3142010B</a>","<a href=""https://fluidigm.my.salesforce.com/sfc/p/700000009DAw/a/4u000001870w/XU6eX2YZtdejnAfGRls.mPHhJTPvhOp30R18ZV_Asw4"" target=""_blank"">MSDS-3000000X</a>",various,Maxpar
CyTOF (Cytometry),3142011B,Anti-Human CD151/PETA-3 ,<div>50-6</div>,142Nd,Human,100 Tests,"<a href=""https://fluidigm.my.salesforce.com/sfc/p/700000009DAw/a/4u0000019hos/5DGxBX0y.dMitIHS6754r6.cuvciGs8rNoGpDxZQn_s"" target=""_blank"">PRD009-3142011B</a>","<a href=""https://fluidigm.my.salesforce.com/sfc/p/700000009DAw/a/4u000001870w/XU6eX2YZtdejnAfGRls.mPHhJTPvhOp30R18ZV_Asw4"" target=""_blank"">MSDS-3000000X</a>",various,Maxpar
CyTOF (Cytometry),3142011C,Anti-Human CD151/PETA-3 ,<div>50-6</div>,142Nd,Human,25 Tests,"<a href=""https://fluidigm.my.salesforce.com/sfc/p/700000009DAw/a/4u0000019hos/5DGxBX0y.dMitIHS6754r6.cuvciGs8rNoGpDxZQn_s"" target=""_blank"">PRD009-3142011B</a>","<a href=""https://fluidigm.my.salesforce.com/sfc/p/700000009DAw/a/4u000001870w/XU6eX2YZtdejnAfGRls.mPHhJTPvhOp30R18ZV_Asw4"" target=""_blank"">MSDS-3000000X</a>",various,Maxpar
CyTOF (Cytometry),3142015B,Anti-Mouse CD185/CXCR5,<div>L138D7</div>,142Nd,Mouse,100 Tests,"<a href=""https://fluidigm.my.salesforce.com/sfc/p/#700000009DAw/a/4u0000019hot/JMB5_gLsX68abuGFAtSzVvMA1_CWuwl_kQ2LPCcMjcc"" target=""_blank"">PRD009-3142015B</a>","<a href=""https://fluidigm.my.salesforce.com/sfc/p/700000009DAw/a/4u000001870w/XU6eX2YZtdejnAfGRls.mPHhJTPvhOp30R18ZV_Asw4"" target=""_blank"">MSDS-3000000X</a>",various,Maxpar
CyTOF (Cytometry),3142015C,Anti-Mouse CD185/CXCR5,<div>L138D7</div>,142Nd,Mouse,25 Tests,"<a href=""https://fluidigm.my.salesforce.com/sfc/p/#700000009DAw/a/4u0000019hot/JMB5_gLsX68abuGFAtSzVvMA1_CWuwl_kQ2LPCcMjcc"" target=""_blank"">PRD009-3142015B</a>","<a href=""https://fluidigm.my.salesforce.com/sfc/p/700000009DAw/a/4u000001870w/XU6eX2YZtdejnAfGRls.mPHhJTPvhOp30R18ZV_Asw4"" target=""_blank"">MSDS-3000000X</a>",various,Maxpar
CyTOF (Cytometry),3142018B,Anti-Human CD134/OX40,<div>ACT35</div>,142Nd,"Human, Chimpanzee",100 Tests,"<a href=""https://fluidigm.my.salesforce.com/sfc/p/700000009DAw/a/4u000000MzZv/sEsTTLPwb_XNoMdYbBHRz0Kl8c7JP2VbVvsTW7f5kfY"" target=""_blank"">PRD009-3142018B</a>","<a href=""https://fluidigm.my.salesforce.com/sfc/p/700000009DAw/a/4u000001870w/XU6eX2YZtdejnAfGRls.mPHhJTPvhOp30R18ZV_Asw4"" target=""_blank"">MSDS-3000000X</a>",various,Maxpar
CyTOF (Cytometry),3142018C,Anti-Human CD134/OX40,<div>ACT35</div>,142Nd,"Human, Chimpanzee",25 Tests,"<a href=""https://fluidigm.my.salesforce.com/sfc/p/700000009DAw/a/4u000000MzZv/sEsTTLPwb_XNoMdYbBHRz0Kl8c7JP2VbVvsTW7f5kfY"" target=""_blank"">PRD009-3142018B</a>","<a href=""https://fluidigm.my.salesforce.com/sfc/p/700000009DAw/a/4u000001870w/XU6eX2YZtdejnAfGRls.mPHhJTPvhOp30R18ZV_Asw4"" target=""_blank"">MSDS-3000000X</a>",various,Maxpar
CyTOF (Cytometry),3142019B,Anti-Human CD152/CTLA-4,<div>14D3</div>,142Nd,"Human, Rhesus Macaque",100 Tests,"<a href=""https://fluidigm.my.salesforce.com/sfc/p/700000009DAw/a/4u000001A23O/yAvegPy_0v2_VrazBPjnksmY4FUlzn1ZwVQIUiR0ktQ"" target=""_blank"">PRD009-3142019B</a>","<a href=""https://fluidigm.my.salesforce.com/sfc/p/700000009DAw/a/4u000001870w/XU6eX2YZtdejnAfGRls.mPHhJTPvhOp30R18ZV_Asw4"" target=""_blank"">MSDS-3000000X</a>",various,Maxpar
CyTOF (Cytometry),3142019C,Anti-Human CD152/CTLA-4,<div>14D3</div>,142Nd,"Human, Rhesus Macaque",25 Tests,"<a href=""https://fluidigm.my.salesforce.com/sfc/p/700000009DAw/a/4u000001A23O/yAvegPy_0v2_VrazBPjnksmY4FUlzn1ZwVQIUiR0ktQ"" target=""_blank"">PRD009-3142019B</a>","<a href=""https://fluidigm.my.salesforce.com/sfc/p/700000009DAw/a/4u000001870w/XU6eX2YZtdejnAfGRls.mPHhJTPvhOp30R18ZV_Asw4"" target=""_blank"">MSDS-3000000X</a>",various,Maxpar
CyTOF (Cytometry),3142021B,Anti-Human CD8a,<div>SK1</div>,142Nd,"Human, Cynomolgus Macaque, Rhesus Macaque, African Green, Chimpanzee, Pigtailed Macaque, Sooty Mangabey",100 Tests,"<a href=""https://fluidigm.my.salesforce.com/sfc/p/700000009DAw/a/4u000000qQSW/FdG.JnTqRYKsevkMGMWOeD11_ds2C.6JVwmhRW.xqWQ"" target=""_blank"">PRD009-3142021B</a>","<a href=""https://fluidigm.my.salesforce.com/sfc/p/700000009DAw/a/4u000001870w/XU6eX2YZtdejnAfGRls.mPHhJTPvhOp30R18ZV_Asw4"" target=""_blank"">MSDS-3000000X</a>",various,Maxpar
CyTOF (Cytometry),3142021C,Anti-Human CD8a,<div>SK1</div>,142Nd,"Human, Cynomolgus Macaque, Rhesus Macaque, African Green, Chimpanzee, Pigtailed Macaque, Sooty Mangabey",25 Tests,"<a href=""https://fluidigm.my.salesforce.com/sfc/p/700000009DAw/a/4u000000qQSW/FdG.JnTqRYKsevkMGMWOeD11_ds2C.6JVwmhRW.xqWQ"" target=""_blank"">PRD009-3142021B</a>","<a href=""https://fluidigm.my.salesforce.com/sfc/p/700000009DAw/a/4u000001870w/XU6eX2YZtdejnAfGRls.mPHhJTPvhOp30R18ZV_Asw4"" target=""_blank"">MSDS-3000000X</a>",various,Maxpar
CyTOF (Cytometry),3143001B,Anti-Human CD117/c-kit,<div>104D2</div>,143Nd,"Human, Cynamolgus, Bovine",100 Tests,"<a href=""https://fluidigm.my.salesforce.com/sfc/p/700000009DAw/a/4u0000019hox/XrnSMG2.b86vbMf8p2hPS8TRgQo.BbrA75_SiL1MLiI"" target=""_blank"">PRD009-3143001B</a>","<a href=""https://fluidigm.my.salesforce.com/sfc/p/700000009DAw/a/4u000001870w/XU6eX2YZtdejnAfGRls.mPHhJTPvhOp30R18ZV_Asw4"" target=""_blank"">MSDS-3000000X</a>",various,Maxpar
CyTOF (Cytometry),3143001C,Anti-Human CD117/c-kit,<div>104D2</div>,143Nd,"Human, Cynamolgus, Bovine",25 Tests,"<a href=""https://fluidigm.my.salesforce.com/sfc/p/700000009DAw/a/4u0000019hox/XrnSMG2.b86vbMf8p2hPS8TRgQo.BbrA75_SiL1MLiI"" target=""_blank"">PRD009-3143001B</a>","<a href=""https://fluidigm.my.salesforce.com/sfc/p/700000009DAw/a/4u000001870w/XU6eX2YZtdejnAfGRls.mPHhJTPvhOp30R18ZV_Asw4"" target=""_blank"">MSDS-3000000X</a>",various,Maxpar
CyTOF (Cytometry),3143003B,Anti-Human/Mouse IL-5,<div>TRFK5</div>,143Nd,"Mouse, Human, Guinea Pig",100 Tests,"<a href=""https://fluidigm.my.salesforce.com/sfc/p/700000009DAw/a/4u0000019hp0/dMkzJg0CcXuGsNR2UW0jVa2wo0cGn6BY3hec18_LsRA"" target=""_blank"">PRD009-3143003B</a>","<a href=""https://fluidigm.my.salesforce.com/sfc/p/700000009DAw/a/4u000001870w/XU6eX2YZtdejnAfGRls.mPHhJTPvhOp30R18ZV_Asw4"" target=""_blank"">MSDS-3000000X</a>",various,Maxpar
CyTOF (Cytometry),3143003C,Anti-Human/Mouse IL-5,<div>TRFK5</div>,143Nd,"Mouse, Human, Guinea Pig",25 Tests,"<a href=""https://fluidigm.my.salesforce.com/sfc/p/700000009DAw/a/4u0000019hp0/dMkzJg0CcXuGsNR2UW0jVa2wo0cGn6BY3hec18_LsRA"" target=""_blank"">PRD009-3143003B</a>","<a href=""https://fluidigm.my.salesforce.com/sfc/p/700000009DAw/a/4u000001870w/XU6eX2YZtdejnAfGRls.mPHhJTPvhOp30R18ZV_Asw4"" target=""_blank"">MSDS-3000000X</a>",various,Maxpar
CyTOF (Cytometry),3143004B,Anti-Mouse CD69,<div>H1.2F3</div>,143Nd,Mouse,100 Tests,"<a href=""https://fluidigm.my.salesforce.com/sfc/p/700000009DAw/a/4u0000019hp5/waKHr3hO0MpiC0O_HhWVsTjwEheTYDpVr_2_oegyNDo"" target=""_blank"">PRD009-3143004B</a>","<a href=""https://fluidigm.my.salesforce.com/sfc/p/700000009DAw/a/4u000001870w/XU6eX2YZtdejnAfGRls.mPHhJTPvhOp30R18ZV_Asw4"" target=""_blank"">MSDS-3000000X</a>",various,Maxpar
CyTOF (Cytometry),3143004C,Anti-Mouse CD69,<div>H1.2F3</div>,143Nd,Mouse,25 Tests,"<a href=""https://fluidigm.my.salesforce.com/sfc/p/700000009DAw/a/4u0000019hp5/waKHr3hO0MpiC0O_HhWVsTjwEheTYDpVr_2_oegyNDo"" target=""_blank"">PRD009-3143004B</a>","<a href=""https://fluidigm.my.salesforce.com/sfc/p/700000009DAw/a/4u000001870w/XU6eX2YZtdejnAfGRls.mPHhJTPvhOp30R18ZV_Asw4"" target=""_blank"">MSDS-3000000X</a>",various,Maxpar
CyTOF (Cytometry),3143006B,Anti-Human CD45RA,<div>HI100</div>,143Nd,"Human, Chimpanzee",100 Tests,"<a href=""https://fluidigm.my.salesforce.com/sfc/p/700000009DAw/a/4u0000019hpA/nWPjF2e14.VONymYG1PMdlnwgc4Xdz2UWIVH_KXUmHg"" target=""_blank"">PRD009-3143006B</a>","<a href=""https://fluidigm.my.salesforce.com/sfc/p/700000009DAw/a/4u000001870w/XU6eX2YZtdejnAfGRls.mPHhJTPvhOp30R18ZV_Asw4"" target=""_blank"">MSDS-3000000X</a>",various,Maxpar
CyTOF (Cytometry),3143006C,Anti-Human CD45RA,<div>HI100</div>,143Nd,"Human, Chimpanzee",25 Tests,"<a href=""https://fluidigm.my.salesforce.com/sfc/p/700000009DAw/a/4u0000019hpA/nWPjF2e14.VONymYG1PMdlnwgc4Xdz2UWIVH_KXUmHg"" target=""_blank"">PRD009-3143006B</a>","<a href=""https://fluidigm.my.salesforce.com/sfc/p/700000009DAw/a/4u000001870w/XU6eX2YZtdejnAfGRls.mPHhJTPvhOp30R18ZV_Asw4"" target=""_blank"">MSDS-3000000X</a>",various,Maxpar
CyTOF (Cytometry),3143007B,Anti-Human CD5,<div>UCHT2</div>,143Nd,"Human, Cross-Reactivity: Chimpanzee, Capuchin Monkey, Common Marmoset",100 Tests,"<a href=""https://fluidigm.my.salesforce.com/sfc/p/700000009DAw/a/4u0000019hpB/WJLmFwZDUp504OBmZq2EKVKJk9Evy8iM6uNeHtP2oHw"" target=""_blank"">PRD009-3143007B</a>","<a href=""https://fluidigm.my.salesforce.com/sfc/p/700000009DAw/a/4u000001870w/XU6eX2YZtdejnAfGRls.mPHhJTPvhOp30R18ZV_Asw4"" target=""_blank"">MSDS-3000000X</a>",various,Maxpar
CyTOF (Cytometry),3143007C,Anti-Human CD5,<div>UCHT2</div>,143Nd,"Human, Cross-Reactivity: Chimpanzee, Capuchin Monkey, Common Marmoset",25 Tests,"<a href=""https://fluidigm.my.salesforce.com/sfc/p/700000009DAw/a/4u0000019hpB/WJLmFwZDUp504OBmZq2EKVKJk9Evy8iM6uNeHtP2oHw"" target=""_blank"">PRD009-3143007B</a>","<a href=""https://fluidigm.my.salesforce.com/sfc/p/700000009DAw/a/4u000001870w/XU6eX2YZtdejnAfGRls.mPHhJTPvhOp30R18ZV_Asw4"" target=""_blank"">MSDS-3000000X</a>",various,Maxpar
CyTOF (Cytometry),3143008B,Anti-Biotin ,<div>1D4-C5</div>,143Nd,All species,100 Tests,"<a href=""https://fluidigm.my.salesforce.com/sfc/p/700000009DAw/a/4u0000019hpC/ae6FVxoUFK1bGtY1K.9MyBc.KX7AbsS6driwAF1ZiQo"" target=""_blank"">PRD009-3143008B</a>","<a href=""https://fluidigm.my.salesforce.com/sfc/p/700000009DAw/a/4u000001870w/XU6eX2YZtdejnAfGRls.mPHhJTPvhOp30R18ZV_Asw4"" target=""_blank"">MSDS-3000000X</a>",various,Maxpar
CyTOF (Cytometry),3143008C,Anti-Biotin ,<div>1D4-C5</div>,143Nd,All species,25 Tests,"<a href=""https://fluidigm.my.salesforce.com/sfc/p/700000009DAw/a/4u0000019hpC/ae6FVxoUFK1bGtY1K.9MyBc.KX7AbsS6driwAF1ZiQo"" target=""_blank"">PRD009-3143008B</a>","<a href=""https://fluidigm.my.salesforce.com/sfc/p/700000009DAw/a/4u000001870w/XU6eX2YZtdejnAfGRls.mPHhJTPvhOp30R18ZV_Asw4"" target=""_blank"">MSDS-3000000X</a>",various,Maxpar
CyTOF (Cytometry),3143009B,Anti-Mouse CD41,<div>MWReg30</div>,143Nd,Mouse,100 Tests,"<a href=""https://fluidigm.my.salesforce.com/sfc/p/700000009DAw/a/4u0000019hpF/dkp0w0kl.PP9cMkBEj7IJqDtkExI_bRpjUKVtOApWFQ"" target=""_blank"">PRD009-3143009B</a>","<a href=""https://fluidigm.my.salesforce.com/sfc/p/700000009DAw/a/4u000001870w/XU6eX2YZtdejnAfGRls.mPHhJTPvhOp30R18ZV_Asw4"" target=""_blank"">MSDS-3000000X</a>",various,Maxpar
CyTOF (Cytometry),3143009C,Anti-Mouse CD41,<div>MWReg30</div>,143Nd,Mouse,25 Tests,"<a href=""https://fluidigm.my.salesforce.com/sfc/p/700000009DAw/a/4u0000019hpF/dkp0w0kl.PP9cMkBEj7IJqDtkExI_bRpjUKVtOApWFQ"" target=""_blank"">PRD009-3143009B</a>","<a href=""https://fluidigm.my.salesforce.com/sfc/p/700000009DAw/a/4u000001870w/XU6eX2YZtdejnAfGRls.mPHhJTPvhOp30R18ZV_Asw4"" target=""_blank"">MSDS-3000000X</a>",various,Maxpar
CyTOF (Cytometry),3143010B,Anti-Mouse TCRβ ,<div>H57-597</div>,143Nd,Mouse,100 Tests,"<a href=""https://fluidigm.my.salesforce.com/sfc/p/700000009DAw/a/4u0000019hpG/sASJMWvjccBEzERETdiPicOFaqy1y9O.NglQSs26ffE"" target=""_blank"">PRD009-3143010B</a>","<a href=""https://fluidigm.my.salesforce.com/sfc/p/700000009DAw/a/4u000001870w/XU6eX2YZtdejnAfGRls.mPHhJTPvhOp30R18ZV_Asw4"" target=""_blank"">MSDS-3000000X</a>",various,Maxpar
CyTOF (Cytometry),3143010C,Anti-Mouse TCRβ ,<div>H57-597</div>,143Nd,Mouse,25 Tests,"<a href=""https://fluidigm.my.salesforce.com/sfc/p/700000009DAw/a/4u0000019hpG/sASJMWvjccBEzERETdiPicOFaqy1y9O.NglQSs26ffE"" target=""_blank"">PRD009-3143010B</a>","<a href=""https://fluidigm.my.salesforce.com/sfc/p/700000009DAw/a/4u000001870w/XU6eX2YZtdejnAfGRls.mPHhJTPvhOp30R18ZV_Asw4"" target=""_blank"">MSDS-3000000X</a>",various,Maxpar
CyTOF (Cytometry),3143011A,Anti-Human cleaved PARP,<div>F21-852</div>,143Nd,"Human, Mouse",50 Tests,"<a href=""https://fluidigm.my.salesforce.com/sfc/p/700000009DAw/a/4u0000019hpK/3uOZgZZ1UnEc6NaGQCMSnXa_L.OvwdrAl6m0.1UyWmI"" target=""_blank"">PRD009-3143011A</a>","<a href=""https://fluidigm.my.salesforce.com/sfc/p/700000009DAw/a/4u000001870w/XU6eX2YZtdejnAfGRls.mPHhJTPvhOp30R18ZV_Asw4"" target=""_blank"">MSDS-3000000X</a>",various,Maxpar
CyTOF (Cytometry),3143011C,Anti-Human cleaved PARP,<div>F21-852</div>,143Nd,"Human, Mouse",25 Tests,"<a href=""https://fluidigm.my.salesforce.com/sfc/p/700000009DAw/a/4u0000019hpK/3uOZgZZ1UnEc6NaGQCMSnXa_L.OvwdrAl6m0.1UyWmI"" target=""_blank"">PRD009-3143011B</a>","<a href=""https://fluidigm.my.salesforce.com/sfc/p/700000009DAw/a/4u000001870w/XU6eX2YZtdejnAfGRls.mPHhJTPvhOp30R18ZV_Asw4"" target=""_blank"">MSDS-3000000X</a>",various,Maxpar
CyTOF (Cytometry),3143012B,Anti-Human CD127/IL-7Rα,<div>A019D5</div>,143Nd,"Human, African Green, Baboon, Cynomolgus Macaque, Rhesus Macaque",100 Tests,"<a href=""https://fluidigm.my.salesforce.com/sfc/p/700000009DAw/a/4u0000019hpZ/R9uOtiEvTIjgYOhw.KuG3ObCdTk9ZDngWQRmtQkpACE"" target=""_blank"">PRD009-3143012B</a>","<a href=""https://fluidigm.my.salesforce.com/sfc/p/700000009DAw/a/4u000001870w/XU6eX2YZtdejnAfGRls.mPHhJTPvhOp30R18ZV_Asw4"" target=""_blank"">MSDS-3000000X</a>",various,Maxpar
CyTOF (Cytometry),3143012C,Anti-Human CD127/IL-7Rα,<div>A019D5 </div>,143Nd,"Human, African Green, Baboon, Cynomolgus Macaque, Rhesus Macaque",25 Tests,"<a href=""https://fluidigm.my.salesforce.com/sfc/p/700000009DAw/a/4u0000019hpZ/R9uOtiEvTIjgYOhw.KuG3ObCdTk9ZDngWQRmtQkpACE"" target=""_blank"">PRD009-3143012B</a>","<a href=""https://fluidigm.my.salesforce.com/sfc/p/700000009DAw/a/4u000001870w/XU6eX2YZtdejnAfGRls.mPHhJTPvhOp30R18ZV_Asw4"" target=""_blank"">MSDS-3000000X</a>",various,Maxpar
CyTOF (Cytometry),3143013B,Anti-Human HLA-DR,<div>L243</div>,143Nd,"Human, Cynomolgus Macaque, Rhesus Macaque, African Green, Baboon, Chimpanzee, Dog, Common Marmoset, Squirrel Monkey, Cotton-Topped Tamarin",100 Tests,"<a href=""https://fluidigm.my.salesforce.com/sfc/p/700000009DAw/a/4u0000019hpe/MIVJz4RkigpZk2BpBbcXqUzZJ98tpAv.H8G4lbD_Jj0"" target=""_blank"">PRD009-3143013B</a>","<a href=""https://fluidigm.my.salesforce.com/sfc/p/700000009DAw/a/4u000001870w/XU6eX2YZtdejnAfGRls.mPHhJTPvhOp30R18ZV_Asw4"" target=""_blank"">MSDS-3000000X</a>",various,Maxpar
CyTOF (Cytometry),3143013C,Anti-Human HLA-DR,<div>L243</div>,143Nd,"Human, Cynomolgus Macaque, Rhesus Macaque, African Green, Baboon, Chimpanzee, Dog, Common Marmoset, Squirrel Monkey, Cotton-Topped Tamarin",25 Tests,"<a href=""https://fluidigm.my.salesforce.com/sfc/p/700000009DAw/a/4u0000019hpe/MIVJz4RkigpZk2BpBbcXqUzZJ98tpAv.H8G4lbD_Jj0"" target=""_blank"">PRD009-3143013B</a>","<a href=""https://fluidigm.my.salesforce.com/sfc/p/700000009DAw/a/4u000001870w/XU6eX2YZtdejnAfGRls.mPHhJTPvhOp30R18ZV_Asw4"" target=""_blank"">MSDS-3000000X</a>",various,Maxpar
CyTOF (Cytometry),3143014B,Anti-Human CD123/IL-3R,<div>6H6</div>,143Nd,"Human, Rhesus Macaque",100 Tests,"<a href=""https://fluidigm.my.salesforce.com/sfc/p/700000009DAw/a/4u0000019hpj/3yOpY0WlJkziwqZEgiZjO9QCGJgylg4dAlqNz5c.ujY"" target=""_blank"">PRD009-3143014B</a>","<a href=""https://fluidigm.my.salesforce.com/sfc/p/700000009DAw/a/4u000001870w/XU6eX2YZtdejnAfGRls.mPHhJTPvhOp30R18ZV_Asw4"" target=""_blank"">MSDS-3000000X</a>",various,Maxpar
CyTOF (Cytometry),3143014C,Anti-Human CD123/IL-3R,<div>6H6</div>,143Nd,"Human, Rhesus Macaque",25 Tests,"<a href=""https://fluidigm.my.salesforce.com/sfc/p/700000009DAw/a/4u0000019hpj/3yOpY0WlJkziwqZEgiZjO9QCGJgylg4dAlqNz5c.ujY"" target=""_blank"">PRD009-3143014B</a>","<a href=""https://fluidigm.my.salesforce.com/sfc/p/700000009DAw/a/4u000001870w/XU6eX2YZtdejnAfGRls.mPHhJTPvhOp30R18ZV_Asw4"" target=""_blank"">MSDS-3000000X</a>",various,Maxpar
CyTOF (Cytometry),3143015B,Anti-Mouse CD11b,<div>M1/70</div>,143Nd,"Mouse, Human, Chimpanzee, Baboon, Cynomolgus Macaque, Rhesus Macaque, Rabbit",100 Tests,"<a href=""https://fluidigm.my.salesforce.com/sfc/p/700000009DAw/a/4u0000019hpo/YSAaNC3acvTiZotNc7WpA_kpdPvXwp6NINrVT64KpRY"" target=""_blank"">PRD009-3143015B</a>","<a href=""https://fluidigm.my.salesforce.com/sfc/p/700000009DAw/a/4u000001870w/XU6eX2YZtdejnAfGRls.mPHhJTPvhOp30R18ZV_Asw4"" target=""_blank"">MSDS-3000000X</a>",various,Maxpar
CyTOF (Cytometry),3143015C,Anti-Mouse CD11b,<div>M1/70</div>,143Nd,"Mouse, Human, Chimpanzee, Baboon, Cynomolgus Macaque, Rhesus Macaque, Rabbit",25 Tests,"<a href=""https://fluidigm.my.salesforce.com/sfc/p/700000009DAw/a/4u0000019hpo/YSAaNC3acvTiZotNc7WpA_kpdPvXwp6NINrVT64KpRY"" target=""_blank"">PRD009-3143015B</a>","<a href=""https://fluidigm.my.salesforce.com/sfc/p/700000009DAw/a/4u000001870w/XU6eX2YZtdejnAfGRls.mPHhJTPvhOp30R18ZV_Asw4"" target=""_blank"">MSDS-3000000X</a>",various,Maxpar
CyTOF (Cytometry),3143016B,Anti-Human CD325/N-Cadherin,<div>8C11</div>,143Nd,Human,100 Tests,"<a href=""https://fluidigm.my.salesforce.com/sfc/p/700000009DAw/a/4u0000019hpt/H7WtwfCSvJccwmMeYosnzbpmvZNmQ8ews3iMPMYNKzo"" target=""_blank"">PRD009-3143016B</a>","<a href=""https://fluidigm.my.salesforce.com/sfc/p/700000009DAw/a/4u000001870w/XU6eX2YZtdejnAfGRls.mPHhJTPvhOp30R18ZV_Asw4"" target=""_blank"">MSDS-3000000X</a>",various,Maxpar
CyTOF (Cytometry),3143016C,Anti-Human CD325/N-Cadherin,<div>8C11</div>,143Nd,Human,25 Tests,"<a href=""https://fluidigm.my.salesforce.com/sfc/p/700000009DAw/a/4u0000019hpt/H7WtwfCSvJccwmMeYosnzbpmvZNmQ8ews3iMPMYNKzo"" target=""_blank"">PRD009-3143016B</a>","<a href=""https://fluidigm.my.salesforce.com/sfc/p/700000009DAw/a/4u000001870w/XU6eX2YZtdejnAfGRls.mPHhJTPvhOp30R18ZV_Asw4"" target=""_blank"">MSDS-3000000X</a>",various,Maxpar
CyTOF (Cytometry),3143017B,Anti-Human CD352,<div>NT-7</div>,143Nd,"Human, African Green, Baboon, Cynomolgus",100 Tests,"<a href=""https://fluidigm.my.salesforce.com/sfc/p/700000009DAw/a/4u0000019hpk/NRfMpVRl8ubJ0vnsVJVNBstTdN28Q4rR35jlAP.4k5w"" target=""_blank"">PRD009-3143017B</a>","<a href=""https://fluidigm.my.salesforce.com/sfc/p/700000009DAw/a/4u000001870w/XU6eX2YZtdejnAfGRls.mPHhJTPvhOp30R18ZV_Asw4"" target=""_blank"">MSDS-3000000X</a>",various,Maxpar
CyTOF (Cytometry),3143017C,Anti-Human CD352,<div>NT-7</div>,143Nd,"Human, African Green, Baboon, Cynomolgus",25 Tests,"<a href=""https://fluidigm.my.salesforce.com/sfc/p/700000009DAw/a/4u0000019hpk/NRfMpVRl8ubJ0vnsVJVNBstTdN28Q4rR35jlAP.4k5w"" target=""_blank"">PRD009-3143017B</a>","<a href=""https://fluidigm.my.salesforce.com/sfc/p/700000009DAw/a/4u000001870w/XU6eX2YZtdejnAfGRls.mPHhJTPvhOp30R18ZV_Asw4"" target=""_blank"">MSDS-3000000X</a>",various,Maxpar
CyTOF (Cytometry),3143018A,Anti-Human p53,<div>7F5</div>,143Nd,"Human, Monkey",50 Tests,"<a href=""https://fluidigm.my.salesforce.com/sfc/p/700000009DAw/a/4u0000019hpl/fh9HrTXRrmrfsWI0.sx38_csGL9A5psHFzPIN5w.mu4"" target=""_blank"">PRD009-3143018A</a>","<a href=""https://fluidigm.my.salesforce.com/sfc/p/700000009DAw/a/4u000001870w/XU6eX2YZtdejnAfGRls.mPHhJTPvhOp30R18ZV_Asw4"" target=""_blank"">MSDS-3000000X</a>",various,Maxpar
CyTOF (Cytometry),3143018C,Anti-Human p53,<div>7F5</div>,143Nd,"Human, Monkey",25 Tests,"<a href=""https://fluidigm.my.salesforce.com/sfc/p/700000009DAw/a/4u0000019hpl/fh9HrTXRrmrfsWI0.sx38_csGL9A5psHFzPIN5w.mu4"" target=""_blank"">PRD009-3143018B</a>","<a href=""https://fluidigm.my.salesforce.com/sfc/p/700000009DAw/a/4u000001870w/XU6eX2YZtdejnAfGRls.mPHhJTPvhOp30R18ZV_Asw4"" target=""_blank"">MSDS-3000000X</a>",various,Maxpar
CyTOF (Cytometry),3143019B,Anti-Mouse CD357/GITR,<div>DTA1</div>,143Nd,Mouse,100 Tests,"<a href=""https://fluidigm.my.salesforce.com/sfc/p/700000009DAw/a/4u0000019hpp/g29arZ4OTzgrIzwlRuML_hhgFf1sp_2u.QKb5Huez2I"" target=""_blank"">PRD009-3143019B</a>","<a href=""https://fluidigm.my.salesforce.com/sfc/p/700000009DAw/a/4u000001870w/XU6eX2YZtdejnAfGRls.mPHhJTPvhOp30R18ZV_Asw4"" target=""_blank"">MSDS-3000000X</a>",various,Maxpar
CyTOF (Cytometry),3143019C,Anti-Mouse CD357/GITR,<div>DTA1</div>,143Nd,Mouse,25 Tests,"<a href=""https://fluidigm.my.salesforce.com/sfc/p/700000009DAw/a/4u0000019hpp/g29arZ4OTzgrIzwlRuML_hhgFf1sp_2u.QKb5Huez2I"" target=""_blank"">PRD009-3143019B</a>","<a href=""https://fluidigm.my.salesforce.com/sfc/p/700000009DAw/a/4u000001870w/XU6eX2YZtdejnAfGRls.mPHhJTPvhOp30R18ZV_Asw4"" target=""_blank"">MSDS-3000000X</a>",various,Maxpar
CyTOF (Cytometry),3143021A,Anti-Human Androgen Receptor,<div>D6F11</div>,143Nd,Human,100 Tests,"<a href=""https://fluidigm.my.salesforce.com/sfc/p/700000009DAw/a/4u0000019ihu/Ec._PuIXedi94DfbEEtYsj5VwVIFNGcMkxRteMq2d0g"" target=""_blank"">PRD009-3143021A</a>","<a href=""https://fluidigm.my.salesforce.com/sfc/p/700000009DAw/a/4u000001870w/XU6eX2YZtdejnAfGRls.mPHhJTPvhOp30R18ZV_Asw4"" target=""_blank"">MSDS-3000000X</a>",various,Maxpar
CyTOF (Cytometry),3143021C,Anti-Human Androgen Receptor,<div>D6F11</div>,143Nd,Human,25 Tests,"<a href=""https://fluidigm.my.salesforce.com/sfc/p/700000009DAw/a/4u0000019ihu/Ec._PuIXedi94DfbEEtYsj5VwVIFNGcMkxRteMq2d0g"" target=""_blank"">PRD009-3143021B</a>","<a href=""https://fluidigm.my.salesforce.com/sfc/p/700000009DAw/a/4u000001870w/XU6eX2YZtdejnAfGRls.mPHhJTPvhOp30R18ZV_Asw4"" target=""_blank"">MSDS-3000000X</a>",various,Maxpar
CyTOF (Cytometry),3143022B,Anti-GFAP ,<div>GA5</div>,143Nd,"Human, Mouse, Chicken, Pig, Rabbit, Rat",100 Tests,"<a href=""https://fluidigm.my.salesforce.com/sfc/p/700000009DAw/a/4u0000019hpq/50DEngknHvZoCB35Cr6R2DLZLpyir3TD7wv08F21Nfg"" target=""_blank"">PRD009-3143022B</a>","<a href=""https://fluidigm.my.salesforce.com/sfc/p/700000009DAw/a/4u000001870w/XU6eX2YZtdejnAfGRls.mPHhJTPvhOp30R18ZV_Asw4"" target=""_blank"">MSDS-3000000X</a>",various,Maxpar
CyTOF (Cytometry),3143022C,Anti-GFAP ,<div>GA5</div>,143Nd,"Human, Mouse, Chicken, Pig, Rabbit, Rat",25 Tests,"<a href=""https://fluidigm.my.salesforce.com/sfc/p/700000009DAw/a/4u0000019hpq/50DEngknHvZoCB35Cr6R2DLZLpyir3TD7wv08F21Nfg"" target=""_blank"">PRD009-3143022B</a>","<a href=""https://fluidigm.my.salesforce.com/sfc/p/700000009DAw/a/4u000001870w/XU6eX2YZtdejnAfGRls.mPHhJTPvhOp30R18ZV_Asw4"" target=""_blank"">MSDS-3000000X</a>",various,Maxpar
CyTOF (Cytometry),3143024B,Anti-Human IKZF1/Ikaros,<div>16B5C71</div>,143Nd,Human,100 Tests,"<a href=""https://fluidigm.my.salesforce.com/sfc/p/700000009DAw/a/4u0000019hpm/RpP12UxN72jLBSJDaMdafMIGrzFFQ2w1ufx_UlaGvXM"" target=""_blank"">PRD009-3143024B</a>","<a href=""https://fluidigm.my.salesforce.com/sfc/p/700000009DAw/a/4u000001870w/XU6eX2YZtdejnAfGRls.mPHhJTPvhOp30R18ZV_Asw4"" target=""_blank"">MSDS-3000000X</a>",various,Maxpar
CyTOF (Cytometry),3143024C,Anti-Human IKZF1/Ikaros,<div>16B5C71</div>,143Nd,Human,25 Tests,"<a href=""https://fluidigm.my.salesforce.com/sfc/p/700000009DAw/a/4u0000019hpm/RpP12UxN72jLBSJDaMdafMIGrzFFQ2w1ufx_UlaGvXM"" target=""_blank"">PRD009-3143024B</a>","<a href=""https://fluidigm.my.salesforce.com/sfc/p/700000009DAw/a/4u000001870w/XU6eX2YZtdejnAfGRls.mPHhJTPvhOp30R18ZV_Asw4"" target=""_blank"">MSDS-3000000X</a>",various,Maxpar
CyTOF (Cytometry),3143025B,Anti-CD278/ICOS ,<div>C398.4A</div>,143Nd,"Human, Rhesus Macaque, Rat, Mouse, Pig, African Green, Baboon, Cynomolgus Macaque",100 Tests,"<a href=""https://fluidigm.my.salesforce.com/sfc/p/700000009DAw/a/4u0000019hpy/mTNdoyLKMwdSDaTRPbOQvpsdkcf0f7x_jijJFOzN3fs"" target=""_blank"">PRD009-3143025B</a>","<a href=""https://fluidigm.my.salesforce.com/sfc/p/700000009DAw/a/4u000001870w/XU6eX2YZtdejnAfGRls.mPHhJTPvhOp30R18ZV_Asw4"" target=""_blank"">MSDS-3000000X</a>",various,Maxpar
CyTOF (Cytometry),3143025C,Anti-CD278/ICOS ,<div>C398.4A</div>,143Nd,"Human, Rhesus Macaque, Rat, Mouse, Pig, African Green, Baboon, Cynomolgus Macaque",25 Tests,"<a href=""https://fluidigm.my.salesforce.com/sfc/p/700000009DAw/a/4u0000019hpy/mTNdoyLKMwdSDaTRPbOQvpsdkcf0f7x_jijJFOzN3fs"" target=""_blank"">PRD009-3143025B</a>","<a href=""https://fluidigm.my.salesforce.com/sfc/p/700000009DAw/a/4u000001870w/XU6eX2YZtdejnAfGRls.mPHhJTPvhOp30R18ZV_Asw4"" target=""_blank"">MSDS-3000000X</a>",various,Maxpar
CyTOF (Cytometry),3144001B,Anti-Human CD11b/Mac-1,<div>ICRF44</div>,144Nd,"Human, African Green Monkey, Baboon, Chimpanzee, Common Marmoset, Cynomolgus Macaque, Rhesus Macaque, Pig",100 Tests,"<a href=""https://fluidigm.my.salesforce.com/sfc/p/700000009DAw/a/4u0000019hq3/Ud1aFfAkLgWzvD45scfAh1yiutyi8OSDgK2WcZ51tUY"" target=""_blank"">PRD009-3144001B</a>","<a href=""https://fluidigm.my.salesforce.com/sfc/p/700000009DAw/a/4u000001870w/XU6eX2YZtdejnAfGRls.mPHhJTPvhOp30R18ZV_Asw4"" target=""_blank"">MSDS-3000000X</a>",various,Maxpar
CyTOF (Cytometry),3144001C,Anti-Human CD11b/Mac-1,<div>ICRF44</div>,144Nd,"Human, African Green Monkey, Baboon, Chimpanzee, Common Marmoset, Cynomolgus Macaque, Rhesus Macaque, Pig",25 Tests,"<a href=""https://fluidigm.my.salesforce.com/sfc/p/700000009DAw/a/4u0000019hq3/Ud1aFfAkLgWzvD45scfAh1yiutyi8OSDgK2WcZ51tUY"" target=""_blank"">PRD009-3144001B</a>","<a href=""https://fluidigm.my.salesforce.com/sfc/p/700000009DAw/a/4u000001870w/XU6eX2YZtdejnAfGRls.mPHhJTPvhOp30R18ZV_Asw4"" target=""_blank"">MSDS-3000000X</a>",various,Maxpar
CyTOF (Cytometry),3144002B,Anti-Mouse IL-2,<div>JES6-5H4</div>,144Nd,Mouse,100 Tests,"<a href=""https://fluidigm.my.salesforce.com/sfc/p/700000009DAw/a/4u0000019hq4/hlzn10SK.qJBzvFCdqU9_xUnXBcwwMYzF.gZzoSERbw"" target=""_blank"">PRD009-3144002B</a>","<a href=""https://fluidigm.my.salesforce.com/sfc/p/700000009DAw/a/4u000001870w/XU6eX2YZtdejnAfGRls.mPHhJTPvhOp30R18ZV_Asw4"" target=""_blank"">MSDS-3000000X</a>",various,Maxpar
CyTOF (Cytometry),3144002C,Anti-Mouse IL-2,<div>JES6-5H4</div>,144Nd,Mouse,25 Tests,"<a href=""https://fluidigm.my.salesforce.com/sfc/p/700000009DAw/a/4u0000019hq4/hlzn10SK.qJBzvFCdqU9_xUnXBcwwMYzF.gZzoSERbw"" target=""_blank"">PRD009-3144002B</a>","<a href=""https://fluidigm.my.salesforce.com/sfc/p/700000009DAw/a/4u000001870w/XU6eX2YZtdejnAfGRls.mPHhJTPvhOp30R18ZV_Asw4"" target=""_blank"">MSDS-3000000X</a>",various,Maxpar
CyTOF (Cytometry),3144003A,Anti-pTyrosine,<div>Tyr100</div>,144Nd,Cross,50 Tests,"<a href=""https://fluidigm.my.salesforce.com/sfc/p/700000009DAw/a/4u0000019hq8/493sT8pcGpdH8M6996yfeDmosn_2PZp6sfFrpDdla3E"" target=""_blank"">PRD009-3144003A</a>","<a href=""https://fluidigm.my.salesforce.com/sfc/p/700000009DAw/a/4u000001870w/XU6eX2YZtdejnAfGRls.mPHhJTPvhOp30R18ZV_Asw4"" target=""_blank"">MSDS-3000000X</a>",various,Maxpar
CyTOF (Cytometry),3144003C,Anti-pTyrosine,<div>Tyr100</div>,144Nd,Cross,25 Tests,"<a href=""https://fluidigm.my.salesforce.com/sfc/p/700000009DAw/a/4u0000019hq8/493sT8pcGpdH8M6996yfeDmosn_2PZp6sfFrpDdla3E"" target=""_blank"">PRD009-3144003B</a>","<a href=""https://fluidigm.my.salesforce.com/sfc/p/700000009DAw/a/4u000001870w/XU6eX2YZtdejnAfGRls.mPHhJTPvhOp30R18ZV_Asw4"" target=""_blank"">MSDS-3000000X</a>",various,Maxpar
CyTOF (Cytometry),3144005B,Anti-Human CD72,<div>3F3</div>,144Nd,Human,100 Tests,"<a href=""https://fluidigm.my.salesforce.com/sfc/p/700000009DAw/a/4u0000019hqD/h30UlGKP3NCtdTpcxkSXqY.ydobPrBpL1MG5wfi55bk"" target=""_blank"">PRD009-3144005B</a>","<a href=""https://fluidigm.my.salesforce.com/sfc/p/700000009DAw/a/4u000001870w/XU6eX2YZtdejnAfGRls.mPHhJTPvhOp30R18ZV_Asw4"" target=""_blank"">MSDS-3000000X</a>",various,Maxpar
CyTOF (Cytometry),3144005C,Anti-Human CD72,<div>3F3</div>,144Nd,Human,25 Tests,"<a href=""https://fluidigm.my.salesforce.com/sfc/p/700000009DAw/a/4u0000019hqD/h30UlGKP3NCtdTpcxkSXqY.ydobPrBpL1MG5wfi55bk"" target=""_blank"">PRD009-3144005B</a>","<a href=""https://fluidigm.my.salesforce.com/sfc/p/700000009DAw/a/4u000001870w/XU6eX2YZtdejnAfGRls.mPHhJTPvhOp30R18ZV_Asw4"" target=""_blank"">MSDS-3000000X</a>",various,Maxpar
CyTOF (Cytometry),3144006B,Anti-FITC,<div>FIT-22</div>,144Nd,Human,100 Tests,"<a href=""https://fluidigm.my.salesforce.com/sfc/p/700000009DAw/a/4u0000019hqI/YAGNfvE6G_YPxYdYyMFjzkyg1qwxFuJN3_rsQIf.uYc"" target=""_blank"">PRD009-3144006B</a>","<a href=""https://fluidigm.my.salesforce.com/sfc/p/700000009DAw/a/4u000001870w/XU6eX2YZtdejnAfGRls.mPHhJTPvhOp30R18ZV_Asw4"" target=""_blank"">MSDS-3000000X</a>",various,Maxpar
CyTOF (Cytometry),3144006C,Anti-FITC,<div>FIT-22</div>,144Nd,Human,25 Tests,"<a href=""https://fluidigm.my.salesforce.com/sfc/p/700000009DAw/a/4u0000019hqI/YAGNfvE6G_YPxYdYyMFjzkyg1qwxFuJN3_rsQIf.uYc"" target=""_blank"">PRD009-3144006B</a>","<a href=""https://fluidigm.my.salesforce.com/sfc/p/700000009DAw/a/4u000001870w/XU6eX2YZtdejnAfGRls.mPHhJTPvhOp30R18ZV_Asw4"" target=""_blank"">MSDS-3000000X</a>",various,Maxpar
CyTOF (Cytometry),3144007A,Anti-Human CD195/CCR5,<div>NP-6G4</div>,144Nd,Human,50 Tests,"<a href=""https://fluidigm.my.salesforce.com/sfc/p/700000009DAw/a/4u0000019hqJ/P966K._hEvCdUdUYmf0k.DH1N7lzbIFM9L5vz_F50dw"" target=""_blank"">PRD009-3144007A</a>","<a href=""https://fluidigm.my.salesforce.com/sfc/p/700000009DAw/a/4u000001870w/XU6eX2YZtdejnAfGRls.mPHhJTPvhOp30R18ZV_Asw4"" target=""_blank"">MSDS-3000000X</a>",various,Maxpar
CyTOF (Cytometry),3144007C,Anti-Human CD195/CCR5,<div>NP-6G4</div>,144Nd,Human,25 Tests,"<a href=""https://fluidigm.my.salesforce.com/sfc/p/700000009DAw/a/4u0000019hqJ/P966K._hEvCdUdUYmf0k.DH1N7lzbIFM9L5vz_F50dw"" target=""_blank"">PRD009-3144007B</a>","<a href=""https://fluidigm.my.salesforce.com/sfc/p/700000009DAw/a/4u000001870w/XU6eX2YZtdejnAfGRls.mPHhJTPvhOp30R18ZV_Asw4"" target=""_blank"">MSDS-3000000X</a>",various,Maxpar
CyTOF (Cytometry),3144009B,Anti-Mouse CD16/32,<div>93</div>,144Nd,Mouse,100 Tests,"<a href=""https://fluidigm.my.salesforce.com/sfc/p/700000009DAw/a/4u0000019hqN/mmYKqp1K44K4f0iOAbcw7TqZXJgLg0n7L9uxzrg5MrU"" target=""_blank"">PRD009-3144009B</a>","<a href=""https://fluidigm.my.salesforce.com/sfc/p/700000009DAw/a/4u000001870w/XU6eX2YZtdejnAfGRls.mPHhJTPvhOp30R18ZV_Asw4"" target=""_blank"">MSDS-3000000X</a>",various,Maxpar
CyTOF (Cytometry),3144009C,Anti-Mouse CD16/32,<div>93</div>,144Nd,Mouse,25 Tests,"<a href=""https://fluidigm.my.salesforce.com/sfc/p/700000009DAw/a/4u0000019hqN/mmYKqp1K44K4f0iOAbcw7TqZXJgLg0n7L9uxzrg5MrU"" target=""_blank"">PRD009-3144009B</a>","<a href=""https://fluidigm.my.salesforce.com/sfc/p/700000009DAw/a/4u000001870w/XU6eX2YZtdejnAfGRls.mPHhJTPvhOp30R18ZV_Asw4"" target=""_blank"">MSDS-3000000X</a>",various,Maxpar
CyTOF (Cytometry),3144010B,Anti-Human IL-4,<div>MP4-25D2</div>,144Nd,"Human, Pig, Rhesus Macaque",100 Tests,"<a href=""https://fluidigm.my.salesforce.com/sfc/p/700000009DAw/a/4u0000019hqS/LMhO1b9p5LnyCAO.4NMJHlQFn30xthyVx8xl4PSVSPA"" target=""_blank"">PRD009-3144010B</a>","<a href=""https://fluidigm.my.salesforce.com/sfc/p/700000009DAw/a/4u000001870w/XU6eX2YZtdejnAfGRls.mPHhJTPvhOp30R18ZV_Asw4"" target=""_blank"">MSDS-3000000X</a>",various,Maxpar
CyTOF (Cytometry),3144010C,Anti-Human IL-4,<div>MP4-25D2</div>,144Nd,"Human, Pig, Rhesus Macaque",25 Tests,"<a href=""https://fluidigm.my.salesforce.com/sfc/p/#700000009DAw/a/4u0000019hqS/LMhO1b9p5LnyCAO.4NMJHlQFn30xthyVx8xl4PSVSPA"" target=""_blank"">PRD009-3144010B</a>","<a href=""https://fluidigm.my.salesforce.com/sfc/p/700000009DAw/a/4u000001870w/XU6eX2YZtdejnAfGRls.mPHhJTPvhOp30R18ZV_Asw4"" target=""_blank"">MSDS-3000000X</a>",various,Maxpar
CyTOF (Cytometry),3144011B,Anti-Mouse CD45R/B220,<div>RA3-6B2</div>,144Nd,"Human, Mouse, Cat",100 Tests,"<a href=""https://fluidigm.my.salesforce.com/sfc/p/700000009DAw/a/4u0000019hqc/0JhybT4g71feALmZRdS0vYsOeNo9uqR9YTtObpWHnIo"" target=""_blank"">PRD009-3144011B</a>","<a href=""https://fluidigm.my.salesforce.com/sfc/p/700000009DAw/a/4u000001870w/XU6eX2YZtdejnAfGRls.mPHhJTPvhOp30R18ZV_Asw4"" target=""_blank"">MSDS-3000000X</a>",various,Maxpar
CyTOF (Cytometry),3144011C,Anti-Mouse CD45R/B220,<div>RA3-6B2</div>,144Nd,"Human, Mouse, Cat",25 Tests,"<a href=""https://fluidigm.my.salesforce.com/sfc/p/700000009DAw/a/4u0000019hqc/0JhybT4g71feALmZRdS0vYsOeNo9uqR9YTtObpWHnIo"" target=""_blank"">PRD009-3144011B</a>","<a href=""https://fluidigm.my.salesforce.com/sfc/p/700000009DAw/a/4u000001870w/XU6eX2YZtdejnAfGRls.mPHhJTPvhOp30R18ZV_Asw4"" target=""_blank"">MSDS-3000000X</a>",various,Maxpar
CyTOF (Cytometry),3144012B,Anti-Mouse CD115,<div>AFS98</div>,144Nd,Mouse,100 Tests,"<a href=""https://fluidigm.my.salesforce.com/sfc/p/700000009DAw/a/4u0000019hqh/l1Lfp3emyxFm1NfaprPsBQJ0Iv5Z537aPiJo28gwUzU"" target=""_blank"">PRD009-3144012B</a>","<a href=""https://fluidigm.my.salesforce.com/sfc/p/700000009DAw/a/4u000001870w/XU6eX2YZtdejnAfGRls.mPHhJTPvhOp30R18ZV_Asw4"" target=""_blank"">MSDS-3000000X</a>",various,Maxpar
CyTOF (Cytometry),3144012C,Anti-Mouse CD115,<div>AFS98</div>,144Nd,Mouse,25 Tests,"<a href=""https://fluidigm.my.salesforce.com/sfc/p/700000009DAw/a/4u0000019hqh/l1Lfp3emyxFm1NfaprPsBQJ0Iv5Z537aPiJo28gwUzU"" target=""_blank"">PRD009-3144012B</a>","<a href=""https://fluidigm.my.salesforce.com/sfc/p/700000009DAw/a/4u000001870w/XU6eX2YZtdejnAfGRls.mPHhJTPvhOp30R18ZV_Asw4"" target=""_blank"">MSDS-3000000X</a>",various,Maxpar
CyTOF (Cytometry),3144014B,Anti-Human CD38,<div>HIT2</div>,144Nd,"Human, Chimpanzee, Horse, Cow",100 Tests,"<a href=""https://fluidigm.my.salesforce.com/sfc/p/700000009DAw/a/4u0000019hqm/jGAWzUbXtnpFchXvHija6zpz5taBdCEre2aNwrknc0M"" target=""_blank"">PRD009-3144014B</a>","<a href=""https://fluidigm.my.salesforce.com/sfc/p/700000009DAw/a/4u000001870w/XU6eX2YZtdejnAfGRls.mPHhJTPvhOp30R18ZV_Asw4"" target=""_blank"">MSDS-3000000X</a>",various,Maxpar
CyTOF (Cytometry),3144014C,Anti-Human CD38,<div>HIT2</div>,144Nd,"Human, Chimpanzee, Horse, Cow",25 Tests,"<a href=""https://fluidigm.my.salesforce.com/sfc/p/700000009DAw/a/4u0000019hqm/jGAWzUbXtnpFchXvHija6zpz5taBdCEre2aNwrknc0M"" target=""_blank"">PRD009-3144014B</a>","<a href=""https://fluidigm.my.salesforce.com/sfc/p/700000009DAw/a/4u000001870w/XU6eX2YZtdejnAfGRls.mPHhJTPvhOp30R18ZV_Asw4"" target=""_blank"">MSDS-3000000X</a>",various,Maxpar
CyTOF (Cytometry),3144015A,Anti-pPLCγ2 [Y759],<div>K86-689.37</div>,144Nd,"Human, Mouse, Rat",50 Tests,"<a href=""https://fluidigm.my.salesforce.com/sfc/p/700000009DAw/a/4u0000019hqr/xS3PxOxMHFGXcCQaQdh6IzBC2u2O8QTNG6BVjOxdwk4"" target=""_blank"">PRD009-3144015A</a>","<a href=""https://fluidigm.my.salesforce.com/sfc/p/700000009DAw/a/4u000001870w/XU6eX2YZtdejnAfGRls.mPHhJTPvhOp30R18ZV_Asw4"" target=""_blank"">MSDS-3000000X</a>",various,Maxpar
CyTOF (Cytometry),3144015C,Anti-pPLCγ2 [Y759],<div>K86-689.37</div>,144Nd,"Human, Mouse, Rat",25 Tests,"<a href=""https://fluidigm.my.salesforce.com/sfc/p/700000009DAw/a/4u0000019hqr/xS3PxOxMHFGXcCQaQdh6IzBC2u2O8QTNG6BVjOxdwk4"" target=""_blank"">PRD009-3144015A</a>","<a href=""https://fluidigm.my.salesforce.com/sfc/p/700000009DAw/a/4u000001870w/XU6eX2YZtdejnAfGRls.mPHhJTPvhOp30R18ZV_Asw4"" target=""_blank"">MSDS-3000000X</a>",various,Maxpar
CyTOF (Cytometry),3144016B,Anti-Mouse MHC Class I,<div>28-14-8</div>,144Nd,Mouse,100 Tests,"<a href=""https://fluidigm.my.salesforce.com/sfc/p/700000009DAw/a/4u0000019hqi/I8Wpz8eqsGKPxxNnNvwljhIVafbTXCJLRzhIbczNexw"" target=""_blank"">PRD009-3144016B</a>","<a href=""https://fluidigm.my.salesforce.com/sfc/p/700000009DAw/a/4u000001870w/XU6eX2YZtdejnAfGRls.mPHhJTPvhOp30R18ZV_Asw4"" target=""_blank"">MSDS-3000000X</a>",various,Maxpar
CyTOF (Cytometry),3144016C,Anti-Mouse MHC Class I,<div>28-14-8</div>,144Nd,Mouse,25 Tests,"<a href=""https://fluidigm.my.salesforce.com/sfc/p/700000009DAw/a/4u0000019hqi/I8Wpz8eqsGKPxxNnNvwljhIVafbTXCJLRzhIbczNexw"" target=""_blank"">PRD009-3144016B</a>","<a href=""https://fluidigm.my.salesforce.com/sfc/p/700000009DAw/a/4u000001870w/XU6eX2YZtdejnAfGRls.mPHhJTPvhOp30R18ZV_Asw4"" target=""_blank"">MSDS-3000000X</a>",various,Maxpar
CyTOF (Cytometry),3144017B,"Anti-Human HLA-A,B,C",<div>W6/32</div>,144Nd,"Human, African Green, Baboon, Cat (Feline), Cattle (Bovine, Cow), Chimpanzee, Cynomolgus, Rhesus",100 Tests,"<a href=""https://fluidigm.my.salesforce.com/sfc/p/700000009DAw/a/4u0000019hqw/JRAyhRiryRuZeA_PDpKVWHlWA8yP8Os_nCXiYUw8Fus"" target=""_blank"">PRD009-3144017B</a>","<a href=""https://fluidigm.my.salesforce.com/sfc/p/700000009DAw/a/4u000001870w/XU6eX2YZtdejnAfGRls.mPHhJTPvhOp30R18ZV_Asw4"" target=""_blank"">MSDS-3000000X</a>",various,Maxpar
CyTOF (Cytometry),3144017C,"Anti-Human HLA-A,B,C",<div>W6/32</div>,144Nd,"Human, African Green, Baboon, Cat (Feline), Cattle (Bovine, Cow), Chimpanzee, Cynomolgus, Rhesus",25 Tests,"<a href=""https://fluidigm.my.salesforce.com/sfc/p/700000009DAw/a/4u0000019hqw/JRAyhRiryRuZeA_PDpKVWHlWA8yP8Os_nCXiYUw8Fus"" target=""_blank"">PRD009-3144017B</a>","<a href=""https://fluidigm.my.salesforce.com/sfc/p/700000009DAw/a/4u000001870w/XU6eX2YZtdejnAfGRls.mPHhJTPvhOp30R18ZV_Asw4"" target=""_blank"">MSDS-3000000X</a>",various,Maxpar
CyTOF (Cytometry),3144018B,Anti-Human CD69,<div>FN50</div>,144Nd,"Human, African Green, Baboon, Chimpanzee, Cynomolgus Macaque, Pigtailed Macaque, Rhesus Macaque",100 Tests,"<a href=""https://fluidigm.my.salesforce.com/sfc/p/700000009DAw/a/4u0000019hr1/uIHnr7wYhEwiAX64o4DRr.pjg04aC2OxVy4hcKPa2Jg"" target=""_blank"">PRD009-3144018B</a>","<a href=""https://fluidigm.my.salesforce.com/sfc/p/700000009DAw/a/4u000001870w/XU6eX2YZtdejnAfGRls.mPHhJTPvhOp30R18ZV_Asw4"" target=""_blank"">MSDS-3000000X</a>",various,Maxpar
CyTOF (Cytometry),3144018C,Anti-Human CD69,<div>FN50</div>,144Nd,"Human, African Green, Baboon, Chimpanzee, Cynomolgus Macaque, Pigtailed Macaque, Rhesus Macaque",25 Tests,"<a href=""https://fluidigm.my.salesforce.com/sfc/p/700000009DAw/a/4u0000019hr1/uIHnr7wYhEwiAX64o4DRr.pjg04aC2OxVy4hcKPa2Jg"" target=""_blank"">PRD009-3144018B</a>","<a href=""https://fluidigm.my.salesforce.com/sfc/p/700000009DAw/a/4u000001870w/XU6eX2YZtdejnAfGRls.mPHhJTPvhOp30R18ZV_Asw4"" target=""_blank"">MSDS-3000000X</a>",various,Maxpar
CyTOF (Cytometry),3144019B,Anti-Human CD15/SSEA-1,<div>W6D3</div>,144Nd,Human,100 Tests,"<a href=""https://fluidigm.my.salesforce.com/sfc/p/700000009DAw/a/4u0000019hqx/vYPlQl8SB0EQdwsdrhgZA_QhV.tMcbuZoejxVAf9xhM"" target=""_blank"">PRD009-3144019B</a>","<a href=""https://fluidigm.my.salesforce.com/sfc/p/700000009DAw/a/4u000001870w/XU6eX2YZtdejnAfGRls.mPHhJTPvhOp30R18ZV_Asw4"" target=""_blank"">MSDS-3000000X</a>",various,Maxpar
CyTOF (Cytometry),3144019C,Anti-Human CD15/SSEA-1,<div>W6D3</div>,144Nd,Human,25 Tests,"<a href=""https://fluidigm.my.salesforce.com/sfc/p/700000009DAw/a/4u0000019hqx/vYPlQl8SB0EQdwsdrhgZA_QhV.tMcbuZoejxVAf9xhM"" target=""_blank"">PRD009-3144019B</a>","<a href=""https://fluidigm.my.salesforce.com/sfc/p/700000009DAw/a/4u000001870w/XU6eX2YZtdejnAfGRls.mPHhJTPvhOp30R18ZV_Asw4"" target=""_blank"">MSDS-3000000X</a>",various,Maxpar
CyTOF (Cytometry),3144020B,Anti-Human CD42b,<div>HIP1</div>,144Nd,"Human, Chimpanzee",100 Tests,"<a href=""https://fluidigm.my.salesforce.com/sfc/p/700000009DAw/a/4u0000019hqd/X6RtNJEIqFaKhOrjtMwd347a.qC09yAwUZb2Mwt_Eu8"" target=""_blank"">PRD009-3144020B</a>","<a href=""https://fluidigm.my.salesforce.com/sfc/p/700000009DAw/a/4u000001870w/XU6eX2YZtdejnAfGRls.mPHhJTPvhOp30R18ZV_Asw4"" target=""_blank"">MSDS-3000000X</a>",various,Maxpar
CyTOF (Cytometry),3144020C,Anti-Human CD42b,<div>HIP1</div>,144Nd,"Human, Chimpanzee",25 Tests,"<a href=""https://fluidigm.my.salesforce.com/sfc/p/700000009DAw/a/4u0000019hqd/X6RtNJEIqFaKhOrjtMwd347a.qC09yAwUZb2Mwt_Eu8"" target=""_blank"">PRD009-3144020B</a>","<a href=""https://fluidigm.my.salesforce.com/sfc/p/700000009DAw/a/4u000001870w/XU6eX2YZtdejnAfGRls.mPHhJTPvhOp30R18ZV_Asw4"" target=""_blank"">MSDS-3000000X</a>",various,Maxpar
CyTOF (Cytometry),3144021B,Anti-Human IL-2,<div>MQ1-17H12</div>,144Nd,"Human, Feline, Chimpanzee, Bamboo, Cynomolgus, Rhesus, Sooty Mangabey",100 Tests,"<a href=""https://fluidigm.my.salesforce.com/sfc/p/700000009DAw/a/4u0000019hr6/2X9Rd8jqiQp8SrxQvM_9tf4SiHUTAMw5uKCKZbCkwYM"" target=""_blank"">PRD009-3144021B</a>","<a href=""https://fluidigm.my.salesforce.com/sfc/p/700000009DAw/a/4u000001870w/XU6eX2YZtdejnAfGRls.mPHhJTPvhOp30R18ZV_Asw4"" target=""_blank"">MSDS-3000000X</a>",various,Maxpar
CyTOF (Cytometry),3144021C,Anti-Human IL-2,<div>MQ1-17H12</div>,144Nd,"Human, Feline, Chimpanzee, Bamboo, Cynomolgus, Rhesus, Sooty Mangabey",25 Tests,"<a href=""https://fluidigm.my.salesforce.com/sfc/p/700000009DAw/a/4u0000019hr6/2X9Rd8jqiQp8SrxQvM_9tf4SiHUTAMw5uKCKZbCkwYM"" target=""_blank"">PRD009-3144021B</a>","<a href=""https://fluidigm.my.salesforce.com/sfc/p/700000009DAw/a/4u000001870w/XU6eX2YZtdejnAfGRls.mPHhJTPvhOp30R18ZV_Asw4"" target=""_blank"">MSDS-3000000X</a>",various,Maxpar
CyTOF (Cytometry),3144022B,Anti-Human CD270/HVEM,<div>122</div>,144Nd,"Human, African Green, Baboon, Cynomolgus, Rhesus",100 Tests,"<a href=""https://fluidigm.my.salesforce.com/sfc/p/#700000009DAw/a/4u0000019hr7/IQ_yMIsDsygGzM3ktoxyZ6guoBFRpoj3GVaDrFhRJYQ"" target=""_blank"">PRD009-3144022B</a>","<a href=""https://fluidigm.my.salesforce.com/sfc/p/700000009DAw/a/4u000001870w/XU6eX2YZtdejnAfGRls.mPHhJTPvhOp30R18ZV_Asw4"" target=""_blank"">MSDS-3000000X</a>",various,Maxpar
CyTOF (Cytometry),3144022C,Anti-Human CD270/HVEM,<div>122</div>,144Nd,"Human, African Green, Baboon, Cynomolgus, Rhesus",25 Tests,"<a href=""https://fluidigm.my.salesforce.com/sfc/p/700000009DAw/a/4u0000019hr7/IQ_yMIsDsygGzM3ktoxyZ6guoBFRpoj3GVaDrFhRJYQ"" target=""_blank"">PRD009-3144022B</a>","<a href=""https://fluidigm.my.salesforce.com/sfc/p/700000009DAw/a/4u000001870w/XU6eX2YZtdejnAfGRls.mPHhJTPvhOp30R18ZV_Asw4"" target=""_blank"">MSDS-3000000X</a>",various,Maxpar
CyTOF (Cytometry),3144023B,Anti-Human CD31/PECAM-1,<div>WM59</div>,144Nd,"Human, African Green, Baboon, Cynomolgus, Rhesus",100 Tests,"<a href=""https://fluidigm.my.salesforce.com/sfc/p/700000009DAw/a/4u0000019hrB/yISH7ApovN9Hl4tLVFZG0GeU2DTEaqye8qhM5rt5fjw"" target=""_blank"">PRD009-3144023B</a>","<a href=""https://fluidigm.my.salesforce.com/sfc/p/700000009DAw/a/4u000001870w/XU6eX2YZtdejnAfGRls.mPHhJTPvhOp30R18ZV_Asw4"" target=""_blank"">MSDS-3000000X</a>",various,Maxpar
CyTOF (Cytometry),3144023C,Anti-Human CD31/PECAM-1,<div>WM59</div>,144Nd,"Human, African Green, Baboon, Cynomolgus, Rhesus",25 Tests,"<a href=""https://fluidigm.my.salesforce.com/sfc/p/700000009DAw/a/4u0000019hrB/yISH7ApovN9Hl4tLVFZG0GeU2DTEaqye8qhM5rt5fjw"" target=""_blank"">PRD009-3144023B</a>","<a href=""https://fluidigm.my.salesforce.com/sfc/p/700000009DAw/a/4u000001870w/XU6eX2YZtdejnAfGRls.mPHhJTPvhOp30R18ZV_Asw4"" target=""_blank"">MSDS-3000000X</a>",various,Maxpar
CyTOF (Cytometry),3144029B,Anti-Human CD4,<div>SK3</div>,144Nd,Human,100 Tests,"<a href=""https://fluidigm.my.salesforce.com/sfc/p/700000009DAw/a/4u000000qQS7/EhkyxqS2pw0BYzD50sjtYWFRSI8Kt7IbLBbVlOtMj0c"" target=""_blank"">PRD009-3144029B</a>","<a href=""https://fluidigm.my.salesforce.com/sfc/p/700000009DAw/a/4u000001870w/XU6eX2YZtdejnAfGRls.mPHhJTPvhOp30R18ZV_Asw4"" target=""_blank"">MSDS-3000000X</a>",various,Maxpar
CyTOF (Cytometry),3144029C,Anti-Human CD4,<div>SK3</div>,144Nd,Human,25 Tests,"<a href=""https://fluidigm.my.salesforce.com/sfc/p/700000009DAw/a/4u000000qQS7/EhkyxqS2pw0BYzD50sjtYWFRSI8Kt7IbLBbVlOtMj0c"" target=""_blank"">PRD009-3144029B</a>","<a href=""https://fluidigm.my.salesforce.com/sfc/p/700000009DAw/a/4u000001870w/XU6eX2YZtdejnAfGRls.mPHhJTPvhOp30R18ZV_Asw4"" target=""_blank"">MSDS-3000000X</a>",various,Maxpar
CyTOF (Cytometry),3145001B,Anti-Human CD4,<div>RPA-T4</div>,145Nd,"Human, Chimpanzee",100 Tests,"<a href=""https://fluidigm.my.salesforce.com/sfc/p/700000009DAw/a/4u0000019hqy/MuV_QkBTayv4wqF4kNBq8a4EaSPUqu5AkO2E4KQ56Fc"" target=""_blank"">PRD009-3145001B</a>","<a href=""https://fluidigm.my.salesforce.com/sfc/p/700000009DAw/a/4u000001870w/XU6eX2YZtdejnAfGRls.mPHhJTPvhOp30R18ZV_Asw4"" target=""_blank"">MSDS-3000000X</a>",various,Maxpar
CyTOF (Cytometry),3145001C,Anti-Human CD4,<div>RPA-T4</div>,145Nd,"Human, Chimpanzee",25 Tests,"<a href=""https://fluidigm.my.salesforce.com/sfc/p/700000009DAw/a/4u0000019hqy/MuV_QkBTayv4wqF4kNBq8a4EaSPUqu5AkO2E4KQ56Fc"" target=""_blank"">PRD009-3145001B</a>","<a href=""https://fluidigm.my.salesforce.com/sfc/p/700000009DAw/a/4u000001870w/XU6eX2YZtdejnAfGRls.mPHhJTPvhOp30R18ZV_Asw4"" target=""_blank"">MSDS-3000000X</a>",various,Maxpar
CyTOF (Cytometry),3145002B,Anti-Mouse CD4,<div>RM4-5</div>,145Nd,Mouse,100 Tests,"<a href=""https://fluidigm.my.salesforce.com/sfc/p/700000009DAw/a/4u0000019hrG/CIiTvZd6Eg4WPYkeN3MgSC56fYMhmMI2KJNG4mIDi2o"" target=""_blank"">PRD009-3145002B</a>","<a href=""https://fluidigm.my.salesforce.com/sfc/p/700000009DAw/a/4u000001870w/XU6eX2YZtdejnAfGRls.mPHhJTPvhOp30R18ZV_Asw4"" target=""_blank"">MSDS-3000000X</a>",various,Maxpar
CyTOF (Cytometry),3145002C,Anti-Mouse CD4,<div>RM4-5</div>,145Nd,Mouse,25 Tests,"<a href=""https://fluidigm.my.salesforce.com/sfc/p/700000009DAw/a/4u0000019hrG/CIiTvZd6Eg4WPYkeN3MgSC56fYMhmMI2KJNG4mIDi2o"" target=""_blank"">PRD009-3145002B</a>","<a href=""https://fluidigm.my.salesforce.com/sfc/p/700000009DAw/a/4u000001870w/XU6eX2YZtdejnAfGRls.mPHhJTPvhOp30R18ZV_Asw4"" target=""_blank"">MSDS-3000000X</a>",various,Maxpar
CyTOF (Cytometry),3145003B,Anti-Human CD138/Syndecan-1,<div>DL-101</div>,145Nd,"Human, African Green, Baboon, Cynomolgus",100 Tests,"<a href=""https://fluidigm.my.salesforce.com/sfc/p/700000009DAw/a/4u0000019hrL/eTGSR9k1PDkeLHnTDo1geir2V08oWt1WQ2XrSgcGLR8"" target=""_blank"">PRD009-3145003B</a>","<a href=""https://fluidigm.my.salesforce.com/sfc/p/700000009DAw/a/4u000001870w/XU6eX2YZtdejnAfGRls.mPHhJTPvhOp30R18ZV_Asw4"" target=""_blank"">MSDS-3000000X</a>",various,Maxpar
CyTOF (Cytometry),3145003C,Anti-Human CD138/Syndecan-1,<div>DL-101</div>,145Nd,"Human, African Green, Baboon, Cynomolgus",25 Tests,"<a href=""https://fluidigm.my.salesforce.com/sfc/p/700000009DAw/a/4u0000019hrL/eTGSR9k1PDkeLHnTDo1geir2V08oWt1WQ2XrSgcGLR8"" target=""_blank"">PRD009-3145003B</a>","<a href=""https://fluidigm.my.salesforce.com/sfc/p/700000009DAw/a/4u000001870w/XU6eX2YZtdejnAfGRls.mPHhJTPvhOp30R18ZV_Asw4"" target=""_blank"">MSDS-3000000X</a>",various,Maxpar
CyTOF (Cytometry),3145004B,Anti-Human CD31/PECAM-1,<div>WM59</div>,145Nd,"Human, African Green, Baboon, Cynomolgus, Rhesus",100 Tests,"<a href=""https://fluidigm.my.salesforce.com/sfc/p/700000009DAw/a/4u0000019hr8/F9idYKa.XukDfDbYUlNDDnP7W4E_EDYVct8_BWTZjp4"" target=""_blank"">PRD009-3145004B</a>","<a href=""https://fluidigm.my.salesforce.com/sfc/p/700000009DAw/a/4u000001870w/XU6eX2YZtdejnAfGRls.mPHhJTPvhOp30R18ZV_Asw4"" target=""_blank"">MSDS-3000000X</a>",various,Maxpar
CyTOF (Cytometry),3145004C,Anti-Human CD31/PECAM-1,<div>WM59</div>,145Nd,"Human, African Green, Baboon, Cynomolgus, Rhesus",25 Tests,"<a href=""https://fluidigm.my.salesforce.com/sfc/p/700000009DAw/a/4u0000019hr8/F9idYKa.XukDfDbYUlNDDnP7W4E_EDYVct8_BWTZjp4"" target=""_blank"">PRD009-3145004B</a>","<a href=""https://fluidigm.my.salesforce.com/sfc/p/700000009DAw/a/4u000001870w/XU6eX2YZtdejnAfGRls.mPHhJTPvhOp30R18ZV_Asw4"" target=""_blank"">MSDS-3000000X</a>",various,Maxpar
CyTOF (Cytometry),3145005B,Anti-Mouse CD69,<div>H1.2F3</div>,145Nd,Mouse,100 Tests,"<a href=""https://fluidigm.my.salesforce.com/sfc/p/700000009DAw/a/4u0000019hqe/2CGFMxZDUL72PKsfvPyOPS3BMSR1hymmPonEyxusqhg"" target=""_blank"">PRD009-3145005B</a>","<a href=""https://fluidigm.my.salesforce.com/sfc/p/700000009DAw/a/4u000001870w/XU6eX2YZtdejnAfGRls.mPHhJTPvhOp30R18ZV_Asw4"" target=""_blank"">MSDS-3000000X</a>",various,Maxpar
CyTOF (Cytometry),3145005C,Anti-Mouse CD69,<div>H1.2F3</div>,145Nd,Mouse,25 Tests,"<a href=""https://fluidigm.my.salesforce.com/sfc/p/700000009DAw/a/4u0000019hqe/2CGFMxZDUL72PKsfvPyOPS3BMSR1hymmPonEyxusqhg"" target=""_blank"">PRD009-3145005B</a>","<a href=""https://fluidigm.my.salesforce.com/sfc/p/700000009DAw/a/4u000001870w/XU6eX2YZtdejnAfGRls.mPHhJTPvhOp30R18ZV_Asw4"" target=""_blank"">MSDS-3000000X</a>",various,Maxpar
CyTOF (Cytometry),3145006B,Anti-PE,<div>PE001</div>,145Nd,Cross,100 Tests,"<a href=""https://fluidigm.my.salesforce.com/sfc/p/700000009DAw/a/4u0000019hrQ/Z6wbEhKa0Qv0Mna5au2plAC3gL7dRFZzkopiNKPI_pw"" target=""_blank"">PRD009-3145006B</a>","<a href=""https://fluidigm.my.salesforce.com/sfc/p/700000009DAw/a/4u000001870w/XU6eX2YZtdejnAfGRls.mPHhJTPvhOp30R18ZV_Asw4"" target=""_blank"">MSDS-3000000X</a>",various,Maxpar
CyTOF (Cytometry),3145006C,Anti-PE,<div>PE001</div>,145Nd,Cross,25 Tests,"<a href=""https://fluidigm.my.salesforce.com/sfc/p/700000009DAw/a/4u0000019hrQ/Z6wbEhKa0Qv0Mna5au2plAC3gL7dRFZzkopiNKPI_pw"" target=""_blank"">PRD009-3145006B</a>","<a href=""https://fluidigm.my.salesforce.com/sfc/p/700000009DAw/a/4u000001870w/XU6eX2YZtdejnAfGRls.mPHhJTPvhOp30R18ZV_Asw4"" target=""_blank"">MSDS-3000000X</a>",various,Maxpar
CyTOF (Cytometry),3145007B,Anti-Human CD81,<div>5A6</div>,145Nd,"Human, African Green, Baboon, Cynomolgus, Rhesus",100 Tests,"<a href=""https://fluidigm.my.salesforce.com/sfc/p/700000009DAw/a/4u0000019hrV/ptqegV4p9akbPzGTD4pnvwQ9xynTyNG.LtaYXr1KPvw"" target=""_blank"">PRD009-3145007B</a>","<a href=""https://fluidigm.my.salesforce.com/sfc/p/700000009DAw/a/4u000001870w/XU6eX2YZtdejnAfGRls.mPHhJTPvhOp30R18ZV_Asw4"" target=""_blank"">MSDS-3000000X</a>",various,Maxpar
CyTOF (Cytometry),3145007C,Anti-Human CD81,<div>5A6</div>,145Nd,"Human, African Green, Baboon, Cynomolgus, Rhesus",25 Tests,"<a href=""https://fluidigm.my.salesforce.com/sfc/p/700000009DAw/a/4u0000019hrV/ptqegV4p9akbPzGTD4pnvwQ9xynTyNG.LtaYXr1KPvw"" target=""_blank"">PRD009-3145007B</a>","<a href=""https://fluidigm.my.salesforce.com/sfc/p/700000009DAw/a/4u000001870w/XU6eX2YZtdejnAfGRls.mPHhJTPvhOp30R18ZV_Asw4"" target=""_blank"">MSDS-3000000X</a>",various,Maxpar
CyTOF (Cytometry),3145008B,Anti-Human CD16,<div>3G8</div>,145Nd,"Human, Cynomolgus Macaque, Rhesus Macaque, African Green, Baboon, Capuchin Monkey, Chimpanzee, Common Marmoset, Pigtailed Macaque, Sooty Mangabey, Squirrel Monkey",100 Tests,"<a href=""https://fluidigm.my.salesforce.com/sfc/p/700000009DAw/a/4u0000019hrC/zSnPtOTs_QAZ6h8T_BBL5XcZOwPaTlAG7QHptU2p7hc"" target=""_blank"">PRD009-3145008B</a>","<a href=""https://fluidigm.my.salesforce.com/sfc/p/700000009DAw/a/4u000001870w/XU6eX2YZtdejnAfGRls.mPHhJTPvhOp30R18ZV_Asw4"" target=""_blank"">MSDS-3000000X</a>",various,Maxpar
CyTOF (Cytometry),3145008C,Anti-Human CD16,<div>3G8</div>,145Nd,"Human, Cynomolgus Macaque, Rhesus Macaque, African Green, Baboon, Capuchin Monkey, Chimpanzee, Common Marmoset, Pigtailed Macaque, Sooty Mangabey, Squirrel Monkey",25 Tests,"<a href=""https://fluidigm.my.salesforce.com/sfc/p/700000009DAw/a/4u0000019hrC/zSnPtOTs_QAZ6h8T_BBL5XcZOwPaTlAG7QHptU2p7hc"" target=""_blank"">PRD009-3145008B</a>","<a href=""https://fluidigm.my.salesforce.com/sfc/p/700000009DAw/a/4u000001870w/XU6eX2YZtdejnAfGRls.mPHhJTPvhOp30R18ZV_Asw4"" target=""_blank"">MSDS-3000000X</a>",various,Maxpar
CyTOF (Cytometry),3145009B,Anti-Human CD45RB,<div>MEM-55</div>,145Nd,"Human, African Green, Baboon, Cynomolgus, Rhesus",100 Tests,"<a href=""https://fluidigm.my.salesforce.com/sfc/p/700000009DAw/a/4u0000019hra/M3Et0UmelaLoR9IE4RANGshBi6afdquF_hDOT15Lzoo"" target=""_blank"">PRD009-3145009B</a>","<a href=""https://fluidigm.my.salesforce.com/sfc/p/700000009DAw/a/4u000001870w/XU6eX2YZtdejnAfGRls.mPHhJTPvhOp30R18ZV_Asw4"" target=""_blank"">MSDS-3000000X</a>",various,Maxpar
CyTOF (Cytometry),3145009C,Anti-Human CD45RB,<div>MEM-55</div>,145Nd,"Human, African Green, Baboon, Cynomolgus, Rhesus",25 Tests,"<a href=""https://fluidigm.my.salesforce.com/sfc/p/700000009DAw/a/4u0000019hra/M3Et0UmelaLoR9IE4RANGshBi6afdquF_hDOT15Lzoo"" target=""_blank"">PRD009-3145009B</a>","<a href=""https://fluidigm.my.salesforce.com/sfc/p/700000009DAw/a/4u000001870w/XU6eX2YZtdejnAfGRls.mPHhJTPvhOp30R18ZV_Asw4"" target=""_blank"">MSDS-3000000X</a>",various,Maxpar
CyTOF (Cytometry),3145010B,Anti-Human CD163,<div>GHI/61</div>,145ND,"Human, African Green, Cynomolgus, Rhesus",100 Tests,"<a href=""https://fluidigm.my.salesforce.com/sfc/p/700000009DAw/a/4u0000019hrf/pw9Na7T46rPvvydlNVkuZ5xasKlPOix2PM2s8_1ySAw"" target=""_blank"">PRD009-3145010B</a>","<a href=""https://fluidigm.my.salesforce.com/sfc/p/700000009DAw/a/4u000001870w/XU6eX2YZtdejnAfGRls.mPHhJTPvhOp30R18ZV_Asw4"" target=""_blank"">MSDS-3000000X</a>",various,Maxpar
CyTOF (Cytometry),3145010C,Anti-Human CD163,<div>GHI/61</div>,145ND,"Human, African Green, Cynomolgus, Rhesus",25 Tests,"<a href=""https://fluidigm.my.salesforce.com/sfc/p/700000009DAw/a/4u0000019hrf/pw9Na7T46rPvvydlNVkuZ5xasKlPOix2PM2s8_1ySAw"" target=""_blank"">PRD009-3145010B</a>","<a href=""https://fluidigm.my.salesforce.com/sfc/p/700000009DAw/a/4u000001870w/XU6eX2YZtdejnAfGRls.mPHhJTPvhOp30R18ZV_Asw4"" target=""_blank"">MSDS-3000000X</a>",various,Maxpar
CyTOF (Cytometry),3145011A,Anti-Human Progesterone Receptor,<div>D8Q2J</div>,145Nd,"Monkey, Human",50 Tests,"<a href=""https://fluidigm.my.salesforce.com/sfc/p/700000009DAw/a/4u0000019hrk/C9kmvxuR6bWrZ8x.ZLQYXr3rbimg2VYz2hVDTH.QxOA"" target=""_blank"">PRD009-3145011A</a>","<a href=""https://fluidigm.my.salesforce.com/sfc/p/700000009DAw/a/4u000001870w/XU6eX2YZtdejnAfGRls.mPHhJTPvhOp30R18ZV_Asw4"" target=""_blank"">MSDS-3000000X</a>",various,Maxpar
CyTOF (Cytometry),3145011C,Anti-Human Progesterone Receptor,<div>D8Q2J </div>,145Nd,"Monkey, Human",25 Tests,"<a href=""https://fluidigm.my.salesforce.com/sfc/p/700000009DAw/a/4u0000019hrk/C9kmvxuR6bWrZ8x.ZLQYXr3rbimg2VYz2hVDTH.QxOA"" target=""_blank"">PRD009-3145011B</a>","<a href=""https://fluidigm.my.salesforce.com/sfc/p/700000009DAw/a/4u000001870w/XU6eX2YZtdejnAfGRls.mPHhJTPvhOp30R18ZV_Asw4"" target=""_blank"">MSDS-3000000X</a>",various,Maxpar
CyTOF (Cytometry),3145012B,Anti-Mouse CD45RB,<div>C363.16A</div>,145Nd,Mouse,100 Tests,"<a href=""https://fluidigm.my.salesforce.com/sfc/p/700000009DAw/a/4u0000019hrl/gjZrLlbW0Gwe2Df7jBYFkwB6QO04pbh4WSnXjXL_M3I"" target=""_blank"">PRD009-3145012B</a>","<a href=""https://fluidigm.my.salesforce.com/sfc/p/700000009DAw/a/4u000001870w/XU6eX2YZtdejnAfGRls.mPHhJTPvhOp30R18ZV_Asw4"" target=""_blank"">MSDS-3000000X</a>",various,Maxpar
CyTOF (Cytometry),3145012C,Anti-Mouse CD45RB,<div>C363.16A</div>,145Nd,Mouse,25 Tests,"<a href=""https://fluidigm.my.salesforce.com/sfc/p/700000009DAw/a/4u0000019hrl/gjZrLlbW0Gwe2Df7jBYFkwB6QO04pbh4WSnXjXL_M3I"" target=""_blank"">PRD009-3145012B</a>","<a href=""https://fluidigm.my.salesforce.com/sfc/p/700000009DAw/a/4u000001870w/XU6eX2YZtdejnAfGRls.mPHhJTPvhOp30R18ZV_Asw4"" target=""_blank"">MSDS-3000000X</a>",various,Maxpar
CyTOF (Cytometry),3145013B,Anti-Human CD7,<div>CD7-6B7</div>,145Nd,Human,100 Tests,"<a href=""https://fluidigm.my.salesforce.com/sfc/p/700000009DAw/a/4u0000019hrp/QS2PFlz7kx5GsLv_Av9WET3RgFdf4zS8eHJxFoBmm6M"" target=""_blank"">PRD009-3145013B</a>","<a href=""https://fluidigm.my.salesforce.com/sfc/p/700000009DAw/a/4u000001870w/XU6eX2YZtdejnAfGRls.mPHhJTPvhOp30R18ZV_Asw4"" target=""_blank"">MSDS-3000000X</a>",various,Maxpar
CyTOF (Cytometry),3145013C,Anti-Human CD7,<div>CD7-6B7</div>,145Nd,Human,25 Tests,"<a href=""https://fluidigm.my.salesforce.com/sfc/p/700000009DAw/a/4u0000019hrp/QS2PFlz7kx5GsLv_Av9WET3RgFdf4zS8eHJxFoBmm6M"" target=""_blank"">PRD009-3145013B</a>","<a href=""https://fluidigm.my.salesforce.com/sfc/p/700000009DAw/a/4u000001870w/XU6eX2YZtdejnAfGRls.mPHhJTPvhOp30R18ZV_Asw4"" target=""_blank"">MSDS-3000000X</a>",various,Maxpar
CyTOF (Cytometry),3145020B,Anti-Human CD19,<div>HIB19</div>,145Nd,"Human, Chimpanzee",100 Tests,"<a href=""https://fluidigm.my.salesforce.com/sfc/p/700000009DAw/a/4u000000qQSS/DC.QQMWjOrD_NoqGWUgsb_MvCcWuJUH17aXUVoLZa_E"" target=""_blank"">PRD009-3145020B</a>","<a href=""https://fluidigm.my.salesforce.com/sfc/p/700000009DAw/a/4u000001870w/XU6eX2YZtdejnAfGRls.mPHhJTPvhOp30R18ZV_Asw4"" target=""_blank"">MSDS-3000000X</a>",various,Maxpar
CyTOF (Cytometry),3145020C,Anti-Human CD19,<div>HIB19</div>,145Nd,"Human, Chimpanzee",25 Tests,"<a href=""https://fluidigm.my.salesforce.com/sfc/p/700000009DAw/a/4u000000qQSS/DC.QQMWjOrD_NoqGWUgsb_MvCcWuJUH17aXUVoLZa_E"" target=""_blank"">PRD009-3145020B</a>","<a href=""https://fluidigm.my.salesforce.com/sfc/p/700000009DAw/a/4u000001870w/XU6eX2YZtdejnAfGRls.mPHhJTPvhOp30R18ZV_Asw4"" target=""_blank"">MSDS-3000000X</a>",various,Maxpar
CyTOF (Cytometry),3146001B,Anti-Human CD8a,<div>RPA-T8</div>,146Nd,"Human, Cynomolgus Macaque, Rhesus Macaque, Chimpanzee, Baboon, Pigtailed Macaque, Sooty Mangabey",100 Tests,"<a href=""https://fluidigm.my.salesforce.com/sfc/p/700000009DAw/a/4u0000019hrm/OVg4En2wVBrFkoMx29gjt2PsDegsudAa5Eg6_rrJGJs"" target=""_blank"">PRD009-3146001B</a>","<a href=""https://fluidigm.my.salesforce.com/sfc/p/700000009DAw/a/4u000001870w/XU6eX2YZtdejnAfGRls.mPHhJTPvhOp30R18ZV_Asw4"" target=""_blank"">MSDS-3000000X</a>",various,Maxpar
CyTOF (Cytometry),3146001C,Anti-Human CD8a,<div>RPA-T8</div>,146Nd,"Human, Cynomolgus Macaque, Rhesus Macaque, Chimpanzee, Baboon, Pigtailed Macaque, Sooty Mangabey",25 Tests,"<a href=""https://fluidigm.my.salesforce.com/sfc/p/700000009DAw/a/4u0000019hrm/OVg4En2wVBrFkoMx29gjt2PsDegsudAa5Eg6_rrJGJs"" target=""_blank"">PRD009-3146001B</a>","<a href=""https://fluidigm.my.salesforce.com/sfc/p/700000009DAw/a/4u000001870w/XU6eX2YZtdejnAfGRls.mPHhJTPvhOp30R18ZV_Asw4"" target=""_blank"">MSDS-3000000X</a>",various,Maxpar
CyTOF (Cytometry),3146003B,Anti-Mouse CD8a,<div>53-6.7</div>,146Nd,Mouse,100 Tests,"<a href=""https://fluidigm.my.salesforce.com/sfc/p/700000009DAw/a/4u0000019hrW/8flwNzM3BeKWM5e1FOhxEUU3JZhH1KyCdZXFQR7u7R4"" target=""_blank"">PRD009-3146003B</a>","<a href=""https://fluidigm.my.salesforce.com/sfc/p/700000009DAw/a/4u000001870w/XU6eX2YZtdejnAfGRls.mPHhJTPvhOp30R18ZV_Asw4"" target=""_blank"">MSDS-3000000X</a>",various,Maxpar
CyTOF (Cytometry),3146003C,Anti-Mouse CD8a,<div>53-6.7</div>,146Nd,Mouse,25 Tests,"<a href=""https://fluidigm.my.salesforce.com/sfc/p/700000009DAw/a/4u0000019hrW/8flwNzM3BeKWM5e1FOhxEUU3JZhH1KyCdZXFQR7u7R4"" target=""_blank"">PRD009-3146003B</a>","<a href=""https://fluidigm.my.salesforce.com/sfc/p/700000009DAw/a/4u000001870w/XU6eX2YZtdejnAfGRls.mPHhJTPvhOp30R18ZV_Asw4"" target=""_blank"">MSDS-3000000X</a>",various,Maxpar
CyTOF (Cytometry),3146005B,Anti-Human IgD,<div>IA6-2</div>,146Nd,Human,100 Tests,"<a href=""https://fluidigm.my.salesforce.com/sfc/p/700000009DAw/a/4u0000019hrM/lJMgUuqSD1WsV3Hcqo0qns_YDWO0BDVq55q6ZnseJzo"" target=""_blank"">PRD009-3146005B</a>","<a href=""https://fluidigm.my.salesforce.com/sfc/p/700000009DAw/a/4u000001870w/XU6eX2YZtdejnAfGRls.mPHhJTPvhOp30R18ZV_Asw4"" target=""_blank"">MSDS-3000000X</a>",various,Maxpar
CyTOF (Cytometry),3146005C,Anti-Human IgD,<div>IA6-2 </div>,146Nd,Human,25 Tests,"<a href=""https://fluidigm.my.salesforce.com/sfc/p/700000009DAw/a/4u0000019hrM/lJMgUuqSD1WsV3Hcqo0qns_YDWO0BDVq55q6ZnseJzo"" target=""_blank"">PRD009-3146005B</a>","<a href=""https://fluidigm.my.salesforce.com/sfc/p/700000009DAw/a/4u000001870w/XU6eX2YZtdejnAfGRls.mPHhJTPvhOp30R18ZV_Asw4"" target=""_blank"">MSDS-3000000X</a>",various,Maxpar
CyTOF (Cytometry),3146006B,Anti-Human CD64,<div>10.1</div>,146Nd,"Human, Cynomolgus Macaque, Rhesus Macaque, Baboon, Capuchin Monkey, Chimpanzee, Squirrel Monkey",100 Tests,"<a href=""https://fluidigm.my.salesforce.com/sfc/p/700000009DAw/a/4u0000019hrR/d0tffi4J8G0ito4Q6uXbVKdDO5JsW_vWa9qa1YvsAlM"" target=""_blank"">PRD009-3146006B</a>","<a href=""https://fluidigm.my.salesforce.com/sfc/p/700000009DAw/a/4u000001870w/XU6eX2YZtdejnAfGRls.mPHhJTPvhOp30R18ZV_Asw4"" target=""_blank"">MSDS-3000000X</a>",various,Maxpar
CyTOF (Cytometry),3146006C,Anti-Human CD64,<div>10.1</div>,146Nd,"Human, Cynomolgus Macaque, Rhesus Macaque, Baboon, Capuchin Monkey, Chimpanzee, Squirrel Monkey",25 Tests,"<a href=""https://fluidigm.my.salesforce.com/sfc/p/700000009DAw/a/4u0000019hrR/d0tffi4J8G0ito4Q6uXbVKdDO5JsW_vWa9qa1YvsAlM"" target=""_blank"">PRD009-3146006B</a>","<a href=""https://fluidigm.my.salesforce.com/sfc/p/700000009DAw/a/4u000001870w/XU6eX2YZtdejnAfGRls.mPHhJTPvhOp30R18ZV_Asw4"" target=""_blank"">MSDS-3000000X</a>",various,Maxpar
CyTOF (Cytometry),3146007A,Anti-pEGFR [Y1068],<div>D7A5</div>,146Nd,"Rat, Mouse, Human, Monkey",50 Tests,"<a href=""https://fluidigm.my.salesforce.com/sfc/p/700000009DAw/a/4u0000019hru/AJEpp95lp38PMyMFBBX5clrtRThorWvPmlKVSFeZSvc"" target=""_blank"">PRD009-3146007A</a>","<a href=""https://fluidigm.my.salesforce.com/sfc/p/700000009DAw/a/4u000001870w/XU6eX2YZtdejnAfGRls.mPHhJTPvhOp30R18ZV_Asw4"" target=""_blank"">MSDS-3000000X</a>",various,Maxpar
CyTOF (Cytometry),3146007C,Anti-pEGFR [Y1068],<div>D7A5</div>,146Nd,"Rat, Mouse, Human, Monkey",25 Tests,"<a href=""https://fluidigm.my.salesforce.com/sfc/p/700000009DAw/a/4u0000019hru/AJEpp95lp38PMyMFBBX5clrtRThorWvPmlKVSFeZSvc"" target=""_blank"">PRD009-3146007B</a>","<a href=""https://fluidigm.my.salesforce.com/sfc/p/700000009DAw/a/4u000001870w/XU6eX2YZtdejnAfGRls.mPHhJTPvhOp30R18ZV_Asw4"" target=""_blank"">MSDS-3000000X</a>",various,Maxpar
CyTOF (Cytometry),3146008B,Anti-Mouse F4/80,<div>BM8</div>,146Nd,Mouse,100 Tests,"<a href=""https://fluidigm.my.salesforce.com/sfc/p/700000009DAw/a/4u0000019hrq/4QslLWQHMBkaDpPv0gevwYn9kIbgIsAVZK_TDMnN738"" target=""_blank"">PRD009-3146008B</a>","<a href=""https://fluidigm.my.salesforce.com/sfc/p/700000009DAw/a/4u000001870w/XU6eX2YZtdejnAfGRls.mPHhJTPvhOp30R18ZV_Asw4"" target=""_blank"">MSDS-3000000X</a>",various,Maxpar
CyTOF (Cytometry),3146008C,Anti-Mouse F4/80,<div>BM8 </div>,146Nd,Mouse,25 Tests,"<a href=""https://fluidigm.my.salesforce.com/sfc/p/700000009DAw/a/4u0000019hrq/4QslLWQHMBkaDpPv0gevwYn9kIbgIsAVZK_TDMnN738"" target=""_blank"">PRD009-3146008B</a>","<a href=""https://fluidigm.my.salesforce.com/sfc/p/700000009DAw/a/4u000001870w/XU6eX2YZtdejnAfGRls.mPHhJTPvhOp30R18ZV_Asw4"" target=""_blank"">MSDS-3000000X</a>",various,Maxpar
CyTOF (Cytometry),3146009B,Anti-Mouse CD43,<div>S11</div>,146Nd,Mouse,100 Tests,"<a href=""https://fluidigm.my.salesforce.com/sfc/p/700000009DAw/a/4u0000019hrN/MQtGW8l4n7danqNVLq69BC3SXmehoo9Hw4fcbxMuUHc"" target=""_blank"">PRD009-3146009B</a>","<a href=""https://fluidigm.my.salesforce.com/sfc/p/700000009DAw/a/4u000001870w/XU6eX2YZtdejnAfGRls.mPHhJTPvhOp30R18ZV_Asw4"" target=""_blank"">MSDS-3000000X</a>",various,Maxpar
CyTOF (Cytometry),3146009C,Anti-Mouse CD43,<div>S11</div>,146Nd,Mouse,25 Tests,"<a href=""https://fluidigm.my.salesforce.com/sfc/p/700000009DAw/a/4u0000019hrN/MQtGW8l4n7danqNVLq69BC3SXmehoo9Hw4fcbxMuUHc"" target=""_blank"">PRD009-3146009B</a>","<a href=""https://fluidigm.my.salesforce.com/sfc/p/700000009DAw/a/4u000001870w/XU6eX2YZtdejnAfGRls.mPHhJTPvhOp30R18ZV_Asw4"" target=""_blank"">MSDS-3000000X</a>",various,Maxpar
CyTOF (Cytometry),3146010B,Anti-Human TNFα,<div>MAb11</div>,146Nd,"Human, Cat, Chimpanzee, Baboon, Cynomolgus Macaque, Rhesus Macaque, Pigtailed Macaque, Sooty Mangabey, Pig",100 Tests,"<a href=""https://fluidigm.my.salesforce.com/sfc/p/700000009DAw/a/4u0000019hrS/KR7GG_wd0Jki2UNepKN_03x0na0cLVHGUuAsA.V26sY"" target=""_blank"">PRD009-3146010B</a>","<a href=""https://fluidigm.my.salesforce.com/sfc/p/700000009DAw/a/4u000001870w/XU6eX2YZtdejnAfGRls.mPHhJTPvhOp30R18ZV_Asw4"" target=""_blank"">MSDS-3000000X</a>",various,Maxpar
CyTOF (Cytometry),3146010C,Anti-Human TNFα,<div>MAb11</div>,146Nd,"Human, Cat, Chimpanzee, Baboon, Cynomolgus Macaque, Rhesus Macaque, Pigtailed Macaque, Sooty Mangabey, Pig",25 Tests,"<a href=""https://fluidigm.my.salesforce.com/sfc/p/700000009DAw/a/4u0000019hrS/KR7GG_wd0Jki2UNepKN_03x0na0cLVHGUuAsA.V26sY"" target=""_blank"">PRD009-3146010B</a>","<a href=""https://fluidigm.my.salesforce.com/sfc/p/700000009DAw/a/4u000001870w/XU6eX2YZtdejnAfGRls.mPHhJTPvhOp30R18ZV_Asw4"" target=""_blank"">MSDS-3000000X</a>",various,Maxpar
CyTOF (Cytometry),3146011B,Anti-Human CD61,<div>VI-PL2</div>,146Nd,"Human, African Green, Baboon, Cynomolgus, Rhesus",100 Tests,"<a href=""https://fluidigm.my.salesforce.com/sfc/p/700000009DAw/a/4u0000019hrb/_k4yvud4yM6sx4LXDq_7Hn4uazgjOHUybzfr7qLUQp4"" target=""_blank"">PRD009-3146011B</a>","<a href=""https://fluidigm.my.salesforce.com/sfc/p/700000009DAw/a/4u000001870w/XU6eX2YZtdejnAfGRls.mPHhJTPvhOp30R18ZV_Asw4"" target=""_blank"">MSDS-3000000X</a>",various,Maxpar
CyTOF (Cytometry),3146011C,Anti-Human CD61,<div>VI-PL2</div>,146Nd,"Human, African Green, Baboon, Cynomolgus, Rhesus",25 Tests,"<a href=""https://fluidigm.my.salesforce.com/sfc/p/700000009DAw/a/4u0000019hrb/_k4yvud4yM6sx4LXDq_7Hn4uazgjOHUybzfr7qLUQp4"" target=""_blank"">PRD009-3146011B</a>","<a href=""https://fluidigm.my.salesforce.com/sfc/p/700000009DAw/a/4u000001870w/XU6eX2YZtdejnAfGRls.mPHhJTPvhOp30R18ZV_Asw4"" target=""_blank"">MSDS-3000000X</a>",various,Maxpar
CyTOF (Cytometry),3146012B,Anti-Mouse CD5,<div>53-7.3</div>,146Nd,Mouse,100 Tests,"<a href=""https://fluidigm.my.salesforce.com/sfc/p/700000009DAw/a/4u0000019hrH/4wIRb2f1rRvr6W5qXtGc2W7_C8AG1EAqNtAYT1vBets"" target=""_blank"">PRD009-3146012B</a>","<a href=""https://fluidigm.my.salesforce.com/sfc/p/700000009DAw/a/4u000001870w/XU6eX2YZtdejnAfGRls.mPHhJTPvhOp30R18ZV_Asw4"" target=""_blank"">MSDS-3000000X</a>",various,Maxpar
CyTOF (Cytometry),3146012C,Anti-Mouse CD5,<div>53-7.3</div>,146Nd,Mouse,25 Tests,"<a href=""https://fluidigm.my.salesforce.com/sfc/p/700000009DAw/a/4u0000019hrH/4wIRb2f1rRvr6W5qXtGc2W7_C8AG1EAqNtAYT1vBets"" target=""_blank"">PRD009-3146012B</a>","<a href=""https://fluidigm.my.salesforce.com/sfc/p/700000009DAw/a/4u000001870w/XU6eX2YZtdejnAfGRls.mPHhJTPvhOp30R18ZV_Asw4"" target=""_blank"">MSDS-3000000X</a>",various,Maxpar
CyTOF (Cytometry),3146013B,Anti-Human CD52,<div>HI186</div>,146Nd,"Human, Cynomolgus, Rhesus",100 Tests,"<a href=""https://fluidigm.my.salesforce.com/sfc/p/700000009DAw/a/4u0000019hs4/qYy5w7nrHUlCU4zSa56iBK8xrz4HNFPbPAvBGLprl4s"" target=""_blank"">PRD009-3146013B</a>","<a href=""https://fluidigm.my.salesforce.com/sfc/p/700000009DAw/a/4u000001870w/XU6eX2YZtdejnAfGRls.mPHhJTPvhOp30R18ZV_Asw4"" target=""_blank"">MSDS-3000000X</a>",various,Maxpar
CyTOF (Cytometry),3146013C,Anti-Human CD52,<div>HI186</div>,146Nd,"Human, Cynomolgus, Rhesus",25 Tests,"<a href=""https://fluidigm.my.salesforce.com/sfc/p/700000009DAw/a/4u0000019hs4/qYy5w7nrHUlCU4zSa56iBK8xrz4HNFPbPAvBGLprl4s"" target=""_blank"">PRD009-3146013B</a>","<a href=""https://fluidigm.my.salesforce.com/sfc/p/700000009DAw/a/4u000001870w/XU6eX2YZtdejnAfGRls.mPHhJTPvhOp30R18ZV_Asw4"" target=""_blank"">MSDS-3000000X</a>",various,Maxpar
CyTOF (Cytometry),3146014B,Anti-Human CD11c,<div>3.9</div>,146Nd,"Human, Cynomolgus Monkey, Rhesus, Chimpanzee, Olive Baboon, Squirrel Monkey, African Green",100 Tests,"<a href=""https://fluidigm.my.salesforce.com/sfc/p/700000009DAw/a/4u0000019hrc/wnO0MGFBHT3XyqGUvp.1nCkTWxvffVWP.noJVj2wLNI"" target=""_blank"">PRD009-3146014B</a>","<a href=""https://fluidigm.my.salesforce.com/sfc/p/700000009DAw/a/4u000001870w/XU6eX2YZtdejnAfGRls.mPHhJTPvhOp30R18ZV_Asw4"" target=""_blank"">MSDS-3000000X</a>",various,Maxpar
CyTOF (Cytometry),3146014C,Anti-Human CD11c,<div>3.9</div>,146Nd,"Human, Cynomolgus Monkey, Rhesus, Chimpanzee, Olive Baboon, Squirrel Monkey, African Green",25 Tests,"<a href=""https://fluidigm.my.salesforce.com/sfc/p/700000009DAw/a/4u0000019hrc/wnO0MGFBHT3XyqGUvp.1nCkTWxvffVWP.noJVj2wLNI"" target=""_blank"">PRD009-3146014B</a>","<a href=""https://fluidigm.my.salesforce.com/sfc/p/700000009DAw/a/4u000001870w/XU6eX2YZtdejnAfGRls.mPHhJTPvhOp30R18ZV_Asw4"" target=""_blank"">MSDS-3000000X</a>",various,Maxpar
CyTOF (Cytometry),3146016B,Anti-Human Thioredoxin ,<div>2G11/TRX</div>,146Nd,Human,100 Tests,"<a href=""https://fluidigm.my.salesforce.com/sfc/p/700000009DAw/a/4u0000019hs9/GgoX87dzmhAvLzC3r5ROyAmuDmhq7m4_llEPPXae7vA"" target=""_blank"">PRD009-3146016B</a>","<a href=""https://fluidigm.my.salesforce.com/sfc/p/700000009DAw/a/4u000001870w/XU6eX2YZtdejnAfGRls.mPHhJTPvhOp30R18ZV_Asw4"" target=""_blank"">MSDS-3000000X</a>",various,Maxpar
CyTOF (Cytometry),3146016C,Anti-Human Thioredoxin ,<div>2G11/TRX</div>,146Nd,Human,25 Tests,"<a href=""https://fluidigm.my.salesforce.com/sfc/p/700000009DAw/a/4u0000019hs9/GgoX87dzmhAvLzC3r5ROyAmuDmhq7m4_llEPPXae7vA"" target=""_blank"">PRD009-3146016B</a>","<a href=""https://fluidigm.my.salesforce.com/sfc/p/700000009DAw/a/4u000001870w/XU6eX2YZtdejnAfGRls.mPHhJTPvhOp30R18ZV_Asw4"" target=""_blank"">MSDS-3000000X</a>",various,Maxpar
CyTOF (Cytometry),3146022B,Anti-Human CD14,<div>M5E2</div>,146Nd,"Human, Cynomolgus Macaque, Rhesus Macaque, African Green, Capuchin Monkey, Cow, Chimpanzee, Common Marmoset, Cotton-Topped Tamarin, Dog, Pigtailed Macaque, Squirrel Monkey",100 Tests,"<a href=""https://fluidigm.my.salesforce.com/sfc/p/700000009DAw/a/4u000000qPxY/FcLd6Xy9CBUsLdugqu5pD7RBDDjElioVsfIVdm7kOR8"" target=""_blank"">PRD009-3146022B</a>","<a href=""https://fluidigm.my.salesforce.com/sfc/p/700000009DAw/a/4u000001870w/XU6eX2YZtdejnAfGRls.mPHhJTPvhOp30R18ZV_Asw4"" target=""_blank"">MSDS-3000000X</a>",various,Maxpar
CyTOF (Cytometry),3146022C,Anti-Human CD14,<div>M5E2</div>,146Nd,"Human, Cynomolgus Macaque, Rhesus Macaque, African Green, Capuchin Monkey, Cow, Chimpanzee, Common Marmoset, Cotton-Topped Tamarin, Dog, Pigtailed Macaque, Squirrel Monkey",25 Tests,"<a href=""https://fluidigm.my.salesforce.com/sfc/p/700000009DAw/a/4u000000qPxY/FcLd6Xy9CBUsLdugqu5pD7RBDDjElioVsfIVdm7kOR8"" target=""_blank"">PRD009-3146022B</a>","<a href=""https://fluidigm.my.salesforce.com/sfc/p/700000009DAw/a/4u000001870w/XU6eX2YZtdejnAfGRls.mPHhJTPvhOp30R18ZV_Asw4"" target=""_blank"">MSDS-3000000X</a>",various,Maxpar
CyTOF (Cytometry),3147001B,Anti-Human CD20,<div>2H7</div>,147Sm,"Human, Cynomolgus Macaque, Rhesus Macaque, Baboon, Capuchin Monkey, Chimpanzee, Pigtailed Macaque, Squirrel Monkey",100 Tests,"<a href=""https://fluidigm.my.salesforce.com/sfc/p/700000009DAw/a/4u0000019hsE/F7uL2BkMaauUfF8Hg2mrDIPlCK52CEBz8w.b5Fp7940"" target=""_blank"">PRD009-3147001B</a>","<a href=""https://fluidigm.my.salesforce.com/sfc/p/700000009DAw/a/4u000001870w/XU6eX2YZtdejnAfGRls.mPHhJTPvhOp30R18ZV_Asw4"" target=""_blank"">MSDS-3000000X</a>",various,Maxpar
CyTOF (Cytometry),3147001C,Anti-Human CD20,<div>2H7</div>,147Sm,"Human, Cynomolgus Macaque, Rhesus Macaque, Baboon, Capuchin Monkey, Chimpanzee, Pigtailed Macaque, Squirrel Monkey",25 Tests,"<a href=""https://fluidigm.my.salesforce.com/sfc/p/700000009DAw/a/4u0000019hsE/F7uL2BkMaauUfF8Hg2mrDIPlCK52CEBz8w.b5Fp7940"" target=""_blank"">PRD009-3147001B</a>","<a href=""https://fluidigm.my.salesforce.com/sfc/p/700000009DAw/a/4u000001870w/XU6eX2YZtdejnAfGRls.mPHhJTPvhOp30R18ZV_Asw4"" target=""_blank"">MSDS-3000000X</a>",various,Maxpar
CyTOF (Cytometry),3147002B,Anti-Human IL-6,<div>MQ2-13A5</div>,147Sm,Human,100 Tests,"<a href=""https://fluidigm.my.salesforce.com/sfc/p/700000009DAw/a/4u0000019hrv/dRFmtgWCSZaC.jW_0wmByGTh05oOGZ7eEi5kuC.fLgs"" target=""_blank"">PRD009-3147002B</a>","<a href=""https://fluidigm.my.salesforce.com/sfc/p/700000009DAw/a/4u000001870w/XU6eX2YZtdejnAfGRls.mPHhJTPvhOp30R18ZV_Asw4"" target=""_blank"">MSDS-3000000X</a>",various,Maxpar
CyTOF (Cytometry),3147002C,Anti-Human IL-6,<div>MQ2-13A5</div>,147Sm,Human,25 Tests,"<a href=""https://fluidigm.my.salesforce.com/sfc/p/700000009DAw/a/4u0000019hrv/dRFmtgWCSZaC.jW_0wmByGTh05oOGZ7eEi5kuC.fLgs"" target=""_blank"">PRD009-3147002B</a>","<a href=""https://fluidigm.my.salesforce.com/sfc/p/700000009DAw/a/4u000001870w/XU6eX2YZtdejnAfGRls.mPHhJTPvhOp30R18ZV_Asw4"" target=""_blank"">MSDS-3000000X</a>",various,Maxpar
CyTOF (Cytometry),3147003B,Anti-Mouse CD45,<div>30-F11</div>,147Sm,Mouse,100 Tests,"<a href=""https://fluidigm.my.salesforce.com/sfc/p/700000009DAw/a/4u0000019hsJ/8Za.wxAsm5eEfQWIlnwFLATUtGqeBGatEgwZSXd3WRQ"" target=""_blank"">PRD009-3147003B</a>","<a href=""https://fluidigm.my.salesforce.com/sfc/p/700000009DAw/a/4u000001870w/XU6eX2YZtdejnAfGRls.mPHhJTPvhOp30R18ZV_Asw4"" target=""_blank"">MSDS-3000000X</a>",various,Maxpar
CyTOF (Cytometry),3147003C,Anti-Mouse CD45,<div>30-F11</div>,147Sm,Mouse,25 Tests,"<a href=""https://fluidigm.my.salesforce.com/sfc/p/700000009DAw/a/4u0000019hsJ/8Za.wxAsm5eEfQWIlnwFLATUtGqeBGatEgwZSXd3WRQ"" target=""_blank"">PRD009-3147003B</a>","<a href=""https://fluidigm.my.salesforce.com/sfc/p/700000009DAw/a/4u000001870w/XU6eX2YZtdejnAfGRls.mPHhJTPvhOp30R18ZV_Asw4"" target=""_blank"">MSDS-3000000X</a>",various,Maxpar
CyTOF (Cytometry),3147004B,Anti-Mouse CD45.2,<div>104</div>,147Sm,Mouse,100 Tests,"<a href=""https://fluidigm.my.salesforce.com/sfc/p/700000009DAw/a/4u0000019hsF/NBjpSBcadF4jcHsWA2lI0XbfH3_55XAhqq4zF7vFRN8"" target=""_blank"">PRD009-3147004B</a>","<a href=""https://fluidigm.my.salesforce.com/sfc/p/700000009DAw/a/4u000001870w/XU6eX2YZtdejnAfGRls.mPHhJTPvhOp30R18ZV_Asw4"" target=""_blank"">MSDS-3000000X</a>",various,Maxpar
CyTOF (Cytometry),3147004C,Anti-Mouse CD45.2,<div>104</div>,147Sm,Mouse,25 Tests,"<a href=""https://fluidigm.my.salesforce.com/sfc/p/700000009DAw/a/4u0000019hsF/NBjpSBcadF4jcHsWA2lI0XbfH3_55XAhqq4zF7vFRN8"" target=""_blank"">PRD009-3147004B</a>","<a href=""https://fluidigm.my.salesforce.com/sfc/p/700000009DAw/a/4u000001870w/XU6eX2YZtdejnAfGRls.mPHhJTPvhOp30R18ZV_Asw4"" target=""_blank"">MSDS-3000000X</a>",various,Maxpar
CyTOF (Cytometry),3147005A,Anti-β-Catenin,<div>D10A8</div>,147Sm,"Rat, Mouse, Human, Bovine, Porcine, Equine, Guinea Pig, Monkey",50 Tests,"<a href=""https://fluidigm.my.salesforce.com/sfc/p/700000009DAw/a/4u0000019hrw/Ek5KPNg0KpDKCDR3LnemvdQncgXV4cpNlle_Gziv3JM"" target=""_blank"">PRD009-3147005A</a>","<a href=""https://fluidigm.my.salesforce.com/sfc/p/700000009DAw/a/4u000001870w/XU6eX2YZtdejnAfGRls.mPHhJTPvhOp30R18ZV_Asw4"" target=""_blank"">MSDS-3000000X</a>",various,Maxpar
CyTOF (Cytometry),3147005C,Anti-β-Catenin,<div>D10A8 </div>,147Sm,"Rat, Mouse, Human, Bovine, Porcine, Equine, Guinea Pig, Monkey",25 Tests,"<a href=""https://fluidigm.my.salesforce.com/sfc/p/700000009DAw/a/4u0000019hrw/Ek5KPNg0KpDKCDR3LnemvdQncgXV4cpNlle_Gziv3JM"" target=""_blank"">PRD009-3147005B</a>","<a href=""https://fluidigm.my.salesforce.com/sfc/p/700000009DAw/a/4u000001870w/XU6eX2YZtdejnAfGRls.mPHhJTPvhOp30R18ZV_Asw4"" target=""_blank"">MSDS-3000000X</a>",various,Maxpar
CyTOF (Cytometry),3147006B,Anti-Human CD7,<div>CD7-6B7</div>,147Sm,Human,100 Tests,"<a href=""https://fluidigm.my.salesforce.com/sfc/p/700000009DAw/a/4u0000019hsO/ma9JN7Bb5PCOQBQa2nOmzf5_9ryx4TtFnb9x6Zs4jIw"" target=""_blank"">PRD009-3147006B</a>","<a href=""https://fluidigm.my.salesforce.com/sfc/p/700000009DAw/a/4u000001870w/XU6eX2YZtdejnAfGRls.mPHhJTPvhOp30R18ZV_Asw4"" target=""_blank"">MSDS-3000000X</a>",various,Maxpar
CyTOF (Cytometry),3147006C,Anti-Human CD7,<div>CD7-6B7</div>,147Sm,Human,25 Tests,"<a href=""https://fluidigm.my.salesforce.com/sfc/p/700000009DAw/a/4u0000019hsO/ma9JN7Bb5PCOQBQa2nOmzf5_9ryx4TtFnb9x6Zs4jIw"" target=""_blank"">PRD009-3147006B</a>","<a href=""https://fluidigm.my.salesforce.com/sfc/p/700000009DAw/a/4u000001870w/XU6eX2YZtdejnAfGRls.mPHhJTPvhOp30R18ZV_Asw4"" target=""_blank"">MSDS-3000000X</a>",various,Maxpar
CyTOF (Cytometry),3147007B,Anti-Human CD20,<div>H1</div>,147Sm,Human,100 Tests,"<a href=""https://fluidigm.my.salesforce.com/sfc/p/700000009DAw/a/4u0000019hsT/1PHzLyBPftxeIz7UooJux2ObSy3eY3dlRrUNfqpRl40"" target=""_blank"">PRD009-3147007B</a>","<a href=""https://fluidigm.my.salesforce.com/sfc/p/700000009DAw/a/4u000001870w/XU6eX2YZtdejnAfGRls.mPHhJTPvhOp30R18ZV_Asw4"" target=""_blank"">MSDS-3000000X</a>",various,Maxpar
CyTOF (Cytometry),3147007C,Anti-Human CD20,<div>H1</div>,147Sm,Human,25 Tests,"<a href=""https://fluidigm.my.salesforce.com/sfc/p/700000009DAw/a/4u0000019hsT/1PHzLyBPftxeIz7UooJux2ObSy3eY3dlRrUNfqpRl40"" target=""_blank"">PRD009-3147007B</a>","<a href=""https://fluidigm.my.salesforce.com/sfc/p/700000009DAw/a/4u000001870w/XU6eX2YZtdejnAfGRls.mPHhJTPvhOp30R18ZV_Asw4"" target=""_blank"">MSDS-3000000X</a>",various,Maxpar
CyTOF (Cytometry),3147008B,Anti-Human CD11c,<div>Bu15</div>,147Sm,"Human, Cynomolgus Macaque, Rhesus Macaque, African Green, Baboon, Chimpanzee, Squirrel Monkey",100 Tests,"<a href=""https://fluidigm.my.salesforce.com/sfc/p/700000009DAw/a/4u0000019hsY/qhAGRClJUgi7z6WAHi0hPydpaxP_XjDsAkb2jThY.Ng"" target=""_blank"">PRD009-3147008B</a>","<a href=""https://fluidigm.my.salesforce.com/sfc/p/700000009DAw/a/4u000001870w/XU6eX2YZtdejnAfGRls.mPHhJTPvhOp30R18ZV_Asw4"" target=""_blank"">MSDS-3000000X</a>",various,Maxpar
CyTOF (Cytometry),3147008C,Anti-Human CD11c,<div>Bu15</div>,147Sm,"Human, Cynomolgus Macaque, Rhesus Macaque, African Green, Baboon, Chimpanzee, Squirrel Monkey",25 Tests,"<a href=""https://fluidigm.my.salesforce.com/sfc/p/700000009DAw/a/4u0000019hsY/qhAGRClJUgi7z6WAHi0hPydpaxP_XjDsAkb2jThY.Ng"" target=""_blank"">PRD009-3147008B</a>","<a href=""https://fluidigm.my.salesforce.com/sfc/p/700000009DAw/a/4u000001870w/XU6eX2YZtdejnAfGRls.mPHhJTPvhOp30R18ZV_Asw4"" target=""_blank"">MSDS-3000000X</a>",various,Maxpar
CyTOF (Cytometry),3147009B,Anti-Human CD303/BDCA2,<div>201A</div>,147Sm,Human,100 Tests,"<a href=""https://fluidigm.my.salesforce.com/sfc/p/700000009DAw/a/4u0000019hsU/AcoFjbWY81DvafoBL3dudHUCevJZpQ0dFtuXmzXS_i4"" target=""_blank"">PRD009-3147009B</a>","<a href=""https://fluidigm.my.salesforce.com/sfc/p/700000009DAw/a/4u000001870w/XU6eX2YZtdejnAfGRls.mPHhJTPvhOp30R18ZV_Asw4"" target=""_blank"">MSDS-3000000X</a>",various,Maxpar
CyTOF (Cytometry),3147009C,Anti-Human CD303/BDCA2,<div>201A</div>,147Sm,Human,25 Tests,"<a href=""https://fluidigm.my.salesforce.com/sfc/p/700000009DAw/a/4u0000019hsU/AcoFjbWY81DvafoBL3dudHUCevJZpQ0dFtuXmzXS_i4"" target=""_blank"">PRD009-3147009B</a>","<a href=""https://fluidigm.my.salesforce.com/sfc/p/700000009DAw/a/4u000001870w/XU6eX2YZtdejnAfGRls.mPHhJTPvhOp30R18ZV_Asw4"" target=""_blank"">MSDS-3000000X</a>",various,Maxpar
CyTOF (Cytometry),3147010B,Anti-Human CD182/CXCR2,<div>5E8/CXCR2</div>,147Sm,Human,100 Tests,"<a href=""https://fluidigm.my.salesforce.com/sfc/p/700000009DAw/a/4u0000019hs5/NRigjg6Hp3Mwf30o00RNqDE7PKFu_hz4GiHjhL1H8nk"" target=""_blank"">PRD009-3147010B</a>","<a href=""https://fluidigm.my.salesforce.com/sfc/p/700000009DAw/a/4u000001870w/XU6eX2YZtdejnAfGRls.mPHhJTPvhOp30R18ZV_Asw4"" target=""_blank"">MSDS-3000000X</a>",various,Maxpar
CyTOF (Cytometry),3147010C,Anti-Human CD182/CXCR2,<div>5E8/CXCR2</div>,147Sm,Human,25 Tests,"<a href=""https://fluidigm.my.salesforce.com/sfc/p/700000009DAw/a/4u0000019hs5/NRigjg6Hp3Mwf30o00RNqDE7PKFu_hz4GiHjhL1H8nk"" target=""_blank"">PRD009-3147010B</a>","<a href=""https://fluidigm.my.salesforce.com/sfc/p/700000009DAw/a/4u000001870w/XU6eX2YZtdejnAfGRls.mPHhJTPvhOp30R18ZV_Asw4"" target=""_blank"">MSDS-3000000X</a>",various,Maxpar
CyTOF (Cytometry),3147012A,Anti pStat5 [pY694],<div>47</div>,147Sm,"Rat, Mouse, Human, Sheep",50 Tests,"<a href=""https://fluidigm.my.salesforce.com/sfc/p/700000009DAw/a/4u0000019htj/Fd8r0XZ8ai7OYX91ilVH_VFR8J72WqEdD3.JF39c8sk"" target=""_blank"">PRD009-3147012A</a>","<a href=""https://fluidigm.my.salesforce.com/sfc/p/700000009DAw/a/4u000001870w/XU6eX2YZtdejnAfGRls.mPHhJTPvhOp30R18ZV_Asw4"" target=""_blank"">MSDS-3000000X</a>",various,Maxpar
CyTOF (Cytometry),3147012C,Anti pStat5 [pY694],<div>47</div>,147Sm,"Rat, Mouse, Human, Sheep",25 Tests,"<a href=""https://fluidigm.my.salesforce.com/sfc/p/700000009DAw/a/4u0000019htj/Fd8r0XZ8ai7OYX91ilVH_VFR8J72WqEdD3.JF39c8sk"" target=""_blank"">PRD009-3147012B</a>","<a href=""https://fluidigm.my.salesforce.com/sfc/p/700000009DAw/a/4u000001870w/XU6eX2YZtdejnAfGRls.mPHhJTPvhOp30R18ZV_Asw4"" target=""_blank"">MSDS-3000000X</a>",various,Maxpar
CyTOF (Cytometry),3147013B,Anti-Mouse CD36,<div>No.72-1</div>,147Sm,Mouse,100 Tests,"<a href=""https://fluidigm.my.salesforce.com/sfc/p/700000009DAw/a/4u0000019hto/O5EyOKtsqGxQSISXPvrAViqNKg_mGJ38f5ijZmL3PCk"" target=""_blank"">PRD009-3147013B</a>","<a href=""https://fluidigm.my.salesforce.com/sfc/p/700000009DAw/a/4u000001870w/XU6eX2YZtdejnAfGRls.mPHhJTPvhOp30R18ZV_Asw4"" target=""_blank"">MSDS-3000000X</a>",various,Maxpar
CyTOF (Cytometry),3147013C,Anti-Mouse CD36,<div>No.72-1</div>,147Sm,Mouse,25 Tests,"<a href=""https://fluidigm.my.salesforce.com/sfc/p/700000009DAw/a/4u0000019hto/O5EyOKtsqGxQSISXPvrAViqNKg_mGJ38f5ijZmL3PCk"" target=""_blank"">PRD009-3147013B</a>","<a href=""https://fluidigm.my.salesforce.com/sfc/p/700000009DAw/a/4u000001870w/XU6eX2YZtdejnAfGRls.mPHhJTPvhOp30R18ZV_Asw4"" target=""_blank"">MSDS-3000000X</a>",various,Maxpar
CyTOF (Cytometry),3147014B,Anti-Human CD13,<div>WM15</div>,147Sm,"Human, Baboon, Chimpanzee, Cotton-topped Tamarin",100 Tests,"<a href=""https://fluidigm.my.salesforce.com/sfc/p/700000009DAw/a/4u0000019jAg/0MGhKya8WTVAC.KY9jeN5VC6A3xTnRG7EOQT_fpAD9w"" target=""_blank"">PRD009-3147014B</a>","<a href=""https://fluidigm.my.salesforce.com/sfc/p/700000009DAw/a/4u000001870w/XU6eX2YZtdejnAfGRls.mPHhJTPvhOp30R18ZV_Asw4"" target=""_blank"">MSDS-3000000X</a>",various,Maxpar
CyTOF (Cytometry),3147014C,Anti-Human CD13,<div>WM15</div>,147Sm,"Human, Baboon, Chimpanzee, Cotton-topped Tamarin",25 Tests,"<a href=""https://fluidigm.my.salesforce.com/sfc/p/700000009DAw/a/4u0000019jAg/0MGhKya8WTVAC.KY9jeN5VC6A3xTnRG7EOQT_fpAD9w"" target=""_blank"">PRD009-3147014B</a>","<a href=""https://fluidigm.my.salesforce.com/sfc/p/700000009DAw/a/4u000001870w/XU6eX2YZtdejnAfGRls.mPHhJTPvhOp30R18ZV_Asw4"" target=""_blank"">MSDS-3000000X</a>",various,Maxpar
CyTOF (Cytometry),3147015B,Anti-Human ALDH ,<div>44/ALDH</div>,147Sm,Human,100 Tests,"<a href=""https://fluidigm.my.salesforce.com/sfc/p/700000009DAw/a/4u0000019htt/rM0JH_b2CJMhfHXPSNEf0K2rnMRdJ9JsH0v5Q8HS8yM"" target=""_blank"">PRD009-3147015B</a>","<a href=""https://fluidigm.my.salesforce.com/sfc/p/700000009DAw/a/4u000001870w/XU6eX2YZtdejnAfGRls.mPHhJTPvhOp30R18ZV_Asw4"" target=""_blank"">MSDS-3000000X</a>",various,Maxpar
CyTOF (Cytometry),3147015C,Anti-Human ALDH ,<div>44/ALDH</div>,147Sm,Human,25 Tests,"<a href=""https://fluidigm.my.salesforce.com/sfc/p/700000009DAw/a/4u0000019htt/rM0JH_b2CJMhfHXPSNEf0K2rnMRdJ9JsH0v5Q8HS8yM"" target=""_blank"">PRD009-3147015B</a>","<a href=""https://fluidigm.my.salesforce.com/sfc/p/700000009DAw/a/4u000001870w/XU6eX2YZtdejnAfGRls.mPHhJTPvhOp30R18ZV_Asw4"" target=""_blank"">MSDS-3000000X</a>",various,Maxpar
CyTOF (Cytometry),3147016A,Anti-pHistone H2A.X [S139] ,<div>JBW301</div>,147Sm,Human,50 Tests,"<a href=""https://fluidigm.my.salesforce.com/sfc/p/#700000009DAw/a/4u0000019hu3/Rk2B4ybROkUvGDWd0qmEaQBoy2gTBK8XgNQQXUEgubI"" target=""_blank"">PRD009-3147016A</a>","<a href=""https://fluidigm.my.salesforce.com/sfc/p/700000009DAw/a/4u000001870w/XU6eX2YZtdejnAfGRls.mPHhJTPvhOp30R18ZV_Asw4"" target=""_blank"">MSDS-3000000X</a>",various,Maxpar
CyTOF (Cytometry),3147016C,Anti-pHistone H2A.X [S139] ,<div>JBW301</div>,147Sm,Human,25 Tests,"<a href=""https://fluidigm.my.salesforce.com/sfc/p/700000009DAw/a/4u0000019hu3/Rk2B4ybROkUvGDWd0qmEaQBoy2gTBK8XgNQQXUEgubI"" target=""_blank"">PRD009-3147016B</a>","<a href=""https://fluidigm.my.salesforce.com/sfc/p/700000009DAw/a/4u000001870w/XU6eX2YZtdejnAfGRls.mPHhJTPvhOp30R18ZV_Asw4"" target=""_blank"">MSDS-3000000X</a>",various,Maxpar
CyTOF (Cytometry),3147018B,Anti-Mouse CD36 ,<div>HM36</div>,147Sm,Mouse,100 Tests,"<a href=""https://fluidigm.my.salesforce.com/sfc/p/700000009DAw/a/4u0000019hu8/wAKRJv_hoPM4tCw.mPo82IGZnI26825f26NdLG__6xI"" target=""_blank"">PRD009-3147018B</a>","<a href=""https://fluidigm.my.salesforce.com/sfc/p/700000009DAw/a/4u000001870w/XU6eX2YZtdejnAfGRls.mPHhJTPvhOp30R18ZV_Asw4"" target=""_blank"">MSDS-3000000X</a>",various,Maxpar
CyTOF (Cytometry),3147018C,Anti-Mouse CD36 ,<div>HM36</div>,147Sm,Mouse,25 Tests,"<a href=""https://fluidigm.my.salesforce.com/sfc/p/700000009DAw/a/4u0000019hu8/wAKRJv_hoPM4tCw.mPo82IGZnI26825f26NdLG__6xI"" target=""_blank"">PRD009-3147018B</a>","<a href=""https://fluidigm.my.salesforce.com/sfc/p/700000009DAw/a/4u000001870w/XU6eX2YZtdejnAfGRls.mPHhJTPvhOp30R18ZV_Asw4"" target=""_blank"">MSDS-3000000X</a>",various,Maxpar
CyTOF (Cytometry),3148001B,Anti-Human CD34,<div>581</div>,148Nd,"Human, Cynomolgus Macaque",100 Tests,"<a href=""https://fluidigm.my.salesforce.com/sfc/p/700000009DAw/a/4u0000019huD/70cISU2balZAt5GUgs_.FPO6vlhqckFXNW1xknwJZGQ"" target=""_blank"">PRD009-3148001B</a>","<a href=""https://fluidigm.my.salesforce.com/sfc/p/700000009DAw/a/4u000001870w/XU6eX2YZtdejnAfGRls.mPHhJTPvhOp30R18ZV_Asw4"" target=""_blank"">MSDS-3000000X</a>",various,Maxpar
CyTOF (Cytometry),3148001C,Anti-Human CD34,<div>581</div>,148Nd,"Human, Cynomolgus Macaque",25 Tests,"<a href=""https://fluidigm.my.salesforce.com/sfc/p/700000009DAw/a/4u0000019huD/70cISU2balZAt5GUgs_.FPO6vlhqckFXNW1xknwJZGQ"" target=""_blank"">PRD009-3148001B</a>","<a href=""https://fluidigm.my.salesforce.com/sfc/p/700000009DAw/a/4u000001870w/XU6eX2YZtdejnAfGRls.mPHhJTPvhOp30R18ZV_Asw4"" target=""_blank"">MSDS-3000000X</a>",various,Maxpar
CyTOF (Cytometry),3148003B,Anti-Mouse CD11b,<div>M1/70</div>,148Nd,"Mouse, Human, Chimpanzee, Baboon, Cynomolgus Macaque, Rhesus Macaque, Rabbit",100 Tests,"<a href=""https://fluidigm.my.salesforce.com/sfc/p/700000009DAw/a/4u0000019huS/RrpCQ5oUdwI1epkYLJXNslXfjuh27a9f43LMrwl8.cQ"" target=""_blank"">PRD009-3148003B</a>","<a href=""https://fluidigm.my.salesforce.com/sfc/p/700000009DAw/a/4u000001870w/XU6eX2YZtdejnAfGRls.mPHhJTPvhOp30R18ZV_Asw4"" target=""_blank"">MSDS-3000000X</a>",various,Maxpar
CyTOF (Cytometry),3148003C,Anti-Mouse CD11b,<div>M1/70</div>,148Nd,"Mouse, Human, Chimpanzee, Baboon, Cynomolgus Macaque, Rhesus Macaque, Rabbit",25 Tests,"<a href=""https://fluidigm.my.salesforce.com/sfc/p/700000009DAw/a/4u0000019huS/RrpCQ5oUdwI1epkYLJXNslXfjuh27a9f43LMrwl8.cQ"" target=""_blank"">PRD009-3148003B</a>","<a href=""https://fluidigm.my.salesforce.com/sfc/p/700000009DAw/a/4u000001870w/XU6eX2YZtdejnAfGRls.mPHhJTPvhOp30R18ZV_Asw4"" target=""_blank"">MSDS-3000000X</a>",various,Maxpar
CyTOF (Cytometry),3148004B,Anti-Human CD16,<div>3G8</div>,148Nd,"Human, Cynomolgus Macaque, Rhesus Macaque, African Green, Baboon, Capuchin Monkey, Chimpanzee, Common Marmoset, Pigtailed Macaque, Sooty Mangabey, Squirrel Monkey",100 Tests,"<a href=""https://fluidigm.my.salesforce.com/sfc/p/700000009DAw/a/4u0000019huX/yzX48i.AeCLwbCqf19mbBE_1cJwVXKv82P_IP0z7SY4"" target=""_blank"">PRD009-3148004B</a>","<a href=""https://fluidigm.my.salesforce.com/sfc/p/700000009DAw/a/4u000001870w/XU6eX2YZtdejnAfGRls.mPHhJTPvhOp30R18ZV_Asw4"" target=""_blank"">MSDS-3000000X</a>",various,Maxpar
CyTOF (Cytometry),3148004C,Anti-Human CD16,<div>3G8</div>,148Nd,"Human, Cynomolgus Macaque, Rhesus Macaque, African Green, Baboon, Capuchin Monkey, Chimpanzee, Common Marmoset, Pigtailed Macaque, Sooty Mangabey, Squirrel Monkey",25 Tests,"<a href=""https://fluidigm.my.salesforce.com/sfc/p/700000009DAw/a/4u0000019huX/yzX48i.AeCLwbCqf19mbBE_1cJwVXKv82P_IP0z7SY4"" target=""_blank"">PRD009-3148004B</a>","<a href=""https://fluidigm.my.salesforce.com/sfc/p/700000009DAw/a/4u000001870w/XU6eX2YZtdejnAfGRls.mPHhJTPvhOp30R18ZV_Asw4"" target=""_blank"">MSDS-3000000X</a>",various,Maxpar
CyTOF (Cytometry),3148006A,Anti-pStat4 [Y693],<div>38/p-Stat4</div>,148Nd,"Human, Mouse",50 Tests,"<a href=""https://fluidigm.my.salesforce.com/sfc/p/700000009DAw/a/4u0000019huY/xXnE9Wa7v1IB0MzDKpD2QCPTeaNMwdbGY2HiEAMuzsw"" target=""_blank"">PRD009-3148006A</a>","<a href=""https://fluidigm.my.salesforce.com/sfc/p/700000009DAw/a/4u000001870w/XU6eX2YZtdejnAfGRls.mPHhJTPvhOp30R18ZV_Asw4"" target=""_blank"">MSDS-3000000X</a>",various,Maxpar
CyTOF (Cytometry),3148006C,Anti-pStat4 [Y693],<div>38/p-Stat4</div>,148Nd,"Human, Mouse",25 Tests,"<a href=""https://fluidigm.my.salesforce.com/sfc/p/700000009DAw/a/4u0000019huY/xXnE9Wa7v1IB0MzDKpD2QCPTeaNMwdbGY2HiEAMuzsw"" target=""_blank"">PRD009-3148006B</a>","<a href=""https://fluidigm.my.salesforce.com/sfc/p/700000009DAw/a/4u000001870w/XU6eX2YZtdejnAfGRls.mPHhJTPvhOp30R18ZV_Asw4"" target=""_blank"">MSDS-3000000X</a>",various,Maxpar
CyTOF (Cytometry),3148008B,Anti-Human IL-17A,<div>BL168</div>,148Nd,Human,100 Tests,"<a href=""https://fluidigm.my.salesforce.com/sfc/p/700000009DAw/a/4u0000019huh/g0SlYF4fZ0FB8GczH3dI5tkBGfkSBUt8C8tEVZHeUko"" target=""_blank"">PRD009-3148008B</a>","<a href=""https://fluidigm.my.salesforce.com/sfc/p/700000009DAw/a/4u000001870w/XU6eX2YZtdejnAfGRls.mPHhJTPvhOp30R18ZV_Asw4"" target=""_blank"">MSDS-3000000X</a>",various,Maxpar
CyTOF (Cytometry),3148008C,Anti-Human IL-17A,<div>BL168</div>,148Nd,Human,25 Tests,"<a href=""https://fluidigm.my.salesforce.com/sfc/p/700000009DAw/a/4u0000019huh/g0SlYF4fZ0FB8GczH3dI5tkBGfkSBUt8C8tEVZHeUko"" target=""_blank"">PRD009-3148008B</a>","<a href=""https://fluidigm.my.salesforce.com/sfc/p/700000009DAw/a/4u000001870w/XU6eX2YZtdejnAfGRls.mPHhJTPvhOp30R18ZV_Asw4"" target=""_blank"">MSDS-3000000X</a>",various,Maxpar
CyTOF (Cytometry),3148011A,Anti-Human HER2/ErbB2,<div>29D8</div>,148Nd,"Human, Mouse, Rat",50 Tests,"<a href=""https://fluidigm.my.salesforce.com/sfc/p/700000009DAw/a/4u0000019hum/3nEO8iytVAD_6eQBThSrSTKuKz1kewHNheGaaQkOxCw"" target=""_blank"">PRD009-3148011A</a>","<a href=""https://fluidigm.my.salesforce.com/sfc/p/700000009DAw/a/4u000001870w/XU6eX2YZtdejnAfGRls.mPHhJTPvhOp30R18ZV_Asw4"" target=""_blank"">MSDS-3000000X</a>",various,Maxpar
CyTOF (Cytometry),3148011C,Anti-Human HER2/ErbB2,<div>29D8</div>,148Nd,"Human, Mouse, Rat",25 Tests,"<a href=""https://fluidigm.my.salesforce.com/sfc/p/700000009DAw/a/4u0000019hum/3nEO8iytVAD_6eQBThSrSTKuKz1kewHNheGaaQkOxCw"" target=""_blank"">PRD009-3148011B</a>","<a href=""https://fluidigm.my.salesforce.com/sfc/p/700000009DAw/a/4u000001870w/XU6eX2YZtdejnAfGRls.mPHhJTPvhOp30R18ZV_Asw4"" target=""_blank"">MSDS-3000000X</a>",various,Maxpar
CyTOF (Cytometry),3148012B,Anti-Human TRA-1-60,<div>TRA-1-60</div>,148Nd,Human,100 Tests,"<a href=""https://fluidigm.my.salesforce.com/sfc/p/700000009DAw/a/4u0000019htk/k5ILOjn1cwktRm6L.R50XDSo9omDfEB.2XH.qeLxAF0"" target=""_blank"">PRD009-3148012B</a>","<a href=""https://fluidigm.my.salesforce.com/sfc/p/700000009DAw/a/4u000001870w/XU6eX2YZtdejnAfGRls.mPHhJTPvhOp30R18ZV_Asw4"" target=""_blank"">MSDS-3000000X</a>",various,Maxpar
CyTOF (Cytometry),3148012C,Anti-Human TRA-1-60,<div>TRA-1-60</div>,148Nd,Human,25 Tests,"<a href=""https://fluidigm.my.salesforce.com/sfc/p/700000009DAw/a/4u0000019htk/k5ILOjn1cwktRm6L.R50XDSo9omDfEB.2XH.qeLxAF0"" target=""_blank"">PRD009-3148012B</a>","<a href=""https://fluidigm.my.salesforce.com/sfc/p/700000009DAw/a/4u000001870w/XU6eX2YZtdejnAfGRls.mPHhJTPvhOp30R18ZV_Asw4"" target=""_blank"">MSDS-3000000X</a>",various,Maxpar
CyTOF (Cytometry),3148013B,Anti-Human CD6,<div>BL-CD6</div>,148Nd,Human,100 Tests,"<a href=""https://fluidigm.my.salesforce.com/sfc/p/700000009DAw/a/4u0000019hur/aiiZD_C9zK8EUOuNLT8FeEFmyBU_LHaHqu5sxzcncmw"" target=""_blank"">PRD009-3148013B</a>","<a href=""https://fluidigm.my.salesforce.com/sfc/p/700000009DAw/a/4u000001870w/XU6eX2YZtdejnAfGRls.mPHhJTPvhOp30R18ZV_Asw4"" target=""_blank"">MSDS-3000000X</a>",various,Maxpar
CyTOF (Cytometry),3148013C,Anti-Human CD6,<div>BL-CD6</div>,148Nd,Human,25 Tests,"<a href=""https://fluidigm.my.salesforce.com/sfc/p/700000009DAw/a/4u0000019hur/aiiZD_C9zK8EUOuNLT8FeEFmyBU_LHaHqu5sxzcncmw"" target=""_blank"">PRD009-3148013B</a>","<a href=""https://fluidigm.my.salesforce.com/sfc/p/700000009DAw/a/4u000001870w/XU6eX2YZtdejnAfGRls.mPHhJTPvhOp30R18ZV_Asw4"" target=""_blank"">MSDS-3000000X</a>",various,Maxpar
CyTOF (Cytometry),3148014B,Anti-Human CD132 ,<div>TUGh4</div>,148Nd,"Human, African Green, Cynomolgus, Rhesus",100 Tests,"<a href=""https://fluidigm.my.salesforce.com/sfc/p/700000009DAw/a/4u0000019ii3/CJ7Wz5kNTTlMP6rBOBLdV_yTXb0gcsQa41_8NXmqbng"" target=""_blank"">PRD009-3148014B</a>","<a href=""https://fluidigm.my.salesforce.com/sfc/p/700000009DAw/a/4u000001870w/XU6eX2YZtdejnAfGRls.mPHhJTPvhOp30R18ZV_Asw4"" target=""_blank"">MSDS-3000000X</a>",various,Maxpar
CyTOF (Cytometry),3148014C,Anti-Human CD132 ,<div>TUGh4</div>,148Nd,"Human, African Green, Cynomolgus, Rhesus",25 Tests,"<a href=""https://fluidigm.my.salesforce.com/sfc/p/700000009DAw/a/4u0000019ii3/CJ7Wz5kNTTlMP6rBOBLdV_yTXb0gcsQa41_8NXmqbng"" target=""_blank"">PRD009-3148014B</a>","<a href=""https://fluidigm.my.salesforce.com/sfc/p/700000009DAw/a/4u000001870w/XU6eX2YZtdejnAfGRls.mPHhJTPvhOp30R18ZV_Asw4"" target=""_blank"">MSDS-3000000X</a>",various,Maxpar
CyTOF (Cytometry),3148015B,Anti-Human CD55 ,<div>JS11</div>,148Nd,"Human, African Green, Baboon, Cynomolgus",100 Tests,"<a href=""https://fluidigm.my.salesforce.com/sfc/p/700000009DAw/a/4u0000019hu4/bykWC9Vwjje2U8w2bRY2Z1qA9FQnNhohM8LKfJOwsSU"" target=""_blank"">PRD009-3148015B</a>","<a href=""https://fluidigm.my.salesforce.com/sfc/p/700000009DAw/a/4u000001870w/XU6eX2YZtdejnAfGRls.mPHhJTPvhOp30R18ZV_Asw4"" target=""_blank"">MSDS-3000000X</a>",various,Maxpar
CyTOF (Cytometry),3148015C,Anti-Human CD55 ,<div>JS11</div>,148Nd,"Human, African Green, Baboon, Cynomolgus",25 Tests,"<a href=""https://fluidigm.my.salesforce.com/sfc/p/700000009DAw/a/4u0000019hu4/bykWC9Vwjje2U8w2bRY2Z1qA9FQnNhohM8LKfJOwsSU"" target=""_blank"">PRD009-3148015B</a>","<a href=""https://fluidigm.my.salesforce.com/sfc/p/700000009DAw/a/4u000001870w/XU6eX2YZtdejnAfGRls.mPHhJTPvhOp30R18ZV_Asw4"" target=""_blank"">MSDS-3000000X</a>",various,Maxpar
CyTOF (Cytometry),3148017B,Anti-Human CD274/PD-L1,<div>29E.2A3</div>,148Nd,Human,100 Tests,"<a href=""https://fluidigm.my.salesforce.com/sfc/p/700000009DAw/a/4u0000019huw/Fjqcn_5Z8mtcWLNMFUDPyAMgV6J8fMPiRkSabcRucRg"" target=""_blank"">PRD009-3148017B</a>","<a href=""https://fluidigm.my.salesforce.com/sfc/p/700000009DAw/a/4u000001870w/XU6eX2YZtdejnAfGRls.mPHhJTPvhOp30R18ZV_Asw4"" target=""_blank"">MSDS-3000000X</a>",various,Maxpar
CyTOF (Cytometry),3148017C,Anti-Human CD274/PD-L1,<div>29E.2A3</div>,148Nd,Human,25 Tests,"<a href=""https://fluidigm.my.salesforce.com/sfc/p/700000009DAw/a/4u0000019huw/Fjqcn_5Z8mtcWLNMFUDPyAMgV6J8fMPiRkSabcRucRg"" target=""_blank"">PRD009-3148017B</a>","<a href=""https://fluidigm.my.salesforce.com/sfc/p/700000009DAw/a/4u000001870w/XU6eX2YZtdejnAfGRls.mPHhJTPvhOp30R18ZV_Asw4"" target=""_blank"">MSDS-3000000X</a>",various,Maxpar
CyTOF (Cytometry),3148018B,Anti-Mouse CD140a ,<div>APA5</div>,148Nd,Mouse,100 Tests,"<a href=""https://fluidigm.my.salesforce.com/sfc/p/700000009DAw/a/4u0000019hus/psv5UwvloHnwbWqe5mP2Sda3Y4eS2BTVI8hMDDBG4eQ"" target=""_blank"">PRD009-3148018B</a>","<a href=""https://fluidigm.my.salesforce.com/sfc/p/700000009DAw/a/4u000001870w/XU6eX2YZtdejnAfGRls.mPHhJTPvhOp30R18ZV_Asw4"" target=""_blank"">MSDS-3000000X</a>",various,Maxpar
CyTOF (Cytometry),3148018C,Anti-Mouse CD140a ,<div>APA5</div>,148Nd,Mouse,25 Tests,"<a href=""https://fluidigm.my.salesforce.com/sfc/p/700000009DAw/a/4u0000019hus/psv5UwvloHnwbWqe5mP2Sda3Y4eS2BTVI8hMDDBG4eQ"" target=""_blank"">PRD009-3148018B</a>","<a href=""https://fluidigm.my.salesforce.com/sfc/p/700000009DAw/a/4u000001870w/XU6eX2YZtdejnAfGRls.mPHhJTPvhOp30R18ZV_Asw4"" target=""_blank"">MSDS-3000000X</a>",various,Maxpar
CyTOF (Cytometry),3148019B,Anti-CD278/ICOS ,<div>C398.4A</div>,148Nd,"Human, Rhesus Macaque, Rat, Mouse, Pig, African Green Monkey, Baboon, Cynomolgus Macaque",100 Tests,"<a href=""https://fluidigm.my.salesforce.com/sfc/p/700000009DAw/a/4u0000019hux/bhz2VVlh3KQ0B3a3bmI97dwLMEU5VA__Bth_8CnM4js"" target=""_blank"">PRD009-3148019B</a>","<a href=""https://fluidigm.my.salesforce.com/sfc/p/700000009DAw/a/4u000001870w/XU6eX2YZtdejnAfGRls.mPHhJTPvhOp30R18ZV_Asw4"" target=""_blank"">MSDS-3000000X</a>",various,Maxpar
CyTOF (Cytometry),3148019C,Anti-CD278/ICOS ,<div>C398.4A</div>,148Nd,"Human, Rhesus Macaque, Rat, Mouse, Pig, African Green Monkey, Baboon, Cynomolgus Macaque",25 Tests,"<a href=""https://fluidigm.my.salesforce.com/sfc/p/700000009DAw/a/4u0000019hux/bhz2VVlh3KQ0B3a3bmI97dwLMEU5VA__Bth_8CnM4js"" target=""_blank"">PRD009-3148019B</a>","<a href=""https://fluidigm.my.salesforce.com/sfc/p/700000009DAw/a/4u000001870w/XU6eX2YZtdejnAfGRls.mPHhJTPvhOp30R18ZV_Asw4"" target=""_blank"">MSDS-3000000X</a>",various,Maxpar
CyTOF (Cytometry),3149001B,Anti-Human CD45RO,<div>UCHL1</div>,149Sm,"Human, Chimpanzee, Cynomolgus Macaque, Common Marmoset",100 Tests,"<a href=""https://fluidigm.my.salesforce.com/sfc/p/700000009DAw/a/4u0000019hv1/HoVq9mBAs1uiP6kO9Vk65nrnOHnUFPrE8ufp2B2.oo8"" target=""_blank"">PRD009-3149001B</a>","<a href=""https://fluidigm.my.salesforce.com/sfc/p/700000009DAw/a/4u000001870w/XU6eX2YZtdejnAfGRls.mPHhJTPvhOp30R18ZV_Asw4"" target=""_blank"">MSDS-3000000X</a>",various,Maxpar
CyTOF (Cytometry),3149001C,Anti-Human CD45RO,<div>UCHL1 </div>,149Sm,"Human, Chimpanzee, Cynomolgus Macaque, Common Marmoset",25 Tests,"<a href=""https://fluidigm.my.salesforce.com/sfc/p/700000009DAw/a/4u0000019hv1/HoVq9mBAs1uiP6kO9Vk65nrnOHnUFPrE8ufp2B2.oo8"" target=""_blank"">PRD009-3149001B</a>","<a href=""https://fluidigm.my.salesforce.com/sfc/p/700000009DAw/a/4u000001870w/XU6eX2YZtdejnAfGRls.mPHhJTPvhOp30R18ZV_Asw4"" target=""_blank"">MSDS-3000000X</a>",various,Maxpar
CyTOF (Cytometry),3149002B,Anti-Mouse CD19,<div>6D5</div>,149Sm,Mouse,100 Tests,"<a href=""https://fluidigm.my.salesforce.com/sfc/p/700000009DAw/a/4u0000019hv2/k2gmMi0Du7SgLQuM7aM3M3ixTVdOaHOp45jNjB_38dw"" target=""_blank"">PRD009-3149002B</a>","<a href=""https://fluidigm.my.salesforce.com/sfc/p/700000009DAw/a/4u000001870w/XU6eX2YZtdejnAfGRls.mPHhJTPvhOp30R18ZV_Asw4"" target=""_blank"">MSDS-3000000X</a>",various,Maxpar
CyTOF (Cytometry),3149002C,Anti-Mouse CD19,<div>6D5</div>,149Sm,Mouse,25 Tests,"<a href=""https://fluidigm.my.salesforce.com/sfc/p/700000009DAw/a/4u0000019hv2/k2gmMi0Du7SgLQuM7aM3M3ixTVdOaHOp45jNjB_38dw"" target=""_blank"">PRD009-3149002B</a>","<a href=""https://fluidigm.my.salesforce.com/sfc/p/700000009DAw/a/4u000001870w/XU6eX2YZtdejnAfGRls.mPHhJTPvhOp30R18ZV_Asw4"" target=""_blank"">MSDS-3000000X</a>",various,Maxpar
CyTOF (Cytometry),3149004A,Anti-pStat6 [Y641],<div>18/P-Stat6</div>,149Sm,Human,50 Tests,"<a href=""https://fluidigm.my.salesforce.com/sfc/p/700000009DAw/a/4u0000019hvB/1TV5hzblAZuNbzQfLGY23lvsMEmVminuelJH7yJnMoA"" target=""_blank"">PRD009-3149004A</a>","<a href=""https://fluidigm.my.salesforce.com/sfc/p/700000009DAw/a/4u000001870w/XU6eX2YZtdejnAfGRls.mPHhJTPvhOp30R18ZV_Asw4"" target=""_blank"">MSDS-3000000X</a>",various,Maxpar
CyTOF (Cytometry),3149004C,Anti-pStat6 [Y641],<div>18/P-Stat6</div>,149Sm,Human,25 Tests,"<a href=""https://fluidigm.my.salesforce.com/sfc/p/700000009DAw/a/4u0000019hvB/1TV5hzblAZuNbzQfLGY23lvsMEmVminuelJH7yJnMoA"" target=""_blank"">PRD009-3149004B</a>","<a href=""https://fluidigm.my.salesforce.com/sfc/p/700000009DAw/a/4u000001870w/XU6eX2YZtdejnAfGRls.mPHhJTPvhOp30R18ZV_Asw4"" target=""_blank"">MSDS-3000000X</a>",various,Maxpar
CyTOF (Cytometry),3149005A,Anti-p4E-BP1 [T37/T46],<div>236B4</div>,149Sm,"Human, mouse, rat, monkey",50 Tests,"<a href=""https://fluidigm.my.salesforce.com/sfc/p/700000009DAw/a/4u0000019hvG/.QGC5MUTPcvFCB_zZesLM85qVEcNwh8Zorg6mk9OCjM"" target=""_blank"">PRD009-3149005A</a>","<a href=""https://fluidigm.my.salesforce.com/sfc/p/700000009DAw/a/4u000001870w/XU6eX2YZtdejnAfGRls.mPHhJTPvhOp30R18ZV_Asw4"" target=""_blank"">MSDS-3000000X</a>",various,Maxpar
CyTOF (Cytometry),3149005C,Anti-p4E-BP1 [T37/T46],<div>236B4</div>,149Sm,"Human, Mouse",25 Tests,"<a href=""https://fluidigm.my.salesforce.com/sfc/p/700000009DAw/a/4u0000019hvG/.QGC5MUTPcvFCB_zZesLM85qVEcNwh8Zorg6mk9OCjM"" target=""_blank"">PRD009-3149005B</a>","<a href=""https://fluidigm.my.salesforce.com/sfc/p/700000009DAw/a/4u000001870w/XU6eX2YZtdejnAfGRls.mPHhJTPvhOp30R18ZV_Asw4"" target=""_blank"">MSDS-3000000X</a>",various,Maxpar
CyTOF (Cytometry),3149007B,Anti-Human CD200,<div>OX-104</div>,149Sm,"Human, African green, Baboon",100 Tests,"<a href=""https://fluidigm.my.salesforce.com/sfc/p/700000009DAw/a/4u0000019hvL/kZ_rWlmcKiX_bo9kEUAxG5QpsAdg1LOvibRmPMsaeUQ"" target=""_blank"">PRD009-3149007B</a>","<a href=""https://fluidigm.my.salesforce.com/sfc/p/700000009DAw/a/4u000001870w/XU6eX2YZtdejnAfGRls.mPHhJTPvhOp30R18ZV_Asw4"" target=""_blank"">MSDS-3000000X</a>",various,Maxpar
CyTOF (Cytometry),3149007C,Anti-Human CD200,<div>OX-104</div>,149Sm,"Human, African green, Baboon",25 Tests,"<a href=""https://fluidigm.my.salesforce.com/sfc/p/700000009DAw/a/4u0000019hvL/kZ_rWlmcKiX_bo9kEUAxG5QpsAdg1LOvibRmPMsaeUQ"" target=""_blank"">PRD009-3149007B</a>","<a href=""https://fluidigm.my.salesforce.com/sfc/p/700000009DAw/a/4u000001870w/XU6eX2YZtdejnAfGRls.mPHhJTPvhOp30R18ZV_Asw4"" target=""_blank"">MSDS-3000000X</a>",various,Maxpar
CyTOF (Cytometry),3149010B,Anti-Human CD25,<div>2A3</div>,149Sm,Human,100 Tests,"<a href=""https://fluidigm.my.salesforce.com/sfc/p/700000009DAw/a/4u0000019hvR/IVZgOvOLfhj5oajuek1W.JrxoU6jMtNAH_6nnrQ6sjE"" target=""_blank"">PRD009-3149010B</a>","<a href=""https://fluidigm.my.salesforce.com/sfc/p/700000009DAw/a/4u000001870w/XU6eX2YZtdejnAfGRls.mPHhJTPvhOp30R18ZV_Asw4"" target=""_blank"">MSDS-3000000X</a>",various,Maxpar
CyTOF (Cytometry),3149010C,Anti-Human CD25,<div>2A3</div>,149Sm,Human,25 Tests,"<a href=""https://fluidigm.my.salesforce.com/sfc/p/700000009DAw/a/4u0000019hvR/IVZgOvOLfhj5oajuek1W.JrxoU6jMtNAH_6nnrQ6sjE"" target=""_blank"">PRD009-3149010B</a>","<a href=""https://fluidigm.my.salesforce.com/sfc/p/700000009DAw/a/4u000001870w/XU6eX2YZtdejnAfGRls.mPHhJTPvhOp30R18ZV_Asw4"" target=""_blank"">MSDS-3000000X</a>",various,Maxpar
CyTOF (Cytometry),3149011B,Anti-Human CD127/IL-7Rα,<div>A019D5</div>,149Sm,"Human, African Green, Baboon, Cynomolgus Macaque, Rhesus Macaque",100 Tests,"<a href=""https://fluidigm.my.salesforce.com/sfc/p/700000009DAw/a/4u0000019hvV/0aXNn7uEZ1fBgNHiPZsxA4iQ4.x_ES8R2hwIrPbr6x0"" target=""_blank"">PRD009-3149011B</a>","<a href=""https://fluidigm.my.salesforce.com/sfc/p/700000009DAw/a/4u000001870w/XU6eX2YZtdejnAfGRls.mPHhJTPvhOp30R18ZV_Asw4"" target=""_blank"">MSDS-3000000X</a>",various,Maxpar
CyTOF (Cytometry),3149011C,Anti-Human CD127/IL-7Rα,<div>A019D5</div>,149Sm,"Human, African Green, Baboon, Cynomolgus Macaque, Rhesus Macaque",25 Tests,"<a href=""https://fluidigm.my.salesforce.com/sfc/p/700000009DAw/a/4u0000019hvV/0aXNn7uEZ1fBgNHiPZsxA4iQ4.x_ES8R2hwIrPbr6x0"" target=""_blank"">PRD009-3149011B</a>","<a href=""https://fluidigm.my.salesforce.com/sfc/p/700000009DAw/a/4u000001870w/XU6eX2YZtdejnAfGRls.mPHhJTPvhOp30R18ZV_Asw4"" target=""_blank"">MSDS-3000000X</a>",various,Maxpar
CyTOF (Cytometry),3149012B,Anti-Human CD179a,<div>HSL96</div>,149Sm,"Human, African Green",100 Tests,"<a href=""https://fluidigm.my.salesforce.com/sfc/p/700000009DAw/a/4u0000019hva/NuBW3mCzx2GD1ZL.U8tbKj7oCh8Qzo96ilveCs6OoRM"" target=""_blank"">PRD009-3149012B</a>","<a href=""https://fluidigm.my.salesforce.com/sfc/p/700000009DAw/a/4u000001870w/XU6eX2YZtdejnAfGRls.mPHhJTPvhOp30R18ZV_Asw4"" target=""_blank"">MSDS-3000000X</a>",various,Maxpar
CyTOF (Cytometry),3149012C,Anti-Human CD179a,<div>HSL96</div>,149Sm,"Human, African Green",25 Tests,"<a href=""https://fluidigm.my.salesforce.com/sfc/p/700000009DAw/a/4u0000019hva/NuBW3mCzx2GD1ZL.U8tbKj7oCh8Qzo96ilveCs6OoRM"" target=""_blank"">PRD009-3149012B</a>","<a href=""https://fluidigm.my.salesforce.com/sfc/p/700000009DAw/a/4u000001870w/XU6eX2YZtdejnAfGRls.mPHhJTPvhOp30R18ZV_Asw4"" target=""_blank"">MSDS-3000000X</a>",various,Maxpar
CyTOF (Cytometry),3149013B,Anti-Human CD34,<div>581</div>,149Sm,"Human, Cynomolgus Macaque",100 Tests,"<a href=""https://fluidigm.my.salesforce.com/sfc/p/700000009DAw/a/4u0000019hvf/LplXw8W3wdca8KhkMzvN3E3caalTokEGxBA84cBTdok"" target=""_blank"">PRD009-3149013B</a>","<a href=""https://fluidigm.my.salesforce.com/sfc/p/700000009DAw/a/4u000001870w/XU6eX2YZtdejnAfGRls.mPHhJTPvhOp30R18ZV_Asw4"" target=""_blank"">MSDS-3000000X</a>",various,Maxpar
CyTOF (Cytometry),3149013C,Anti-Human CD34,<div>581</div>,149Sm,"Human, Cynomolgus Macaque",25 Tests,"<a href=""https://fluidigm.my.salesforce.com/sfc/p/700000009DAw/a/4u0000019hvf/LplXw8W3wdca8KhkMzvN3E3caalTokEGxBA84cBTdok"" target=""_blank"">PRD009-3149013B</a>","<a href=""https://fluidigm.my.salesforce.com/sfc/p/700000009DAw/a/4u000001870w/XU6eX2YZtdejnAfGRls.mPHhJTPvhOp30R18ZV_Asw4"" target=""_blank"">MSDS-3000000X</a>",various,Maxpar
CyTOF (Cytometry),3149015B,Anti-Human CD172b,<div>B4B6</div>,149Sm,"Human, Baboon",100 Tests,"<a href=""https://fluidigm.my.salesforce.com/sfc/p/700000009DAw/a/4u0000019ii8/GVBnIlh0R1uW2Fn6wJBpsYwNU2uFj7Sp5vnBYfhg_b0"" target=""_blank"">PRD009-3149015B</a>","<a href=""https://fluidigm.my.salesforce.com/sfc/p/700000009DAw/a/4u000001870w/XU6eX2YZtdejnAfGRls.mPHhJTPvhOp30R18ZV_Asw4"" target=""_blank"">MSDS-3000000X</a>",various,Maxpar
CyTOF (Cytometry),3149015C,Anti-Human CD172b,<div>B4B6</div>,149Sm,"Human, Baboon",25 Tests,"<a href=""https://fluidigm.my.salesforce.com/sfc/p/700000009DAw/a/4u0000019ii8/GVBnIlh0R1uW2Fn6wJBpsYwNU2uFj7Sp5vnBYfhg_b0"" target=""_blank"">PRD009-3149015B</a>","<a href=""https://fluidigm.my.salesforce.com/sfc/p/700000009DAw/a/4u000001870w/XU6eX2YZtdejnAfGRls.mPHhJTPvhOp30R18ZV_Asw4"" target=""_blank"">MSDS-3000000X</a>",various,Maxpar
CyTOF (Cytometry),3149017B,Anti-Human CD271 ,<div>C40-1457</div>,149Sm,Human,100 Tests,"<a href=""https://fluidigm.my.salesforce.com/sfc/p/700000009DAw/a/4u0000019hvb/tK1FvlSTPpL7nnyv4dgkIkoXAdDEoxGDBXeKhQAZhyU"" target=""_blank"">PRD009-3149017B</a>","<a href=""https://fluidigm.my.salesforce.com/sfc/p/700000009DAw/a/4u000001870w/XU6eX2YZtdejnAfGRls.mPHhJTPvhOp30R18ZV_Asw4"" target=""_blank"">MSDS-3000000X</a>",various,Maxpar
CyTOF (Cytometry),3149017C,Anti-Human CD271 ,<div>C40-1457</div>,149Sm,Human,25 Tests,"<a href=""https://fluidigm.my.salesforce.com/sfc/p/700000009DAw/a/4u0000019hvb/tK1FvlSTPpL7nnyv4dgkIkoXAdDEoxGDBXeKhQAZhyU"" target=""_blank"">PRD009-3149017B</a>","<a href=""https://fluidigm.my.salesforce.com/sfc/p/700000009DAw/a/4u000001870w/XU6eX2YZtdejnAfGRls.mPHhJTPvhOp30R18ZV_Asw4"" target=""_blank"">MSDS-3000000X</a>",various,Maxpar
CyTOF (Cytometry),3149018B,Anti-Human CD66a/c/e,<div>ASL-32</div>,149Sm,Human,100 Tests,"<a href=""https://fluidigm.my.salesforce.com/sfc/p/700000009DAw/a/4u0000019hvS/FcTLPiUGDYIw0AFcMB2kSZ7MOItJ7OepqIOvCLiUtKE"" target=""_blank"">PRD009-3149018B</a>","<a href=""https://fluidigm.my.salesforce.com/sfc/p/700000009DAw/a/4u000001870w/XU6eX2YZtdejnAfGRls.mPHhJTPvhOp30R18ZV_Asw4"" target=""_blank"">MSDS-3000000X</a>",various,Maxpar
CyTOF (Cytometry),3149018C,Anti-Human CD66a/c/e,<div>ASL-32</div>,149Sm,Human,25 Tests,"<a href=""https://fluidigm.my.salesforce.com/sfc/p/700000009DAw/a/4u0000019hvS/FcTLPiUGDYIw0AFcMB2kSZ7MOItJ7OepqIOvCLiUtKE"" target=""_blank"">PRD009-3149018B</a>","<a href=""https://fluidigm.my.salesforce.com/sfc/p/700000009DAw/a/4u000001870w/XU6eX2YZtdejnAfGRls.mPHhJTPvhOp30R18ZV_Asw4"" target=""_blank"">MSDS-3000000X</a>",various,Maxpar
CyTOF (Cytometry),3149020B,Anti-Human Syk,<div>4D10.2</div>,149Sm,Human,100 Tests,"<a href=""https://fluidigm.my.salesforce.com/sfc/p/700000009DAw/a/4u0000019hvk/PZBocHznqs4pq44IhfegzgkOcaZHEeI5boD11NuqG.A"" target=""_blank"">PRD009-3149020B</a>","<a href=""https://fluidigm.my.salesforce.com/sfc/p/700000009DAw/a/4u000001870w/XU6eX2YZtdejnAfGRls.mPHhJTPvhOp30R18ZV_Asw4"" target=""_blank"">MSDS-3000000X</a>",various,Maxpar
CyTOF (Cytometry),3149020C,Anti-Human Syk,<div>4D10.2</div>,149Sm,Human,25 Tests,"<a href=""https://fluidigm.my.salesforce.com/sfc/p/700000009DAw/a/4u0000019hvk/PZBocHznqs4pq44IhfegzgkOcaZHEeI5boD11NuqG.A"" target=""_blank"">PRD009-3149020B</a>","<a href=""https://fluidigm.my.salesforce.com/sfc/p/700000009DAw/a/4u000001870w/XU6eX2YZtdejnAfGRls.mPHhJTPvhOp30R18ZV_Asw4"" target=""_blank"">MSDS-3000000X</a>",various,Maxpar
CyTOF (Cytometry),3149021B,Anti-Human CD56/NCAM,<div>NCAM16.2</div>,149Sm,Human,100 Tests,"<a href=""https://fluidigm.my.salesforce.com/sfc/p/700000009DAw/a/4u0000019hwW/pZh8DL4xAm1ZHlAVoAH2djEpeW3RQbkEZazhUJUVN1Q"" target=""_blank"">PRD009-3149021B</a>","<a href=""https://fluidigm.my.salesforce.com/sfc/p/700000009DAw/a/4u000001870w/XU6eX2YZtdejnAfGRls.mPHhJTPvhOp30R18ZV_Asw4"" target=""_blank"">MSDS-3000000X</a>",various,Maxpar
CyTOF (Cytometry),3149021C,Anti-Human CD56/NCAM,<div>NCAM16.2</div>,149Sm,Human,25 Tests,"<a href=""https://fluidigm.my.salesforce.com/sfc/p/700000009DAw/a/4u0000019hwW/pZh8DL4xAm1ZHlAVoAH2djEpeW3RQbkEZazhUJUVN1Q"" target=""_blank"">PRD009-3149021B</a>","<a href=""https://fluidigm.my.salesforce.com/sfc/p/700000009DAw/a/4u000001870w/XU6eX2YZtdejnAfGRls.mPHhJTPvhOp30R18ZV_Asw4"" target=""_blank"">MSDS-3000000X</a>",various,Maxpar
CyTOF (Cytometry),3149022B,Anti-Human/Mouse CD282/TLR2,<div>T2.5</div>,149Sm,"Human, Mouse",100 Tests,"<a href=""https://fluidigm.my.salesforce.com/sfc/p/700000009DAw/a/4u0000019hwb/6hIMmWXPu8w6zBVqaD0TYE3llzJ63_ytLCyKLAdqn54"" target=""_blank"">PRD009-3149022B</a>","<a href=""https://fluidigm.my.salesforce.com/sfc/p/700000009DAw/a/4u000001870w/XU6eX2YZtdejnAfGRls.mPHhJTPvhOp30R18ZV_Asw4"" target=""_blank"">MSDS-3000000X</a>",various,Maxpar
CyTOF (Cytometry),3149022C,Anti-Human/Mouse CD282/TLR2 ,<div>T2.5</div>,149Sm,"Human, Mouse",25 Tests,"<a href=""https://fluidigm.my.salesforce.com/sfc/p/700000009DAw/a/4u0000019hwb/6hIMmWXPu8w6zBVqaD0TYE3llzJ63_ytLCyKLAdqn54"" target=""_blank"">PRD009-3149022B</a>","<a href=""https://fluidigm.my.salesforce.com/sfc/p/700000009DAw/a/4u000001870w/XU6eX2YZtdejnAfGRls.mPHhJTPvhOp30R18ZV_Asw4"" target=""_blank"">MSDS-3000000X</a>",various,Maxpar
CyTOF (Cytometry),3149025B,Anti-Human CD26 ,<div>M-A261</div>,149Sm,Human,100 Tests,"<a href=""https://fluidigm.my.salesforce.com/sfc/p/700000009DAw/a/4u0000019iiD/N7B1GlC.O.l3QJYFupqTlfMsmidSeYE5bC6UX0uuC34"" target=""_blank"">PRD009-3149025B</a>","<a href=""https://fluidigm.my.salesforce.com/sfc/p/700000009DAw/a/4u000001870w/XU6eX2YZtdejnAfGRls.mPHhJTPvhOp30R18ZV_Asw4"" target=""_blank"">MSDS-3000000X</a>",various,Maxpar
CyTOF (Cytometry),3149025C,Anti-Human CD26 ,<div>M-A261</div>,149Sm,Human,25 Tests,"<a href=""https://fluidigm.my.salesforce.com/sfc/p/700000009DAw/a/4u0000019iiD/N7B1GlC.O.l3QJYFupqTlfMsmidSeYE5bC6UX0uuC34"" target=""_blank"">PRD009-3149025B</a>","<a href=""https://fluidigm.my.salesforce.com/sfc/p/700000009DAw/a/4u000001870w/XU6eX2YZtdejnAfGRls.mPHhJTPvhOp30R18ZV_Asw4"" target=""_blank"">MSDS-3000000X</a>",various,Maxpar
CyTOF (Cytometry),3149029A,Anti-Human CD194/CCR4 ,<div>L291H4</div>,149Sm,"Human, Cynomolgus Macaque",50 Tests,"<a href=""https://fluidigm.my.salesforce.com/sfc/p/700000009DAw/a/4u0000019hwg/6rQy09DwultB2y6rXfRCREXubJzoJnNO1QTKvdGTQnM"" target=""_blank"">PRD009-3149029A</a>","<a href=""https://fluidigm.my.salesforce.com/sfc/p/700000009DAw/a/4u000001870w/XU6eX2YZtdejnAfGRls.mPHhJTPvhOp30R18ZV_Asw4"" target=""_blank"">MSDS-3000000X</a>",various,Maxpar
CyTOF (Cytometry),3149029C,Anti-Human CD194/CCR4 ,<div>L291H4</div>,149Sm,"Human, Cynomolgus Macaque",25 Tests,"<a href=""https://fluidigm.my.salesforce.com/sfc/p/700000009DAw/a/4u0000019hwg/6rQy09DwultB2y6rXfRCREXubJzoJnNO1QTKvdGTQnM"" target=""_blank"">PRD009-3149029B</a>","<a href=""https://fluidigm.my.salesforce.com/sfc/p/700000009DAw/a/4u000001870w/XU6eX2YZtdejnAfGRls.mPHhJTPvhOp30R18ZV_Asw4"" target=""_blank"">MSDS-3000000X</a>",various,Maxpar
CyTOF (Cytometry),3150001B,Anti-Human CD61,<div>VI-PL2</div>,150Nd,"Human, African Green, Baboon, Cynomolgus, Rhesus",100 Tests,"<a href=""https://fluidigm.my.salesforce.com/sfc/p/700000009DAw/a/4u0000019hwl/YWQ4pD3TrCwsWNUHJIbZHQhEvMuDDNO2H.pIIXnHZDA"" target=""_blank"">PRD009-3150001B</a>","<a href=""https://fluidigm.my.salesforce.com/sfc/p/700000009DAw/a/4u000001870w/XU6eX2YZtdejnAfGRls.mPHhJTPvhOp30R18ZV_Asw4"" target=""_blank"">MSDS-3000000X</a>",various,Maxpar
CyTOF (Cytometry),3150001C,Anti-Human CD61,<div>VI-PL2</div>,150Nd,"Human, African Green, Baboon, Cynomolgus, Rhesus",25 Tests,"<a href=""https://fluidigm.my.salesforce.com/sfc/p/700000009DAw/a/4u0000019hwl/YWQ4pD3TrCwsWNUHJIbZHQhEvMuDDNO2H.pIIXnHZDA"" target=""_blank"">PRD009-3150001B</a>","<a href=""https://fluidigm.my.salesforce.com/sfc/p/700000009DAw/a/4u000001870w/XU6eX2YZtdejnAfGRls.mPHhJTPvhOp30R18ZV_Asw4"" target=""_blank"">MSDS-3000000X</a>",various,Maxpar
CyTOF (Cytometry),3150002B,Anti-Mouse CD25,<div>3C7</div>,150Nd,Mouse,100 Tests,"<a href=""https://fluidigm.my.salesforce.com/sfc/p/700000009DAw/a/4u0000019hwq/JlFe_RAsTZw2ZoIE016FjiydPG06tDJnw1gV3fUWQjQ"" target=""_blank"">PRD009-3150002B</a>","<a href=""https://fluidigm.my.salesforce.com/sfc/p/700000009DAw/a/4u000001870w/XU6eX2YZtdejnAfGRls.mPHhJTPvhOp30R18ZV_Asw4"" target=""_blank"">MSDS-3000000X</a>",various,Maxpar
CyTOF (Cytometry),3150002C,Anti-Mouse CD25,<div>3C7</div>,150Nd,Mouse,25 Tests,"<a href=""https://fluidigm.my.salesforce.com/sfc/p/700000009DAw/a/4u0000019hwq/JlFe_RAsTZw2ZoIE016FjiydPG06tDJnw1gV3fUWQjQ"" target=""_blank"">PRD009-3150002B</a>","<a href=""https://fluidigm.my.salesforce.com/sfc/p/700000009DAw/a/4u000001870w/XU6eX2YZtdejnAfGRls.mPHhJTPvhOp30R18ZV_Asw4"" target=""_blank"">MSDS-3000000X</a>",various,Maxpar
CyTOF (Cytometry),3150004B,Anti-Human MIP1β,<div>D21-1351</div>,150Nd,Human,100 Tests,"<a href=""https://fluidigm.my.salesforce.com/sfc/p/700000009DAw/a/4u0000019hwv/cCpbnQfFAlX8fIrhplhndYZBktudVhPDKG5ZTvvrwjc"" target=""_blank"">PRD009-3150004B</a>","<a href=""https://fluidigm.my.salesforce.com/sfc/p/700000009DAw/a/4u000001870w/XU6eX2YZtdejnAfGRls.mPHhJTPvhOp30R18ZV_Asw4"" target=""_blank"">MSDS-3000000X</a>",various,Maxpar
CyTOF (Cytometry),3150004C,Anti-Human MIP1β,<div>D21-1351 </div>,150Nd,Human,25 Tests,"<a href=""https://fluidigm.my.salesforce.com/sfc/p/700000009DAw/a/4u0000019hwv/cCpbnQfFAlX8fIrhplhndYZBktudVhPDKG5ZTvvrwjc"" target=""_blank"">PRD009-3150004B</a>","<a href=""https://fluidigm.my.salesforce.com/sfc/p/700000009DAw/a/4u000001870w/XU6eX2YZtdejnAfGRls.mPHhJTPvhOp30R18ZV_Asw4"" target=""_blank"">MSDS-3000000X</a>",various,Maxpar
CyTOF (Cytometry),3150005A,Anti-pStat5 [Y694],<div>47</div>,150Nd,"Rat, Mouse, Human, Sheep",50 Tests,"<a href=""https://fluidigm.my.salesforce.com/sfc/p/700000009DAw/a/4u0000019hwc/KIdzXSeol1URsnWiLTzdmbm2mvJBw.AVOv.1ZcyL3c0"" target=""_blank"">PRD009-3150005A</a>","<a href=""https://fluidigm.my.salesforce.com/sfc/p/700000009DAw/a/4u000001870w/XU6eX2YZtdejnAfGRls.mPHhJTPvhOp30R18ZV_Asw4"" target=""_blank"">MSDS-3000000X</a>",various,Maxpar
CyTOF (Cytometry),3150005C,Anti-pStat5 [Y694],<div>47</div>,150Nd,"Rat, Mouse, Human, Sheep",25 Tests,"<a href=""https://fluidigm.my.salesforce.com/sfc/p/700000009DAw/a/4u0000019hwc/KIdzXSeol1URsnWiLTzdmbm2mvJBw.AVOv.1ZcyL3c0"" target=""_blank"">PRD009-3150005B</a>","<a href=""https://fluidigm.my.salesforce.com/sfc/p/700000009DAw/a/4u000001870w/XU6eX2YZtdejnAfGRls.mPHhJTPvhOp30R18ZV_Asw4"" target=""_blank"">MSDS-3000000X</a>",various,Maxpar
CyTOF (Cytometry),3150006B,Anti-Human CD43,<div>84-3C1</div>,150Nd,Human,100 Tests,"<a href=""https://fluidigm.my.salesforce.com/sfc/p/700000009DAw/a/4u0000019hx0/rPc8jkIQBRAMB2Szn_de6z_OMxjfymMmjbm1ZYdtOoU"" target=""_blank"">PRD009-3150006B</a>","<a href=""https://fluidigm.my.salesforce.com/sfc/p/700000009DAw/a/4u000001870w/XU6eX2YZtdejnAfGRls.mPHhJTPvhOp30R18ZV_Asw4"" target=""_blank"">MSDS-3000000X</a>",various,Maxpar
CyTOF (Cytometry),3150006C,Anti-Human CD43,<div>84-3C1</div>,150Nd,Human,25 Tests,"<a href=""https://fluidigm.my.salesforce.com/sfc/p/700000009DAw/a/4u0000019hx0/rPc8jkIQBRAMB2Szn_de6z_OMxjfymMmjbm1ZYdtOoU"" target=""_blank"">PRD009-3150006B</a>","<a href=""https://fluidigm.my.salesforce.com/sfc/p/700000009DAw/a/4u000001870w/XU6eX2YZtdejnAfGRls.mPHhJTPvhOp30R18ZV_Asw4"" target=""_blank"">MSDS-3000000X</a>",various,Maxpar
CyTOF (Cytometry),3150007B,Anti-Human IL-22,<div>22URTI</div>,150Nd,Human,100 Tests,"<a href=""https://fluidigm.my.salesforce.com/sfc/p/700000009DAw/a/4u0000019hx5/RTPeqVyvyvm1YuLsuPFT.lYTbUyLhS5PPM6a39W24tU"" target=""_blank"">PRD009-3150007B</a>","<a href=""https://fluidigm.my.salesforce.com/sfc/p/700000009DAw/a/4u000001870w/XU6eX2YZtdejnAfGRls.mPHhJTPvhOp30R18ZV_Asw4"" target=""_blank"">MSDS-3000000X</a>",various,Maxpar
CyTOF (Cytometry),3150007C,Anti-Human IL-22,<div>22URTI </div>,150Nd,Human,25 Tests,"<a href=""https://fluidigm.my.salesforce.com/sfc/p/700000009DAw/a/4u0000019hx5/RTPeqVyvyvm1YuLsuPFT.lYTbUyLhS5PPM6a39W24tU"" target=""_blank"">PRD009-3150007B</a>","<a href=""https://fluidigm.my.salesforce.com/sfc/p/700000009DAw/a/4u000001870w/XU6eX2YZtdejnAfGRls.mPHhJTPvhOp30R18ZV_Asw4"" target=""_blank"">MSDS-3000000X</a>",various,Maxpar
CyTOF (Cytometry),3150008B,Anti-Biotin ,<div>1D4-C5</div>,150Nd,All species,100 Tests,"<a href=""https://fluidigm.my.salesforce.com/sfc/p/700000009DAw/a/4u0000019hxA/P.5miniDhJgOoOsx7bXtus5Z2Mi1phV7FIuK.Ln0Tfc"" target=""_blank"">PRD009-3150008B</a>","<a href=""https://fluidigm.my.salesforce.com/sfc/p/700000009DAw/a/4u000001870w/XU6eX2YZtdejnAfGRls.mPHhJTPvhOp30R18ZV_Asw4"" target=""_blank"">MSDS-3000000X</a>",various,Maxpar
CyTOF (Cytometry),3150008C,Anti-Biotin ,<div>1D4-C5</div>,150Nd,All species,25 Tests,"<a href=""https://fluidigm.my.salesforce.com/sfc/p/700000009DAw/a/4u0000019hxA/P.5miniDhJgOoOsx7bXtus5Z2Mi1phV7FIuK.Ln0Tfc"" target=""_blank"">PRD009-3150008B</a>","<a href=""https://fluidigm.my.salesforce.com/sfc/p/700000009DAw/a/4u000001870w/XU6eX2YZtdejnAfGRls.mPHhJTPvhOp30R18ZV_Asw4"" target=""_blank"">MSDS-3000000X</a>",various,Maxpar
CyTOF (Cytometry),3150009B,Anti-Mouse CD24,<div>M1/69</div>,150Nd,"Mouse, Human,Chimpanzee, Baboon, Cynomolgus, Rhesus, Rabbit",100 Tests,"<a href=""https://fluidigm.my.salesforce.com/sfc/p/700000009DAw/a/4u0000019hxF/msxPn.zKjQ7I6h9jJpGNoWuvHwh3bLwpiHdu5L_y_XE"" target=""_blank"">PRD009-3150009B</a>","<a href=""https://fluidigm.my.salesforce.com/sfc/p/700000009DAw/a/4u000001870w/XU6eX2YZtdejnAfGRls.mPHhJTPvhOp30R18ZV_Asw4"" target=""_blank"">MSDS-3000000X</a>",various,Maxpar
CyTOF (Cytometry),3150009C,Anti-Mouse CD24,<div>M1/69</div>,150Nd,"Mouse, Human,Chimpanzee, Baboon, Cynomolgus, Rhesus, Rabbit",25 Tests,"<a href=""https://fluidigm.my.salesforce.com/sfc/p/700000009DAw/a/4u0000019hxF/msxPn.zKjQ7I6h9jJpGNoWuvHwh3bLwpiHdu5L_y_XE"" target=""_blank"">PRD009-3150009B</a>","<a href=""https://fluidigm.my.salesforce.com/sfc/p/700000009DAw/a/4u000001870w/XU6eX2YZtdejnAfGRls.mPHhJTPvhOp30R18ZV_Asw4"" target=""_blank"">MSDS-3000000X</a>",various,Maxpar
CyTOF (Cytometry),3150010B,Anti-Mouse Ly-6C,<div>HK1.4</div>,150Nd,Mouse,100 Tests,"<a href=""https://fluidigm.my.salesforce.com/sfc/p/700000009DAw/a/4u0000019hxK/KLf4F5FPlZGa_YtfmhhsGMj6VyVtpGHgGxhL7csJFKE"" target=""_blank"">PRD009-3150010B</a>","<a href=""https://fluidigm.my.salesforce.com/sfc/p/700000009DAw/a/4u000001870w/XU6eX2YZtdejnAfGRls.mPHhJTPvhOp30R18ZV_Asw4"" target=""_blank"">MSDS-3000000X</a>",various,Maxpar
CyTOF (Cytometry),3150010C,Anti-Mouse Ly-6C,<div>HK1.4</div>,150Nd,Mouse,25 Tests,"<a href=""https://fluidigm.my.salesforce.com/sfc/p/700000009DAw/a/4u0000019hxK/KLf4F5FPlZGa_YtfmhhsGMj6VyVtpGHgGxhL7csJFKE"" target=""_blank"">PRD009-3150010B</a>","<a href=""https://fluidigm.my.salesforce.com/sfc/p/700000009DAw/a/4u000001870w/XU6eX2YZtdejnAfGRls.mPHhJTPvhOp30R18ZV_Asw4"" target=""_blank"">MSDS-3000000X</a>",various,Maxpar
CyTOF (Cytometry),3150011B,Anti-Mouse IgD,<div>11-26c.2a</div>,150Nd,Mouse,100 Tests,"<a href=""https://fluidigm.my.salesforce.com/sfc/p/700000009DAw/a/4u0000019hxP/V583qcgQSjatOBVMQf2jKpFHcJ1lJ5hjG9neioBBX7U"" target=""_blank"">PRD009-3150011B</a>","<a href=""https://fluidigm.my.salesforce.com/sfc/p/700000009DAw/a/4u000001870w/XU6eX2YZtdejnAfGRls.mPHhJTPvhOp30R18ZV_Asw4"" target=""_blank"">MSDS-3000000X</a>",various,Maxpar
CyTOF (Cytometry),3150011C,Anti-Mouse IgD,<div>11-26c.2a </div>,150Nd,Mouse,25 Tests,"<a href=""https://fluidigm.my.salesforce.com/sfc/p/700000009DAw/a/4u0000019hxP/V583qcgQSjatOBVMQf2jKpFHcJ1lJ5hjG9neioBBX7U"" target=""_blank"">PRD009-3150011B</a>","<a href=""https://fluidigm.my.salesforce.com/sfc/p/700000009DAw/a/4u000001870w/XU6eX2YZtdejnAfGRls.mPHhJTPvhOp30R18ZV_Asw4"" target=""_blank"">MSDS-3000000X</a>",various,Maxpar
CyTOF (Cytometry),3150012B,Anti-Human CD138/Syndecan-1,<div>DL-101</div>,150Nd,"Human, African Green, Baboon, Cynomolgus",100 Tests,"<a href=""https://fluidigm.my.salesforce.com/sfc/p/700000009DAw/a/4u0000019hxQ/7MzXMmsmlSJhsSZaCxxTwTr3DeV.199h4bRXFQpDahI"" target=""_blank"">PRD009-3150012B</a>","<a href=""https://fluidigm.my.salesforce.com/sfc/p/700000009DAw/a/4u000001870w/XU6eX2YZtdejnAfGRls.mPHhJTPvhOp30R18ZV_Asw4"" target=""_blank"">MSDS-3000000X</a>",various,Maxpar
CyTOF (Cytometry),3150012C,Anti-Human CD138/Syndecan-1,<div>DL-101 </div>,150Nd,"Human, African Green, Baboon, Cynomolgus",25 Tests,"<a href=""https://fluidigm.my.salesforce.com/sfc/p/700000009DAw/a/4u0000019hxQ/7MzXMmsmlSJhsSZaCxxTwTr3DeV.199h4bRXFQpDahI"" target=""_blank"">PRD009-3150012B</a>","<a href=""https://fluidigm.my.salesforce.com/sfc/p/700000009DAw/a/4u000001870w/XU6eX2YZtdejnAfGRls.mPHhJTPvhOp30R18ZV_Asw4"" target=""_blank"">MSDS-3000000X</a>",various,Maxpar
CyTOF (Cytometry),3150013A,Anti-pRb [S807/S811],<div>J112-906</div>,150Nd,Human,50 Tests,"<a href=""https://fluidigm.my.salesforce.com/sfc/p/700000009DAw/a/4u0000019hxL/EmCo4ITzpdQhfc4.T3WAz0t7_q7h5hUbr.8qtqy7vv8"" target=""_blank"">PRD009-3150013A</a>","<a href=""https://fluidigm.my.salesforce.com/sfc/p/700000009DAw/a/4u000001870w/XU6eX2YZtdejnAfGRls.mPHhJTPvhOp30R18ZV_Asw4"" target=""_blank"">MSDS-3000000X</a>",various,Maxpar
CyTOF (Cytometry),3150013C,Anti-pRb [S807/S811],<div>J112-906</div>,150Nd,Human,25 Tests,"<a href=""https://fluidigm.my.salesforce.com/sfc/p/700000009DAw/a/4u0000019hxL/EmCo4ITzpdQhfc4.T3WAz0t7_q7h5hUbr.8qtqy7vv8"" target=""_blank"">PRD009-3150013B</a>","<a href=""https://fluidigm.my.salesforce.com/sfc/p/700000009DAw/a/4u000001870w/XU6eX2YZtdejnAfGRls.mPHhJTPvhOp30R18ZV_Asw4"" target=""_blank"">MSDS-3000000X</a>",various,Maxpar
CyTOF (Cytometry),3150017B,Anti-Human/Mouse CD27,<div>LG.3A10</div>,150Nd,"Mouse, Rat, Human",100 Tests,"<a href=""https://fluidigm.my.salesforce.com/sfc/p/700000009DAw/a/4u0000019hxj/PkFlSZxYjGd2mEtazIKTLMG2fq04Bg6W1KnWMfHa77s"" target=""_blank"">PRD009-3150017B</a>","<a href=""https://fluidigm.my.salesforce.com/sfc/p/700000009DAw/a/4u000001870w/XU6eX2YZtdejnAfGRls.mPHhJTPvhOp30R18ZV_Asw4"" target=""_blank"">MSDS-3000000X</a>",various,Maxpar
CyTOF (Cytometry),3150017C,Anti-Human/Mouse CD27,<div>LG.3A10</div>,150Nd,"Mouse, Rat, Human",25 Tests,"<a href=""https://fluidigm.my.salesforce.com/sfc/p/700000009DAw/a/4u0000019hxj/PkFlSZxYjGd2mEtazIKTLMG2fq04Bg6W1KnWMfHa77s"" target=""_blank"">PRD009-3150017B</a>","<a href=""https://fluidigm.my.salesforce.com/sfc/p/700000009DAw/a/4u000001870w/XU6eX2YZtdejnAfGRls.mPHhJTPvhOp30R18ZV_Asw4"" target=""_blank"">MSDS-3000000X</a>",various,Maxpar
CyTOF (Cytometry),3150018B,Anti-Mouse/Human CD44,<div>IM7</div>,150Nd,"Mouse, Human, Baboon, Chimpanzee, Cynomolgus Macaque, Rhesus Macaque, Squirrel Monkey, Horse, Cow, Pig, Dog, Cat",100 Tests,"<a href=""https://fluidigm.my.salesforce.com/sfc/p/700000009DAw/a/4u0000019hxo/gKZFY5_eYGG5E1wTfCIkwdVAKsPSR_a8BNa_Uc_rKVI"" target=""_blank"">PRD009-3150018B</a>","<a href=""https://fluidigm.my.salesforce.com/sfc/p/700000009DAw/a/4u000001870w/XU6eX2YZtdejnAfGRls.mPHhJTPvhOp30R18ZV_Asw4"" target=""_blank"">MSDS-3000000X</a>",various,Maxpar
CyTOF (Cytometry),3150018C,Anti-Mouse/Human CD44,<div>IM7</div>,150Nd,"Mouse, Human, Baboon, Chimpanzee, Cynomolgus Macaque, Rhesus Macaque, Squirrel Monkey, Horse, Cow, Pig, Dog, Cat",25 Tests,"<a href=""https://fluidigm.my.salesforce.com/sfc/p/700000009DAw/a/4u0000019hxo/gKZFY5_eYGG5E1wTfCIkwdVAKsPSR_a8BNa_Uc_rKVI"" target=""_blank"">PRD009-3150018B</a>","<a href=""https://fluidigm.my.salesforce.com/sfc/p/700000009DAw/a/4u000001870w/XU6eX2YZtdejnAfGRls.mPHhJTPvhOp30R18ZV_Asw4"" target=""_blank"">MSDS-3000000X</a>",various,Maxpar
CyTOF (Cytometry),3150019B,Anti-Human Sox2,<div>O30-678</div>,150Nd,"Human, Mouse",100 Tests,"<a href=""https://fluidigm.my.salesforce.com/sfc/p/700000009DAw/a/4u0000019hxy/XmACu2_9vKxVLKy9z3WsJ8dxLpiBsdVKb0GWvpSow5o"" target=""_blank"">PRD009-3150019B</a>","<a href=""https://fluidigm.my.salesforce.com/sfc/p/700000009DAw/a/4u000001870w/XU6eX2YZtdejnAfGRls.mPHhJTPvhOp30R18ZV_Asw4"" target=""_blank"">MSDS-3000000X</a>",various,Maxpar
CyTOF (Cytometry),3150019C,Anti-Human Sox2,<div>O30-678</div>,150Nd,"Human, Mouse",25 Tests,"<a href=""https://fluidigm.my.salesforce.com/sfc/p/700000009DAw/a/4u0000019hxy/XmACu2_9vKxVLKy9z3WsJ8dxLpiBsdVKb0GWvpSow5o"" target=""_blank"">PRD009-3150019B</a>","<a href=""https://fluidigm.my.salesforce.com/sfc/p/700000009DAw/a/4u000001870w/XU6eX2YZtdejnAfGRls.mPHhJTPvhOp30R18ZV_Asw4"" target=""_blank"">MSDS-3000000X</a>",various,Maxpar
CyTOF (Cytometry),3150020B,Anti-Human CD86/B7.2,<div>IT2.2</div>,150Nd,"Human, African Green, Baboon, Capuchin Monkey, Common Marmoset, Cotton-topped Tamarin, Chimpanzee, Cynomolgus Macaque, Rhesus Macaque",100 Tests,"<a href=""https://fluidigm.my.salesforce.com/sfc/p/700000009DAw/a/4u0000019hy3/bgy4iys68s2gmLxOLbLA0p00.ts8RRasnfMQylfud2Y"" target=""_blank"">PRD009-3150020B</a>","<a href=""https://fluidigm.my.salesforce.com/sfc/p/700000009DAw/a/4u000001870w/XU6eX2YZtdejnAfGRls.mPHhJTPvhOp30R18ZV_Asw4"" target=""_blank"">MSDS-3000000X</a>",various,Maxpar
CyTOF (Cytometry),3150020C,Anti-Human CD86/B7.2,<div>IT2.2</div>,150Nd,"Human, African Green, Baboon, Capuchin Monkey, Common Marmoset, Cotton-topped Tamarin, Chimpanzee, Cynomolgus Macaque, Rhesus Macaque",25 Tests,"<a href=""https://fluidigm.my.salesforce.com/sfc/p/700000009DAw/a/4u0000019hy3/bgy4iys68s2gmLxOLbLA0p00.ts8RRasnfMQylfud2Y"" target=""_blank"">PRD009-3150020B</a>","<a href=""https://fluidigm.my.salesforce.com/sfc/p/700000009DAw/a/4u000001870w/XU6eX2YZtdejnAfGRls.mPHhJTPvhOp30R18ZV_Asw4"" target=""_blank"">MSDS-3000000X</a>",various,Maxpar
CyTOF (Cytometry),3150021B,Anti-Human CD63,<div>H5C6</div>,150Nd,"Human, African Green, Baboon, Cynomolgus, Rhesus",100 Tests,"<a href=""https://fluidigm.my.salesforce.com/sfc/p/700000009DAw/a/4u0000019hy4/8gcJbcwvEYp6_KjKnEqvCIrEQZQqMZmLn.e1RD9TCwI"" target=""_blank"">PRD009-3150021B</a>","<a href=""https://fluidigm.my.salesforce.com/sfc/p/700000009DAw/a/4u000001870w/XU6eX2YZtdejnAfGRls.mPHhJTPvhOp30R18ZV_Asw4"" target=""_blank"">MSDS-3000000X</a>",various,Maxpar
CyTOF (Cytometry),3150021C,Anti-Human CD63,<div>H5C6</div>,150Nd,"Human, African Green, Baboon, Cynomolgus, Rhesus",25 Tests,"<a href=""https://fluidigm.my.salesforce.com/sfc/p/700000009DAw/a/4u0000019hy4/8gcJbcwvEYp6_KjKnEqvCIrEQZQqMZmLn.e1RD9TCwI"" target=""_blank"">PRD009-3150021B</a>","<a href=""https://fluidigm.my.salesforce.com/sfc/p/700000009DAw/a/4u000001870w/XU6eX2YZtdejnAfGRls.mPHhJTPvhOp30R18ZV_Asw4"" target=""_blank"">MSDS-3000000X</a>",various,Maxpar
CyTOF (Cytometry),3150023B,Anti-Human CD134/OX40,<div>ACT35</div>,150Nd,"Human, Chimpanzee",100 Tests,"<a href=""https://fluidigm.my.salesforce.com/sfc/p/700000009DAw/a/4u0000019hxz/yItDeTij76OVo5JsjRHCL8aDAW5aW3s_gvydA3u3NHc"" target=""_blank"">PRD009-3150023B</a>","<a href=""https://fluidigm.my.salesforce.com/sfc/p/700000009DAw/a/4u000001870w/XU6eX2YZtdejnAfGRls.mPHhJTPvhOp30R18ZV_Asw4"" target=""_blank"">MSDS-3000000X</a>",various,Maxpar
CyTOF (Cytometry),3150023C,Anti-Human CD134/OX40,<div>ACT35</div>,150Nd,"Human, Chimpanzee",25 Tests,"<a href=""https://fluidigm.my.salesforce.com/sfc/p/700000009DAw/a/4u0000019hxz/yItDeTij76OVo5JsjRHCL8aDAW5aW3s_gvydA3u3NHc"" target=""_blank"">PRD009-3150023B</a>","<a href=""https://fluidigm.my.salesforce.com/sfc/p/700000009DAw/a/4u000001870w/XU6eX2YZtdejnAfGRls.mPHhJTPvhOp30R18ZV_Asw4"" target=""_blank"">MSDS-3000000X</a>",various,Maxpar
CyTOF (Cytometry),3150024A,Anti-p53 ,<div>DO-7</div>,150Nd,Human,50 Tests,"<a href=""https://fluidigm.my.salesforce.com/sfc/p/700000009DAw/a/4u0000019hyD/OdGuOyArKGFn4bt2V_A7kehgGARj9DlFUJqrfIG9nN0"" target=""_blank"">PRD009-3150024A</a>","<a href=""https://fluidigm.my.salesforce.com/sfc/p/700000009DAw/a/4u000001870w/XU6eX2YZtdejnAfGRls.mPHhJTPvhOp30R18ZV_Asw4"" target=""_blank"">MSDS-3000000X</a>",various,Maxpar
CyTOF (Cytometry),3150024C,Anti-p53 ,<div>DO-7</div>,150Nd,Human,25 Tests,"<a href=""https://fluidigm.my.salesforce.com/sfc/p/700000009DAw/a/4u0000019hyD/OdGuOyArKGFn4bt2V_A7kehgGARj9DlFUJqrfIG9nN0"" target=""_blank"">PRD009-3150024B</a>","<a href=""https://fluidigm.my.salesforce.com/sfc/p/700000009DAw/a/4u000001870w/XU6eX2YZtdejnAfGRls.mPHhJTPvhOp30R18ZV_Asw4"" target=""_blank"">MSDS-3000000X</a>",various,Maxpar
CyTOF (Cytometry),3150026B,Anti-Human CD51/61 ,<div>23C6</div>,150Nd,"Human, African Green, Chicken, Cynomolgus, Rabbit (Lapine)",100 Tests,"<a href=""https://fluidigm.my.salesforce.com/sfc/p/700000009DAw/a/4u0000019hyI/g.xs3tAPxwrS1_pJzQZvhucPuUlXqkZFyMAAXnyj3yU"" target=""_blank"">PRD009-3150026B</a>","<a href=""https://fluidigm.my.salesforce.com/sfc/p/700000009DAw/a/4u000001870w/XU6eX2YZtdejnAfGRls.mPHhJTPvhOp30R18ZV_Asw4"" target=""_blank"">MSDS-3000000X</a>",various,Maxpar
CyTOF (Cytometry),3150026C,Anti-Human CD51/61 ,<div>23C6</div>,150Nd,"Human, African Green, Chicken, Cynomolgus, Rabbit (Lapine)",25 Tests,"<a href=""https://fluidigm.my.salesforce.com/sfc/p/700000009DAw/a/4u0000019hyI/g.xs3tAPxwrS1_pJzQZvhucPuUlXqkZFyMAAXnyj3yU"" target=""_blank"">PRD009-3150026B</a>","<a href=""https://fluidigm.my.salesforce.com/sfc/p/700000009DAw/a/4u000001870w/XU6eX2YZtdejnAfGRls.mPHhJTPvhOp30R18ZV_Asw4"" target=""_blank"">MSDS-3000000X</a>",various,Maxpar
CyTOF (Cytometry),3150027B,Anti-Human FceRI ,<div>AER-37 (CRA-1)</div>,150Nd,"Human,Baboon, Cynomolgus, Rhesus",100 Tests,"<a href=""https://fluidigm.my.salesforce.com/sfc/p/700000009DAw/a/4u0000019hyc/vS1KE5W3.HIM9oj45P9CuM0k0uJ23_Lcd03vlV2UeIY"" target=""_blank"">PRD009-3150027B</a>","<a href=""https://fluidigm.my.salesforce.com/sfc/p/700000009DAw/a/4u000001870w/XU6eX2YZtdejnAfGRls.mPHhJTPvhOp30R18ZV_Asw4"" target=""_blank"">MSDS-3000000X</a>",various,Maxpar
CyTOF (Cytometry),3150027C,Anti-Human FceRI ,<div>AER-37 (CRA-1)</div>,150Nd,"Human,Baboon, Cynomolgus, Rhesus",25 Tests,"<a href=""https://fluidigm.my.salesforce.com/sfc/p/700000009DAw/a/4u0000019hyc/vS1KE5W3.HIM9oj45P9CuM0k0uJ23_Lcd03vlV2UeIY"" target=""_blank"">PRD009-3150027B</a>","<a href=""https://fluidigm.my.salesforce.com/sfc/p/700000009DAw/a/4u000001870w/XU6eX2YZtdejnAfGRls.mPHhJTPvhOp30R18ZV_Asw4"" target=""_blank"">MSDS-3000000X</a>",various,Maxpar
CyTOF (Cytometry),3150028B,"Anti-Human HLA-DR, DP ",<div>Tu36</div>,150Nd,"Human, Rhesus, Cynomolgus, Baboon, Dog, Rabbit",100 Tests,"<a href=""https://fluidigm.my.salesforce.com/sfc/p/700000009DAw/a/4u0000019hyh/UW4ePdJpy48xzQ9QY38kfXa4A44d8CL6CIs2Jk8hKNU"" target=""_blank"">PRD009-3150028B</a>","<a href=""https://fluidigm.my.salesforce.com/sfc/p/700000009DAw/a/4u000001870w/XU6eX2YZtdejnAfGRls.mPHhJTPvhOp30R18ZV_Asw4"" target=""_blank"">MSDS-3000000X</a>",various,Maxpar
CyTOF (Cytometry),3150028C,"Anti-Human HLA-DR, DP ",<div>Tu36</div>,150Nd,"Human, Rhesus, Cynomolgus, Baboon, Dog, Rabbit",25 Tests,"<a href=""https://fluidigm.my.salesforce.com/sfc/p/700000009DAw/a/4u0000019hyh/UW4ePdJpy48xzQ9QY38kfXa4A44d8CL6CIs2Jk8hKNU"" target=""_blank"">PRD009-3150028B</a>","<a href=""https://fluidigm.my.salesforce.com/sfc/p/700000009DAw/a/4u000001870w/XU6eX2YZtdejnAfGRls.mPHhJTPvhOp30R18ZV_Asw4"" target=""_blank"">MSDS-3000000X</a>",various,Maxpar
CyTOF (Cytometry),3150030B,Anti-Human CD223/LAG-3 ,<div>11C3C65</div>,150Nd,Human,100 Tests,"<a href=""https://fluidigm.my.salesforce.com/sfc/p/700000009DAw/a/4u0000019hym/5zjh.teKG_yIqK5MlQd0TLxgMYmB9tFYIDnxNxUCeSQ"" target=""_blank"">PRD009-3150030B</a>","<a href=""https://fluidigm.my.salesforce.com/sfc/p/700000009DAw/a/4u000001870w/XU6eX2YZtdejnAfGRls.mPHhJTPvhOp30R18ZV_Asw4"" target=""_blank"">MSDS-3000000X</a>",various,Maxpar
CyTOF (Cytometry),3150030C,Anti-Human CD223/LAG-3 ,<div>11C3C65</div>,150Nd,Human,25 Tests,"<a href=""https://fluidigm.my.salesforce.com/sfc/p/700000009DAw/a/4u0000019hym/5zjh.teKG_yIqK5MlQd0TLxgMYmB9tFYIDnxNxUCeSQ"" target=""_blank"">PRD009-3150030B</a>","<a href=""https://fluidigm.my.salesforce.com/sfc/p/700000009DAw/a/4u000001870w/XU6eX2YZtdejnAfGRls.mPHhJTPvhOp30R18ZV_Asw4"" target=""_blank"">MSDS-3000000X</a>",various,Maxpar
CyTOF (Cytometry),3150034B,Anti-Human CD45RA,<div>HI100</div>,150Nd,"Human, Chimpanzee",100 Tests,"<a href=""https://fluidigm.my.salesforce.com/sfc/p/700000009DAw/a/4u000000qPxi/HMRacWDuC8s79Bd44OnuqskQ.ARN3nqb45p7hDozzNg"" target=""_blank"">PRD009-3150034B</a>","<a href=""https://fluidigm.my.salesforce.com/sfc/p/700000009DAw/a/4u000001870w/XU6eX2YZtdejnAfGRls.mPHhJTPvhOp30R18ZV_Asw4"" target=""_blank"">MSDS-3000000X</a>",various,Maxpar
CyTOF (Cytometry),3150034C,Anti-Human CD45RA,<div>HI100</div>,150Nd,"Human, Chimpanzee",25 Tests,"<a href=""https://fluidigm.my.salesforce.com/sfc/p/700000009DAw/a/4u000000qPxi/HMRacWDuC8s79Bd44OnuqskQ.ARN3nqb45p7hDozzNg"" target=""_blank"">PRD009-3150034B</a>","<a href=""https://fluidigm.my.salesforce.com/sfc/p/700000009DAw/a/4u000001870w/XU6eX2YZtdejnAfGRls.mPHhJTPvhOp30R18ZV_Asw4"" target=""_blank"">MSDS-3000000X</a>",various,Maxpar
CyTOF (Cytometry),3151001B,Anti-Human CD123/IL-3R,<div>6H6</div>,151Eu,"Human, Rhesus Macaque",100 Tests,"<a href=""https://fluidigm.my.salesforce.com/sfc/p/700000009DAw/a/4u0000019hyn/JqPtNU17jH783iTi38rrWEqGwFX4PunwmQiZKbvC1x4"" target=""_blank"">PRD009-3151001B</a>","<a href=""https://fluidigm.my.salesforce.com/sfc/p/700000009DAw/a/4u000001870w/XU6eX2YZtdejnAfGRls.mPHhJTPvhOp30R18ZV_Asw4"" target=""_blank"">MSDS-3000000X</a>",various,Maxpar
CyTOF (Cytometry),3151001C,Anti-Human CD123/IL-3R,<div>6H6</div>,151Eu,"Human, Rhesus Macaque",25 Tests,"<a href=""https://fluidigm.my.salesforce.com/sfc/p/700000009DAw/a/4u0000019hyn/JqPtNU17jH783iTi38rrWEqGwFX4PunwmQiZKbvC1x4"" target=""_blank"">PRD009-3151001B</a>","<a href=""https://fluidigm.my.salesforce.com/sfc/p/700000009DAw/a/4u000001870w/XU6eX2YZtdejnAfGRls.mPHhJTPvhOp30R18ZV_Asw4"" target=""_blank"">MSDS-3000000X</a>",various,Maxpar
CyTOF (Cytometry),3151002B,Anti-Human CD107a/LAMP-1,<div>H4A3</div>,151Eu,"Human, African Green, Baboon, Chimpanzee, Cynomolgus, Pigtailed Macaque, Rhesus",100 Tests,"<a href=""https://fluidigm.my.salesforce.com/sfc/p/#700000009DAw/a/4u0000019hyr/nbxNBQHOQtrDJtjtsd0mXx8.AE1lgvOcTdWexPtGRiQ"" target=""_blank"">PRD009-3151002B</a>","<a href=""https://fluidigm.my.salesforce.com/sfc/p/700000009DAw/a/4u000001870w/XU6eX2YZtdejnAfGRls.mPHhJTPvhOp30R18ZV_Asw4"" target=""_blank"">MSDS-3000000X</a>",various,Maxpar
CyTOF (Cytometry),3151002C,Anti-Human CD107a/LAMP-1,<div>H4A3</div>,151Eu,"Human, African Green, Baboon, Chimpanzee, Cynomolgus, Pigtailed Macaque, Rhesus",25 Tests,"<a href=""https://fluidigm.my.salesforce.com/sfc/p/700000009DAw/a/4u0000019hyr/nbxNBQHOQtrDJtjtsd0mXx8.AE1lgvOcTdWexPtGRiQ"" target=""_blank"">PRD009-3151002B</a>","<a href=""https://fluidigm.my.salesforce.com/sfc/p/700000009DAw/a/4u000001870w/XU6eX2YZtdejnAfGRls.mPHhJTPvhOp30R18ZV_Asw4"" target=""_blank"">MSDS-3000000X</a>",various,Maxpar
CyTOF (Cytometry),3151003B,Anti-Human CD2,<div>TS1/8</div>,151Eu,Human,100 Tests,"<a href=""https://fluidigm.my.salesforce.com/sfc/p/700000009DAw/a/4u0000019hyw/zYrTijdPfDeMgAL6GH93aDhLEEARMY4MYKoXtfdnqqw"" target=""_blank"">PRD009-3151003B</a>","<a href=""https://fluidigm.my.salesforce.com/sfc/p/700000009DAw/a/4u000001870w/XU6eX2YZtdejnAfGRls.mPHhJTPvhOp30R18ZV_Asw4"" target=""_blank"">MSDS-3000000X</a>",various,Maxpar
CyTOF (Cytometry),3151003C,Anti-Human CD2,<div>TS1/8</div>,151Eu,Human,25 Tests,"<a href=""https://fluidigm.my.salesforce.com/sfc/p/700000009DAw/a/4u0000019hyw/zYrTijdPfDeMgAL6GH93aDhLEEARMY4MYKoXtfdnqqw"" target=""_blank"">PRD009-3151003B</a>","<a href=""https://fluidigm.my.salesforce.com/sfc/p/700000009DAw/a/4u000001870w/XU6eX2YZtdejnAfGRls.mPHhJTPvhOp30R18ZV_Asw4"" target=""_blank"">MSDS-3000000X</a>",various,Maxpar
CyTOF (Cytometry),3151004B,Anti-Human IgGλ,<div>MHL-38</div>,151Eu,"Human, Baboon, Cynomolgus, Rhesus",100 Tests,"<a href=""https://fluidigm.my.salesforce.com/sfc/p/700000009DAw/a/4u0000019hyo/T2CAuR.DoNi8xWnP0K0ELzaBi9NUFhCFd9MLcMFkdE8"" target=""_blank"">PRD009-3151004B</a>","<a href=""https://fluidigm.my.salesforce.com/sfc/p/700000009DAw/a/4u000001870w/XU6eX2YZtdejnAfGRls.mPHhJTPvhOp30R18ZV_Asw4"" target=""_blank"">MSDS-3000000X</a>",various,Maxpar
CyTOF (Cytometry),3151004C,Anti-Human IgGλ,<div>MHL-38</div>,151Eu,"Human, Baboon, Cynomolgus, Rhesus",25 Tests,"<a href=""https://fluidigm.my.salesforce.com/sfc/p/700000009DAw/a/4u0000019hyo/T2CAuR.DoNi8xWnP0K0ELzaBi9NUFhCFd9MLcMFkdE8"" target=""_blank"">PRD009-3151004B</a>","<a href=""https://fluidigm.my.salesforce.com/sfc/p/700000009DAw/a/4u000001870w/XU6eX2YZtdejnAfGRls.mPHhJTPvhOp30R18ZV_Asw4"" target=""_blank"">MSDS-3000000X</a>",various,Maxpar
CyTOF (Cytometry),3151005B,Anti-Mouse CD28,<div>37.51</div>,151Eu,Mouse,100 Tests,"<a href=""https://fluidigm.my.salesforce.com/sfc/p/700000009DAw/a/4u0000019hz1/tymJOa3NAqixsmlTmKFbtCX1JU2.f3JWVhl8Snurlvo"" target=""_blank"">PRD009-3151005B</a>","<a href=""https://fluidigm.my.salesforce.com/sfc/p/700000009DAw/a/4u000001870w/XU6eX2YZtdejnAfGRls.mPHhJTPvhOp30R18ZV_Asw4"" target=""_blank"">MSDS-3000000X</a>",various,Maxpar
CyTOF (Cytometry),3151005C,Anti-Mouse CD28,<div>37.51</div>,151Eu,Mouse,25 Tests,"<a href=""https://fluidigm.my.salesforce.com/sfc/p/700000009DAw/a/4u0000019hz1/tymJOa3NAqixsmlTmKFbtCX1JU2.f3JWVhl8Snurlvo"" target=""_blank"">PRD009-3151005B</a>","<a href=""https://fluidigm.my.salesforce.com/sfc/p/700000009DAw/a/4u000001870w/XU6eX2YZtdejnAfGRls.mPHhJTPvhOp30R18ZV_Asw4"" target=""_blank"">MSDS-3000000X</a>",various,Maxpar
CyTOF (Cytometry),3151006B,Anti-Mouse IgM,<div>RMM-1</div>,151Eu,Mouse,100 Tests,"<a href=""https://fluidigm.my.salesforce.com/sfc/p/700000009DAw/a/4u0000019hz6/0AbsLaCiuXgtJbJfh3b1uO9c5hyZty4dwwlyXlQbY.A"" target=""_blank"">PRD009-3151006B</a>","<a href=""https://fluidigm.my.salesforce.com/sfc/p/700000009DAw/a/4u000001870w/XU6eX2YZtdejnAfGRls.mPHhJTPvhOp30R18ZV_Asw4"" target=""_blank"">MSDS-3000000X</a>",various,Maxpar
CyTOF (Cytometry),3151006C,Anti-Mouse IgM,<div>RMM-1</div>,151Eu,Mouse,25 Tests,"<a href=""https://fluidigm.my.salesforce.com/sfc/p/700000009DAw/a/4u0000019hz6/0AbsLaCiuXgtJbJfh3b1uO9c5hyZty4dwwlyXlQbY.A"" target=""_blank"">PRD009-3151006B</a>","<a href=""https://fluidigm.my.salesforce.com/sfc/p/700000009DAw/a/4u000001870w/XU6eX2YZtdejnAfGRls.mPHhJTPvhOp30R18ZV_Asw4"" target=""_blank"">MSDS-3000000X</a>",various,Maxpar
CyTOF (Cytometry),3151007B,Anti-Mouse CD25,<div>3C7</div>,151Eu,Mouse,100 Tests,"<a href=""https://fluidigm.my.salesforce.com/sfc/p/700000009DAw/a/4u0000019hzB/CtRUPRvY48EzS.V.QM_Jm7wzSGLVNHQ8SnHp5zV.uSE"" target=""_blank"">PRD009-3151007B</a>","<a href=""https://fluidigm.my.salesforce.com/sfc/p/700000009DAw/a/4u000001870w/XU6eX2YZtdejnAfGRls.mPHhJTPvhOp30R18ZV_Asw4"" target=""_blank"">MSDS-3000000X</a>",various,Maxpar
CyTOF (Cytometry),3151007C,Anti-Mouse CD25,<div>3C7</div>,151Eu,Mouse,25 Tests,"<a href=""https://fluidigm.my.salesforce.com/sfc/p/700000009DAw/a/4u0000019hzB/CtRUPRvY48EzS.V.QM_Jm7wzSGLVNHQ8SnHp5zV.uSE"" target=""_blank"">PRD009-3151007B</a>","<a href=""https://fluidigm.my.salesforce.com/sfc/p/700000009DAw/a/4u000001870w/XU6eX2YZtdejnAfGRls.mPHhJTPvhOp30R18ZV_Asw4"" target=""_blank"">MSDS-3000000X</a>",various,Maxpar
CyTOF (Cytometry),3151009B,Anti-Human CD14,<div>M5E2</div>,151Eu,"Human, Cynomolgus Macaque, Rhesus Macaque, African Green Monkey, Capuchin Monkey, Cow, Chimpanzee, Common Marmoset, Cotton-Topped Tamarin, Dog, Pigtailed Macaque, Squirrel Monkey",100 Tests,"<a href=""https://fluidigm.my.salesforce.com/sfc/p/700000009DAw/a/4u0000019hzG/.F3FKG61ZP5CqQjJ1rknwRbiPL2oCbQ9MPO0gxCmOXc"" target=""_blank"">PRD009-3151009B</a>","<a href=""https://fluidigm.my.salesforce.com/sfc/p/700000009DAw/a/4u000001870w/XU6eX2YZtdejnAfGRls.mPHhJTPvhOp30R18ZV_Asw4"" target=""_blank"">MSDS-3000000X</a>",various,Maxpar
CyTOF (Cytometry),3151009C,Anti-Human CD14,<div>M5E2</div>,151Eu,"Human, Cynomolgus Macaque, Rhesus Macaque, African Green Monkey, Capuchin Monkey, Cow, Chimpanzee, Common Marmoset, Cotton-Topped Tamarin, Dog, Pigtailed Macaque, Squirrel Monkey",25 Tests,"<a href=""https://fluidigm.my.salesforce.com/sfc/p/700000009DAw/a/4u0000019hzG/.F3FKG61ZP5CqQjJ1rknwRbiPL2oCbQ9MPO0gxCmOXc"" target=""_blank"">PRD009-3151009B</a>","<a href=""https://fluidigm.my.salesforce.com/sfc/p/700000009DAw/a/4u000001870w/XU6eX2YZtdejnAfGRls.mPHhJTPvhOp30R18ZV_Asw4"" target=""_blank"">MSDS-3000000X</a>",various,Maxpar
CyTOF (Cytometry),3151010B,Anti-Mouse Ly-6G,<div>1A8</div>,151Eu,Mouse,100 Tests,"<a href=""https://fluidigm.my.salesforce.com/sfc/p/700000009DAw/a/4u0000019hzH/HdjF2LjKlpMa9r3XpYiO.A5Ov.MIeVK4.u9H0sfxVQc"" target=""_blank"">PRD009-3151010B</a>","<a href=""https://fluidigm.my.salesforce.com/sfc/p/700000009DAw/a/4u000001870w/XU6eX2YZtdejnAfGRls.mPHhJTPvhOp30R18ZV_Asw4"" target=""_blank"">MSDS-3000000X</a>",various,Maxpar
CyTOF (Cytometry),3151010C,Anti-Mouse Ly-6G,<div>1A8</div>,151Eu,Mouse,25 Tests,"<a href=""https://fluidigm.my.salesforce.com/sfc/p/700000009DAw/a/4u0000019hzH/HdjF2LjKlpMa9r3XpYiO.A5Ov.MIeVK4.u9H0sfxVQc"" target=""_blank"">PRD009-3151010B</a>","<a href=""https://fluidigm.my.salesforce.com/sfc/p/700000009DAw/a/4u000001870w/XU6eX2YZtdejnAfGRls.mPHhJTPvhOp30R18ZV_Asw4"" target=""_blank"">MSDS-3000000X</a>",various,Maxpar
CyTOF (Cytometry),3151011B,Anti-Human CD103,<div>Ber-ACT8</div>,151Eu,"Human, Cynomolgus Macaque",100 Tests,"<a href=""https://fluidigm.my.salesforce.com/sfc/p/700000009DAw/a/4u0000019hzL/2lvh6NKzO1irkZDFkW6OL.V1n5srLbsLmByZdWZsibI"" target=""_blank"">PRD009-3151011B</a>","<a href=""https://fluidigm.my.salesforce.com/sfc/p/700000009DAw/a/4u000001870w/XU6eX2YZtdejnAfGRls.mPHhJTPvhOp30R18ZV_Asw4"" target=""_blank"">MSDS-3000000X</a>",various,Maxpar
CyTOF (Cytometry),3151011C,Anti-Human CD103,<div>Ber-ACT8</div>,151Eu,"Human, Cynomolgus Macaque",25 Tests,"<a href=""https://fluidigm.my.salesforce.com/sfc/p/700000009DAw/a/4u0000019hzL/2lvh6NKzO1irkZDFkW6OL.V1n5srLbsLmByZdWZsibI"" target=""_blank"">PRD009-3151011B</a>","<a href=""https://fluidigm.my.salesforce.com/sfc/p/700000009DAw/a/4u000001870w/XU6eX2YZtdejnAfGRls.mPHhJTPvhOp30R18ZV_Asw4"" target=""_blank"">MSDS-3000000X</a>",various,Maxpar
CyTOF (Cytometry),3151012B,Anti-Mouse CD64,<div>X54-5/7.1</div>,151Eu,Mouse,100 Tests,"<a href=""https://fluidigm.my.salesforce.com/sfc/p/700000009DAw/a/4u0000019hzQ/MuZbWHZ0YFM0j4.8TIj0YZiJ50rHeuefZxkyv8S2nf4"" target=""_blank"">PRD009-3151012B</a>","<a href=""https://fluidigm.my.salesforce.com/sfc/p/700000009DAw/a/4u000001870w/XU6eX2YZtdejnAfGRls.mPHhJTPvhOp30R18ZV_Asw4"" target=""_blank"">MSDS-3000000X</a>",various,Maxpar
CyTOF (Cytometry),3151012C,Anti-Mouse CD64,<div>X54-5/7.1</div>,151Eu,Mouse,25 Tests,"<a href=""https://fluidigm.my.salesforce.com/sfc/p/700000009DAw/a/4u0000019hzQ/MuZbWHZ0YFM0j4.8TIj0YZiJ50rHeuefZxkyv8S2nf4"" target=""_blank"">PRD009-3151012B</a>","<a href=""https://fluidigm.my.salesforce.com/sfc/p/700000009DAw/a/4u000001870w/XU6eX2YZtdejnAfGRls.mPHhJTPvhOp30R18ZV_Asw4"" target=""_blank"">MSDS-3000000X</a>",various,Maxpar
CyTOF (Cytometry),3151013A,Anti-Human Nestin,<div>25/Nestin</div>,151Eu,Human,50 Tests,"<a href=""https://fluidigm.my.salesforce.com/sfc/p/700000009DAw/a/4u0000019hzV/8leH5R367GO0H4P0Onlh2iREJbmKgJsCVnLpGli.mGk"" target=""_blank"">PRD009-3151013A</a>","<a href=""https://fluidigm.my.salesforce.com/sfc/p/700000009DAw/a/4u000001870w/XU6eX2YZtdejnAfGRls.mPHhJTPvhOp30R18ZV_Asw4"" target=""_blank"">MSDS-3000000X</a>",various,Maxpar
CyTOF (Cytometry),3151013C,Anti-Human Nestin,<div>25/Nestin</div>,151Eu,Human,25 Tests,"<a href=""https://fluidigm.my.salesforce.com/sfc/p/700000009DAw/a/4u0000019hzV/8leH5R367GO0H4P0Onlh2iREJbmKgJsCVnLpGli.mGk"" target=""_blank"">PRD009-3151013B</a>","<a href=""https://fluidigm.my.salesforce.com/sfc/p/700000009DAw/a/4u000001870w/XU6eX2YZtdejnAfGRls.mPHhJTPvhOp30R18ZV_Asw4"" target=""_blank"">MSDS-3000000X</a>",various,Maxpar
CyTOF (Cytometry),3151014B,Anti-Human/Mouse IL-5,<div>TRFK5</div>,151Eu,"Mouse, Human, Guinea Pig",100 Tests,"<a href=""https://fluidigm.my.salesforce.com/sfc/p/700000009DAw/a/4u0000019hzC/Ys.iLYIdDPIavBaTcLvX4EAMnPURk4DWvuS_wxPbnF4"" target=""_blank"">PRD009-3151014B</a>","<a href=""https://fluidigm.my.salesforce.com/sfc/p/700000009DAw/a/4u000001870w/XU6eX2YZtdejnAfGRls.mPHhJTPvhOp30R18ZV_Asw4"" target=""_blank"">MSDS-3000000X</a>",various,Maxpar
CyTOF (Cytometry),3151014C,Anti-Human/Mouse IL-5,<div>TRFK5</div>,151Eu,"Mouse, Human, Guinea Pig",25 Tests,"<a href=""https://fluidigm.my.salesforce.com/sfc/p/700000009DAw/a/4u0000019hzC/Ys.iLYIdDPIavBaTcLvX4EAMnPURk4DWvuS_wxPbnF4"" target=""_blank"">PRD009-3151014B</a>","<a href=""https://fluidigm.my.salesforce.com/sfc/p/700000009DAw/a/4u000001870w/XU6eX2YZtdejnAfGRls.mPHhJTPvhOp30R18ZV_Asw4"" target=""_blank"">MSDS-3000000X</a>",various,Maxpar
CyTOF (Cytometry),3151015B,Anti-Human CD102,<div>CBR-IC2/2</div>,151Eu,"Human, African Green, Baboon, Cynomolgus, Rhesus",100 Tests,"<a href=""https://fluidigm.my.salesforce.com/sfc/p/700000009DAw/a/4u0000019ii9/mPsNlVlJ2mX7vI1fJHaDV3aXy6z5vtc_F1A8RbmfuAo"" target=""_blank"">PRD009-3151015B</a>","<a href=""https://fluidigm.my.salesforce.com/sfc/p/700000009DAw/a/4u000001870w/XU6eX2YZtdejnAfGRls.mPHhJTPvhOp30R18ZV_Asw4"" target=""_blank"">MSDS-3000000X</a>",various,Maxpar
CyTOF (Cytometry),3151015C,Anti-Human CD102,<div>CBR-IC2/2</div>,151Eu,"Human, African Green, Baboon, Cynomolgus, Rhesus",25 Tests,"<a href=""https://fluidigm.my.salesforce.com/sfc/p/700000009DAw/a/4u0000019ii9/mPsNlVlJ2mX7vI1fJHaDV3aXy6z5vtc_F1A8RbmfuAo"" target=""_blank"">PRD009-3151015B</a>","<a href=""https://fluidigm.my.salesforce.com/sfc/p/700000009DAw/a/4u000001870w/XU6eX2YZtdejnAfGRls.mPHhJTPvhOp30R18ZV_Asw4"" target=""_blank"">MSDS-3000000X</a>",various,Maxpar
CyTOF (Cytometry),3151016B,Anti-Mouse CD49d,<div>R1-2</div>,151Eu,Mouse,100 Tests,"<a href=""https://fluidigm.my.salesforce.com/sfc/p/700000009DAw/a/4u0000019hzI/DvI4BVhN5NcodeIZ3aapDqYfewMOse9mKQa6dyrlveI"" target=""_blank"">PRD009-3151016B</a>","<a href=""https://fluidigm.my.salesforce.com/sfc/p/700000009DAw/a/4u000001870w/XU6eX2YZtdejnAfGRls.mPHhJTPvhOp30R18ZV_Asw4"" target=""_blank"">MSDS-3000000X</a>",various,Maxpar
CyTOF (Cytometry),3151016C,Anti-Mouse CD49d,<div>R1-2</div>,151Eu,Mouse,25 Tests,"<a href=""https://fluidigm.my.salesforce.com/sfc/p/700000009DAw/a/4u0000019hzI/DvI4BVhN5NcodeIZ3aapDqYfewMOse9mKQa6dyrlveI"" target=""_blank"">PRD009-3151016B</a>","<a href=""https://fluidigm.my.salesforce.com/sfc/p/700000009DAw/a/4u000001870w/XU6eX2YZtdejnAfGRls.mPHhJTPvhOp30R18ZV_Asw4"" target=""_blank"">MSDS-3000000X</a>",various,Maxpar
CyTOF (Cytometry),3151017B,Anti-Mouse CD140b ,<div>APB5</div>,151Eu,Mouse,100 Tests,"<a href=""https://fluidigm.my.salesforce.com/sfc/p/700000009DAw/a/4u0000019hzW/9cFpnBgVahMY7v_LHF8lJ.aXAiYN5ZHkCYBnrUlVihc"" target=""_blank"">PRD009-3151017B</a>","<a href=""https://fluidigm.my.salesforce.com/sfc/p/700000009DAw/a/4u000001870w/XU6eX2YZtdejnAfGRls.mPHhJTPvhOp30R18ZV_Asw4"" target=""_blank"">MSDS-3000000X</a>",various,Maxpar
CyTOF (Cytometry),3151017C,Anti-Mouse CD140b ,<div>APB5</div>,151Eu,Mouse,25 Tests,"<a href=""https://fluidigm.my.salesforce.com/sfc/p/700000009DAw/a/4u0000019hzW/9cFpnBgVahMY7v_LHF8lJ.aXAiYN5ZHkCYBnrUlVihc"" target=""_blank"">PRD009-3151017B</a>","<a href=""https://fluidigm.my.salesforce.com/sfc/p/700000009DAw/a/4u000001870w/XU6eX2YZtdejnAfGRls.mPHhJTPvhOp30R18ZV_Asw4"" target=""_blank"">MSDS-3000000X</a>",various,Maxpar
CyTOF (Cytometry),3151019B,Anti-Mouse CD166/ALCAM ,<div>eBioALC48</div>,151Eu,Mouse,100 Tests,"<a href=""https://fluidigm.my.salesforce.com/sfc/p/700000009DAw/a/4u0000019hzf/JnAAIgjMAhIcJUAmaF_J8MpZsLIJTv27kx6hfA6zkzc"" target=""_blank"">PRD009-3151019B</a>","<a href=""https://fluidigm.my.salesforce.com/sfc/p/700000009DAw/a/4u000001870w/XU6eX2YZtdejnAfGRls.mPHhJTPvhOp30R18ZV_Asw4"" target=""_blank"">MSDS-3000000X</a>",various,Maxpar
CyTOF (Cytometry),3151019C,Anti-Mouse CD166/ALCAM ,<div>eBioALC48</div>,151Eu,Mouse,25 Tests,"<a href=""https://fluidigm.my.salesforce.com/sfc/p/700000009DAw/a/4u0000019hzf/JnAAIgjMAhIcJUAmaF_J8MpZsLIJTv27kx6hfA6zkzc"" target=""_blank"">PRD009-3151019B</a>","<a href=""https://fluidigm.my.salesforce.com/sfc/p/700000009DAw/a/4u000001870w/XU6eX2YZtdejnAfGRls.mPHhJTPvhOp30R18ZV_Asw4"" target=""_blank"">MSDS-3000000X</a>",various,Maxpar
CyTOF (Cytometry),3151020B,Anti-CD278/ICOS ,<div>C398.4A</div>,151Eu,"Human, Rhesus Macaque, Rat, Mouse, Pig, African Green, Baboon, Cynomolgus Macaque",100 Tests,"<a href=""https://fluidigm.my.salesforce.com/sfc/p/700000009DAw/a/4u0000019hzk/uC1nzTZtjauyxyk7Snw8C0nnTmHUlsyzPw3PiEc1TEg"" target=""_blank"">PRD009-3151020B</a>","<a href=""https://fluidigm.my.salesforce.com/sfc/p/700000009DAw/a/4u000001870w/XU6eX2YZtdejnAfGRls.mPHhJTPvhOp30R18ZV_Asw4"" target=""_blank"">MSDS-3000000X</a>",various,Maxpar
CyTOF (Cytometry),3151020C,Anti-CD278/ICOS ,<div>C398.4A</div>,151Eu,"Human, Rhesus Macaque, Rat, Mouse, Pig, African Green, Baboon, Cynomolgus Macaque",25 Tests,"<a href=""https://fluidigm.my.salesforce.com/sfc/p/700000009DAw/a/4u0000019hzk/uC1nzTZtjauyxyk7Snw8C0nnTmHUlsyzPw3PiEc1TEg"" target=""_blank"">PRD009-3151020B</a>","<a href=""https://fluidigm.my.salesforce.com/sfc/p/700000009DAw/a/4u000001870w/XU6eX2YZtdejnAfGRls.mPHhJTPvhOp30R18ZV_Asw4"" target=""_blank"">MSDS-3000000X</a>",various,Maxpar
CyTOF (Cytometry),3151023B,Anti-Human HLA-DR ,<div>G46-6</div>,151Eu,"Human, Rhesus, Cynomolgus, Baboon, Dog",100 Tests,"<a href=""https://fluidigm.my.salesforce.com/sfc/p/700000009DAw/a/4u0000019hzp/lr4fBrSrbDzBAosMQ4BoMB7Sf8tCl3zBbxF0oL99Xiw"" target=""_blank"">PRD009-3151023B</a>","<a href=""https://fluidigm.my.salesforce.com/sfc/p/700000009DAw/a/4u000001870w/XU6eX2YZtdejnAfGRls.mPHhJTPvhOp30R18ZV_Asw4"" target=""_blank"">MSDS-3000000X</a>",various,Maxpar
CyTOF (Cytometry),3151023C,Anti-Human HLA-DR ,<div>G46-6</div>,151Eu,"Human, Rhesus, Cynomolgus, Baboon, Dog",25 Tests,"<a href=""https://fluidigm.my.salesforce.com/sfc/p/700000009DAw/a/4u0000019hzp/lr4fBrSrbDzBAosMQ4BoMB7Sf8tCl3zBbxF0oL99Xiw"" target=""_blank"">PRD009-3151023B</a>","<a href=""https://fluidigm.my.salesforce.com/sfc/p/700000009DAw/a/4u000001870w/XU6eX2YZtdejnAfGRls.mPHhJTPvhOp30R18ZV_Asw4"" target=""_blank"">MSDS-3000000X</a>",various,Maxpar
CyTOF (Cytometry),3151029B,Anti-Human CD161,<div>HP-3G10</div>,151Eu,"Human, Cynomolgus Macaque, Rhesus Macaque, African Green, Baboon",100 Tests,"<a href=""https://fluidigm.my.salesforce.com/sfc/p/700000009DAw/a/4u000000qQSC/5IldGP1y7ZbSprp857IXUV5jlYefSx98Y53Z5Y3eI2w"" target=""_blank"">PRD009-3151029B</a>","<a href=""https://fluidigm.my.salesforce.com/sfc/p/700000009DAw/a/4u000001870w/XU6eX2YZtdejnAfGRls.mPHhJTPvhOp30R18ZV_Asw4"" target=""_blank"">MSDS-3000000X</a>",various,Maxpar
CyTOF (Cytometry),3151029C,Anti-Human CD161,<div>HP-3G10</div>,151Eu,"Human, Cynomolgus Macaque, Rhesus Macaque, African Green, Baboon",25 Tests,"<a href=""https://fluidigm.my.salesforce.com/sfc/p/700000009DAw/a/4u000000qQSC/5IldGP1y7ZbSprp857IXUV5jlYefSx98Y53Z5Y3eI2w"" target=""_blank"">PRD009-3151029B</a>","<a href=""https://fluidigm.my.salesforce.com/sfc/p/700000009DAw/a/4u000001870w/XU6eX2YZtdejnAfGRls.mPHhJTPvhOp30R18ZV_Asw4"" target=""_blank"">MSDS-3000000X</a>",various,Maxpar
CyTOF (Cytometry),3152002B,Anti-Human TNFα,<div>Mab11</div>,152Sm,"Human, Cat, Chimpanzee, Baboon, Cynomolgus Macaque, Rhesus Macaque, Pigtailed Macaque, Sooty Mangabey, Pig",100 Tests,"<a href=""https://fluidigm.my.salesforce.com/sfc/p/700000009DAw/a/4u0000019hzz/cHTVcYD0.UnvsfJbilDkytDCEWQLgjm1HWIsBRJBbps"" target=""_blank"">PRD009-3152002B</a>","<a href=""https://fluidigm.my.salesforce.com/sfc/p/700000009DAw/a/4u000001870w/XU6eX2YZtdejnAfGRls.mPHhJTPvhOp30R18ZV_Asw4"" target=""_blank"">MSDS-3000000X</a>",various,Maxpar
CyTOF (Cytometry),3152002C,Anti-Human TNFα,<div>Mab11</div>,152Sm,Mouse,25 Tests,"<a href=""https://fluidigm.my.salesforce.com/sfc/p/700000009DAw/a/4u0000019hzz/cHTVcYD0.UnvsfJbilDkytDCEWQLgjm1HWIsBRJBbps"" target=""_blank"">PRD009-3152002B</a>","<a href=""https://fluidigm.my.salesforce.com/sfc/p/700000009DAw/a/4u000001870w/XU6eX2YZtdejnAfGRls.mPHhJTPvhOp30R18ZV_Asw4"" target=""_blank"">MSDS-3000000X</a>",various,Maxpar
CyTOF (Cytometry),3152003B,Anti-Human CD13,<div>WM15</div>,152Sm,"Human, Baboon, Chimpanzee, Cotton-topped Tamarin",100 Tests,"<a href=""https://fluidigm.my.salesforce.com/sfc/p/700000009DAw/a/4u0000019hzq/cbgaP664A2Rph6BaAmUQxwnKu8gOhuoy7uF3.BWolZE"" target=""_blank"">PRD009-3152003B</a>","<a href=""https://fluidigm.my.salesforce.com/sfc/p/700000009DAw/a/4u000001870w/XU6eX2YZtdejnAfGRls.mPHhJTPvhOp30R18ZV_Asw4"" target=""_blank"">MSDS-3000000X</a>",various,Maxpar
CyTOF (Cytometry),3152003C,Anti-Human CD13,<div>WM15</div>,152Sm,"Human, Baboon, Chimpanzee, Cotton-topped Tamarin",25 Tests,"<a href=""https://fluidigm.my.salesforce.com/sfc/p/700000009DAw/a/4u0000019hzq/cbgaP664A2Rph6BaAmUQxwnKu8gOhuoy7uF3.BWolZE"" target=""_blank"">PRD009-3152003B</a>","<a href=""https://fluidigm.my.salesforce.com/sfc/p/700000009DAw/a/4u000001870w/XU6eX2YZtdejnAfGRls.mPHhJTPvhOp30R18ZV_Asw4"" target=""_blank"">MSDS-3000000X</a>",various,Maxpar
CyTOF (Cytometry),3152004B,Anti-Mouse CD3e,<div>145-2C11</div>,152Sm,Mouse,100 Tests,"<a href=""https://fluidigm.my.salesforce.com/sfc/p/700000009DAw/a/4u0000019i00/r6o_9YD6q563WII4fKjtGnk3bqF2T7WRGU7tdZniy8M"" target=""_blank"">PRD009-3152004B</a>","<a href=""https://fluidigm.my.salesforce.com/sfc/p/700000009DAw/a/4u000001870w/XU6eX2YZtdejnAfGRls.mPHhJTPvhOp30R18ZV_Asw4"" target=""_blank"">MSDS-3000000X</a>",various,Maxpar
CyTOF (Cytometry),3152004C,Anti-Mouse CD3e,<div>145-2C11</div>,152Sm,Mouse,25 Tests,"<a href=""https://fluidigm.my.salesforce.com/sfc/p/700000009DAw/a/4u0000019i00/r6o_9YD6q563WII4fKjtGnk3bqF2T7WRGU7tdZniy8M"" target=""_blank"">PRD009-3152004B</a>","<a href=""https://fluidigm.my.salesforce.com/sfc/p/700000009DAw/a/4u000001870w/XU6eX2YZtdejnAfGRls.mPHhJTPvhOp30R18ZV_Asw4"" target=""_blank"">MSDS-3000000X</a>",various,Maxpar
CyTOF (Cytometry),3152005A,Anti-pAkt [S473],<div>D9E</div>,152Sm,"Human, Mouse, Rat, Hamster, Monkey, Zebrafish, Cow, D. melanogaster",50 Tests,"<a href=""https://fluidigm.my.salesforce.com/sfc/p/700000009DAw/a/4u0000019i04/rFFzJsPqGz.4LkBH95Wip3hQwZAJrhdZIuTVd8yPsP8"" target=""_blank"">PRD009-3152005A</a>","<a href=""https://fluidigm.my.salesforce.com/sfc/p/700000009DAw/a/4u000001870w/XU6eX2YZtdejnAfGRls.mPHhJTPvhOp30R18ZV_Asw4"" target=""_blank"">MSDS-3000000X</a>",various,Maxpar
CyTOF (Cytometry),3152005C,Anti-pAkt [S473],<div>D9E</div>,152Sm,"Human, Mouse, Rat, Hamster, Monkey, Zebrafish, Cow, D. melanogaster",25 Tests,"<a href=""https://fluidigm.my.salesforce.com/sfc/p/700000009DAw/a/4u0000019i04/rFFzJsPqGz.4LkBH95Wip3hQwZAJrhdZIuTVd8yPsP8"" target=""_blank"">PRD009-3152005B</a>","<a href=""https://fluidigm.my.salesforce.com/sfc/p/700000009DAw/a/4u000001870w/XU6eX2YZtdejnAfGRls.mPHhJTPvhOp30R18ZV_Asw4"" target=""_blank"">MSDS-3000000X</a>",various,Maxpar
CyTOF (Cytometry),3152007B,Anti-Human CD36,<div>5-271</div>,152Sm,Human,100 Tests,"<a href=""https://fluidigm.my.salesforce.com/sfc/p/700000009DAw/a/4u0000019i09/pFSMS4S07X0SIN5D7HxzEAsw5kGyoATVN42NQic12R0"" target=""_blank"">PRD009-3152007B</a>","<a href=""https://fluidigm.my.salesforce.com/sfc/p/700000009DAw/a/4u000001870w/XU6eX2YZtdejnAfGRls.mPHhJTPvhOp30R18ZV_Asw4"" target=""_blank"">MSDS-3000000X</a>",various,Maxpar
CyTOF (Cytometry),3152007C,Anti-Human CD36,<div>5-271</div>,152Sm,Human,25 Tests,"<a href=""https://fluidigm.my.salesforce.com/sfc/p/700000009DAw/a/4u0000019i09/pFSMS4S07X0SIN5D7HxzEAsw5kGyoATVN42NQic12R0"" target=""_blank"">PRD009-3152007B</a>","<a href=""https://fluidigm.my.salesforce.com/sfc/p/700000009DAw/a/4u000001870w/XU6eX2YZtdejnAfGRls.mPHhJTPvhOp30R18ZV_Asw4"" target=""_blank"">MSDS-3000000X</a>",various,Maxpar
CyTOF (Cytometry),3152008B,Anti-Human TCR γ/δ,<div>11F2</div>,152Sm,Human,100 Tests,"<a href=""https://fluidigm.my.salesforce.com/sfc/p/700000009DAw/a/4u0000019hzl/jy2a3oLeCDxJzetAxorkn8ft2VRb3YOZ8U8CfOPY67I"" target=""_blank"">PRD009-3152008B</a>","<a href=""https://fluidigm.my.salesforce.com/sfc/p/700000009DAw/a/4u000001870w/XU6eX2YZtdejnAfGRls.mPHhJTPvhOp30R18ZV_Asw4"" target=""_blank"">MSDS-3000000X</a>",various,Maxpar
CyTOF (Cytometry),3152008C,Anti-Human TCR γ/δ,<div>11F2</div>,152Sm,Human,25 Tests,"<a href=""https://fluidigm.my.salesforce.com/sfc/p/700000009DAw/a/4u0000019hzl/jy2a3oLeCDxJzetAxorkn8ft2VRb3YOZ8U8CfOPY67I"" target=""_blank"">PRD009-3152008B</a>","<a href=""https://fluidigm.my.salesforce.com/sfc/p/700000009DAw/a/4u000001870w/XU6eX2YZtdejnAfGRls.mPHhJTPvhOp30R18ZV_Asw4"" target=""_blank"">MSDS-3000000X</a>",various,Maxpar
CyTOF (Cytometry),3152014A,Anti-Human cleaved Caspase 7,<div>D6H1</div>,152Sm,"Mouse, Human, Monkey",50 Tests,"<a href=""https://fluidigm.my.salesforce.com/sfc/p/700000009DAw/a/4u0000019i0E/BwiqPH_nWv46lbv1rrNEPzjxPr72qxLZN0wwOy1IyI0"" target=""_blank"">PRD009-3152014A</a>","<a href=""https://fluidigm.my.salesforce.com/sfc/p/700000009DAw/a/4u000001870w/XU6eX2YZtdejnAfGRls.mPHhJTPvhOp30R18ZV_Asw4"" target=""_blank"">MSDS-3000000X</a>",various,Maxpar
CyTOF (Cytometry),3152014C,Anti-Human cleaved Caspase 7,<div>D6H1</div>,152Sm,"Mouse, Human, Monkey",25 Tests,"<a href=""https://fluidigm.my.salesforce.com/sfc/p/700000009DAw/a/4u0000019i0E/BwiqPH_nWv46lbv1rrNEPzjxPr72qxLZN0wwOy1IyI0"" target=""_blank"">PRD009-3152014B</a>","<a href=""https://fluidigm.my.salesforce.com/sfc/p/700000009DAw/a/4u000001870w/XU6eX2YZtdejnAfGRls.mPHhJTPvhOp30R18ZV_Asw4"" target=""_blank"">MSDS-3000000X</a>",various,Maxpar
CyTOF (Cytometry),3152017B,Anti-Human CD95/Fas,<div>DX2</div>,152Sm,"Human, Cynomolgus Macaque, Rhesus Macaque, Chimpanzee, Baboon, Pigtailed Macaque, Sooty Mangabey, Capuchin Monkey, African Green Monkey, Cotton-topped Tamarin, Common Marmoset",100 Tests,"<a href=""https://fluidigm.my.salesforce.com/sfc/p/700000009DAw/a/4u0000019i0A/yYImimD.DC5LbFTRfUymo3LCQ5OXlZ7Zix0.2sw5qyk"" target=""_blank"">PRD009-3152017B</a>","<a href=""https://fluidigm.my.salesforce.com/sfc/p/700000009DAw/a/4u000001870w/XU6eX2YZtdejnAfGRls.mPHhJTPvhOp30R18ZV_Asw4"" target=""_blank"">MSDS-3000000X</a>",various,Maxpar
CyTOF (Cytometry),3152017C,Anti-Human CD95/Fas,<div>DX2</div>,152Sm,"Human, Cynomolgus Macaque, Rhesus Macaque, Chimpanzee, Baboon, Pigtailed Macaque, Sooty Mangabey, Capuchin Monkey, African Green Monkey, Cotton-topped Tamarin, Common Marmoset",25 Tests,"<a href=""https://fluidigm.my.salesforce.com/sfc/p/700000009DAw/a/4u0000019i0A/yYImimD.DC5LbFTRfUymo3LCQ5OXlZ7Zix0.2sw5qyk"" target=""_blank"">PRD009-3152017B</a>","<a href=""https://fluidigm.my.salesforce.com/sfc/p/700000009DAw/a/4u000001870w/XU6eX2YZtdejnAfGRls.mPHhJTPvhOp30R18ZV_Asw4"" target=""_blank"">MSDS-3000000X</a>",various,Maxpar
CyTOF (Cytometry),3152019B,Anti-Human CD66b,<div>G10F5</div>,152Sm,"Human, Chimpanzee",100 Tests,"<a href=""https://fluidigm.my.salesforce.com/sfc/p/700000009DAw/a/4u000000qPxn/V03oeCT7s1ugEnJRm4bkRCRNBV3P9IGx0P3eNkZiJg4"" target=""_blank"">PRD009-3152019B</a>","<a href=""https://fluidigm.my.salesforce.com/sfc/p/700000009DAw/a/4u000001870w/XU6eX2YZtdejnAfGRls.mPHhJTPvhOp30R18ZV_Asw4"" target=""_blank"">MSDS-3000000X</a>",various,Maxpar
CyTOF (Cytometry),3152019C,Anti-Human CD66b,<div>G10F5</div>,152Sm,"Human, Chimpanzee",25 Tests,"<a href=""https://fluidigm.my.salesforce.com/sfc/p/700000009DAw/a/4u000000qPxn/V03oeCT7s1ugEnJRm4bkRCRNBV3P9IGx0P3eNkZiJg4"" target=""_blank"">PRD009-3152019B</a>","<a href=""https://fluidigm.my.salesforce.com/sfc/p/700000009DAw/a/4u000001870w/XU6eX2YZtdejnAfGRls.mPHhJTPvhOp30R18ZV_Asw4"" target=""_blank"">MSDS-3000000X</a>",various,Maxpar
CyTOF (Cytometry),3153001B,Anti-Human CD45RA,<div>HI100</div>,153Eu,"Human, Chimpanzee",100 Tests,"<a href=""https://fluidigm.my.salesforce.com/sfc/p/700000009DAw/a/4u0000019i0J/WwLgyu6TWT8bPLkdiPAbivgOwlvGaBj9Qy.DqRmjZkE"" target=""_blank"">PRD009-3153001B</a>","<a href=""https://fluidigm.my.salesforce.com/sfc/p/700000009DAw/a/4u000001870w/XU6eX2YZtdejnAfGRls.mPHhJTPvhOp30R18ZV_Asw4"" target=""_blank"">MSDS-3000000X</a>",various,Maxpar
CyTOF (Cytometry),3153001C,Anti-Human CD45RA,<div>HI100</div>,153Eu,"Human, Chimpanzee",25 Tests,"<a href=""https://fluidigm.my.salesforce.com/sfc/p/700000009DAw/a/4u0000019i0J/WwLgyu6TWT8bPLkdiPAbivgOwlvGaBj9Qy.DqRmjZkE"" target=""_blank"">PRD009-3153001B</a>","<a href=""https://fluidigm.my.salesforce.com/sfc/p/700000009DAw/a/4u000001870w/XU6eX2YZtdejnAfGRls.mPHhJTPvhOp30R18ZV_Asw4"" target=""_blank"">MSDS-3000000X</a>",various,Maxpar
CyTOF (Cytometry),3153002B,Anti-Mouse CD45.1,<div>A20</div>,153Eu,Mouse,100 Tests,"<a href=""https://fluidigm.my.salesforce.com/sfc/p/700000009DAw/a/4u0000019i0K/z8R19yFzAEGjCVzhEGz5nyVqSMyJkFEukPolCh_G_7s"" target=""_blank"">PRD009-3153002B</a>","<a href=""https://fluidigm.my.salesforce.com/sfc/p/700000009DAw/a/4u000001870w/XU6eX2YZtdejnAfGRls.mPHhJTPvhOp30R18ZV_Asw4"" target=""_blank"">MSDS-3000000X</a>",various,Maxpar
CyTOF (Cytometry),3153002C,Anti-Mouse CD45.1,<div>A20</div>,153Eu,Mouse,25 Tests,"<a href=""https://fluidigm.my.salesforce.com/sfc/p/700000009DAw/a/4u0000019i0K/z8R19yFzAEGjCVzhEGz5nyVqSMyJkFEukPolCh_G_7s"" target=""_blank"">PRD009-3153002B</a>","<a href=""https://fluidigm.my.salesforce.com/sfc/p/700000009DAw/a/4u000001870w/XU6eX2YZtdejnAfGRls.mPHhJTPvhOp30R18ZV_Asw4"" target=""_blank"">MSDS-3000000X</a>",various,Maxpar
CyTOF (Cytometry),3153003A,Anti-pStat1 [Y701],<div>58D6</div>,153Eu,Human. Mouse,50 Tests,"<a href=""https://fluidigm.my.salesforce.com/sfc/p/700000009DAw/a/4u0000019i0O/Hsbpd.kJL3uk9ALmjEwc22UhoqoG8iRFkgCjcEa89Cc"" target=""_blank"">PRD009-3153003A</a>","<a href=""https://fluidigm.my.salesforce.com/sfc/p/700000009DAw/a/4u000001870w/XU6eX2YZtdejnAfGRls.mPHhJTPvhOp30R18ZV_Asw4"" target=""_blank"">MSDS-3000000X</a>",various,Maxpar
CyTOF (Cytometry),3153003C,Anti-pStat1 [Y701],<div>58D6</div>,153Eu,Human. Mouse,25 Tests,"<a href=""https://fluidigm.my.salesforce.com/sfc/p/700000009DAw/a/4u0000019i0O/Hsbpd.kJL3uk9ALmjEwc22UhoqoG8iRFkgCjcEa89Cc"" target=""_blank"">PRD009-3153003B</a>","<a href=""https://fluidigm.my.salesforce.com/sfc/p/700000009DAw/a/4u000001870w/XU6eX2YZtdejnAfGRls.mPHhJTPvhOp30R18ZV_Asw4"" target=""_blank"">MSDS-3000000X</a>",various,Maxpar
CyTOF (Cytometry),3153004B,Anti-Human CD62L,<div>DREG-56</div>,153Eu,"Human, Chimpanzee, Cow",100 Tests,"<a href=""https://fluidigm.my.salesforce.com/sfc/p/700000009DAw/a/4u0000019i0T/3SnZx49bsfTjQVHhNsXa1j2aU0tZokysm2zq11qPxcY"" target=""_blank"">PRD009-3153004B</a>","<a href=""https://fluidigm.my.salesforce.com/sfc/p/700000009DAw/a/4u000001870w/XU6eX2YZtdejnAfGRls.mPHhJTPvhOp30R18ZV_Asw4"" target=""_blank"">MSDS-3000000X</a>",various,Maxpar
CyTOF (Cytometry),3153004C,Anti-Human CD62L,<div>DREG-56</div>,153Eu,"Human, Chimpanzee, Cow",25 Tests,"<a href=""https://fluidigm.my.salesforce.com/sfc/p/700000009DAw/a/4u0000019i0T/3SnZx49bsfTjQVHhNsXa1j2aU0tZokysm2zq11qPxcY"" target=""_blank"">PRD009-3153004B</a>","<a href=""https://fluidigm.my.salesforce.com/sfc/p/700000009DAw/a/4u000001870w/XU6eX2YZtdejnAfGRls.mPHhJTPvhOp30R18ZV_Asw4"" target=""_blank"">MSDS-3000000X</a>",various,Maxpar
CyTOF (Cytometry),3153005A,Anti-Stat1 [pY701],<div>4a</div>,153Eu,"Human, Mouse",50 Tests,"<a href=""https://fluidigm.my.salesforce.com/sfc/p/700000009DAw/a/4u0000019i0Y/lx30k3lVS0asinjCovnx5O6XdKEEkl1txaPU45BMIXo"" target=""_blank"">PRD009-3153005A</a>","<a href=""https://fluidigm.my.salesforce.com/sfc/p/700000009DAw/a/4u000001870w/XU6eX2YZtdejnAfGRls.mPHhJTPvhOp30R18ZV_Asw4"" target=""_blank"">MSDS-3000000X</a>",various,Maxpar
CyTOF (Cytometry),3153005C,Anti-Stat1 [pY701],<div>4a</div>,153Eu,"Human, Mouse",25 Tests,"<a href=""https://fluidigm.my.salesforce.com/sfc/p/700000009DAw/a/4u0000019i0Y/lx30k3lVS0asinjCovnx5O6XdKEEkl1txaPU45BMIXo"" target=""_blank"">PRD009-3153005B</a>","<a href=""https://fluidigm.my.salesforce.com/sfc/p/700000009DAw/a/4u000001870w/XU6eX2YZtdejnAfGRls.mPHhJTPvhOp30R18ZV_Asw4"" target=""_blank"">MSDS-3000000X</a>",various,Maxpar
CyTOF (Cytometry),3153006B,Anti-Mouse CD335/NKp46,<div>29A1.4</div>,153Eu,Mouse,100 Tests,"<a href=""https://fluidigm.my.salesforce.com/sfc/p/700000009DAw/a/4u0000019i0U/19t6_Em64oBsiCOYPYRJpdWGGJECaBuqCe1SgjhsFKs"" target=""_blank"">PRD009-3153006B</a>","<a href=""https://fluidigm.my.salesforce.com/sfc/p/700000009DAw/a/4u000001870w/XU6eX2YZtdejnAfGRls.mPHhJTPvhOp30R18ZV_Asw4"" target=""_blank"">MSDS-3000000X</a>",various,Maxpar
CyTOF (Cytometry),3153006C,Anti-Mouse CD335/NKp46,<div>29A1.4</div>,153Eu,Mouse,25 Tests,"<a href=""https://fluidigm.my.salesforce.com/sfc/p/700000009DAw/a/4u0000019i0U/19t6_Em64oBsiCOYPYRJpdWGGJECaBuqCe1SgjhsFKs"" target=""_blank"">PRD009-3153006B</a>","<a href=""https://fluidigm.my.salesforce.com/sfc/p/700000009DAw/a/4u000001870w/XU6eX2YZtdejnAfGRls.mPHhJTPvhOp30R18ZV_Asw4"" target=""_blank"">MSDS-3000000X</a>",various,Maxpar
CyTOF (Cytometry),3153007B,Anti-Human CD303/BDCA2,<div>201A</div>,153Eu,Human,100 Tests,"<a href=""https://fluidigm.my.salesforce.com/sfc/p/700000009DAw/a/4u0000019i0d/kRAfgVDvsvSbX0JCmOBzU3Ngm1OMsWTIYATSJkX1uwY"" target=""_blank"">PRD009-3153007B</a>","<a href=""https://fluidigm.my.salesforce.com/sfc/p/700000009DAw/a/4u000001870w/XU6eX2YZtdejnAfGRls.mPHhJTPvhOp30R18ZV_Asw4"" target=""_blank"">MSDS-3000000X</a>",various,Maxpar
CyTOF (Cytometry),3153007C,Anti-Human CD303/BDCA2,<div>201A</div>,153Eu,Human,25 Tests,"<a href=""https://fluidigm.my.salesforce.com/sfc/p/700000009DAw/a/4u0000019i0d/kRAfgVDvsvSbX0JCmOBzU3Ngm1OMsWTIYATSJkX1uwY"" target=""_blank"">PRD009-3153007B</a>","<a href=""https://fluidigm.my.salesforce.com/sfc/p/700000009DAw/a/4u000001870w/XU6eX2YZtdejnAfGRls.mPHhJTPvhOp30R18ZV_Asw4"" target=""_blank"">MSDS-3000000X</a>",various,Maxpar
CyTOF (Cytometry),3153008B,Anti-Human TIM-3,<div>F38-2E2</div>,153Eu,Human,100 Tests,"<a href=""https://fluidigm.my.salesforce.com/sfc/p/700000009DAw/a/4u0000019i0i/no.fg41.LVliG3aDHI6RseNGFSFaSMUfKBBiEPMtsFk"" target=""_blank"">PRD009-3153008B</a>","<a href=""https://fluidigm.my.salesforce.com/sfc/p/700000009DAw/a/4u000001870w/XU6eX2YZtdejnAfGRls.mPHhJTPvhOp30R18ZV_Asw4"" target=""_blank"">MSDS-3000000X</a>",various,Maxpar
CyTOF (Cytometry),3153008C,Anti-Human TIM-3,<div>F38-2E2  </div>,153Eu,Human,25 Tests,"<a href=""https://fluidigm.my.salesforce.com/sfc/p/700000009DAw/a/4u0000019i0i/no.fg41.LVliG3aDHI6RseNGFSFaSMUfKBBiEPMtsFk"" target=""_blank"">PRD009-3153008B</a>","<a href=""https://fluidigm.my.salesforce.com/sfc/p/700000009DAw/a/4u000001870w/XU6eX2YZtdejnAfGRls.mPHhJTPvhOp30R18ZV_Asw4"" target=""_blank"">MSDS-3000000X</a>",various,Maxpar
CyTOF (Cytometry),3153009A,Anti-Human CyclinB1,<div>GNS-1</div>,153Eu,"Human, Mouse, Bovine",50 Tests,"<a href=""https://fluidigm.my.salesforce.com/sfc/p/700000009DAw/a/4u0000019i0n/XE_ionsV4RDzMh7oMvan3.vXxnKZ.4PxUHMo4_LL3M4"" target=""_blank"">PRD009-3153009A</a>","<a href=""https://fluidigm.my.salesforce.com/sfc/p/700000009DAw/a/4u000001870w/XU6eX2YZtdejnAfGRls.mPHhJTPvhOp30R18ZV_Asw4"" target=""_blank"">MSDS-3000000X</a>",various,Maxpar
CyTOF (Cytometry),3153009C,Anti-Human CyclinB1,<div>GNS-1</div>,153Eu,"Human, Mouse, Bovine",25 Tests,"<a href=""https://fluidigm.my.salesforce.com/sfc/p/700000009DAw/a/4u0000019i0n/XE_ionsV4RDzMh7oMvan3.vXxnKZ.4PxUHMo4_LL3M4"" target=""_blank"">PRD009-3153009B</a>","<a href=""https://fluidigm.my.salesforce.com/sfc/p/700000009DAw/a/4u000001870w/XU6eX2YZtdejnAfGRls.mPHhJTPvhOp30R18ZV_Asw4"" target=""_blank"">MSDS-3000000X</a>",various,Maxpar
CyTOF (Cytometry),3153011B,Anti-Mouse CD16/32,<div>93</div>,153Eu,Mouse,100 Tests,"<a href=""https://fluidigm.my.salesforce.com/sfc/p/700000009DAw/a/4u0000019i0s/aaAYxXs8yQ0ZielDNxVc6Fu.xlGBEAfnJLZZ1maGvCI"" target=""_blank"">PRD009-3153011B</a>","<a href=""https://fluidigm.my.salesforce.com/sfc/p/700000009DAw/a/4u000001870w/XU6eX2YZtdejnAfGRls.mPHhJTPvhOp30R18ZV_Asw4"" target=""_blank"">MSDS-3000000X</a>",various,Maxpar
CyTOF (Cytometry),3153011C,Anti-Mouse CD16/32,<div>93</div>,153Eu,Mouse,25 Tests,"<a href=""https://fluidigm.my.salesforce.com/sfc/p/700000009DAw/a/4u0000019i0s/aaAYxXs8yQ0ZielDNxVc6Fu.xlGBEAfnJLZZ1maGvCI"" target=""_blank"">PRD009-3153011B</a>","<a href=""https://fluidigm.my.salesforce.com/sfc/p/700000009DAw/a/4u000001870w/XU6eX2YZtdejnAfGRls.mPHhJTPvhOp30R18ZV_Asw4"" target=""_blank"">MSDS-3000000X</a>",various,Maxpar
CyTOF (Cytometry),3153012B,Anti-Mouse CD8a,<div>53-6.7</div>,153Eu,Mouse,100 Tests,"<a href=""https://fluidigm.my.salesforce.com/sfc/p/700000009DAw/a/4u0000019i0F/3bUAt.VYUPYFdEhGYB3lIJeUpjDDptGcwPEkk4FzR6o"" target=""_blank"">PRD009-3153012B</a>","<a href=""https://fluidigm.my.salesforce.com/sfc/p/700000009DAw/a/4u000001870w/XU6eX2YZtdejnAfGRls.mPHhJTPvhOp30R18ZV_Asw4"" target=""_blank"">MSDS-3000000X</a>",various,Maxpar
CyTOF (Cytometry),3153012C,Anti-Mouse CD8a,<div>53-6.7</div>,153Eu,Mouse,25 Tests,"<a href=""https://fluidigm.my.salesforce.com/sfc/p/700000009DAw/a/4u0000019i0F/3bUAt.VYUPYFdEhGYB3lIJeUpjDDptGcwPEkk4FzR6o"" target=""_blank"">PRD009-3153012B</a>","<a href=""https://fluidigm.my.salesforce.com/sfc/p/700000009DAw/a/4u000001870w/XU6eX2YZtdejnAfGRls.mPHhJTPvhOp30R18ZV_Asw4"" target=""_blank"">MSDS-3000000X</a>",various,Maxpar
CyTOF (Cytometry),3153014B,Anti-Human CD7,<div>CD7-6B7</div>,153Eu,Human,100 Tests,"<a href=""https://fluidigm.my.salesforce.com/sfc/p/700000009DAw/a/4u0000019i0t/rYnbFZpc3QBF0GWcojb_0OrwotqAcVN8fqJm69U1FB8"" target=""_blank"">PRD009-3153014B</a>","<a href=""https://fluidigm.my.salesforce.com/sfc/p/700000009DAw/a/4u000001870w/XU6eX2YZtdejnAfGRls.mPHhJTPvhOp30R18ZV_Asw4"" target=""_blank"">MSDS-3000000X</a>",various,Maxpar
CyTOF (Cytometry),3153014C,Anti-Human CD7,<div>CD7-6B7</div>,153Eu,Human,25 Tests,"<a href=""https://fluidigm.my.salesforce.com/sfc/p/700000009DAw/a/4u0000019i0t/rYnbFZpc3QBF0GWcojb_0OrwotqAcVN8fqJm69U1FB8"" target=""_blank"">PRD009-3153014B</a>","<a href=""https://fluidigm.my.salesforce.com/sfc/p/700000009DAw/a/4u000001870w/XU6eX2YZtdejnAfGRls.mPHhJTPvhOp30R18ZV_Asw4"" target=""_blank"">MSDS-3000000X</a>",various,Maxpar
CyTOF (Cytometry),3153017B,Anti-Human Lck,<div>LCK-01</div>,153Eu,Human,100 Tests,"<a href=""https://fluidigm.my.salesforce.com/sfc/p/700000009DAw/a/4u0000019i0P/0Q47CxE5TRSYJliDao9JzC..nL5Ftd259d35tp0TFaw"" target=""_blank"">PRD009-3153017B</a>","<a href=""https://fluidigm.my.salesforce.com/sfc/p/700000009DAw/a/4u000001870w/XU6eX2YZtdejnAfGRls.mPHhJTPvhOp30R18ZV_Asw4"" target=""_blank"">MSDS-3000000X</a>",various,Maxpar
CyTOF (Cytometry),3153017C,Anti-Human Lck,<div>LCK-01</div>,153Eu,Human,25 Tests,"<a href=""https://fluidigm.my.salesforce.com/sfc/p/700000009DAw/a/4u0000019i0P/0Q47CxE5TRSYJliDao9JzC..nL5Ftd259d35tp0TFaw"" target=""_blank"">PRD009-3153017B</a>","<a href=""https://fluidigm.my.salesforce.com/sfc/p/700000009DAw/a/4u000001870w/XU6eX2YZtdejnAfGRls.mPHhJTPvhOp30R18ZV_Asw4"" target=""_blank"">MSDS-3000000X</a>",various,Maxpar
CyTOF (Cytometry),3153018B,Anti-Human CD32,<div>FUN-2</div>,153Eu,"Human, African Green, Baboon, Cynomolgus, Rhesus",100 Tests,"<a href=""https://fluidigm.my.salesforce.com/sfc/p/700000009DAw/a/4u0000019i12/sdn6Vjih9vNorupJkw9K8G02JIAeFaj2m.33l2PdnIQ"" target=""_blank"">PRD009-3153018B</a>","<a href=""https://fluidigm.my.salesforce.com/sfc/p/700000009DAw/a/4u000001870w/XU6eX2YZtdejnAfGRls.mPHhJTPvhOp30R18ZV_Asw4"" target=""_blank"">MSDS-3000000X</a>",various,Maxpar
CyTOF (Cytometry),3153018C,Anti-Human CD32,<div>FUN-2</div>,153Eu,"Human, African Green, Baboon, Cynomolgus, Rhesus",25 Tests,"<a href=""https://fluidigm.my.salesforce.com/sfc/p/700000009DAw/a/4u0000019i12/sdn6Vjih9vNorupJkw9K8G02JIAeFaj2m.33l2PdnIQ"" target=""_blank"">PRD009-3153018B</a>","<a href=""https://fluidigm.my.salesforce.com/sfc/p/700000009DAw/a/4u000001870w/XU6eX2YZtdejnAfGRls.mPHhJTPvhOp30R18ZV_Asw4"" target=""_blank"">MSDS-3000000X</a>",various,Maxpar
CyTOF (Cytometry),3153019B,Anti-Human TIGIT,<div>MBSA43</div>,153Eu,Human,100 Tests,"<a href=""https://fluidigm.my.salesforce.com/sfc/p/700000009DAw/a/4u0000019i17/dyt7hLG8pgJLiUZaM.riBOMaS8eFltHL1k.jF0Fyct4"" target=""_blank"">PRD009-3153019B</a>","<a href=""https://fluidigm.my.salesforce.com/sfc/p/700000009DAw/a/4u000001870w/XU6eX2YZtdejnAfGRls.mPHhJTPvhOp30R18ZV_Asw4"" target=""_blank"">MSDS-3000000X</a>",various,Maxpar
CyTOF (Cytometry),3153019C,Anti-Human TIGIT,<div>MBSA43</div>,153Eu,Human,25 Tests,"<a href=""https://fluidigm.my.salesforce.com/sfc/p/700000009DAw/a/4u0000019i17/dyt7hLG8pgJLiUZaM.riBOMaS8eFltHL1k.jF0Fyct4"" target=""_blank"">PRD009-3153019B</a>","<a href=""https://fluidigm.my.salesforce.com/sfc/p/700000009DAw/a/4u000001870w/XU6eX2YZtdejnAfGRls.mPHhJTPvhOp30R18ZV_Asw4"" target=""_blank"">MSDS-3000000X</a>",various,Maxpar
CyTOF (Cytometry),3153020B,Anti-Human CD185/CXCR5,<div>RF8B2</div>,153Eu,Human,100 Tests,"<a href=""https://fluidigm.my.salesforce.com/sfc/p/700000009DAw/a/4u0000019i0Z/DX3HDsmxw36ywp_rPwObxG7gmpFbHXQC8z7aTj7jjwU"" target=""_blank"">PRD009-3153020B</a>","<a href=""https://fluidigm.my.salesforce.com/sfc/p/700000009DAw/a/4u000001870w/XU6eX2YZtdejnAfGRls.mPHhJTPvhOp30R18ZV_Asw4"" target=""_blank"">MSDS-3000000X</a>",various,Maxpar
CyTOF (Cytometry),3153020C,Anti-Human CD185/CXCR5,<div>RF8B2</div>,153Eu,Human,25 Tests,"<a href=""https://fluidigm.my.salesforce.com/sfc/p/700000009DAw/a/4u0000019i0Z/DX3HDsmxw36ywp_rPwObxG7gmpFbHXQC8z7aTj7jjwU"" target=""_blank"">PRD009-3153020B</a>","<a href=""https://fluidigm.my.salesforce.com/sfc/p/700000009DAw/a/4u000001870w/XU6eX2YZtdejnAfGRls.mPHhJTPvhOp30R18ZV_Asw4"" target=""_blank"">MSDS-3000000X</a>",various,Maxpar
CyTOF (Cytometry),3153022B,Anti-Mouse CD66a/CEACAM1,<div>CC1</div>,153Eu,Mouse,100 Tests,"<a href=""https://fluidigm.my.salesforce.com/sfc/p/700000009DAw/a/4u0000019i1H/owzK2zU_c7DsAo5ZIbEJRppBSEv8xztZim.3rYpNIyg"" target=""_blank"">PRD009-3153022B</a>","<a href=""https://fluidigm.my.salesforce.com/sfc/p/700000009DAw/a/4u000001870w/XU6eX2YZtdejnAfGRls.mPHhJTPvhOp30R18ZV_Asw4"" target=""_blank"">MSDS-3000000X</a>",various,Maxpar
CyTOF (Cytometry),3153022C,Anti-Mouse CD66a/CEACAM1,<div>CC1</div>,153Eu,Mouse,25 Tests,"<a href=""https://fluidigm.my.salesforce.com/sfc/p/700000009DAw/a/4u0000019i1H/owzK2zU_c7DsAo5ZIbEJRppBSEv8xztZim.3rYpNIyg"" target=""_blank"">PRD009-3153022B</a>","<a href=""https://fluidigm.my.salesforce.com/sfc/p/700000009DAw/a/4u000001870w/XU6eX2YZtdejnAfGRls.mPHhJTPvhOp30R18ZV_Asw4"" target=""_blank"">MSDS-3000000X</a>",various,Maxpar
CyTOF (Cytometry),3153023B,Anti-Human CD192/CCR2,<div>K036C2</div>,153Eu,Human,100 Tests,"<a href=""https://fluidigm.my.salesforce.com/sfc/p/700000009DAw/a/4u0000019i1b/Y0S88.0BY0UHuF0AjHtLL828jLrotWtZE2N9p7ApNl4"" target=""_blank"">PRD009-3153023B</a>","<a href=""https://fluidigm.my.salesforce.com/sfc/p/700000009DAw/a/4u000001870w/XU6eX2YZtdejnAfGRls.mPHhJTPvhOp30R18ZV_Asw4"" target=""_blank"">MSDS-3000000X</a>",various,Maxpar
CyTOF (Cytometry),3153023C,Anti-Human CD192/CCR2,<div>K036C2</div>,153Eu,Human,25 Tests,"<a href=""https://fluidigm.my.salesforce.com/sfc/p/700000009DAw/a/4u0000019i1b/Y0S88.0BY0UHuF0AjHtLL828jLrotWtZE2N9p7ApNl4"" target=""_blank"">PRD009-3153023B</a>","<a href=""https://fluidigm.my.salesforce.com/sfc/p/700000009DAw/a/4u000001870w/XU6eX2YZtdejnAfGRls.mPHhJTPvhOp30R18ZV_Asw4"" target=""_blank"">MSDS-3000000X</a>",various,Maxpar
CyTOF (Cytometry),3153024B,Anti-Human TCR Vα7.2 ,<div>3C10</div>,153Eu,Human,100 Tests,"<a href=""https://fluidigm.my.salesforce.com/sfc/p/700000009DAw/a/4u0000019i1g/1i75P7SSb6WKD3ITEMVndq8QoyOrUMCN_7LGYEi6LGk"" target=""_blank"">PRD009-3153024B</a>","<a href=""https://fluidigm.my.salesforce.com/sfc/p/700000009DAw/a/4u000001870w/XU6eX2YZtdejnAfGRls.mPHhJTPvhOp30R18ZV_Asw4"" target=""_blank"">MSDS-3000000X</a>",various,Maxpar
CyTOF (Cytometry),3153024C,Anti-Human TCR Vα7.2 ,<div>3C10 </div>,153Eu,Human,25 Tests,"<a href=""https://fluidigm.my.salesforce.com/sfc/p/700000009DAw/a/4u0000019i1g/1i75P7SSb6WKD3ITEMVndq8QoyOrUMCN_7LGYEi6LGk"" target=""_blank"">PRD009-3153024B</a>","<a href=""https://fluidigm.my.salesforce.com/sfc/p/700000009DAw/a/4u000001870w/XU6eX2YZtdejnAfGRls.mPHhJTPvhOp30R18ZV_Asw4"" target=""_blank"">MSDS-3000000X</a>",various,Maxpar
CyTOF (Cytometry),3153026B,Anti-Mouse/Human Mac-2/Galectin-3 ,<div>M3/38</div>,153Eu,"Human, Mouse",100 Tests,"<a href=""https://fluidigm.my.salesforce.com/sfc/p/700000009DAw/a/4u0000019i1l/mbDrpc_jU9_ZGUi9pcePrXNqOF7bfjjNTj8K8X_loNU"" target=""_blank"">PRD009-3153026B</a>","<a href=""https://fluidigm.my.salesforce.com/sfc/p/700000009DAw/a/4u000001870w/XU6eX2YZtdejnAfGRls.mPHhJTPvhOp30R18ZV_Asw4"" target=""_blank"">MSDS-3000000X</a>",various,Maxpar
CyTOF (Cytometry),3153026C,Anti-Mouse/Human Mac-2/Galectin-3 ,<div>M3/38</div>,153Eu,"Human, Mouse",25 Tests,"<a href=""https://fluidigm.my.salesforce.com/sfc/p/700000009DAw/a/4u0000019i1l/mbDrpc_jU9_ZGUi9pcePrXNqOF7bfjjNTj8K8X_loNU"" target=""_blank"">PRD009-3153026B</a>","<a href=""https://fluidigm.my.salesforce.com/sfc/p/700000009DAw/a/4u000001870w/XU6eX2YZtdejnAfGRls.mPHhJTPvhOp30R18ZV_Asw4"" target=""_blank"">MSDS-3000000X</a>",various,Maxpar
CyTOF (Cytometry),3153030A,Anti-Human CD194/CCR4 ,<div>L291H4</div>,153Eu,"Human, Cynomolgus Macaque",50 Tests,"<a href=""https://fluidigm.my.salesforce.com/sfc/p/700000009DAw/a/4u0000019i1q/uBGiRxSQ7iySkt6e3nHM1wl973nHAjOjirpcTsyU.Aw"" target=""_blank"">PRD009-3153030A</a>","<a href=""https://fluidigm.my.salesforce.com/sfc/p/700000009DAw/a/4u000001870w/XU6eX2YZtdejnAfGRls.mPHhJTPvhOp30R18ZV_Asw4"" target=""_blank"">MSDS-3000000X</a>",various,Maxpar
CyTOF (Cytometry),3153030C,Anti-Human CD194/CCR4 ,<div>L291H4</div>,153Eu,"Human, Cynomolgus Macaque",25 Tests,"<a href=""https://fluidigm.my.salesforce.com/sfc/p/700000009DAw/a/4u0000019i1q/uBGiRxSQ7iySkt6e3nHM1wl973nHAjOjirpcTsyU.Aw"" target=""_blank"">PRD009-3153030B</a>","<a href=""https://fluidigm.my.salesforce.com/sfc/p/700000009DAw/a/4u000001870w/XU6eX2YZtdejnAfGRls.mPHhJTPvhOp30R18ZV_Asw4"" target=""_blank"">MSDS-3000000X</a>",various,Maxpar
CyTOF (Cytometry),3153031B,Anti-Mouse CD274/PD-L1,<div>MIH5</div>,153Eu,Mouse,100 Tests,"<a href=""https://fluidigm.my.salesforce.com/sfc/p/700000009DAw/a/4u0000019qew/UiuErDuLfqdGC_SON4Om9WOAMxc9ABVHEmJsoRIuCmc"" target=""_blank"">PRD009-3153031B</a>","<a href=""https://fluidigm.my.salesforce.com/sfc/p/700000009DAw/a/4u000001870w/XU6eX2YZtdejnAfGRls.mPHhJTPvhOp30R18ZV_Asw4"" target=""_blank"">MSDS-3000000X</a>",various,Maxpar
CyTOF (Cytometry),3153031C,Anti-Mouse CD274/PD-L1,<div>MIH5</div>,153Eu,Mouse,25 Tests,"<a href=""https://fluidigm.my.salesforce.com/sfc/p/700000009DAw/a/4u0000019qew/UiuErDuLfqdGC_SON4Om9WOAMxc9ABVHEmJsoRIuCmc"" target=""_blank"">PRD009-3153031B</a>","<a href=""https://fluidigm.my.salesforce.com/sfc/p/700000009DAw/a/4u000001870w/XU6eX2YZtdejnAfGRls.mPHhJTPvhOp30R18ZV_Asw4"" target=""_blank"">MSDS-3000000X</a>",various,Maxpar
CyTOF (Cytometry),3154001B,Anti-Human CD45,<div>HI30</div>,154Sm,"Human, Chimpanzee",100 Tests,"<a href=""https://fluidigm.my.salesforce.com/sfc/p/700000009DAw/a/4u0000019i1r/MsTmjrEEnmDs4FBH3T1I.gD7JrHxSDsZ8fd4zaEzALw"" target=""_blank"">PRD009-3154001B</a>","<a href=""https://fluidigm.my.salesforce.com/sfc/p/700000009DAw/a/4u000001870w/XU6eX2YZtdejnAfGRls.mPHhJTPvhOp30R18ZV_Asw4"" target=""_blank"">MSDS-3000000X</a>",various,Maxpar
CyTOF (Cytometry),3154001C,Anti-Human CD45,<div>HI30</div>,154Sm,"Human, Chimpanzee",25 Tests,"<a href=""https://fluidigm.my.salesforce.com/sfc/p/700000009DAw/a/4u0000019i1r/MsTmjrEEnmDs4FBH3T1I.gD7JrHxSDsZ8fd4zaEzALw"" target=""_blank"">PRD009-3154001B</a>","<a href=""https://fluidigm.my.salesforce.com/sfc/p/700000009DAw/a/4u000001870w/XU6eX2YZtdejnAfGRls.mPHhJTPvhOp30R18ZV_Asw4"" target=""_blank"">MSDS-3000000X</a>",various,Maxpar
CyTOF (Cytometry),3154003B,Anti-Human CD3,<div>UCHT1</div>,154Sm,"Human, Chimpanzee",100 Tests,"<a href=""https://fluidigm.my.salesforce.com/sfc/p/700000009DAw/a/4u0000019i1v/Nforvkm4txjTK1eDFg9u30a6lvhjVtQ8RzF0W7CCh9o"" target=""_blank"">PRD009-3154003B</a>","<a href=""https://fluidigm.my.salesforce.com/sfc/p/700000009DAw/a/4u000001870w/XU6eX2YZtdejnAfGRls.mPHhJTPvhOp30R18ZV_Asw4"" target=""_blank"">MSDS-3000000X</a>",various,Maxpar
CyTOF (Cytometry),3154003C,Anti-Human CD3,<div>UCHT1</div>,154Sm,"Human, Chimpanzee",25 Tests,"<a href=""https://fluidigm.my.salesforce.com/sfc/p/700000009DAw/a/4u0000019i1v/Nforvkm4txjTK1eDFg9u30a6lvhjVtQ8RzF0W7CCh9o"" target=""_blank"">PRD009-3154003B</a>","<a href=""https://fluidigm.my.salesforce.com/sfc/p/700000009DAw/a/4u000001870w/XU6eX2YZtdejnAfGRls.mPHhJTPvhOp30R18ZV_Asw4"" target=""_blank"">MSDS-3000000X</a>",various,Maxpar
CyTOF (Cytometry),3154004B,Anti-Mouse CD48,<div>HM48-1</div>,154Sm,Mouse,100 Tests,"<a href=""https://fluidigm.my.salesforce.com/sfc/p/700000009DAw/a/4u0000019i20/2uxdcGqxmBnZjSWlYbHZPuFfKLWlmz0njlPHaLc4AVs"" target=""_blank"">PRD009-3154004B</a>","<a href=""https://fluidigm.my.salesforce.com/sfc/p/700000009DAw/a/4u000001870w/XU6eX2YZtdejnAfGRls.mPHhJTPvhOp30R18ZV_Asw4"" target=""_blank"">MSDS-3000000X</a>",various,Maxpar
CyTOF (Cytometry),3154004C,Anti-Mouse CD48,<div>HM48-1</div>,154Sm,Mouse,25 Tests,"<a href=""https://fluidigm.my.salesforce.com/sfc/p/700000009DAw/a/4u0000019i20/2uxdcGqxmBnZjSWlYbHZPuFfKLWlmz0njlPHaLc4AVs"" target=""_blank"">PRD009-3154004B</a>","<a href=""https://fluidigm.my.salesforce.com/sfc/p/700000009DAw/a/4u000001870w/XU6eX2YZtdejnAfGRls.mPHhJTPvhOp30R18ZV_Asw4"" target=""_blank"">MSDS-3000000X</a>",various,Maxpar
CyTOF (Cytometry),3154005B,Anti-Mouse TER-119,<div>TER-119</div>,154Sm,Mouse,100 Tests,"<a href=""https://fluidigm.my.salesforce.com/sfc/p/700000009DAw/a/4u0000019i1h/Vjy0MO8zohPzMIdf7Tvw2MqaH9.eJZhznS8Nwf2fjx4"" target=""_blank"">PRD009-3154005B</a>","<a href=""https://fluidigm.my.salesforce.com/sfc/p/700000009DAw/a/4u000001870w/XU6eX2YZtdejnAfGRls.mPHhJTPvhOp30R18ZV_Asw4"" target=""_blank"">MSDS-3000000X</a>",various,Maxpar
CyTOF (Cytometry),3154005C,Anti-Mouse TER-119,<div>TER-119</div>,154Sm,Mouse,25 Tests,"<a href=""https://fluidigm.my.salesforce.com/sfc/p/700000009DAw/a/4u0000019i1h/Vjy0MO8zohPzMIdf7Tvw2MqaH9.eJZhznS8Nwf2fjx4"" target=""_blank"">PRD009-3154005B</a>","<a href=""https://fluidigm.my.salesforce.com/sfc/p/700000009DAw/a/4u000001870w/XU6eX2YZtdejnAfGRls.mPHhJTPvhOp30R18ZV_Asw4"" target=""_blank"">MSDS-3000000X</a>",various,Maxpar
CyTOF (Cytometry),3154006B,Anti-Mouse CD11b,<div>M1/70</div>,154Sm,"Mouse, Human, Chimpanzee, Baboon, Cynomolgus Macaque, Rhesus Macaque, Rabbit",100 Tests,"<a href=""https://fluidigm.my.salesforce.com/sfc/p/700000009DAw/a/4u0000019i1s/LYuuuIhn8UN4rgBaQ_5Y1Gi8FxblM5pmAZe_N0cjbS0"" target=""_blank"">PRD009-3154006B</a>","<a href=""https://fluidigm.my.salesforce.com/sfc/p/700000009DAw/a/4u000001870w/XU6eX2YZtdejnAfGRls.mPHhJTPvhOp30R18ZV_Asw4"" target=""_blank"">MSDS-3000000X</a>",various,Maxpar
CyTOF (Cytometry),3154006C,Anti-Mouse CD11b,<div>M1/70</div>,154Sm,"Mouse, Human, Chimpanzee, Baboon, Cynomolgus Macaque, Rhesus Macaque, Rabbit",25 Tests,"<a href=""https://fluidigm.my.salesforce.com/sfc/p/700000009DAw/a/4u0000019i1s/LYuuuIhn8UN4rgBaQ_5Y1Gi8FxblM5pmAZe_N0cjbS0"" target=""_blank"">PRD009-3154006B</a>","<a href=""https://fluidigm.my.salesforce.com/sfc/p/700000009DAw/a/4u000001870w/XU6eX2YZtdejnAfGRls.mPHhJTPvhOp30R18ZV_Asw4"" target=""_blank"">MSDS-3000000X</a>",various,Maxpar
CyTOF (Cytometry),3154007B,Anti-Human CD163,<div>GHI/61</div>,154Sm,"Human, African Green, Cynomolgus, Rhesus",100 Tests,"<a href=""https://fluidigm.my.salesforce.com/sfc/p/700000009DAw/a/4u0000019i3S/FXLGToqNSA_RpLymzMHuzotVkWBoA3vE6lZxldkBS3U"" target=""_blank"">PRD009-3154007B</a>","<a href=""https://fluidigm.my.salesforce.com/sfc/p/700000009DAw/a/4u000001870w/XU6eX2YZtdejnAfGRls.mPHhJTPvhOp30R18ZV_Asw4"" target=""_blank"">MSDS-3000000X</a>",various,Maxpar
CyTOF (Cytometry),3154007C,Anti-Human CD163,<div>GHI/61</div>,154Sm,"Human, African Green, Cynomolgus, Rhesus",25 Tests,"<a href=""https://fluidigm.my.salesforce.com/sfc/p/700000009DAw/a/4u0000019i3S/FXLGToqNSA_RpLymzMHuzotVkWBoA3vE6lZxldkBS3U"" target=""_blank"">PRD009-3154007B</a>","<a href=""https://fluidigm.my.salesforce.com/sfc/p/700000009DAw/a/4u000001870w/XU6eX2YZtdejnAfGRls.mPHhJTPvhOp30R18ZV_Asw4"" target=""_blank"">MSDS-3000000X</a>",various,Maxpar
CyTOF (Cytometry),3154008B,Anti-Mouse CD152/CTLA-4,<div>UC10-4B9</div>,154Sm,Mouse,100 Tests,"<a href=""https://fluidigm.my.salesforce.com/sfc/p/700000009DAw/a/4u0000019i3X/85jHq_kXt2q5gYhL0hihAbmKZ3KibbhDw6Blo9YMDbo"" target=""_blank"">PRD009-3154008B</a>","<a href=""https://fluidigm.my.salesforce.com/sfc/p/700000009DAw/a/4u000001870w/XU6eX2YZtdejnAfGRls.mPHhJTPvhOp30R18ZV_Asw4"" target=""_blank"">MSDS-3000000X</a>",various,Maxpar
CyTOF (Cytometry),3154008C,Anti-Mouse CD152/CTLA-4,<div>UC10-4B9</div>,154Sm,Mouse,25 Tests,"<a href=""https://fluidigm.my.salesforce.com/sfc/p/700000009DAw/a/4u0000019i3X/85jHq_kXt2q5gYhL0hihAbmKZ3KibbhDw6Blo9YMDbo"" target=""_blank"">PRD009-3154008B</a>","<a href=""https://fluidigm.my.salesforce.com/sfc/p/700000009DAw/a/4u000001870w/XU6eX2YZtdejnAfGRls.mPHhJTPvhOp30R18ZV_Asw4"" target=""_blank"">MSDS-3000000X</a>",various,Maxpar
CyTOF (Cytometry),3154009B,Anti-Human CD309/KDR,<div>7D4-6</div>,154Sm,Human,100 Tests,"<a href=""https://fluidigm.my.salesforce.com/sfc/p/700000009DAw/a/4u0000019i3c/dalvPMnhgMDFAMO5C4UxZQQqAYzjtD4ciZyrVOc4D88"" target=""_blank"">PRD009-3154009B</a>","<a href=""https://fluidigm.my.salesforce.com/sfc/p/700000009DAw/a/4u000001870w/XU6eX2YZtdejnAfGRls.mPHhJTPvhOp30R18ZV_Asw4"" target=""_blank"">MSDS-3000000X</a>",various,Maxpar
CyTOF (Cytometry),3154009C,Anti-Human CD309/KDR,<div>7D4-6</div>,154Sm,Human,25 Tests,"<a href=""https://fluidigm.my.salesforce.com/sfc/p/700000009DAw/a/4u0000019i3c/dalvPMnhgMDFAMO5C4UxZQQqAYzjtD4ciZyrVOc4D88"" target=""_blank"">PRD009-3154009B</a>","<a href=""https://fluidigm.my.salesforce.com/sfc/p/700000009DAw/a/4u000001870w/XU6eX2YZtdejnAfGRls.mPHhJTPvhOp30R18ZV_Asw4"" target=""_blank"">MSDS-3000000X</a>",various,Maxpar
CyTOF (Cytometry),3154010B,Anti-Human TIM-3,<div>F38-2E2</div>,154Sm,Human,100 Tests,"<a href=""https://fluidigm.my.salesforce.com/sfc/p/700000009DAw/a/4u0000019i3T/P7KO5H1Ge_RlNTNLiBGDej9chAzCS98_mWilSdZlESY"" target=""_blank"">PRD009-3154010B</a>","<a href=""https://fluidigm.my.salesforce.com/sfc/p/700000009DAw/a/4u000001870w/XU6eX2YZtdejnAfGRls.mPHhJTPvhOp30R18ZV_Asw4"" target=""_blank"">MSDS-3000000X</a>",various,Maxpar
CyTOF (Cytometry),3154010C,Anti-Human TIM-3,<div>F38-2E2</div>,154Sm,Human,25 Tests,"<a href=""https://fluidigm.my.salesforce.com/sfc/p/700000009DAw/a/4u0000019i3T/P7KO5H1Ge_RlNTNLiBGDej9chAzCS98_mWilSdZlESY"" target=""_blank"">PRD009-3154010B</a>","<a href=""https://fluidigm.my.salesforce.com/sfc/p/700000009DAw/a/4u000001870w/XU6eX2YZtdejnAfGRls.mPHhJTPvhOp30R18ZV_Asw4"" target=""_blank"">MSDS-3000000X</a>",various,Maxpar
CyTOF (Cytometry),3154011B,Anti-Human IL-6,<div>MQ2-13A5</div>,154Sm,Human,100 Tests,"<a href=""https://fluidigm.my.salesforce.com/sfc/p/700000009DAw/a/4u0000019i3h/klxKk3X33l1kIsmWcvAw2UTiVT_sRdMEGT_rj_0cJ1M"" target=""_blank"">PRD009-3154011B</a>","<a href=""https://fluidigm.my.salesforce.com/sfc/p/700000009DAw/a/4u000001870w/XU6eX2YZtdejnAfGRls.mPHhJTPvhOp30R18ZV_Asw4"" target=""_blank"">MSDS-3000000X</a>",various,Maxpar
CyTOF (Cytometry),3154011C,Anti-Human IL-6,<div>MQ2-13A5</div>,154Sm,Human,25 Tests,"<a href=""https://fluidigm.my.salesforce.com/sfc/p/700000009DAw/a/4u0000019i3h/klxKk3X33l1kIsmWcvAw2UTiVT_sRdMEGT_rj_0cJ1M"" target=""_blank"">PRD009-3154011B</a>","<a href=""https://fluidigm.my.salesforce.com/sfc/p/700000009DAw/a/4u000001870w/XU6eX2YZtdejnAfGRls.mPHhJTPvhOp30R18ZV_Asw4"" target=""_blank"">MSDS-3000000X</a>",various,Maxpar
CyTOF (Cytometry),3154012A,Anti-Mouse BATF,<div>D7C5</div>,154Sm,"Human, Mouse",50 Tests,"<a href=""https://fluidigm.my.salesforce.com/sfc/p/700000009DAw/a/4u0000019i3m/pQAlVwhSAe_qcIFMi1Sy5R6vHy9uxSk8MPM5EBGEOJI"" target=""_blank"">PRD009-3154012A</a>","<a href=""https://fluidigm.my.salesforce.com/sfc/p/700000009DAw/a/4u000001870w/XU6eX2YZtdejnAfGRls.mPHhJTPvhOp30R18ZV_Asw4"" target=""_blank"">MSDS-3000000X</a>",various,Maxpar
CyTOF (Cytometry),3154012C,Anti-Mouse BATF,<div>D7C5</div>,154Sm,"Human, Mouse",25 Tests,"<a href=""https://fluidigm.my.salesforce.com/sfc/p/700000009DAw/a/4u0000019i3m/pQAlVwhSAe_qcIFMi1Sy5R6vHy9uxSk8MPM5EBGEOJI"" target=""_blank"">PRD009-3154012B</a>","<a href=""https://fluidigm.my.salesforce.com/sfc/p/700000009DAw/a/4u000001870w/XU6eX2YZtdejnAfGRls.mPHhJTPvhOp30R18ZV_Asw4"" target=""_blank"">MSDS-3000000X</a>",various,Maxpar
CyTOF (Cytometry),3154013B,Anti-Human CD84,<div>CD84.1.21</div>,154Sm,"Human, African Green, Baboon, Cynomolgus, Rhesus",100 Tests,"<a href=""https://fluidigm.my.salesforce.com/sfc/p/700000009DAw/a/4u0000019i3r/QoKflTxzBkau4HYWE2GStkzHy6UH1QnMAuH2MsAhAKY"" target=""_blank"">PRD009-3154013B</a>","<a href=""https://fluidigm.my.salesforce.com/sfc/p/700000009DAw/a/4u000001870w/XU6eX2YZtdejnAfGRls.mPHhJTPvhOp30R18ZV_Asw4"" target=""_blank"">MSDS-3000000X</a>",various,Maxpar
CyTOF (Cytometry),3154013C,Anti-Human CD84,<div>CD84.1.21</div>,154Sm,"Human, African Green, Baboon, Cynomolgus, Rhesus",25 Tests,"<a href=""https://fluidigm.my.salesforce.com/sfc/p/700000009DAw/a/4u0000019i3r/QoKflTxzBkau4HYWE2GStkzHy6UH1QnMAuH2MsAhAKY"" target=""_blank"">PRD009-3154013B</a>","<a href=""https://fluidigm.my.salesforce.com/sfc/p/700000009DAw/a/4u000001870w/XU6eX2YZtdejnAfGRls.mPHhJTPvhOp30R18ZV_Asw4"" target=""_blank"">MSDS-3000000X</a>",various,Maxpar
CyTOF (Cytometry),3154014A,Anti-Vimentin,<div>D21H3</div>,154Sm,"Rat, Mouse, Human, Monkey",50 Tests,"<a href=""https://fluidigm.my.salesforce.com/sfc/p/700000009DAw/a/4u0000019i3w/eHobtw7T759OeqwnaB4wUd_xb7saXryvNQ2d9TzMHfA"" target=""_blank"">PRD009-3154014A</a>","<a href=""https://fluidigm.my.salesforce.com/sfc/p/700000009DAw/a/4u000001870w/XU6eX2YZtdejnAfGRls.mPHhJTPvhOp30R18ZV_Asw4"" target=""_blank"">MSDS-3000000X</a>",various,Maxpar
CyTOF (Cytometry),3154014C,Anti-Vimentin,<div>D21H3</div>,154Sm,"Rat, Mouse, Human, Monkey",25 Tests,"<a href=""https://fluidigm.my.salesforce.com/sfc/p/700000009DAw/a/4u0000019i3w/eHobtw7T759OeqwnaB4wUd_xb7saXryvNQ2d9TzMHfA"" target=""_blank"">PRD009-3154014B</a>","<a href=""https://fluidigm.my.salesforce.com/sfc/p/700000009DAw/a/4u000001870w/XU6eX2YZtdejnAfGRls.mPHhJTPvhOp30R18ZV_Asw4"" target=""_blank"">MSDS-3000000X</a>",various,Maxpar
CyTOF (Cytometry),3154015B,Anti-Human CD282 ,<div>TL2.1</div>,154Sm,Human,100 Tests,"<a href=""https://fluidigm.my.salesforce.com/sfc/p/700000009DAw/a/4u0000019i41/mOkF4rN6RPEUj43eo6wWtIkMTt5CESImlrE3TgUhXyo"" target=""_blank"">PRD009-3154015B</a>","<a href=""https://fluidigm.my.salesforce.com/sfc/p/700000009DAw/a/4u000001870w/XU6eX2YZtdejnAfGRls.mPHhJTPvhOp30R18ZV_Asw4"" target=""_blank"">MSDS-3000000X</a>",various,Maxpar
CyTOF (Cytometry),3154015C,Anti-Human CD282 ,<div>TL2.1</div>,154Sm,Human,25 Tests,"<a href=""https://fluidigm.my.salesforce.com/sfc/p/700000009DAw/a/4u0000019i41/mOkF4rN6RPEUj43eo6wWtIkMTt5CESImlrE3TgUhXyo"" target=""_blank"">PRD009-3154015B</a>","<a href=""https://fluidigm.my.salesforce.com/sfc/p/700000009DAw/a/4u000001870w/XU6eX2YZtdejnAfGRls.mPHhJTPvhOp30R18ZV_Asw4"" target=""_blank"">MSDS-3000000X</a>",various,Maxpar
CyTOF (Cytometry),3154016B,Anti-Human TIGIT,<div>MBSA43</div>,154Sm,Human,100 Tests,"<a href=""https://fluidigm.my.salesforce.com/sfc/p/700000009DAw/a/4u0000019i3i/1xCAkXuPwjQfhlg.rZkh0QT9IfhK3RMCfNzy1MLBw5Q"" target=""_blank"">PRD009-3154016B</a>","<a href=""https://fluidigm.my.salesforce.com/sfc/p/700000009DAw/a/4u000001870w/XU6eX2YZtdejnAfGRls.mPHhJTPvhOp30R18ZV_Asw4"" target=""_blank"">MSDS-3000000X</a>",various,Maxpar
CyTOF (Cytometry),3154016C,Anti-Human TIGIT,<div>MBSA43</div>,154Sm,Human,25 Tests,"<a href=""https://fluidigm.my.salesforce.com/sfc/p/700000009DAw/a/4u0000019i3i/1xCAkXuPwjQfhlg.rZkh0QT9IfhK3RMCfNzy1MLBw5Q"" target=""_blank"">PRD009-3154016B</a>","<a href=""https://fluidigm.my.salesforce.com/sfc/p/700000009DAw/a/4u000001870w/XU6eX2YZtdejnAfGRls.mPHhJTPvhOp30R18ZV_Asw4"" target=""_blank"">MSDS-3000000X</a>",various,Maxpar
CyTOF (Cytometry),3154018B,Anti-Human Androgen receptor ,<div>G122-434</div>,154Sm,Human,100 Tests,"<a href=""https://fluidigm.my.salesforce.com/sfc/p/700000009DAw/a/4u0000019i3n/.07khDdd0Kxqb12M7Ds1fXsWT37Pn5FjjK5SqkEEQ3A"" target=""_blank"">PRD009-3154018B</a>","<a href=""https://fluidigm.my.salesforce.com/sfc/p/700000009DAw/a/4u000001870w/XU6eX2YZtdejnAfGRls.mPHhJTPvhOp30R18ZV_Asw4"" target=""_blank"">MSDS-3000000X</a>",various,Maxpar
CyTOF (Cytometry),3154018C,Anti-Human Androgen receptor ,<div>G122-434</div>,154Sm,Human,25 Tests,"<a href=""https://fluidigm.my.salesforce.com/sfc/p/700000009DAw/a/4u0000019i3n/.07khDdd0Kxqb12M7Ds1fXsWT37Pn5FjjK5SqkEEQ3A"" target=""_blank"">PRD009-3154018B</a>","<a href=""https://fluidigm.my.salesforce.com/sfc/p/700000009DAw/a/4u000001870w/XU6eX2YZtdejnAfGRls.mPHhJTPvhOp30R18ZV_Asw4"" target=""_blank"">MSDS-3000000X</a>",various,Maxpar
CyTOF (Cytometry),3154019B,Anti-Mouse CD73 ,<div>TY/11.8</div>,154Sm,Mouse,100 Tests,"<a href=""https://fluidigm.my.salesforce.com/sfc/p/700000009DAw/a/4u0000019i46/Podlj6DVLDEItgAQ_UZV5xKqA2VfD9LoGEX462tJAbw"" target=""_blank"">PRD009-3154019B</a>","<a href=""https://fluidigm.my.salesforce.com/sfc/p/700000009DAw/a/4u000001870w/XU6eX2YZtdejnAfGRls.mPHhJTPvhOp30R18ZV_Asw4"" target=""_blank"">MSDS-3000000X</a>",various,Maxpar
CyTOF (Cytometry),3154019C,Anti-Mouse CD73 ,<div>TY/11.8</div>,154Sm,Mouse,25 Tests,"<a href=""https://fluidigm.my.salesforce.com/sfc/p/700000009DAw/a/4u0000019i46/Podlj6DVLDEItgAQ_UZV5xKqA2VfD9LoGEX462tJAbw"" target=""_blank"">PRD009-3154019B</a>","<a href=""https://fluidigm.my.salesforce.com/sfc/p/700000009DAw/a/4u000001870w/XU6eX2YZtdejnAfGRls.mPHhJTPvhOp30R18ZV_Asw4"" target=""_blank"">MSDS-3000000X</a>",various,Maxpar
CyTOF (Cytometry),3155001B,Anti-Human CD27,<div>L128</div>,155Gd,Human,100 Tests,"<a href=""https://fluidigm.my.salesforce.com/sfc/p/700000009DAw/a/4u0000019i42/AoHPNMQtbsH3tj6X.tTIJMXApqlACFJHcXFXXL2lXuk"" target=""_blank"">PRD009-3155001B</a>","<a href=""https://fluidigm.my.salesforce.com/sfc/p/700000009DAw/a/4u000001870w/XU6eX2YZtdejnAfGRls.mPHhJTPvhOp30R18ZV_Asw4"" target=""_blank"">MSDS-3000000X</a>",various,Maxpar
CyTOF (Cytometry),3155001C,Anti-Human CD27,<div>L128</div>,155Gd,Human,25 Tests,"<a href=""https://fluidigm.my.salesforce.com/sfc/p/700000009DAw/a/4u0000019i42/AoHPNMQtbsH3tj6X.tTIJMXApqlACFJHcXFXXL2lXuk"" target=""_blank"">PRD009-3155001B</a>","<a href=""https://fluidigm.my.salesforce.com/sfc/p/700000009DAw/a/4u000001870w/XU6eX2YZtdejnAfGRls.mPHhJTPvhOp30R18ZV_Asw4"" target=""_blank"">MSDS-3000000X</a>",various,Maxpar
CyTOF (Cytometry),3155004B,Anti-Human Siglec 9,<div>K8</div>,155Gd,Human,100 Tests,"<a href=""https://fluidigm.my.salesforce.com/sfc/p/700000009DAw/a/4u0000019i47/L6weMZkxbHOjkLqgf.v5G_roilIvgRv_Uz_1ManuARY"" target=""_blank"">PRD009-3155004B</a>","<a href=""https://fluidigm.my.salesforce.com/sfc/p/700000009DAw/a/4u000001870w/XU6eX2YZtdejnAfGRls.mPHhJTPvhOp30R18ZV_Asw4"" target=""_blank"">MSDS-3000000X</a>",various,Maxpar
CyTOF (Cytometry),3155004C,Anti-Human Siglec 9,<div>K8</div>,155Gd,Human,25 Tests,"<a href=""https://fluidigm.my.salesforce.com/sfc/p/700000009DAw/a/4u0000019i47/L6weMZkxbHOjkLqgf.v5G_roilIvgRv_Uz_1ManuARY"" target=""_blank"">PRD009-3155004B</a>","<a href=""https://fluidigm.my.salesforce.com/sfc/p/700000009DAw/a/4u000001870w/XU6eX2YZtdejnAfGRls.mPHhJTPvhOp30R18ZV_Asw4"" target=""_blank"">MSDS-3000000X</a>",various,Maxpar
CyTOF (Cytometry),3155005B,Anti-Human CD268 ,<div>11C1</div>,155Gd,"Human, African Green, Baboon, Cynomolgus, Rhesus",100 Tests,"<a href=""https://fluidigm.my.salesforce.com/sfc/p/700000009DAw/a/4u0000019i48/j7YQFJYhPisUXRA6jw2WBoHtld9slI8XXDKpkft3_38"" target=""_blank"">PRD009-3155005B</a>","<a href=""https://fluidigm.my.salesforce.com/sfc/p/700000009DAw/a/4u000001870w/XU6eX2YZtdejnAfGRls.mPHhJTPvhOp30R18ZV_Asw4"" target=""_blank"">MSDS-3000000X</a>",various,Maxpar
CyTOF (Cytometry),3155005C,Anti-Human CD268 ,<div>11C1</div>,155Gd,"Human, African Green, Baboon, Cynomolgus, Rhesus",25 Tests,"<a href=""https://fluidigm.my.salesforce.com/sfc/p/700000009DAw/a/4u0000019i48/j7YQFJYhPisUXRA6jw2WBoHtld9slI8XXDKpkft3_38"" target=""_blank"">PRD009-3155005B</a>","<a href=""https://fluidigm.my.salesforce.com/sfc/p/700000009DAw/a/4u000001870w/XU6eX2YZtdejnAfGRls.mPHhJTPvhOp30R18ZV_Asw4"" target=""_blank"">MSDS-3000000X</a>",various,Maxpar
CyTOF (Cytometry),3155006B,Anti-Human CD146,<div>P1H12</div>,155Gd,"Human, Mouse, Canine, Rabbit",100 Tests,"<a href=""https://fluidigm.my.salesforce.com/sfc/p/700000009DAw/a/4u0000019i4B/9u98x7yUjnJ_SSgxA2SoKS7Vcul2VHhUocJQDX8hXMw"" target=""_blank"">PRD009-3155006B</a>","<a href=""https://fluidigm.my.salesforce.com/sfc/p/700000009DAw/a/4u000001870w/XU6eX2YZtdejnAfGRls.mPHhJTPvhOp30R18ZV_Asw4"" target=""_blank"">MSDS-3000000X</a>",various,Maxpar
CyTOF (Cytometry),3155006C,Anti-Human CD146,<div>P1H12</div>,155Gd,"Human, Mouse, Canine, Rabbit",25 Tests,"<a href=""https://fluidigm.my.salesforce.com/sfc/p/700000009DAw/a/4u0000019i4B/9u98x7yUjnJ_SSgxA2SoKS7Vcul2VHhUocJQDX8hXMw"" target=""_blank"">PRD009-3155006B</a>","<a href=""https://fluidigm.my.salesforce.com/sfc/p/700000009DAw/a/4u000001870w/XU6eX2YZtdejnAfGRls.mPHhJTPvhOp30R18ZV_Asw4"" target=""_blank"">MSDS-3000000X</a>",various,Maxpar
CyTOF (Cytometry),3155007B,Anti-Human CD1b ,<div>SN13</div>,155Gd,"Human, African Green, Cynomolgus",100 Tests,"<a href=""https://fluidigm.my.salesforce.com/sfc/p/700000009DAw/a/4u0000019i43/PNKWmDzvWFMgGsY8ONUFfVvwlZ6aLMFhkUUCy656Dqc"" target=""_blank"">PRD009-3155007B</a>","<a href=""https://fluidigm.my.salesforce.com/sfc/p/700000009DAw/a/4u000001870w/XU6eX2YZtdejnAfGRls.mPHhJTPvhOp30R18ZV_Asw4"" target=""_blank"">MSDS-3000000X</a>",various,Maxpar
CyTOF (Cytometry),3155007C,Anti-Human CD1b ,<div>SN13</div>,155Gd,"Human, African Green, Cynomolgus",25 Tests,"<a href=""https://fluidigm.my.salesforce.com/sfc/p/700000009DAw/a/4u0000019i43/PNKWmDzvWFMgGsY8ONUFfVvwlZ6aLMFhkUUCy656Dqc"" target=""_blank"">PRD009-3155007B</a>","<a href=""https://fluidigm.my.salesforce.com/sfc/p/700000009DAw/a/4u000001870w/XU6eX2YZtdejnAfGRls.mPHhJTPvhOp30R18ZV_Asw4"" target=""_blank"">MSDS-3000000X</a>",various,Maxpar
CyTOF (Cytometry),3155008B,Anti-Human CD56,<div>B159</div>,155Gd,Human,100 Tests,"<a href=""https://fluidigm.my.salesforce.com/sfc/p/700000009DAw/a/4u0000019i4L/pNzOC_SjXj.bcSKhmbIrsE0kgX9_.xBjIlkUkvFoxnE"" target=""_blank"">PRD009-3155008B</a>","<a href=""https://fluidigm.my.salesforce.com/sfc/p/700000009DAw/a/4u000001870w/XU6eX2YZtdejnAfGRls.mPHhJTPvhOp30R18ZV_Asw4"" target=""_blank"">MSDS-3000000X</a>",various,Maxpar
CyTOF (Cytometry),3155008C,Anti-Human CD56,<div>B159</div>,155Gd,Human,25 Tests,"<a href=""https://fluidigm.my.salesforce.com/sfc/p/700000009DAw/a/4u0000019i4L/pNzOC_SjXj.bcSKhmbIrsE0kgX9_.xBjIlkUkvFoxnE"" target=""_blank"">PRD009-3155008B</a>","<a href=""https://fluidigm.my.salesforce.com/sfc/p/700000009DAw/a/4u000001870w/XU6eX2YZtdejnAfGRls.mPHhJTPvhOp30R18ZV_Asw4"" target=""_blank"">MSDS-3000000X</a>",various,Maxpar
CyTOF (Cytometry),3155009B,Anti-Human CD279/PD-1,<div>EH12.2H7</div>,155Gd,"Human, Cynomolgus Macaque, Rhesus Macaque, Chimpanzee, Squirrel Monkey, Common Marmoset, Baboon, African Green Monkey",100 Tests,"<a href=""https://fluidigm.my.salesforce.com/sfc/p/700000009DAw/a/4u0000019i4Q/6h49pJAqxSF3TfTEi3hJ9KTd.JJSj.pW1U4fh9EXUDo"" target=""_blank"">PRD009-3155009B</a>","<a href=""https://fluidigm.my.salesforce.com/sfc/p/700000009DAw/a/4u000001870w/XU6eX2YZtdejnAfGRls.mPHhJTPvhOp30R18ZV_Asw4"" target=""_blank"">MSDS-3000000X</a>",various,Maxpar
CyTOF (Cytometry),3155009C,Anti-Human CD279/PD-1,<div>EH12.2H7</div>,155Gd,"Human, Cynomolgus Macaque, Rhesus Macaque, Chimpanzee, Squirrel Monkey, Common Marmoset, Baboon, African Green Monkey",25 Tests,"<a href=""https://fluidigm.my.salesforce.com/sfc/p/700000009DAw/a/4u0000019i4Q/6h49pJAqxSF3TfTEi3hJ9KTd.JJSj.pW1U4fh9EXUDo"" target=""_blank"">PRD009-3155009B</a>","<a href=""https://fluidigm.my.salesforce.com/sfc/p/700000009DAw/a/4u000001870w/XU6eX2YZtdejnAfGRls.mPHhJTPvhOp30R18ZV_Asw4"" target=""_blank"">MSDS-3000000X</a>",various,Maxpar
CyTOF (Cytometry),3155010A,Anti-Human VE-cadherin,<div>D87F2</div>,155Gd,"Human, Bovine, Porcine",50 Tests,"<a href=""https://fluidigm.my.salesforce.com/sfc/p/700000009DAw/a/4u0000019i4a/Gmisf5aXG7se_q8uY43y8nLi2nLjMRiR.KM6VqgabBY"" target=""_blank"">PRD009-3155010A</a>","<a href=""https://fluidigm.my.salesforce.com/sfc/p/700000009DAw/a/4u000001870w/XU6eX2YZtdejnAfGRls.mPHhJTPvhOp30R18ZV_Asw4"" target=""_blank"">MSDS-3000000X</a>",various,Maxpar
CyTOF (Cytometry),3155010C,Anti-Human VE-cadherin,<div>D87F2</div>,155Gd,"Human, Bovine, Porcine",25 Tests,"<a href=""https://fluidigm.my.salesforce.com/sfc/p/700000009DAw/a/4u0000019i4a/Gmisf5aXG7se_q8uY43y8nLi2nLjMRiR.KM6VqgabBY"" target=""_blank"">PRD009-3155010B</a>","<a href=""https://fluidigm.my.salesforce.com/sfc/p/700000009DAw/a/4u000001870w/XU6eX2YZtdejnAfGRls.mPHhJTPvhOp30R18ZV_Asw4"" target=""_blank"">MSDS-3000000X</a>",various,Maxpar
CyTOF (Cytometry),3155011B,Anti-Human CD45RA,<div>HI100</div>,155Gd,"Human, Chimpanzee",100 Tests,"<a href=""https://fluidigm.my.salesforce.com/sfc/p/700000009DAw/a/4u0000019i4f/UoM_qJskarTj.GR5YbttvnT4tc49h48cn4Rl_r7ERMk"" target=""_blank"">PRD009-3155011B</a>","<a href=""https://fluidigm.my.salesforce.com/sfc/p/700000009DAw/a/4u000001870w/XU6eX2YZtdejnAfGRls.mPHhJTPvhOp30R18ZV_Asw4"" target=""_blank"">MSDS-3000000X</a>",various,Maxpar
CyTOF (Cytometry),3155011C,Anti-Human CD45RA,<div>HI100</div>,155Gd,"Human, Chimpanzee",25 Tests,"<a href=""https://fluidigm.my.salesforce.com/sfc/p/700000009DAw/a/4u0000019i4f/UoM_qJskarTj.GR5YbttvnT4tc49h48cn4Rl_r7ERMk"" target=""_blank"">PRD009-3155011B</a>","<a href=""https://fluidigm.my.salesforce.com/sfc/p/700000009DAw/a/4u000001870w/XU6eX2YZtdejnAfGRls.mPHhJTPvhOp30R18ZV_Asw4"" target=""_blank"">MSDS-3000000X</a>",various,Maxpar
CyTOF (Cytometry),3155012B,Anti-Human CD36,<div>5-271</div>,155Gd,Human,100 Tests,"<a href=""https://fluidigm.my.salesforce.com/sfc/p/700000009DAw/a/4u0000019i4p/uF5th2Lz_teNAh0S_CqsnpDChY8gxFLF5_fYYA6hCqs"" target=""_blank"">PRD009-3155012B</a>","<a href=""https://fluidigm.my.salesforce.com/sfc/p/700000009DAw/a/4u000001870w/XU6eX2YZtdejnAfGRls.mPHhJTPvhOp30R18ZV_Asw4"" target=""_blank"">MSDS-3000000X</a>",various,Maxpar
CyTOF (Cytometry),3155012C,Anti-Human CD36,<div>5-271</div>,155Gd,Human,25 Tests,"<a href=""https://fluidigm.my.salesforce.com/sfc/p/700000009DAw/a/4u0000019i4p/uF5th2Lz_teNAh0S_CqsnpDChY8gxFLF5_fYYA6hCqs"" target=""_blank"">PRD009-3155012B</a>","<a href=""https://fluidigm.my.salesforce.com/sfc/p/700000009DAw/a/4u000001870w/XU6eX2YZtdejnAfGRls.mPHhJTPvhOp30R18ZV_Asw4"" target=""_blank"">MSDS-3000000X</a>",various,Maxpar
CyTOF (Cytometry),3155013B,Anti-Human Musashi-1,<div>14H1</div>,155Gd,"Human, Mouse, Rat",100 Tests,"<a href=""https://fluidigm.my.salesforce.com/sfc/p/700000009DAw/a/4u0000019i4u/gXJOU.KNTj2e.y0MzGzm7BZaLyQR3bzKtMvWjsTjiEQ"" target=""_blank"">PRD009-3155013B</a>","<a href=""https://fluidigm.my.salesforce.com/sfc/p/700000009DAw/a/4u000001870w/XU6eX2YZtdejnAfGRls.mPHhJTPvhOp30R18ZV_Asw4"" target=""_blank"">MSDS-3000000X</a>",various,Maxpar
CyTOF (Cytometry),3155013C,Anti-Human Musashi-1,<div>14H1</div>,155Gd,"Human, Mouse, Rat",25 Tests,"<a href=""https://fluidigm.my.salesforce.com/sfc/p/700000009DAw/a/4u0000019i4u/gXJOU.KNTj2e.y0MzGzm7BZaLyQR3bzKtMvWjsTjiEQ"" target=""_blank"">PRD009-3155013B</a>","<a href=""https://fluidigm.my.salesforce.com/sfc/p/700000009DAw/a/4u000001870w/XU6eX2YZtdejnAfGRls.mPHhJTPvhOp30R18ZV_Asw4"" target=""_blank"">MSDS-3000000X</a>",various,Maxpar
CyTOF (Cytometry),3155014B,Anti-Human/Mouse IRF4 ,<div>3E4</div>,155Gd,"Mouse, Human",100 Tests,"<a href=""https://fluidigm.my.salesforce.com/sfc/p/700000009DAw/a/4u0000019i4z/OYbGZ4uuMXVRYarpSn6pdRVjqm9sCleUsC2DmXmzW5k"" target=""_blank"">PRD009-3155014B</a>","<a href=""https://fluidigm.my.salesforce.com/sfc/p/700000009DAw/a/4u000001870w/XU6eX2YZtdejnAfGRls.mPHhJTPvhOp30R18ZV_Asw4"" target=""_blank"">MSDS-3000000X</a>",various,Maxpar
CyTOF (Cytometry),3155014C,Anti-Human/Mouse IRF4 ,<div>3E4</div>,155Gd,"Mouse, Human",25 Tests,"<a href=""https://fluidigm.my.salesforce.com/sfc/p/700000009DAw/a/4u0000019i4z/OYbGZ4uuMXVRYarpSn6pdRVjqm9sCleUsC2DmXmzW5k"" target=""_blank"">PRD009-3155014B</a>","<a href=""https://fluidigm.my.salesforce.com/sfc/p/700000009DAw/a/4u000001870w/XU6eX2YZtdejnAfGRls.mPHhJTPvhOp30R18ZV_Asw4"" target=""_blank"">MSDS-3000000X</a>",various,Maxpar
CyTOF (Cytometry),3156001B,Anti-Human CD10,<div>HI10a</div>,156Gd,"Human, African Green, Baboon, Capuchin monkey, Chimpanzee, Cynomolgus, Rhesus",100 Tests,"<a href=""https://fluidigm.my.salesforce.com/sfc/p/700000009DAw/a/4u0000019i5J/sONf_tw4vvI6EG5CtlKo.DLyGz0NALItBlYNp6M_3tk"" target=""_blank"">PRD009-3156001B</a>","<a href=""https://fluidigm.my.salesforce.com/sfc/p/700000009DAw/a/4u000001870w/XU6eX2YZtdejnAfGRls.mPHhJTPvhOp30R18ZV_Asw4"" target=""_blank"">MSDS-3000000X</a>",various,Maxpar
CyTOF (Cytometry),3156001C,Anti-Human CD10,<div>HI10a</div>,156Gd,"Human, African Green, Baboon, Capuchin monkey, Chimpanzee, Cynomolgus, Rhesus",25 Tests,"<a href=""https://fluidigm.my.salesforce.com/sfc/p/700000009DAw/a/4u0000019i5J/sONf_tw4vvI6EG5CtlKo.DLyGz0NALItBlYNp6M_3tk"" target=""_blank"">PRD009-3156001B</a>","<a href=""https://fluidigm.my.salesforce.com/sfc/p/700000009DAw/a/4u000001870w/XU6eX2YZtdejnAfGRls.mPHhJTPvhOp30R18ZV_Asw4"" target=""_blank"">MSDS-3000000X</a>",various,Maxpar
CyTOF (Cytometry),3156002A,Anti-p38 [T180/Y182],<div>D3F9</div>,156Gd,"Rat, Mouse, Human, Cow, Pig, Hamster, Monkey, Mink, S.cerevisiae",50 Tests,"<a href=""https://fluidigm.my.salesforce.com/sfc/p/700000009DAw/a/4u000000MzUv/Y4XRleGii5L0VP0zcGOenWg8H_QwF9FR_5aKGdZ1AP4"" target=""_blank"">PRD009-3156002A</a>","<a href=""https://fluidigm.my.salesforce.com/sfc/p/700000009DAw/a/4u000001870w/XU6eX2YZtdejnAfGRls.mPHhJTPvhOp30R18ZV_Asw4"" target=""_blank"">MSDS-3000000X</a>",various,Maxpar
CyTOF (Cytometry),3156002C,Anti-p38 [T180/Y182],<div>D3F9</div>,156Gd,"Rat, Mouse, Human, Cow, Pig, Hamster, Monkey, Mink, S.cerevisiae",25 Tests,"<a href=""https://fluidigm.my.salesforce.com/sfc/p/700000009DAw/a/4u000000MzUv/Y4XRleGii5L0VP0zcGOenWg8H_QwF9FR_5aKGdZ1AP4"" target=""_blank"">PRD009-3156002B</a>","<a href=""https://fluidigm.my.salesforce.com/sfc/p/700000009DAw/a/4u000001870w/XU6eX2YZtdejnAfGRls.mPHhJTPvhOp30R18ZV_Asw4"" target=""_blank"">MSDS-3000000X</a>",various,Maxpar
CyTOF (Cytometry),3156003A,Anti-pSLP-76 [Y128],<div>J141-668.36.58</div>,156Gd,"Human, Mouse, Rat",50 Tests,"<a href=""https://fluidigm.my.salesforce.com/sfc/p/700000009DAw/a/4u0000019i5d/vcybMgsWTCWfBF7Oi4vQeRzk1SmTFoNF3DfGaM.Xgmc"" target=""_blank"">PRD009-3156003A</a>","<a href=""https://fluidigm.my.salesforce.com/sfc/p/700000009DAw/a/4u000001870w/XU6eX2YZtdejnAfGRls.mPHhJTPvhOp30R18ZV_Asw4"" target=""_blank"">MSDS-3000000X</a>",various,Maxpar
CyTOF (Cytometry),3156003C,Anti-pSLP-76 [Y128],<div>J141-668.36.58</div>,156Gd,"Human, Mouse, Rat",25 Tests,"<a href=""https://fluidigm.my.salesforce.com/sfc/p/700000009DAw/a/4u0000019i5d/vcybMgsWTCWfBF7Oi4vQeRzk1SmTFoNF3DfGaM.Xgmc"" target=""_blank"">PRD009-3156003B</a>","<a href=""https://fluidigm.my.salesforce.com/sfc/p/700000009DAw/a/4u000001870w/XU6eX2YZtdejnAfGRls.mPHhJTPvhOp30R18ZV_Asw4"" target=""_blank"">MSDS-3000000X</a>",various,Maxpar
CyTOF (Cytometry),3156004B,Anti-Human CD183/CXCR3,<div>G025H7</div>,156Gd,"Human, African Green, Baboon, Cynomolgus Macaque, Rhesus Macaque",100 Tests,"<a href=""https://fluidigm.my.salesforce.com/sfc/p/700000009DAw/a/4u0000019i5n/e5XIc6vmgDVeToGyaKBetCJB7CMlkV_jaCXUDHBpofQ"" target=""_blank"">PRD009-3156004B</a>","<a href=""https://fluidigm.my.salesforce.com/sfc/p/700000009DAw/a/4u000001870w/XU6eX2YZtdejnAfGRls.mPHhJTPvhOp30R18ZV_Asw4"" target=""_blank"">MSDS-3000000X</a>",various,Maxpar
CyTOF (Cytometry),3156004C,Anti-Human CD183/CXCR3,<div>G025H7</div>,156Gd,"Human, African Green, Baboon, Cynomolgus Macaque, Rhesus Macaque",25 Tests,"<a href=""https://fluidigm.my.salesforce.com/sfc/p/700000009DAw/a/4u0000019i5n/e5XIc6vmgDVeToGyaKBetCJB7CMlkV_jaCXUDHBpofQ"" target=""_blank"">PRD009-3156004B</a>","<a href=""https://fluidigm.my.salesforce.com/sfc/p/700000009DAw/a/4u000001870w/XU6eX2YZtdejnAfGRls.mPHhJTPvhOp30R18ZV_Asw4"" target=""_blank"">MSDS-3000000X</a>",various,Maxpar
CyTOF (Cytometry),3156005B,Anti-PE,<div>PE001</div>,156Gd,Cross,100 Tests,"<a href=""https://fluidigm.my.salesforce.com/sfc/p/700000009DAw/a/4u0000019i5o/vPJCjFCv0b4NxMy.UnCzOn6_JyL5xOzXpHnWPSfpmHg"" target=""_blank"">PRD009-3156005B</a>","<a href=""https://fluidigm.my.salesforce.com/sfc/p/700000009DAw/a/4u000001870w/XU6eX2YZtdejnAfGRls.mPHhJTPvhOp30R18ZV_Asw4"" target=""_blank"">MSDS-3000000X</a>",various,Maxpar
CyTOF (Cytometry),3156005C,Anti-PE,<div>PE001</div>,156Gd,Cross,25 Tests,"<a href=""https://fluidigm.my.salesforce.com/sfc/p/700000009DAw/a/4u0000019i5o/vPJCjFCv0b4NxMy.UnCzOn6_JyL5xOzXpHnWPSfpmHg"" target=""_blank"">PRD009-3156005B</a>","<a href=""https://fluidigm.my.salesforce.com/sfc/p/700000009DAw/a/4u000001870w/XU6eX2YZtdejnAfGRls.mPHhJTPvhOp30R18ZV_Asw4"" target=""_blank"">MSDS-3000000X</a>",various,Maxpar
CyTOF (Cytometry),3156006B,Anti-Mouse CD90.2/Thy-1.2,<div>30-H12</div>,156Gd,Mouse,100 Tests,"<a href=""https://fluidigm.my.salesforce.com/sfc/p/700000009DAw/a/4u0000019i5s/72eOx4_hcchN3z7WpdU6MxoolhU63.vzS.v9Aq7Uia8"" target=""_blank"">PRD009-3156006B</a>","<a href=""https://fluidigm.my.salesforce.com/sfc/p/700000009DAw/a/4u000001870w/XU6eX2YZtdejnAfGRls.mPHhJTPvhOp30R18ZV_Asw4"" target=""_blank"">MSDS-3000000X</a>",various,Maxpar
CyTOF (Cytometry),3156006C,Anti-Mouse CD90.2/Thy-1.2,<div>30-H12</div>,156Gd,Mouse,25 Tests,"<a href=""https://fluidigm.my.salesforce.com/sfc/p/700000009DAw/a/4u0000019i5s/72eOx4_hcchN3z7WpdU6MxoolhU63.vzS.v9Aq7Uia8"" target=""_blank"">PRD009-3156006B</a>","<a href=""https://fluidigm.my.salesforce.com/sfc/p/700000009DAw/a/4u000001870w/XU6eX2YZtdejnAfGRls.mPHhJTPvhOp30R18ZV_Asw4"" target=""_blank"">MSDS-3000000X</a>",various,Maxpar
CyTOF (Cytometry),3156007B,Anti-Human CD29,<div>TS2/16</div>,156Gd,"Human, African Green, Baboon, Cattle (Bovine, Cow), Cynomolgus, Dog (Canine), (Horse reactivity), Rhesus",100 Tests,"<a href=""https://fluidigm.my.salesforce.com/sfc/p/700000009DAw/a/4u0000019i5e/5onwKLbcYJMgeuSiZoxYRdgWQa0J0AVFISIG3NlFlY4"" target=""_blank"">PRD009-3156007B</a>","<a href=""https://fluidigm.my.salesforce.com/sfc/p/700000009DAw/a/4u000001870w/XU6eX2YZtdejnAfGRls.mPHhJTPvhOp30R18ZV_Asw4"" target=""_blank"">MSDS-3000000X</a>",various,Maxpar
CyTOF (Cytometry),3156007C,Anti-Human CD29,<div>TS2/16</div>,156Gd,"Human, African Green, Baboon, Cattle (Bovine, Cow), Cynomolgus, Dog (Canine), (Horse reactivity), Rhesus",25 Tests,"<a href=""https://fluidigm.my.salesforce.com/sfc/p/700000009DAw/a/4u0000019i5e/5onwKLbcYJMgeuSiZoxYRdgWQa0J0AVFISIG3NlFlY4"" target=""_blank"">PRD009-3156007B</a>","<a href=""https://fluidigm.my.salesforce.com/sfc/p/700000009DAw/a/4u000001870w/XU6eX2YZtdejnAfGRls.mPHhJTPvhOp30R18ZV_Asw4"" target=""_blank"">MSDS-3000000X</a>",various,Maxpar
CyTOF (Cytometry),3156008B,Anti-Human CD86/B7.2,<div>IT2.2</div>,156Gd,"Human, African Green, Baboon, Capuchin Monkey, Common Marmoset, Cotton-topped Tamarin, Chimpanzee, Cynomolgus Macaque, Rhesus Macaque",100 Tests,"<a href=""https://fluidigm.my.salesforce.com/sfc/p/700000009DAw/a/4u0000019i5x/kqovi2pRqHcsgilCKKrzUTjE7MeSV5gkkEJQiO_MRUc"" target=""_blank"">PRD009-3156008B</a>","<a href=""https://fluidigm.my.salesforce.com/sfc/p/700000009DAw/a/4u000001870w/XU6eX2YZtdejnAfGRls.mPHhJTPvhOp30R18ZV_Asw4"" target=""_blank"">MSDS-3000000X</a>",various,Maxpar
CyTOF (Cytometry),3156008C,Anti-Human CD86/B7.2,<div>IT2.2 </div>,156Gd,"Human, African Green, Baboon, Capuchin Monkey, Common Marmoset, Cotton-topped Tamarin, Chimpanzee, Cynomolgus Macaque, Rhesus Macaque",25 Tests,"<a href=""https://fluidigm.my.salesforce.com/sfc/p/700000009DAw/a/4u0000019i5x/kqovi2pRqHcsgilCKKrzUTjE7MeSV5gkkEJQiO_MRUc"" target=""_blank"">PRD009-3156008B</a>","<a href=""https://fluidigm.my.salesforce.com/sfc/p/700000009DAw/a/4u000001870w/XU6eX2YZtdejnAfGRls.mPHhJTPvhOp30R18ZV_Asw4"" target=""_blank"">MSDS-3000000X</a>",various,Maxpar
CyTOF (Cytometry),3156009B,Anti-Mouse CD14,<div>Sa14-2</div>,156Gd,Mouse,100 Tests,"<a href=""https://fluidigm.my.salesforce.com/sfc/p/700000009DAw/a/4u0000019i5t/Gfrdvs3lFGpU8wHyiFQQtOGatHIwZPUH1JHTdasVBUQ"" target=""_blank"">PRD009-3156009B</a>","<a href=""https://fluidigm.my.salesforce.com/sfc/p/700000009DAw/a/4u000001870w/XU6eX2YZtdejnAfGRls.mPHhJTPvhOp30R18ZV_Asw4"" target=""_blank"">MSDS-3000000X</a>",various,Maxpar
CyTOF (Cytometry),3156009C,Anti-Mouse CD14,<div>Sa14-2</div>,156Gd,Mouse,25 Tests,"<a href=""https://fluidigm.my.salesforce.com/sfc/p/700000009DAw/a/4u0000019i5t/Gfrdvs3lFGpU8wHyiFQQtOGatHIwZPUH1JHTdasVBUQ"" target=""_blank"">PRD009-3156009B</a>","<a href=""https://fluidigm.my.salesforce.com/sfc/p/700000009DAw/a/4u000001870w/XU6eX2YZtdejnAfGRls.mPHhJTPvhOp30R18ZV_Asw4"" target=""_blank"">MSDS-3000000X</a>",various,Maxpar
CyTOF (Cytometry),3156010B,Anti-Human CD45,<div>HI30</div>,156Gd,"Human, Chimpanzee",100 Tests,"<a href=""https://fluidigm.my.salesforce.com/sfc/p/700000009DAw/a/4u0000019i62/bId2Fei.vvXYyxbtAREuSBL0Wm2Nm3s6qlvadDkAk1A"" target=""_blank"">PRD009-3156010B</a>","<a href=""https://fluidigm.my.salesforce.com/sfc/p/700000009DAw/a/4u000001870w/XU6eX2YZtdejnAfGRls.mPHhJTPvhOp30R18ZV_Asw4"" target=""_blank"">MSDS-3000000X</a>",various,Maxpar
CyTOF (Cytometry),3156010C,Anti-Human CD45,<div>HI30</div>,156Gd,"Human, Chimpanzee",25 Tests,"<a href=""https://fluidigm.my.salesforce.com/sfc/p/700000009DAw/a/4u0000019i62/bId2Fei.vvXYyxbtAREuSBL0Wm2Nm3s6qlvadDkAk1A"" target=""_blank"">PRD009-3156010B</a>","<a href=""https://fluidigm.my.salesforce.com/sfc/p/700000009DAw/a/4u000001870w/XU6eX2YZtdejnAfGRls.mPHhJTPvhOp30R18ZV_Asw4"" target=""_blank"">MSDS-3000000X</a>",various,Maxpar
CyTOF (Cytometry),3156011B,Anti-Human IL-6,<div>MQ2-13A5</div>,156Gd,Human,100 Tests,"<a href=""https://fluidigm.my.salesforce.com/sfc/p/700000009DAw/a/4u0000019i63/ZGrbapb_Zu99Pc8Fo5_ySsXz0CS5qKFWLibxfzkDFh0"" target=""_blank"">PRD009-3156011B</a>","<a href=""https://fluidigm.my.salesforce.com/sfc/p/700000009DAw/a/4u000001870w/XU6eX2YZtdejnAfGRls.mPHhJTPvhOp30R18ZV_Asw4"" target=""_blank"">MSDS-3000000X</a>",various,Maxpar
CyTOF (Cytometry),3156011C,Anti-Human IL-6,<div>MQ2-13A5</div>,156Gd,Human,25 Tests,"<a href=""https://fluidigm.my.salesforce.com/sfc/p/700000009DAw/a/4u0000019i63/ZGrbapb_Zu99Pc8Fo5_ySsXz0CS5qKFWLibxfzkDFh0"" target=""_blank"">PRD009-3156011B</a>","<a href=""https://fluidigm.my.salesforce.com/sfc/p/700000009DAw/a/4u000001870w/XU6eX2YZtdejnAfGRls.mPHhJTPvhOp30R18ZV_Asw4"" target=""_blank"">MSDS-3000000X</a>",various,Maxpar
CyTOF (Cytometry),3156012B,Anti-Mouse CD48,<div>HM48-1</div>,156Gd,Mouse,100 Tests,"<a href=""https://fluidigm.my.salesforce.com/sfc/p/700000009DAw/a/4u0000019i67/1rR0JImBRizeLdCJHOcBrLXBVxzX4ZPXTusrvgg5KGQ"" target=""_blank"">PRD009-3156012B</a>","<a href=""https://fluidigm.my.salesforce.com/sfc/p/700000009DAw/a/4u000001870w/XU6eX2YZtdejnAfGRls.mPHhJTPvhOp30R18ZV_Asw4"" target=""_blank"">MSDS-3000000X</a>",various,Maxpar
CyTOF (Cytometry),3156012C,Anti-Mouse CD48,<div>HM48-1 </div>,156Gd,Mouse,25 Tests,"<a href=""https://fluidigm.my.salesforce.com/sfc/p/700000009DAw/a/4u0000019i67/1rR0JImBRizeLdCJHOcBrLXBVxzX4ZPXTusrvgg5KGQ"" target=""_blank"">PRD009-3156012B</a>","<a href=""https://fluidigm.my.salesforce.com/sfc/p/700000009DAw/a/4u000001870w/XU6eX2YZtdejnAfGRls.mPHhJTPvhOp30R18ZV_Asw4"" target=""_blank"">MSDS-3000000X</a>",various,Maxpar
CyTOF (Cytometry),3156015A,Anti-Human CD195/CCR5,<div>NP-6G4</div>,156Gd,Human,50 Tests,"<a href=""https://fluidigm.my.salesforce.com/sfc/p/700000009DAw/a/4u0000019i5f/hSTLTd.BDpZMuKCaESnKCW5b7GPT0nuD6FSdqeLTowo"" target=""_blank"">PRD009-3156015A</a>","<a href=""https://fluidigm.my.salesforce.com/sfc/p/700000009DAw/a/4u000001870w/XU6eX2YZtdejnAfGRls.mPHhJTPvhOp30R18ZV_Asw4"" target=""_blank"">MSDS-3000000X</a>",various,Maxpar
CyTOF (Cytometry),3156015C,Anti-Human CD195/CCR5,<div>NP-6G4</div>,156Gd,Human,25 Tests,"<a href=""https://fluidigm.my.salesforce.com/sfc/p/700000009DAw/a/4u0000019i5f/hSTLTd.BDpZMuKCaESnKCW5b7GPT0nuD6FSdqeLTowo"" target=""_blank"">PRD009-3156015B</a>","<a href=""https://fluidigm.my.salesforce.com/sfc/p/700000009DAw/a/4u000001870w/XU6eX2YZtdejnAfGRls.mPHhJTPvhOp30R18ZV_Asw4"" target=""_blank"">MSDS-3000000X</a>",various,Maxpar
CyTOF (Cytometry),3156016A,Anti-Mouse CD196/CCR6,<div>29-2L17</div>,156Gd,Mouse,50 Tests,"<a href=""https://fluidigm.my.salesforce.com/sfc/p/700000009DAw/a/4u0000019i6C/YeeaP8ZsK5pqZemClOVosFKN7crJpMz7i0KZSSizLC8"" target=""_blank"">PRD009-3156016A</a>","<a href=""https://fluidigm.my.salesforce.com/sfc/p/700000009DAw/a/4u000001870w/XU6eX2YZtdejnAfGRls.mPHhJTPvhOp30R18ZV_Asw4"" target=""_blank"">MSDS-3000000X</a>",various,Maxpar
CyTOF (Cytometry),3156016C,Anti-Mouse CD196/CCR6,<div>29-2L17</div>,156Gd,Mouse,25 Tests,"<a href=""https://fluidigm.my.salesforce.com/sfc/p/700000009DAw/a/4u0000019i6C/YeeaP8ZsK5pqZemClOVosFKN7crJpMz7i0KZSSizLC8"" target=""_blank"">PRD009-3156016A</a>","<a href=""https://fluidigm.my.salesforce.com/sfc/p/700000009DAw/a/4u000001870w/XU6eX2YZtdejnAfGRls.mPHhJTPvhOp30R18ZV_Asw4"" target=""_blank"">MSDS-3000000X</a>",various,Maxpar
CyTOF (Cytometry),3156018A,Anti-Human CD140b/PDGFRβ ,<div>18A2</div>,156Gd,"Human, African Green, Baboon, Cynomolgus, Rhesus",50 Tests,"<a href=""https://fluidigm.my.salesforce.com/sfc/p/700000009DAw/a/4u0000019i6D/ylcF9nf3uK3Q49LJ6N7bD9TuDWeyMvSpk9HWjoa4nbA"" target=""_blank"">PRD009-3156018A</a>","<a href=""https://fluidigm.my.salesforce.com/sfc/p/700000009DAw/a/4u000001870w/XU6eX2YZtdejnAfGRls.mPHhJTPvhOp30R18ZV_Asw4"" target=""_blank"">MSDS-3000000X</a>",various,Maxpar
CyTOF (Cytometry),3156018C,Anti-Human CD140b/PDGFRβ ,<div>18A2</div>,156Gd,"Human, African Green, Baboon, Cynomolgus, Rhesus",25 Tests,"<a href=""https://fluidigm.my.salesforce.com/sfc/p/#700000009DAw/a/4u0000019i6D/ylcF9nf3uK3Q49LJ6N7bD9TuDWeyMvSpk9HWjoa4nbA"" target=""_blank"">PRD009-3156018A</a>","<a href=""https://fluidigm.my.salesforce.com/sfc/p/700000009DAw/a/4u000001870w/XU6eX2YZtdejnAfGRls.mPHhJTPvhOp30R18ZV_Asw4"" target=""_blank"">MSDS-3000000X</a>",various,Maxpar
CyTOF (Cytometry),3156019B,Anti-Human CD14,<div>HCD14</div>,156Gd,Human,100 Tests,"<a href=""https://fluidigm.my.salesforce.com/sfc/p/700000009DAw/a/4u0000019i6H/wLhfLU_e89Qbejxnm8lgKetTGTi6pFX5du5vOwl5_ZA"" target=""_blank"">PRD009-3156019B</a>","<a href=""https://fluidigm.my.salesforce.com/sfc/p/700000009DAw/a/4u000001870w/XU6eX2YZtdejnAfGRls.mPHhJTPvhOp30R18ZV_Asw4"" target=""_blank"">MSDS-3000000X</a>",various,Maxpar
CyTOF (Cytometry),3156019C,Anti-Human CD14,<div>HCD14</div>,156Gd,Human,25 Tests,"<a href=""https://fluidigm.my.salesforce.com/sfc/p/700000009DAw/a/4u0000019i6H/wLhfLU_e89Qbejxnm8lgKetTGTi6pFX5du5vOwl5_ZA"" target=""_blank"">PRD009-3156019B</a>","<a href=""https://fluidigm.my.salesforce.com/sfc/p/700000009DAw/a/4u000001870w/XU6eX2YZtdejnAfGRls.mPHhJTPvhOp30R18ZV_Asw4"" target=""_blank"">MSDS-3000000X</a>",various,Maxpar
CyTOF (Cytometry),3156020B,Anti-Human CD85j,<div>GHI/75</div>,156Gd,Human,100 Tests,"<a href=""https://fluidigm.my.salesforce.com/sfc/p/700000009DAw/a/4u0000019i6R/1eO5yZd9ZiJENZeZiRirPDZFtnVUb8ZlRJSelWvMxvI"" target=""_blank"">PRD009-3156020B</a>","<a href=""https://fluidigm.my.salesforce.com/sfc/p/700000009DAw/a/4u000001870w/XU6eX2YZtdejnAfGRls.mPHhJTPvhOp30R18ZV_Asw4"" target=""_blank"">MSDS-3000000X</a>",various,Maxpar
CyTOF (Cytometry),3156020C,Anti-Human CD85j,<div>GHI/75</div>,156Gd,Human,25 Tests,"<a href=""https://fluidigm.my.salesforce.com/sfc/p/700000009DAw/a/4u0000019i6R/1eO5yZd9ZiJENZeZiRirPDZFtnVUb8ZlRJSelWvMxvI"" target=""_blank"">PRD009-3156020B</a>","<a href=""https://fluidigm.my.salesforce.com/sfc/p/700000009DAw/a/4u000001870w/XU6eX2YZtdejnAfGRls.mPHhJTPvhOp30R18ZV_Asw4"" target=""_blank"">MSDS-3000000X</a>",various,Maxpar
CyTOF (Cytometry),3156021B,Anti-Human CD100 ,<div>A8</div>,156Gd,"Human, African Green, Baboon, Cynomolgus, Rhesus",100 Tests,"<a href=""https://fluidigm.my.salesforce.com/sfc/p/700000009DAw/a/4u0000019iki/7Q2QwGjN8QthhjdaFd9s3UTkHp4jEbMmr9PO1LVjnks"" target=""_blank"">PRD009-3156021B</a>","<a href=""https://fluidigm.my.salesforce.com/sfc/p/700000009DAw/a/4u000001870w/XU6eX2YZtdejnAfGRls.mPHhJTPvhOp30R18ZV_Asw4"" target=""_blank"">MSDS-3000000X</a>",various,Maxpar
CyTOF (Cytometry),3156021C,Anti-Human CD100 ,<div>A8 </div>,156Gd,"Human, African Green, Baboon, Cynomolgus, Rhesus",25 Tests,"<a href=""https://fluidigm.my.salesforce.com/sfc/p/700000009DAw/a/4u0000019iki/7Q2QwGjN8QthhjdaFd9s3UTkHp4jEbMmr9PO1LVjnks"" target=""_blank"">PRD009-3156021B</a>","<a href=""https://fluidigm.my.salesforce.com/sfc/p/700000009DAw/a/4u000001870w/XU6eX2YZtdejnAfGRls.mPHhJTPvhOp30R18ZV_Asw4"" target=""_blank"">MSDS-3000000X</a>",various,Maxpar
CyTOF (Cytometry),3156022B,Anti-Human CD147 ,<div>HIM6</div>,156Gd,"Human Chimpanzee, Baboon, Capuchin Monkey",100 Tests,"<a href=""https://fluidigm.my.salesforce.com/sfc/p/700000009DAw/a/4u0000019i6W/rNc2pByGThANrUh6HY8Q98s0uwXcxiPKT4WR1e6uLSI"" target=""_blank"">PRD009-3156022B</a>","<a href=""https://fluidigm.my.salesforce.com/sfc/p/700000009DAw/a/4u000001870w/XU6eX2YZtdejnAfGRls.mPHhJTPvhOp30R18ZV_Asw4"" target=""_blank"">MSDS-3000000X</a>",various,Maxpar
CyTOF (Cytometry),3156022C,Anti-Human CD147 ,<div>HIM6 </div>,156Gd,"Human Chimpanzee, Baboon, Capuchin Monkey",25 Tests,"<a href=""https://fluidigm.my.salesforce.com/sfc/p/700000009DAw/a/4u0000019i6W/rNc2pByGThANrUh6HY8Q98s0uwXcxiPKT4WR1e6uLSI"" target=""_blank"">PRD009-3156022B</a>","<a href=""https://fluidigm.my.salesforce.com/sfc/p/700000009DAw/a/4u000001870w/XU6eX2YZtdejnAfGRls.mPHhJTPvhOp30R18ZV_Asw4"" target=""_blank"">MSDS-3000000X</a>",various,Maxpar
CyTOF (Cytometry),3156023A,Anti-Vimentin,<div>RV202</div>,156Gd,"Human, Rat, Mouse, Hamster, Monkey, Dog, Chicken, Rabbit, Cow, Goat",50 Tests,"<a href=""https://fluidigm.my.salesforce.com/sfc/p/700000009DAw/a/4u0000019i5y/e74V0T1nacbYSkaDVGlwtEU6zNBJz837jvOC8WkvDPg"" target=""_blank"">PRD009-3156023A</a>","<a href=""https://fluidigm.my.salesforce.com/sfc/p/700000009DAw/a/4u000001870w/XU6eX2YZtdejnAfGRls.mPHhJTPvhOp30R18ZV_Asw4"" target=""_blank"">MSDS-3000000X</a>",various,Maxpar
CyTOF (Cytometry),3156023C,Anti-Vimentin,<div>RV202 </div>,156Gd,"Human, Rat, Mouse, Hamster, Monkey, Dog, Chicken, Rabbit, Cow, Goat",25 Tests,"<a href=""https://fluidigm.my.salesforce.com/sfc/p/700000009DAw/a/4u0000019i5y/e74V0T1nacbYSkaDVGlwtEU6zNBJz837jvOC8WkvDPg"" target=""_blank"">PRD009-3156023B</a>","<a href=""https://fluidigm.my.salesforce.com/sfc/p/700000009DAw/a/4u000001870w/XU6eX2YZtdejnAfGRls.mPHhJTPvhOp30R18ZV_Asw4"" target=""_blank"">MSDS-3000000X</a>",various,Maxpar
CyTOF (Cytometry),3156026B,Anti-Human CD274/PD-L1,<div>29E.2A3</div>,156Gd,"Human, African Green, Cynomolgus Macaque, Rhesus Macaque, Baboon",100 Tests,"<a href=""https://fluidigm.my.salesforce.com/sfc/p/700000009DAw/a/4u0000019i6b/vnjBVIrCKp20wI7UnfqqjI0.De4sEWIdLJHLSn.4xAA"" target=""_blank"">PRD009-3156026B</a>","<a href=""https://fluidigm.my.salesforce.com/sfc/p/700000009DAw/a/4u000001870w/XU6eX2YZtdejnAfGRls.mPHhJTPvhOp30R18ZV_Asw4"" target=""_blank"">MSDS-3000000X</a>",various,Maxpar
CyTOF (Cytometry),3156026C,Anti-Human CD274/PD-L1,<div>29E.2A3</div>,156Gd,"Human, African Green, Cynomolgus Macaque, Rhesus Macaque, Baboon",25 Tests,"<a href=""https://fluidigm.my.salesforce.com/sfc/p/700000009DAw/a/4u0000019i6b/vnjBVIrCKp20wI7UnfqqjI0.De4sEWIdLJHLSn.4xAA"" target=""_blank"">PRD009-3156026B</a>","<a href=""https://fluidigm.my.salesforce.com/sfc/p/700000009DAw/a/4u000001870w/XU6eX2YZtdejnAfGRls.mPHhJTPvhOp30R18ZV_Asw4"" target=""_blank"">MSDS-3000000X</a>",various,Maxpar
CyTOF (Cytometry),3156028B,Anti-Mouse CD272/BTLA,<div>6F7</div>,156Gd,Mouse,100 Tests,"<a href=""https://fluidigm.my.salesforce.com/sfc/p/700000009DAw/a/4u0000019i6g/F81ed9oz_LYC9OKVHcl6y5YvwUhVIOGqw22RNWi07pY"" target=""_blank"">PRD009-3156028B</a>","<a href=""https://fluidigm.my.salesforce.com/sfc/p/700000009DAw/a/4u000001870w/XU6eX2YZtdejnAfGRls.mPHhJTPvhOp30R18ZV_Asw4"" target=""_blank"">MSDS-3000000X</a>",various,Maxpar
CyTOF (Cytometry),3156028C,Anti-Mouse CD272/BTLA,<div>6F7</div>,156Gd,Mouse,25 Tests,"<a href=""https://fluidigm.my.salesforce.com/sfc/p/700000009DAw/a/4u0000019i6g/F81ed9oz_LYC9OKVHcl6y5YvwUhVIOGqw22RNWi07pY"" target=""_blank"">PRD009-3156028B</a>","<a href=""https://fluidigm.my.salesforce.com/sfc/p/700000009DAw/a/4u000001870w/XU6eX2YZtdejnAfGRls.mPHhJTPvhOp30R18ZV_Asw4"" target=""_blank"">MSDS-3000000X</a>",various,Maxpar
CyTOF (Cytometry),3156029B,Anti-Human CD184/CXCR4,<div>12G5</div>,156Gd,"Human, African Green, Baboon, Chimpanzee, Cynomolgus, Rhesus, Sooty Mangabey",100 Tests,"<a href=""https://fluidigm.my.salesforce.com/sfc/p/700000009DAw/a/4u0000019i6c/kjn9VMzJ8yAv5HOdzKTfdXNlRflmWCy4TGvYoklsX8I"" target=""_blank"">PRD009-3156029B</a>","<a href=""https://fluidigm.my.salesforce.com/sfc/p/700000009DAw/a/4u000001870w/XU6eX2YZtdejnAfGRls.mPHhJTPvhOp30R18ZV_Asw4"" target=""_blank"">MSDS-3000000X</a>",various,Maxpar
CyTOF (Cytometry),3156029C,Anti-Human CD184/CXCR4,<div>12G5</div>,156Gd,"Human, African Green, Baboon, Chimpanzee, Cynomolgus, Rhesus, Sooty Mangabey",25 Tests,"<a href=""https://fluidigm.my.salesforce.com/sfc/p/700000009DAw/a/4u0000019i6c/kjn9VMzJ8yAv5HOdzKTfdXNlRflmWCy4TGvYoklsX8I"" target=""_blank"">PRD009-3156029B</a>","<a href=""https://fluidigm.my.salesforce.com/sfc/p/700000009DAw/a/4u000001870w/XU6eX2YZtdejnAfGRls.mPHhJTPvhOp30R18ZV_Asw4"" target=""_blank"">MSDS-3000000X</a>",various,Maxpar
CyTOF (Cytometry),3156030B,Anti-Human CD83 ,<div>HB15e</div>,156Gd,"Human, African Green, Baboon, Pigtailed Macaque, Rhesus",100 Tests,"<a href=""https://fluidigm.my.salesforce.com/sfc/p/700000009DAw/a/QQ000004amrp/OQ9u9XA.FYDbh28H7S5vYLyswRryFn.dkPdMs0hSjws"" target=""_blank"">PRD009-3156030B</a>","<a href=""https://fluidigm.my.salesforce.com/sfc/p/700000009DAw/a/4u000001870w/XU6eX2YZtdejnAfGRls.mPHhJTPvhOp30R18ZV_Asw4"" target=""_blank"">MSDS-3000000X</a>",various,Maxpar
CyTOF (Cytometry),3156030C,Anti-Human CD83 ,<div>HB15e</div>,156Gd,"Human, African Green, Baboon, Pigtailed Macaque, Rhesus",25 Tests,"<a href=""https://fluidigm.my.salesforce.com/sfc/p/700000009DAw/a/QQ000004amrp/OQ9u9XA.FYDbh28H7S5vYLyswRryFn.dkPdMs0hSjws"" target=""_blank"">PRD009-3156030B</a>","<a href=""https://fluidigm.my.salesforce.com/sfc/p/700000009DAw/a/4u000001870w/XU6eX2YZtdejnAfGRls.mPHhJTPvhOp30R18ZV_Asw4"" target=""_blank"">MSDS-3000000X</a>",various,Maxpar
CyTOF (Cytometry),3156037B,Anti-Human CD20,<div>2H7</div>,156Gd,"Human, Cynomolgus Macaque, Rhesus Macaque, Baboon, Capuchin Monkey, Chimpanzee, Pigtailed Macaque, Squirrel Monkey",100 Tests,"<a href=""https://fluidigm.my.salesforce.com/sfc/p/700000009DAw/a/4u000000qQSH/WFPml9r.0YMFRfW1JQJ73ewxu8cPjU6Yz7RYJALdiJU"" target=""_blank"">PRD009-3156037B</a>","<a href=""https://fluidigm.my.salesforce.com/sfc/p/700000009DAw/a/4u000001870w/XU6eX2YZtdejnAfGRls.mPHhJTPvhOp30R18ZV_Asw4"" target=""_blank"">MSDS-3000000X</a>",various,Maxpar
CyTOF (Cytometry),3156037C,Anti-Human CD20,<div>2H7</div>,156Gd,"Human, Cynomolgus Macaque, Rhesus Macaque, Baboon, Capuchin Monkey, Chimpanzee, Pigtailed Macaque, Squirrel Monkey",25 Tests,"<a href=""https://fluidigm.my.salesforce.com/sfc/p/700000009DAw/a/4u000000qQSH/WFPml9r.0YMFRfW1JQJ73ewxu8cPjU6Yz7RYJALdiJU"" target=""_blank"">PRD009-3156037B</a>","<a href=""https://fluidigm.my.salesforce.com/sfc/p/700000009DAw/a/4u000001870w/XU6eX2YZtdejnAfGRls.mPHhJTPvhOp30R18ZV_Asw4"" target=""_blank"">MSDS-3000000X</a>",various,Maxpar
CyTOF (Cytometry),3158001B,Anti-Human CD33,<div>WM53</div>,158Gd,"Human, Chimpanzee",100 Tests,"<a href=""https://fluidigm.my.salesforce.com/sfc/p/700000009DAw/a/4u0000019i5p/ocSzLjMx9v6okE8Yhga7_fmz_1PUSyZxSNztwXYrg9w"" target=""_blank"">PRD009-3158001B</a>","<a href=""https://fluidigm.my.salesforce.com/sfc/p/700000009DAw/a/4u000001870w/XU6eX2YZtdejnAfGRls.mPHhJTPvhOp30R18ZV_Asw4"" target=""_blank"">MSDS-3000000X</a>",various,Maxpar
CyTOF (Cytometry),3158001C,Anti-Human CD33,<div>WM53</div>,158Gd,"Human, Chimpanzee",25 Tests,"<a href=""https://fluidigm.my.salesforce.com/sfc/p/700000009DAw/a/4u0000019i5p/ocSzLjMx9v6okE8Yhga7_fmz_1PUSyZxSNztwXYrg9w"" target=""_blank"">PRD009-3158001B</a>","<a href=""https://fluidigm.my.salesforce.com/sfc/p/700000009DAw/a/4u000001870w/XU6eX2YZtdejnAfGRls.mPHhJTPvhOp30R18ZV_Asw4"" target=""_blank"">MSDS-3000000X</a>",various,Maxpar
CyTOF (Cytometry),3158002B,Anti-Mouse IL-10,<div>JES5-16E3</div>,158Gd,Mouse,100 Tests,"<a href=""https://fluidigm.my.salesforce.com/sfc/p/700000009DAw/a/4u0000019i5g/cwoFR6V6Q3zRCksLkiMSASr5AwyqS2jJI.TsAMQi5L0"" target=""_blank"">PRD009-3158002B</a>","<a href=""https://fluidigm.my.salesforce.com/sfc/p/700000009DAw/a/4u000001870w/XU6eX2YZtdejnAfGRls.mPHhJTPvhOp30R18ZV_Asw4"" target=""_blank"">MSDS-3000000X</a>",various,Maxpar
CyTOF (Cytometry),3158002C,Anti-Mouse IL-10,<div>JES5-16E3</div>,158Gd,Mouse,25 Tests,"<a href=""https://fluidigm.my.salesforce.com/sfc/p/700000009DAw/a/4u0000019i5g/cwoFR6V6Q3zRCksLkiMSASr5AwyqS2jJI.TsAMQi5L0"" target=""_blank"">PRD009-3158002B</a>","<a href=""https://fluidigm.my.salesforce.com/sfc/p/700000009DAw/a/4u000001870w/XU6eX2YZtdejnAfGRls.mPHhJTPvhOp30R18ZV_Asw4"" target=""_blank"">MSDS-3000000X</a>",various,Maxpar
CyTOF (Cytometry),3158003A,Anti-Mouse Foxp3,<div>FJK-16s</div>,158Gd,"Mouse, Rat, Cow, Dog, Cat, Pig",50 Tests,"<a href=""https://fluidigm.my.salesforce.com/sfc/p/700000009DAw/a/4u0000019i6l/FG9oVbWLyhSIsz.BqqFzBjFYOjtRVX.ssfyM0nGseoc"" target=""_blank"">PRD009-3158003A</a>","<a href=""https://fluidigm.my.salesforce.com/sfc/p/700000009DAw/a/4u000001870w/XU6eX2YZtdejnAfGRls.mPHhJTPvhOp30R18ZV_Asw4"" target=""_blank"">MSDS-3000000X</a>",various,Maxpar
CyTOF (Cytometry),3158003C,Anti-Mouse Foxp3,<div>FJK-16s</div>,158Gd,"Mouse, Rat, Cow, Dog, Cat, Pig",25 Tests,"<a href=""https://fluidigm.my.salesforce.com/sfc/p/700000009DAw/a/4u0000019i6l/FG9oVbWLyhSIsz.BqqFzBjFYOjtRVX.ssfyM0nGseoc"" target=""_blank"">PRD009-3158003B</a>","<a href=""https://fluidigm.my.salesforce.com/sfc/p/700000009DAw/a/4u000001870w/XU6eX2YZtdejnAfGRls.mPHhJTPvhOp30R18ZV_Asw4"" target=""_blank"">MSDS-3000000X</a>",various,Maxpar
CyTOF (Cytometry),3158005A,Anti-pStat3 [Y705] ,<div>4/P-STAT3</div>,158Gd,"Human, Mouse",50 Tests,"<a href=""https://fluidigm.my.salesforce.com/sfc/p/700000009DAw/a/4u0000019i6I/21_YSRZn9duPa8y0JgVqcOLw_.MVvDtcTIEbaTMVUzU"" target=""_blank"">PRD009-3158005A</a>","<a href=""https://fluidigm.my.salesforce.com/sfc/p/700000009DAw/a/4u000001870w/XU6eX2YZtdejnAfGRls.mPHhJTPvhOp30R18ZV_Asw4"" target=""_blank"">MSDS-3000000X</a>",various,Maxpar
CyTOF (Cytometry),3158005C,Anti-pStat3 [Y705] ,<div>4/P-STAT3</div>,158Gd,"Human, Mouse",25 Tests,"<a href=""https://fluidigm.my.salesforce.com/sfc/p/700000009DAw/a/4u0000019i6I/21_YSRZn9duPa8y0JgVqcOLw_.MVvDtcTIEbaTMVUzU"" target=""_blank"">PRD009-3158005B</a>","<a href=""https://fluidigm.my.salesforce.com/sfc/p/700000009DAw/a/4u000001870w/XU6eX2YZtdejnAfGRls.mPHhJTPvhOp30R18ZV_Asw4"" target=""_blank"">MSDS-3000000X</a>",various,Maxpar
CyTOF (Cytometry),3158007B,Anti-Human IL-2,<div>MQ1-17H12</div>,158Gd,"Human, Feline, Chimpanzee, Bamboo, Cynomolgus, Rhesus, Sooty Mangabey",100 Tests,"<a href=""https://fluidigm.my.salesforce.com/sfc/p/700000009DAw/a/4u0000019i64/gz9s029wKgyxs1WWsSN5a8zLpJV.bw2s0ZhdObP31mQ"" target=""_blank"">PRD009-3158007B</a>","<a href=""https://fluidigm.my.salesforce.com/sfc/p/700000009DAw/a/4u000001870w/XU6eX2YZtdejnAfGRls.mPHhJTPvhOp30R18ZV_Asw4"" target=""_blank"">MSDS-3000000X</a>",various,Maxpar
CyTOF (Cytometry),3158007C,Anti-Human IL-2,<div>MQ1-17H12</div>,158Gd,"Human, Feline, Chimpanzee, Bamboo, Cynomolgus, Rhesus, Sooty Mangabey",25 Tests,"<a href=""https://fluidigm.my.salesforce.com/sfc/p/700000009DAw/a/4u0000019i64/gz9s029wKgyxs1WWsSN5a8zLpJV.bw2s0ZhdObP31mQ"" target=""_blank"">PRD009-3158007B</a>","<a href=""https://fluidigm.my.salesforce.com/sfc/p/700000009DAw/a/4u000001870w/XU6eX2YZtdejnAfGRls.mPHhJTPvhOp30R18ZV_Asw4"" target=""_blank"">MSDS-3000000X</a>",various,Maxpar
CyTOF (Cytometry),3158008A,Anti-Human CyclinA,<div>BF683</div>,158Gd,Human,50 Tests,"<a href=""https://fluidigm.my.salesforce.com/sfc/p/700000009DAw/a/4u0000019i6d/urV6zU9Rxgl08iFS7fua72x6rGqm757xPl__nCc7Gyc"" target=""_blank"">PRD009-3158008A</a>","<a href=""https://fluidigm.my.salesforce.com/sfc/p/700000009DAw/a/4u000001870w/XU6eX2YZtdejnAfGRls.mPHhJTPvhOp30R18ZV_Asw4"" target=""_blank"">MSDS-3000000X</a>",various,Maxpar
CyTOF (Cytometry),3158008C,Anti-Human CyclinA,<div>BF683</div>,158Gd,Human,25 Tests,"<a href=""https://fluidigm.my.salesforce.com/sfc/p/700000009DAw/a/4u0000019i6d/urV6zU9Rxgl08iFS7fua72x6rGqm757xPl__nCc7Gyc"" target=""_blank"">PRD009-3158008B</a>","<a href=""https://fluidigm.my.salesforce.com/sfc/p/700000009DAw/a/4u000001870w/XU6eX2YZtdejnAfGRls.mPHhJTPvhOp30R18ZV_Asw4"" target=""_blank"">MSDS-3000000X</a>",various,Maxpar
CyTOF (Cytometry),3158009B,Anti-Mouse CD9,<div>KMC8</div>,158Gd,Mouse,100 Tests,"<a href=""https://fluidigm.my.salesforce.com/sfc/p/700000009DAw/a/4u0000019i6h/ek2WYvxNUuSE0jo43qu.7z25PGqIQ_KWtigD3IZ7gtM"" target=""_blank"">PRD009-3158009B</a>","<a href=""https://fluidigm.my.salesforce.com/sfc/p/700000009DAw/a/4u000001870w/XU6eX2YZtdejnAfGRls.mPHhJTPvhOp30R18ZV_Asw4"" target=""_blank"">MSDS-3000000X</a>",various,Maxpar
CyTOF (Cytometry),3158009C,Anti-Mouse CD9,<div>KMC8 </div>,158Gd,Mouse,25 Tests,"<a href=""https://fluidigm.my.salesforce.com/sfc/p/700000009DAw/a/4u0000019i6h/ek2WYvxNUuSE0jo43qu.7z25PGqIQ_KWtigD3IZ7gtM"" target=""_blank"">PRD009-3158009B</a>","<a href=""https://fluidigm.my.salesforce.com/sfc/p/700000009DAw/a/4u000001870w/XU6eX2YZtdejnAfGRls.mPHhJTPvhOp30R18ZV_Asw4"" target=""_blank"">MSDS-3000000X</a>",various,Maxpar
CyTOF (Cytometry),3158010B,Anti-Human CD27,<div>L128</div>,158Gd,Human,100 Tests,"<a href=""https://fluidigm.my.salesforce.com/sfc/p/700000009DAw/a/4u0000019i6q/JvQP2SCCvHL.GFeRuD9gqA8wid6RaJ74GRgzhVsFOCw"" target=""_blank"">PRD009-3158010B</a>","<a href=""https://fluidigm.my.salesforce.com/sfc/p/700000009DAw/a/4u000001870w/XU6eX2YZtdejnAfGRls.mPHhJTPvhOp30R18ZV_Asw4"" target=""_blank"">MSDS-3000000X</a>",various,Maxpar
CyTOF (Cytometry),3158010C,Anti-Human CD27,<div>L128 </div>,158Gd,Human,25 Tests,"<a href=""https://fluidigm.my.salesforce.com/sfc/p/700000009DAw/a/4u0000019i6q/JvQP2SCCvHL.GFeRuD9gqA8wid6RaJ74GRgzhVsFOCw"" target=""_blank"">PRD009-3158010B</a>","<a href=""https://fluidigm.my.salesforce.com/sfc/p/700000009DAw/a/4u000001870w/XU6eX2YZtdejnAfGRls.mPHhJTPvhOp30R18ZV_Asw4"" target=""_blank"">MSDS-3000000X</a>",various,Maxpar
CyTOF (Cytometry),3158011B,Anti-Human CD10,<div>HI10a</div>,158Gd,"Human, African Green, Baboon, Capuchin monkey, Chimpanzee, Cynomolgus, Rhesus",100 Tests,"<a href=""https://fluidigm.my.salesforce.com/sfc/p/700000009DAw/a/4u0000019i6v/Px1Qhot60Z_4mqP32ZFakBp1Tck3R882NnJjQiSbVXQ"" target=""_blank"">PRD009-3158011B</a>","<a href=""https://fluidigm.my.salesforce.com/sfc/p/700000009DAw/a/4u000001870w/XU6eX2YZtdejnAfGRls.mPHhJTPvhOp30R18ZV_Asw4"" target=""_blank"">MSDS-3000000X</a>",various,Maxpar
CyTOF (Cytometry),3158011C,Anti-Human CD10,<div>HI10a</div>,158Gd,"Human, African Green, Baboon, Capuchin monkey, Chimpanzee, Cynomolgus, Rhesus",25 Tests,"<a href=""https://fluidigm.my.salesforce.com/sfc/p/700000009DAw/a/4u0000019i6v/Px1Qhot60Z_4mqP32ZFakBp1Tck3R882NnJjQiSbVXQ"" target=""_blank"">PRD009-3158011B</a>","<a href=""https://fluidigm.my.salesforce.com/sfc/p/700000009DAw/a/4u000001870w/XU6eX2YZtdejnAfGRls.mPHhJTPvhOp30R18ZV_Asw4"" target=""_blank"">MSDS-3000000X</a>",various,Maxpar
CyTOF (Cytometry),3158012B,Anti-Human CD134/OX40,<div>ACT35</div>,158Gd,"Human, Chimpanzee",100 Tests,"<a href=""https://fluidigm.my.salesforce.com/sfc/p/700000009DAw/a/4u0000019i6e/TIbGX3Be4Il_ffdn3nFqOV8a1jNRhO7FblrHMkw1Ge4"" target=""_blank"">PRD009-3158012B</a>","<a href=""https://fluidigm.my.salesforce.com/sfc/p/700000009DAw/a/4u000001870w/XU6eX2YZtdejnAfGRls.mPHhJTPvhOp30R18ZV_Asw4"" target=""_blank"">MSDS-3000000X</a>",various,Maxpar
CyTOF (Cytometry),3158012C,Anti-Human CD134/OX40,<div>ACT35</div>,158Gd,"Human, Chimpanzee",25 Tests,"<a href=""https://fluidigm.my.salesforce.com/sfc/p/700000009DAw/a/4u0000019i6e/TIbGX3Be4Il_ffdn3nFqOV8a1jNRhO7FblrHMkw1Ge4"" target=""_blank"">PRD009-3158012B</a>","<a href=""https://fluidigm.my.salesforce.com/sfc/p/700000009DAw/a/4u000001870w/XU6eX2YZtdejnAfGRls.mPHhJTPvhOp30R18ZV_Asw4"" target=""_blank"">MSDS-3000000X</a>",various,Maxpar
CyTOF (Cytometry),3158013B,Anti-Human CD137/4-1BB,<div>4B4-1</div>,158Gd,"Human, Cynomolgus Macaque, Rhesus Macaque, Chimpanzee, Baboon",100 Tests,"<a href=""https://fluidigm.my.salesforce.com/sfc/p/700000009DAw/a/4u0000019i6w/O1g52F44GwOVuSvinS8mB9KIBJHXdVRAPSLLE1hoDyA"" target=""_blank"">PRD009-3158013B</a>","<a href=""https://fluidigm.my.salesforce.com/sfc/p/700000009DAw/a/4u000001870w/XU6eX2YZtdejnAfGRls.mPHhJTPvhOp30R18ZV_Asw4"" target=""_blank"">MSDS-3000000X</a>",various,Maxpar
CyTOF (Cytometry),3158013C,Anti-Human CD137/4-1BB,<div>4B4-1</div>,158Gd,"Human, Cynomolgus Macaque, Rhesus Macaque, Chimpanzee, Baboon",25 Tests,"<a href=""https://fluidigm.my.salesforce.com/sfc/p/700000009DAw/a/4u0000019i6w/O1g52F44GwOVuSvinS8mB9KIBJHXdVRAPSLLE1hoDyA"" target=""_blank"">PRD009-3158013B</a>","<a href=""https://fluidigm.my.salesforce.com/sfc/p/700000009DAw/a/4u000001870w/XU6eX2YZtdejnAfGRls.mPHhJTPvhOp30R18ZV_Asw4"" target=""_blank"">MSDS-3000000X</a>",various,Maxpar
CyTOF (Cytometry),3158016B,Anti-Human CD179b,<div>HSL11</div>,158Gd,"Human, African Green",100 Tests,"<a href=""https://fluidigm.my.salesforce.com/sfc/p/700000009DAw/a/4u0000019i6r/7T4MLkfSvXOntB_uNXovStMxxmGkx8zF.IpK4QzOJ3s"" target=""_blank"">PRD009-3158016B</a>","<a href=""https://fluidigm.my.salesforce.com/sfc/p/700000009DAw/a/4u000001870w/XU6eX2YZtdejnAfGRls.mPHhJTPvhOp30R18ZV_Asw4"" target=""_blank"">MSDS-3000000X</a>",various,Maxpar
CyTOF (Cytometry),3158016C,Anti-Human CD179b,<div>HSL11</div>,158Gd,"Human, African Green",25 Tests,"<a href=""https://fluidigm.my.salesforce.com/sfc/p/700000009DAw/a/4u0000019i6r/7T4MLkfSvXOntB_uNXovStMxxmGkx8zF.IpK4QzOJ3s"" target=""_blank"">PRD009-3158016B</a>","<a href=""https://fluidigm.my.salesforce.com/sfc/p/700000009DAw/a/4u000001870w/XU6eX2YZtdejnAfGRls.mPHhJTPvhOp30R18ZV_Asw4"" target=""_blank"">MSDS-3000000X</a>",various,Maxpar
CyTOF (Cytometry),3158017B,Anti-Human IFNγ,<div>B27</div>,158Gd,"Human,Chimpanzee, Baboon, Cynomolgus, Rhesus, Pigtailed Macaque, African Green, Sooty Mangabey",100 Tests,"<a href=""https://fluidigm.my.salesforce.com/sfc/p/700000009DAw/a/4u0000019i6f/r23fuSrLB_XqtSkqQg1u5HsRAqhz7SzkmQt2p0fVEOk"" target=""_blank"">PRD009-3158017B</a>","<a href=""https://fluidigm.my.salesforce.com/sfc/p/700000009DAw/a/4u000001870w/XU6eX2YZtdejnAfGRls.mPHhJTPvhOp30R18ZV_Asw4"" target=""_blank"">MSDS-3000000X</a>",various,Maxpar
CyTOF (Cytometry),3158017C,Anti-Human IFNγ,<div>B27</div>,158Gd,"Human,Chimpanzee, Baboon, Cynomolgus, Rhesus, Pigtailed Macaque, African Green, Sooty Mangabey",25 Tests,"<a href=""https://fluidigm.my.salesforce.com/sfc/p/700000009DAw/a/4u0000019i6f/r23fuSrLB_XqtSkqQg1u5HsRAqhz7SzkmQt2p0fVEOk"" target=""_blank"">PRD009-3158017B</a>","<a href=""https://fluidigm.my.salesforce.com/sfc/p/700000009DAw/a/4u000001870w/XU6eX2YZtdejnAfGRls.mPHhJTPvhOp30R18ZV_Asw4"" target=""_blank"">MSDS-3000000X</a>",various,Maxpar
CyTOF (Cytometry),3158018B,Anti-Human/Mouse CD324/E-Cadherin,<div>DECMA-1</div>,158Gd,"Mouse, Human, Dog (Canine), Swine (Pig, Porcine)",100 Tests,"<a href=""https://fluidigm.my.salesforce.com/sfc/p/700000009DAw/a/4u0000019i70/yXNCAqSnbnuuxhzaAfzpkPpdOmOeC5bRnWkcPW3R60E"" target=""_blank"">PRD009-3158018B</a>","<a href=""https://fluidigm.my.salesforce.com/sfc/p/700000009DAw/a/4u000001870w/XU6eX2YZtdejnAfGRls.mPHhJTPvhOp30R18ZV_Asw4"" target=""_blank"">MSDS-3000000X</a>",various,Maxpar
CyTOF (Cytometry),3158018C,Anti-Human/Mouse CD324/E-Cadherin,<div>DECMA-1</div>,158Gd,"Mouse, Human, Dog (Canine), Swine (Pig, Porcine)",25 Tests,"<a href=""https://fluidigm.my.salesforce.com/sfc/p/700000009DAw/a/4u0000019i70/yXNCAqSnbnuuxhzaAfzpkPpdOmOeC5bRnWkcPW3R60E"" target=""_blank"">PRD009-3158018B</a>","<a href=""https://fluidigm.my.salesforce.com/sfc/p/700000009DAw/a/4u000001870w/XU6eX2YZtdejnAfGRls.mPHhJTPvhOp30R18ZV_Asw4"" target=""_blank"">MSDS-3000000X</a>",various,Maxpar
CyTOF (Cytometry),3158019B,Anti-Human CD135/Flt3,<div>BV10A4H2</div>,158Gd,Human,100 Tests,"<a href=""https://fluidigm.my.salesforce.com/sfc/p/700000009DAw/a/4u0000019i6s/NBxt62QcJDTUxjUAXmbZWWu8uGilp8DnnYdNTULEymw"" target=""_blank"">PRD009-3158019B</a>","<a href=""https://fluidigm.my.salesforce.com/sfc/p/700000009DAw/a/4u000001870w/XU6eX2YZtdejnAfGRls.mPHhJTPvhOp30R18ZV_Asw4"" target=""_blank"">MSDS-3000000X</a>",various,Maxpar
CyTOF (Cytometry),3158019C,Anti-Human CD135/Flt3,<div>BV10A4H2</div>,158Gd,Human,25 Tests,"<a href=""https://fluidigm.my.salesforce.com/sfc/p/700000009DAw/a/4u0000019i6s/NBxt62QcJDTUxjUAXmbZWWu8uGilp8DnnYdNTULEymw"" target=""_blank"">PRD009-3158019B</a>","<a href=""https://fluidigm.my.salesforce.com/sfc/p/700000009DAw/a/4u000001870w/XU6eX2YZtdejnAfGRls.mPHhJTPvhOp30R18ZV_Asw4"" target=""_blank"">MSDS-3000000X</a>",various,Maxpar
CyTOF (Cytometry),3158020B,Anti-Human CD101,<div>BB27</div>,158Gd,"Human, African Green, Baboon, Cynomolgus, Rhesus",100 Tests,"<a href=""https://fluidigm.my.salesforce.com/sfc/p/700000009DAw/a/4u0000019i71/QznjuXr2yisjodEIGAxrufsFwpijNTI5M.wfts10qs0"" target=""_blank"">PRD009-3158020B</a>","<a href=""https://fluidigm.my.salesforce.com/sfc/p/700000009DAw/a/4u000001870w/XU6eX2YZtdejnAfGRls.mPHhJTPvhOp30R18ZV_Asw4"" target=""_blank"">MSDS-3000000X</a>",various,Maxpar
CyTOF (Cytometry),3158020C,Anti-Human CD101,<div>BB27</div>,158Gd,"Human, African Green, Baboon, Cynomolgus, Rhesus",25 Tests,"<a href=""https://fluidigm.my.salesforce.com/sfc/p/700000009DAw/a/4u0000019i71/QznjuXr2yisjodEIGAxrufsFwpijNTI5M.wfts10qs0"" target=""_blank"">PRD009-3158020B</a>","<a href=""https://fluidigm.my.salesforce.com/sfc/p/700000009DAw/a/4u000001870w/XU6eX2YZtdejnAfGRls.mPHhJTPvhOp30R18ZV_Asw4"" target=""_blank"">MSDS-3000000X</a>",various,Maxpar
CyTOF (Cytometry),3158021A,Anti-E-Cadherin,<div>24E10</div>,158Gd,"Human, Mouse, Bovine",50 Tests,"<a href=""https://fluidigm.my.salesforce.com/sfc/p/700000009DAw/a/4u0000019i6t/sA506WpqxtHWyvp0V5Ztlm5_zGnZakJRZ3Ji4aklVBk"" target=""_blank"">PRD009-3158021A</a>","<a href=""https://fluidigm.my.salesforce.com/sfc/p/700000009DAw/a/4u000001870w/XU6eX2YZtdejnAfGRls.mPHhJTPvhOp30R18ZV_Asw4"" target=""_blank"">MSDS-3000000X</a>",various,Maxpar
CyTOF (Cytometry),3158021C,Anti-E-Cadherin,<div>24E10</div>,158Gd,"Human, Mouse, Bovine",25 Tests,"<a href=""https://fluidigm.my.salesforce.com/sfc/p/700000009DAw/a/4u0000019i6t/sA506WpqxtHWyvp0V5Ztlm5_zGnZakJRZ3Ji4aklVBk"" target=""_blank"">PRD009-3158021B</a>","<a href=""https://fluidigm.my.salesforce.com/sfc/p/700000009DAw/a/4u000001870w/XU6eX2YZtdejnAfGRls.mPHhJTPvhOp30R18ZV_Asw4"" target=""_blank"">MSDS-3000000X</a>",various,Maxpar
CyTOF (Cytometry),3158022B,Anti-Human CD137 Ligand ,<div>5F4</div>,158Gd,"Human, African Green, Baboon, Cynomolgus, Rhesus",100 Tests,"<a href=""https://fluidigm.my.salesforce.com/sfc/p/700000009DAw/a/4u0000019i75/p3TBHZE6wpSnDjZ3AFDSR3GLs.ayOSrvB0o9PI7Dmh8"" target=""_blank"">PRD009-3158022B</a>","<a href=""https://fluidigm.my.salesforce.com/sfc/p/700000009DAw/a/4u000001870w/XU6eX2YZtdejnAfGRls.mPHhJTPvhOp30R18ZV_Asw4"" target=""_blank"">MSDS-3000000X</a>",various,Maxpar
CyTOF (Cytometry),3158022C,Anti-Human CD137 Ligand ,<div>5F4</div>,158Gd,"Human, African Green, Baboon, Cynomolgus, Rhesus",25 Tests,"<a href=""https://fluidigm.my.salesforce.com/sfc/p/700000009DAw/a/4u0000019i75/p3TBHZE6wpSnDjZ3AFDSR3GLs.ayOSrvB0o9PI7Dmh8"" target=""_blank"">PRD009-3158022B</a>","<a href=""https://fluidigm.my.salesforce.com/sfc/p/700000009DAw/a/4u000001870w/XU6eX2YZtdejnAfGRls.mPHhJTPvhOp30R18ZV_Asw4"" target=""_blank"">MSDS-3000000X</a>",various,Maxpar
CyTOF (Cytometry),3158024B,Anti-Human CD284/TLR4,<div>HTA125</div>,158Gd,"Human, Guinea Pig",100 Tests,"<a href=""https://fluidigm.my.salesforce.com/sfc/p/700000009DAw/a/4u0000019i72/_MFgTzDQzKszeQ5ynnUaTXndYQNi7JKdGrq4634egaM"" target=""_blank"">PRD009-3158024B</a>","<a href=""https://fluidigm.my.salesforce.com/sfc/p/700000009DAw/a/4u000001870w/XU6eX2YZtdejnAfGRls.mPHhJTPvhOp30R18ZV_Asw4"" target=""_blank"">MSDS-3000000X</a>",various,Maxpar
CyTOF (Cytometry),3158024C,Anti-Human CD284/TLR4,<div>HTA125</div>,158Gd,"Human, Guinea Pig",25 Tests,"<a href=""https://fluidigm.my.salesforce.com/sfc/p/700000009DAw/a/4u0000019i72/_MFgTzDQzKszeQ5ynnUaTXndYQNi7JKdGrq4634egaM"" target=""_blank"">PRD009-3158024B</a>","<a href=""https://fluidigm.my.salesforce.com/sfc/p/700000009DAw/a/4u000001870w/XU6eX2YZtdejnAfGRls.mPHhJTPvhOp30R18ZV_Asw4"" target=""_blank"">MSDS-3000000X</a>",various,Maxpar
CyTOF (Cytometry),3158025B,Anti-Human CD82 ,<div>ASL-24</div>,158Gd,"Human,African Green, Baboon, Cynomolgus",100 Tests,"<a href=""https://fluidigm.my.salesforce.com/sfc/p/700000009DAw/a/4u0000019i73/lI.BRMLifjZdPOUk0PeoVo4LfuLHoJVVqQDYzYqbyQ4"" target=""_blank"">PRD009-3158025B</a>","<a href=""https://fluidigm.my.salesforce.com/sfc/p/700000009DAw/a/4u000001870w/XU6eX2YZtdejnAfGRls.mPHhJTPvhOp30R18ZV_Asw4"" target=""_blank"">MSDS-3000000X</a>",various,Maxpar
CyTOF (Cytometry),3158025C,Anti-Human CD82 ,<div>ASL-24</div>,158Gd,"Human,African Green, Baboon, Cynomolgus",25 Tests,"<a href=""https://fluidigm.my.salesforce.com/sfc/p/700000009DAw/a/4u0000019i73/lI.BRMLifjZdPOUk0PeoVo4LfuLHoJVVqQDYzYqbyQ4"" target=""_blank"">PRD009-3158025B</a>","<a href=""https://fluidigm.my.salesforce.com/sfc/p/700000009DAw/a/4u000001870w/XU6eX2YZtdejnAfGRls.mPHhJTPvhOp30R18ZV_Asw4"" target=""_blank"">MSDS-3000000X</a>",various,Maxpar
CyTOF (Cytometry),3158026B,Anti-Human TSLP-R ,<div>1B4</div>,158Gd,"Human, Baboon",100 Tests,"<a href=""https://fluidigm.my.salesforce.com/sfc/p/700000009DAw/a/4u0000019i7A/40VEu59dG8gbHRowAlvbcCYRb.L7oDE_r9dWxn5.eBg"" target=""_blank"">PRD009-3158026B</a>","<a href=""https://fluidigm.my.salesforce.com/sfc/p/700000009DAw/a/4u000001870w/XU6eX2YZtdejnAfGRls.mPHhJTPvhOp30R18ZV_Asw4"" target=""_blank"">MSDS-3000000X</a>",various,Maxpar
CyTOF (Cytometry),3158026C,Anti-Human TSLP-R ,<div>1B4</div>,158Gd,"Human, Baboon",25 Tests,"<a href=""https://fluidigm.my.salesforce.com/sfc/p/700000009DAw/a/4u0000019i7A/40VEu59dG8gbHRowAlvbcCYRb.L7oDE_r9dWxn5.eBg"" target=""_blank"">PRD009-3158026B</a>","<a href=""https://fluidigm.my.salesforce.com/sfc/p/700000009DAw/a/4u000001870w/XU6eX2YZtdejnAfGRls.mPHhJTPvhOp30R18ZV_Asw4"" target=""_blank"">MSDS-3000000X</a>",various,Maxpar
CyTOF (Cytometry),3158027B,Anti-Human CD169,<div>7-239</div>,158Gd,Human,100 Tests,"<a href=""https://fluidigm.my.salesforce.com/sfc/p/700000009DAw/a/4u0000019i7B/WDmfUVPZvgw0S8Agm_IOtCyw469vSEvSUYSQedzJfjA"" target=""_blank"">PRD009-3158027B</a>","<a href=""https://fluidigm.my.salesforce.com/sfc/p/700000009DAw/a/4u000001870w/XU6eX2YZtdejnAfGRls.mPHhJTPvhOp30R18ZV_Asw4"" target=""_blank"">MSDS-3000000X</a>",various,Maxpar
CyTOF (Cytometry),3158027C,Anti-Human CD169,<div>7-239</div>,158Gd,Human,25 Tests,"<a href=""https://fluidigm.my.salesforce.com/sfc/p/700000009DAw/a/4u0000019i7B/WDmfUVPZvgw0S8Agm_IOtCyw469vSEvSUYSQedzJfjA"" target=""_blank"">PRD009-3158027B</a>","<a href=""https://fluidigm.my.salesforce.com/sfc/p/700000009DAw/a/4u000001870w/XU6eX2YZtdejnAfGRls.mPHhJTPvhOp30R18ZV_Asw4"" target=""_blank"">MSDS-3000000X</a>",various,Maxpar
CyTOF (Cytometry),3158032A,Anti-Human CD194/CCR4 ,<div>L291H4</div>,158Gd,"Human, Cynomolgus Macaque",50 Tests,"<a href=""https://fluidigm.my.salesforce.com/sfc/p/700000009DAw/a/4u0000019i7F/ASrcA_qjSlXk4RKbXDtSTif177EmwvDFq2kkbIIur3s"" target=""_blank"">PRD009-3158032A</a>","<a href=""https://fluidigm.my.salesforce.com/sfc/p/700000009DAw/a/4u000001870w/XU6eX2YZtdejnAfGRls.mPHhJTPvhOp30R18ZV_Asw4"" target=""_blank"">MSDS-3000000X</a>",various,Maxpar
CyTOF (Cytometry),3158032C,Anti-Human CD194/CCR4 ,<div>L291H4</div>,158Gd,"Human, Cynomolgus Macaque",25 Tests,"<a href=""https://fluidigm.my.salesforce.com/sfc/p/700000009DAw/a/4u0000019i7F/ASrcA_qjSlXk4RKbXDtSTif177EmwvDFq2kkbIIur3s"" target=""_blank"">PRD009-3158032B</a>","<a href=""https://fluidigm.my.salesforce.com/sfc/p/700000009DAw/a/4u000001870w/XU6eX2YZtdejnAfGRls.mPHhJTPvhOp30R18ZV_Asw4"" target=""_blank"">MSDS-3000000X</a>",various,Maxpar
CyTOF (Cytometry),3159001B,Anti-Human CD11c,<div>Bu15</div>,159Tb,"Human, Cynomolgus Macaque, Rhesus Macaque, African Green Monkey, Baboon, Chimpanzee, Squirrel Monkey",100 Tests,"<a href=""https://fluidigm.my.salesforce.com/sfc/p/700000009DAw/a/4u0000019i74/raupRHyPH2jfYkbFlM47KjqZOWLhNYnHaFxcJkYHUIM"" target=""_blank"">PRD009-3159001B</a>","<a href=""https://fluidigm.my.salesforce.com/sfc/p/700000009DAw/a/4u000001870w/XU6eX2YZtdejnAfGRls.mPHhJTPvhOp30R18ZV_Asw4"" target=""_blank"">MSDS-3000000X</a>",various,Maxpar
CyTOF (Cytometry),3159001C,Anti-Human CD11c,<div>Bu15</div>,159Tb,"Human, Cynomolgus Macaque, Rhesus Macaque, African Green Monkey, Baboon, Chimpanzee, Squirrel Monkey",25 Tests,"<a href=""https://fluidigm.my.salesforce.com/sfc/p/700000009DAw/a/4u0000019i74/raupRHyPH2jfYkbFlM47KjqZOWLhNYnHaFxcJkYHUIM"" target=""_blank"">PRD009-3159001B</a>","<a href=""https://fluidigm.my.salesforce.com/sfc/p/700000009DAw/a/4u000001870w/XU6eX2YZtdejnAfGRls.mPHhJTPvhOp30R18ZV_Asw4"" target=""_blank"">MSDS-3000000X</a>",various,Maxpar
CyTOF (Cytometry),3159004B,Anti-Human CD161,<div>HP-3G10</div>,159Tb,"Human, Cynomolgus Macaque, Rhesus Macaque, African Green Monkey, Baboon",100 Tests,"<a href=""https://fluidigm.my.salesforce.com/sfc/p/#700000009DAw/a/4u0000019iCO/q5bEBrjbPTwRLvxcaf__H7Z1EHWtEdlhHdn3IuWwoDs"" target=""_blank"">PRD009-3159004B</a>","<a href=""https://fluidigm.my.salesforce.com/sfc/p/700000009DAw/a/4u000001870w/XU6eX2YZtdejnAfGRls.mPHhJTPvhOp30R18ZV_Asw4"" target=""_blank"">MSDS-3000000X</a>",various,Maxpar
CyTOF (Cytometry),3159004C,Anti-Human CD161,<div>HP-3G10</div>,159Tb,"Human, Cynomolgus Macaque, Rhesus Macaque, African Green Monkey, Baboon",25 Tests,"<a href=""https://fluidigm.my.salesforce.com/sfc/p/700000009DAw/a/4u0000019iCO/q5bEBrjbPTwRLvxcaf__H7Z1EHWtEdlhHdn3IuWwoDs"" target=""_blank"">PRD009-3159004B</a>","<a href=""https://fluidigm.my.salesforce.com/sfc/p/700000009DAw/a/4u000001870w/XU6eX2YZtdejnAfGRls.mPHhJTPvhOp30R18ZV_Asw4"" target=""_blank"">MSDS-3000000X</a>",various,Maxpar
CyTOF (Cytometry),3159005B,Anti-Human CD22,<div>HIB22</div>,159Tb,"Human, Chimpanzee",100 Tests,"<a href=""https://fluidigm.my.salesforce.com/sfc/p/700000009DAw/a/4u0000019iCT/nEcNSj2Ck5Wf_0btKjjUU_W1G9U_7KmkM7msqwZl7U4"" target=""_blank"">PRD009-3159005B</a>","<a href=""https://fluidigm.my.salesforce.com/sfc/p/700000009DAw/a/4u000001870w/XU6eX2YZtdejnAfGRls.mPHhJTPvhOp30R18ZV_Asw4"" target=""_blank"">MSDS-3000000X</a>",various,Maxpar
CyTOF (Cytometry),3159005C,Anti-Human CD22,<div>HIB22</div>,159Tb,"Human, Chimpanzee",25 Tests,"<a href=""https://fluidigm.my.salesforce.com/sfc/p/700000009DAw/a/4u0000019iCT/nEcNSj2Ck5Wf_0btKjjUU_W1G9U_7KmkM7msqwZl7U4"" target=""_blank"">PRD009-3159005B</a>","<a href=""https://fluidigm.my.salesforce.com/sfc/p/700000009DAw/a/4u000001870w/XU6eX2YZtdejnAfGRls.mPHhJTPvhOp30R18ZV_Asw4"" target=""_blank"">MSDS-3000000X</a>",various,Maxpar
CyTOF (Cytometry),3159006B,Anti-Mouse CD279,<div>RMP1-30</div>,159Tb,Mouse,100 Tests,"<a href=""https://fluidigm.my.salesforce.com/sfc/p/700000009DAw/a/4u0000019iCf/MIITCuxXw61hlKc3TL96hmJqCN5d47qIGuiMHmXQ_gc"" target=""_blank"">PRD009-3159006B</a>","<a href=""https://fluidigm.my.salesforce.com/sfc/p/700000009DAw/a/4u000001870w/XU6eX2YZtdejnAfGRls.mPHhJTPvhOp30R18ZV_Asw4"" target=""_blank"">MSDS-3000000X</a>",various,Maxpar
CyTOF (Cytometry),3159006C,Anti-Mouse CD279,<div>RMP1-30</div>,159Tb,Mouse,25 Tests,"<a href=""https://fluidigm.my.salesforce.com/sfc/p/700000009DAw/a/4u0000019iCf/MIITCuxXw61hlKc3TL96hmJqCN5d47qIGuiMHmXQ_gc"" target=""_blank"">PRD009-3159006B</a>","<a href=""https://fluidigm.my.salesforce.com/sfc/p/700000009DAw/a/4u000001870w/XU6eX2YZtdejnAfGRls.mPHhJTPvhOp30R18ZV_Asw4"" target=""_blank"">MSDS-3000000X</a>",various,Maxpar
CyTOF (Cytometry),3159007B,Anti-Human CD90,<div>5E10</div>,159Tb,"Human, African Green, Baboon, Cynomolgus, Pigtailed Macaque, Rhesus, Swine (Pig, Porcine)",100 Tests,"<a href=""https://fluidigm.my.salesforce.com/sfc/p/700000009DAw/a/4u0000019iCk/NQ414ERNbO8culsizTIP.dv2RPZcmvtV_XvB8QcTY1Y"" target=""_blank"">PRD009-3159007B</a>","<a href=""https://fluidigm.my.salesforce.com/sfc/p/700000009DAw/a/4u000001870w/XU6eX2YZtdejnAfGRls.mPHhJTPvhOp30R18ZV_Asw4"" target=""_blank"">MSDS-3000000X</a>",various,Maxpar
CyTOF (Cytometry),3159007C,Anti-Human CD90,<div>5E10</div>,159Tb,"Human, African Green, Baboon, Cynomolgus, Pigtailed Macaque, Rhesus, Swine (Pig, Porcine)",25 Tests,"<a href=""https://fluidigm.my.salesforce.com/sfc/p/700000009DAw/a/4u0000019iCk/NQ414ERNbO8culsizTIP.dv2RPZcmvtV_XvB8QcTY1Y"" target=""_blank"">PRD009-3159007B</a>","<a href=""https://fluidigm.my.salesforce.com/sfc/p/700000009DAw/a/4u000001870w/XU6eX2YZtdejnAfGRls.mPHhJTPvhOp30R18ZV_Asw4"" target=""_blank"">MSDS-3000000X</a>",various,Maxpar
CyTOF (Cytometry),3159008B,Anti-Human GM-CSF,<div>BVD2-21C11</div>,159Tb,"Human, Cynomolgus, Rhesus",100 Tests,"<a href=""https://fluidigm.my.salesforce.com/sfc/p/700000009DAw/a/4u0000019iCp/9STTD7vJAPainnV_on4Pw76YqONRc4pIf9MKnHbSZG0"" target=""_blank"">PRD009-3159008B</a>","<a href=""https://fluidigm.my.salesforce.com/sfc/p/700000009DAw/a/4u000001870w/XU6eX2YZtdejnAfGRls.mPHhJTPvhOp30R18ZV_Asw4"" target=""_blank"">MSDS-3000000X</a>",various,Maxpar
CyTOF (Cytometry),3159008C,Anti-Human GM-CSF,<div>BVD2-21C11</div>,159Tb,"Human, Cynomolgus, Rhesus",25 Tests,"<a href=""https://fluidigm.my.salesforce.com/sfc/p/700000009DAw/a/4u0000019iCp/9STTD7vJAPainnV_on4Pw76YqONRc4pIf9MKnHbSZG0"" target=""_blank"">PRD009-3159008B</a>","<a href=""https://fluidigm.my.salesforce.com/sfc/p/700000009DAw/a/4u000001870w/XU6eX2YZtdejnAfGRls.mPHhJTPvhOp30R18ZV_Asw4"" target=""_blank"">MSDS-3000000X</a>",various,Maxpar
CyTOF (Cytometry),3159009B,Anti-Mouse F4/80,<div>BM8</div>,159Tb,Mouse,100 Tests,"<a href=""https://fluidigm.my.salesforce.com/sfc/p/700000009DAw/a/4u0000019iCu/RfrZGshqlQH83PukYrjY.jYLLIjjXqn2c2D513g_niI"" target=""_blank"">PRD009-3159009B</a>","<a href=""https://fluidigm.my.salesforce.com/sfc/p/700000009DAw/a/4u000001870w/XU6eX2YZtdejnAfGRls.mPHhJTPvhOp30R18ZV_Asw4"" target=""_blank"">MSDS-3000000X</a>",various,Maxpar
CyTOF (Cytometry),3159009C,Anti-Mouse F4/80,<div>BM8</div>,159Tb,Mouse,25 Tests,"<a href=""https://fluidigm.my.salesforce.com/sfc/p/700000009DAw/a/4u0000019iCu/RfrZGshqlQH83PukYrjY.jYLLIjjXqn2c2D513g_niI"" target=""_blank"">PRD009-3159009B</a>","<a href=""https://fluidigm.my.salesforce.com/sfc/p/700000009DAw/a/4u000001870w/XU6eX2YZtdejnAfGRls.mPHhJTPvhOp30R18ZV_Asw4"" target=""_blank"">MSDS-3000000X</a>",various,Maxpar
CyTOF (Cytometry),3159010A,Anti-pMAPKAPK2 [T334],<div>27B7</div>,159Tb,"Human, Mouse, Non-human primate, Rat",50 Tests,"<a href=""https://fluidigm.my.salesforce.com/sfc/p/700000009DAw/a/4u0000019iCq/S8AHtN0j5MiPSuQiJROzavMUF4.bVNfmrjJqJXLY3_A"" target=""_blank"">PRD009-3159010A</a>","<a href=""https://fluidigm.my.salesforce.com/sfc/p/700000009DAw/a/4u000001870w/XU6eX2YZtdejnAfGRls.mPHhJTPvhOp30R18ZV_Asw4"" target=""_blank"">MSDS-3000000X</a>",various,Maxpar
CyTOF (Cytometry),3159010C,Anti-pMAPKAPK2 [T334],<div>27B7</div>,159Tb,"Human, Mouse, Non-human primate, Rat",25 Tests,"<a href=""https://fluidigm.my.salesforce.com/sfc/p/700000009DAw/a/4u0000019iCq/S8AHtN0j5MiPSuQiJROzavMUF4.bVNfmrjJqJXLY3_A"" target=""_blank"">PRD009-3159010B</a>","<a href=""https://fluidigm.my.salesforce.com/sfc/p/700000009DAw/a/4u000001870w/XU6eX2YZtdejnAfGRls.mPHhJTPvhOp30R18ZV_Asw4"" target=""_blank"">MSDS-3000000X</a>",various,Maxpar
CyTOF (Cytometry),3159011B,Anti-Mouse CD23,<div>B3B4</div>,159Tb,Mouse,100 Tests,"<a href=""https://fluidigm.my.salesforce.com/sfc/p/700000009DAw/a/4u0000019iCz/C3rvxk.J5Bilpq.9cbN29MqIr.IH7d71yB.EtWQFhvU"" target=""_blank"">PRD009-3159011B</a>","<a href=""https://fluidigm.my.salesforce.com/sfc/p/700000009DAw/a/4u000001870w/XU6eX2YZtdejnAfGRls.mPHhJTPvhOp30R18ZV_Asw4"" target=""_blank"">MSDS-3000000X</a>",various,Maxpar
CyTOF (Cytometry),3159011C,Anti-Mouse CD23,<div>B3B4</div>,159Tb,Mouse,25 Tests,"<a href=""https://fluidigm.my.salesforce.com/sfc/p/700000009DAw/a/4u0000019iCz/C3rvxk.J5Bilpq.9cbN29MqIr.IH7d71yB.EtWQFhvU"" target=""_blank"">PRD009-3159011B</a>","<a href=""https://fluidigm.my.salesforce.com/sfc/p/700000009DAw/a/4u000001870w/XU6eX2YZtdejnAfGRls.mPHhJTPvhOp30R18ZV_Asw4"" target=""_blank"">MSDS-3000000X</a>",various,Maxpar
CyTOF (Cytometry),3159012B,Anti-Mouse TCR γ/δ ,<div>GL3</div>,159Tb,Mouse,100 Tests,"<a href=""https://fluidigm.my.salesforce.com/sfc/p/700000009DAw/a/4u0000019iD4/0afps5z0xV9KsRrKO7usRROIo5JQADylrYXxB54pQ2s"" target=""_blank"">PRD009-3159012B</a>","<a href=""https://fluidigm.my.salesforce.com/sfc/p/700000009DAw/a/4u000001870w/XU6eX2YZtdejnAfGRls.mPHhJTPvhOp30R18ZV_Asw4"" target=""_blank"">MSDS-3000000X</a>",various,Maxpar
CyTOF (Cytometry),3159012C,Anti-Mouse TCR γ/δ ,<div>GL3 </div>,159Tb,Mouse,25 Tests,"<a href=""https://fluidigm.my.salesforce.com/sfc/p/700000009DAw/a/4u0000019iD4/0afps5z0xV9KsRrKO7usRROIo5JQADylrYXxB54pQ2s"" target=""_blank"">PRD009-3159012B</a>","<a href=""https://fluidigm.my.salesforce.com/sfc/p/700000009DAw/a/4u000001870w/XU6eX2YZtdejnAfGRls.mPHhJTPvhOp30R18ZV_Asw4"" target=""_blank"">MSDS-3000000X</a>",various,Maxpar
CyTOF (Cytometry),3159015B,Anti-Human/Mouse CD45R/B220,<div>RA3-6B2</div>,159Tb,"Human, Mouse, Cat",100 Tests,"<a href=""https://fluidigm.my.salesforce.com/sfc/p/700000009DAw/a/4u0000019iD5/tS1.OUX__47nfE_Dc0krYiO66rIsQyUrn2t6XJn9bqk"" target=""_blank"">PRD009-3159015B</a>","<a href=""https://fluidigm.my.salesforce.com/sfc/p/700000009DAw/a/4u000001870w/XU6eX2YZtdejnAfGRls.mPHhJTPvhOp30R18ZV_Asw4"" target=""_blank"">MSDS-3000000X</a>",various,Maxpar
CyTOF (Cytometry),3159015C,Anti-Human/Mouse CD45R/B220,<div>RA3-6B2</div>,159Tb,"Human, Mouse, Cat",25 Tests,"<a href=""https://fluidigm.my.salesforce.com/sfc/p/700000009DAw/a/4u0000019iD5/tS1.OUX__47nfE_Dc0krYiO66rIsQyUrn2t6XJn9bqk"" target=""_blank"">PRD009-3159015B</a>","<a href=""https://fluidigm.my.salesforce.com/sfc/p/700000009DAw/a/4u000001870w/XU6eX2YZtdejnAfGRls.mPHhJTPvhOp30R18ZV_Asw4"" target=""_blank"">MSDS-3000000X</a>",various,Maxpar
CyTOF (Cytometry),3159016B,Anti-Mouse CD244.2,<div>m2B4(B6)458.1</div>,159Tb,Mouse,100 Tests,"<a href=""https://fluidigm.my.salesforce.com/sfc/p/700000009DAw/a/4u0000019iD6/SIRDHrvAt5FnHCHBQYjuCkyfQ4yBhRaS004YDtF9uBU"" target=""_blank"">PRD009-3159016B</a>","<a href=""https://fluidigm.my.salesforce.com/sfc/p/700000009DAw/a/4u000001870w/XU6eX2YZtdejnAfGRls.mPHhJTPvhOp30R18ZV_Asw4"" target=""_blank"">MSDS-3000000X</a>",various,Maxpar
CyTOF (Cytometry),3159016C,Anti-Mouse CD244.2,<div>m2B4(B6)458.1</div>,159Tb,Mouse,25 Tests,"<a href=""https://fluidigm.my.salesforce.com/sfc/p/700000009DAw/a/4u0000019iD6/SIRDHrvAt5FnHCHBQYjuCkyfQ4yBhRaS004YDtF9uBU"" target=""_blank"">PRD009-3159016B</a>","<a href=""https://fluidigm.my.salesforce.com/sfc/p/700000009DAw/a/4u000001870w/XU6eX2YZtdejnAfGRls.mPHhJTPvhOp30R18ZV_Asw4"" target=""_blank"">MSDS-3000000X</a>",various,Maxpar
CyTOF (Cytometry),3159019B,Anti-Mouse RORγt,<div>B2D</div>,159Tb,"Mouse, Human",100 Tests,"<a href=""https://fluidigm.my.salesforce.com/sfc/p/700000009DAw/a/4u0000019iD9/PnWJk7yM3QYrsiXgLQk8p_F6BNkW80Ch3FD_OkeDpwQ"" target=""_blank"">PRD009-3159019B</a>","<a href=""https://fluidigm.my.salesforce.com/sfc/p/700000009DAw/a/4u000001870w/XU6eX2YZtdejnAfGRls.mPHhJTPvhOp30R18ZV_Asw4"" target=""_blank"">MSDS-3000000X</a>",various,Maxpar
CyTOF (Cytometry),3159019C,Anti-Mouse RORγt,<div>B2D</div>,159Tb,"Mouse, Human",25 Tests,"<a href=""https://fluidigm.my.salesforce.com/sfc/p/700000009DAw/a/4u0000019iD9/PnWJk7yM3QYrsiXgLQk8p_F6BNkW80Ch3FD_OkeDpwQ"" target=""_blank"">PRD009-3159019B</a>","<a href=""https://fluidigm.my.salesforce.com/sfc/p/700000009DAw/a/4u000001870w/XU6eX2YZtdejnAfGRls.mPHhJTPvhOp30R18ZV_Asw4"" target=""_blank"">MSDS-3000000X</a>",various,Maxpar
CyTOF (Cytometry),3159022B,Anti-Human CD98 ,<div>UM7F8</div>,159Tb,Human,100 Tests,"<a href=""https://fluidigm.my.salesforce.com/sfc/p/700000009DAw/a/4u0000019iDJ/rtnxQo357sQi4ZU9DhDWkpnAw0qzqAw9K3uQUokPXkM"" target=""_blank"">PRD009-3159022B</a>","<a href=""https://fluidigm.my.salesforce.com/sfc/p/700000009DAw/a/4u000001870w/XU6eX2YZtdejnAfGRls.mPHhJTPvhOp30R18ZV_Asw4"" target=""_blank"">MSDS-3000000X</a>",various,Maxpar
CyTOF (Cytometry),3159022C,Anti-Human CD98 ,<div>UM7F8</div>,159Tb,Human,25 Tests,"<a href=""https://fluidigm.my.salesforce.com/sfc/p/700000009DAw/a/4u0000019iDJ/rtnxQo357sQi4ZU9DhDWkpnAw0qzqAw9K3uQUokPXkM"" target=""_blank"">PRD009-3159022B</a>","<a href=""https://fluidigm.my.salesforce.com/sfc/p/700000009DAw/a/4u000001870w/XU6eX2YZtdejnAfGRls.mPHhJTPvhOp30R18ZV_Asw4"" target=""_blank"">MSDS-3000000X</a>",various,Maxpar
CyTOF (Cytometry),3159023B,Anti-Mouse CD279/PD-1,<div>J43</div>,159Tb,Mouse,100 Tests,"<a href=""https://fluidigm.my.salesforce.com/sfc/p/700000009DAw/a/4u0000019iDO/QNPbsPYQMvFFg2ASfh27R74ki5e5HXLvWzmKG8WqTbU"" target=""_blank"">PRD009-3159023B</a>","<a href=""https://fluidigm.my.salesforce.com/sfc/p/700000009DAw/a/4u000001870w/XU6eX2YZtdejnAfGRls.mPHhJTPvhOp30R18ZV_Asw4"" target=""_blank"">MSDS-3000000X</a>",various,Maxpar
CyTOF (Cytometry),3159023C,Anti-Mouse CD279/PD-1,<div>J43</div>,159Tb,Mouse,25 Tests,"<a href=""https://fluidigm.my.salesforce.com/sfc/p/700000009DAw/a/4u0000019iDO/QNPbsPYQMvFFg2ASfh27R74ki5e5HXLvWzmKG8WqTbU"" target=""_blank"">PRD009-3159023B</a>","<a href=""https://fluidigm.my.salesforce.com/sfc/p/700000009DAw/a/4u000001870w/XU6eX2YZtdejnAfGRls.mPHhJTPvhOp30R18ZV_Asw4"" target=""_blank"">MSDS-3000000X</a>",various,Maxpar
CyTOF (Cytometry),3159024B,Anti-Mouse CD279/PD-1,<div>29F.1A12</div>,159Tb,Mouse,100 Tests,"<a href=""https://fluidigm.my.salesforce.com/sfc/p/700000009DAw/a/4u0000019iDT/oexIgSAFPE8HZXSvtqM6NxivDmfQrPYdggGv.wK.eAM"" target=""_blank"">PRD009-3159024B</a>","<a href=""https://fluidigm.my.salesforce.com/sfc/p/700000009DAw/a/4u000001870w/XU6eX2YZtdejnAfGRls.mPHhJTPvhOp30R18ZV_Asw4"" target=""_blank"">MSDS-3000000X</a>",various,Maxpar
CyTOF (Cytometry),3159024C,Anti-Mouse CD279/PD-1,<div>29F.1A12</div>,159Tb,Mouse,25 Tests,"<a href=""https://fluidigm.my.salesforce.com/sfc/p/700000009DAw/a/4u0000019iDT/oexIgSAFPE8HZXSvtqM6NxivDmfQrPYdggGv.wK.eAM"" target=""_blank"">PRD009-3159024B</a>","<a href=""https://fluidigm.my.salesforce.com/sfc/p/700000009DAw/a/4u000001870w/XU6eX2YZtdejnAfGRls.mPHhJTPvhOp30R18ZV_Asw4"" target=""_blank"">MSDS-3000000X</a>",various,Maxpar
CyTOF (Cytometry),3159026A,Anti-Human p21 Waf1/Cip1,<div>12D1</div>,159Tb,"Human, monkey",50 Tests,"<a href=""https://fluidigm.my.salesforce.com/sfc/p/700000009DAw/a/4u0000019iDP/ee.tv0UoasSebF15s.qDgKU6SvEjfKASoR10BnLbHcU"" target=""_blank"">PRD009-3159026A</a>","<a href=""https://fluidigm.my.salesforce.com/sfc/p/700000009DAw/a/4u000001870w/XU6eX2YZtdejnAfGRls.mPHhJTPvhOp30R18ZV_Asw4"" target=""_blank"">MSDS-3000000X</a>",various,Maxpar
CyTOF (Cytometry),3159026C,Anti-Human p21 Waf1/Cip1,<div>12D1</div>,159Tb,"Human, monkey",25 Tests,"<a href=""https://fluidigm.my.salesforce.com/sfc/p/700000009DAw/a/4u0000019iDP/ee.tv0UoasSebF15s.qDgKU6SvEjfKASoR10BnLbHcU"" target=""_blank"">PRD009-3159026B</a>","<a href=""https://fluidigm.my.salesforce.com/sfc/p/700000009DAw/a/4u000001870w/XU6eX2YZtdejnAfGRls.mPHhJTPvhOp30R18ZV_Asw4"" target=""_blank"">MSDS-3000000X</a>",various,Maxpar
CyTOF (Cytometry),3159029B,Anti-Human CD274/PD-L1,<div>29E.2A3</div>,159Tb,"Human, African Green, Cynomolgus Macaque, Rhesus Macaque, Baboon",100 Tests,"<a href=""https://fluidigm.my.salesforce.com/sfc/p/700000009DAw/a/4u0000019iDF/NCzSPuz.JQKGxplNzznryuZVza6TvGcoeR7FEbQ7SlI"" target=""_blank"">PRD009-3159029B</a>","<a href=""https://fluidigm.my.salesforce.com/sfc/p/700000009DAw/a/4u000001870w/XU6eX2YZtdejnAfGRls.mPHhJTPvhOp30R18ZV_Asw4"" target=""_blank"">MSDS-3000000X</a>",various,Maxpar
CyTOF (Cytometry),3159029C,Anti-Human CD274/PD-L1,<div>29E.2A3</div>,159Tb,"Human, African Green, Cynomolgus Macaque, Rhesus Macaque, Baboon",25 Tests,"<a href=""https://fluidigm.my.salesforce.com/sfc/p/700000009DAw/a/4u0000019iDF/NCzSPuz.JQKGxplNzznryuZVza6TvGcoeR7FEbQ7SlI"" target=""_blank"">PRD009-3159029B</a>","<a href=""https://fluidigm.my.salesforce.com/sfc/p/700000009DAw/a/4u000001870w/XU6eX2YZtdejnAfGRls.mPHhJTPvhOp30R18ZV_Asw4"" target=""_blank"">MSDS-3000000X</a>",various,Maxpar
CyTOF (Cytometry),3159030B,Anti-Mouse CD184/CXCR4 ,<div>L276F12</div>,159Tb,Mouse,100 Tests,"<a href=""https://fluidigm.my.salesforce.com/sfc/p/700000009DAw/a/4u0000019icj/rx_Y.JiRQMNzq6XBF.E2sk0OkKKaFY6jb2uXDdwZzfY"" target=""_blank"">PRD009-3159030B</a>","<a href=""https://fluidigm.my.salesforce.com/sfc/p/700000009DAw/a/4u000001870w/XU6eX2YZtdejnAfGRls.mPHhJTPvhOp30R18ZV_Asw4"" target=""_blank"">MSDS-3000000X</a>",various,Maxpar
CyTOF (Cytometry),3159030C,Anti-Mouse CD184/CXCR4 ,<div>L276F12</div>,159Tb,Mouse,25 Tests,"<a href=""https://fluidigm.my.salesforce.com/sfc/p/700000009DAw/a/4u0000019icj/rx_Y.JiRQMNzq6XBF.E2sk0OkKKaFY6jb2uXDdwZzfY"" target=""_blank"">PRD009-3159030B</a>","<a href=""https://fluidigm.my.salesforce.com/sfc/p/700000009DAw/a/4u000001870w/XU6eX2YZtdejnAfGRls.mPHhJTPvhOp30R18ZV_Asw4"" target=""_blank"">MSDS-3000000X</a>",various,Maxpar
CyTOF (Cytometry),3159037B,Anti-Human CD366/Tim-3 ,<div>F38-2E2</div>,159Tb,Human,100 Tests,"<a href=""https://fluidigm.my.salesforce.com/sfc/p/700000009DAw/a/4u000000MzUl/MjtKUKmbaPxlKA7esFV1RpTfIb6DmHlYMlgGl7wUB2k"" target=""_blank"">PRD009-3159037B</a>","<a href=""https://fluidigm.my.salesforce.com/sfc/p/700000009DAw/a/4u000001870w/XU6eX2YZtdejnAfGRls.mPHhJTPvhOp30R18ZV_Asw4"" target=""_blank"">MSDS-3000000X</a>",various,Maxpar
CyTOF (Cytometry),3159037C,Anti-Human CD366/Tim-3 ,<div>F38-2E2</div>,159Tb,Human,25 Tests,"<a href=""https://fluidigm.my.salesforce.com/sfc/p/700000009DAw/a/4u000000MzUl/MjtKUKmbaPxlKA7esFV1RpTfIb6DmHlYMlgGl7wUB2k"" target=""_blank"">PRD009-3159037B</a>","<a href=""https://fluidigm.my.salesforce.com/sfc/p/700000009DAw/a/4u000001870w/XU6eX2YZtdejnAfGRls.mPHhJTPvhOp30R18ZV_Asw4"" target=""_blank"">MSDS-3000000X</a>",various,Maxpar
CyTOF (Cytometry),3159038B,Anti-Human TIGIT,<div>MBSA43</div>,159Tb,Human,100 Tests,"<a href=""https://fluidigm.my.salesforce.com/sfc/p/700000009DAw/a/4u000000Mz1e/sULMGGFfLvip.I21WFu_XVoqTJUDuj8_jE.9KQCgF8s"" target=""_blank"">PRD009-3159038B</a>","<a href=""https://fluidigm.my.salesforce.com/sfc/p/700000009DAw/a/4u000001870w/XU6eX2YZtdejnAfGRls.mPHhJTPvhOp30R18ZV_Asw4"" target=""_blank"">MSDS-3000000X</a>",various,Maxpar
CyTOF (Cytometry),3159038C,Anti-Human TIGIT,<div>MBSA43</div>,159Tb,Human,25 Tests,"<a href=""https://fluidigm.my.salesforce.com/sfc/p/700000009DAw/a/4u000000Mz1e/sULMGGFfLvip.I21WFu_XVoqTJUDuj8_jE.9KQCgF8s"" target=""_blank"">PRD009-3159038B</a>","<a href=""https://fluidigm.my.salesforce.com/sfc/p/700000009DAw/a/4u000001870w/XU6eX2YZtdejnAfGRls.mPHhJTPvhOp30R18ZV_Asw4"" target=""_blank"">MSDS-3000000X</a>",various,Maxpar
CyTOF (Cytometry),3159039A,Anti-Human FoxP3 ,<div>PCH101</div>,159Tb,"Human, Chimpanzee, Cynomolgus Macaque, Non-Human Primate, Rhesus Macaque",50 Tests,"<a href=""https://fluidigm.my.salesforce.com/sfc/p/700000009DAw/a/4u000000MyzE/nxeuY8nvwUwwcqBHzLmil08iXhSJdGkcu0hmbGLo0Wg"" target=""_blank"">PRD009-3159039A</a>","<a href=""https://fluidigm.my.salesforce.com/sfc/p/700000009DAw/a/4u000001870w/XU6eX2YZtdejnAfGRls.mPHhJTPvhOp30R18ZV_Asw4"" target=""_blank"">MSDS-3000000X</a>",various,Maxpar
CyTOF (Cytometry),3159039C,Anti-Human FoxP3 ,<div>PCH101</div>,159Tb,"Human, Chimpanzee, Cynomolgus Macaque, Non-Human Primate, Rhesus Macaque",25 Tests,"<a href=""https://fluidigm.my.salesforce.com/sfc/p/700000009DAw/a/4u000000MyzE/nxeuY8nvwUwwcqBHzLmil08iXhSJdGkcu0hmbGLo0Wg"" target=""_blank"">PRD009-3159039B</a>","<a href=""https://fluidigm.my.salesforce.com/sfc/p/700000009DAw/a/4u000001870w/XU6eX2YZtdejnAfGRls.mPHhJTPvhOp30R18ZV_Asw4"" target=""_blank"">MSDS-3000000X</a>",various,Maxpar
CyTOF (Cytometry),3160001B,Anti-Human CD14,<div>M5E2</div>,160Gd,"Human, Cynomolgus Macaque, Rhesus Macaque, African Green Monkey, Capuchin Monkey, Cow, Chimpanzee, Common Marmoset, Cotton-Topped Tamarin, Dog, Pigtailed Macaque, Squirrel Monkey",100 Tests,"<a href=""https://fluidigm.my.salesforce.com/sfc/p/700000009DAw/a/4u0000019iCv/H6EeKQYR.tN2.Kuerm5k0gmvKRwS_KUg0Xhlpg8zo7k"" target=""_blank"">PRD009-3160001B</a>","<a href=""https://fluidigm.my.salesforce.com/sfc/p/700000009DAw/a/4u000001870w/XU6eX2YZtdejnAfGRls.mPHhJTPvhOp30R18ZV_Asw4"" target=""_blank"">MSDS-3000000X</a>",various,Maxpar
CyTOF (Cytometry),3160001C,Anti-Human CD14,<div>M5E2</div>,160Gd,"Human, Cynomolgus Macaque, Rhesus Macaque, African Green Monkey, Capuchin Monkey, Cow, Chimpanzee, Common Marmoset, Cotton-Topped Tamarin, Dog, Pigtailed Macaque, Squirrel Monkey",25 Tests,"<a href=""https://fluidigm.my.salesforce.com/sfc/p/700000009DAw/a/4u0000019iCv/H6EeKQYR.tN2.Kuerm5k0gmvKRwS_KUg0Xhlpg8zo7k"" target=""_blank"">PRD009-3160001B</a>","<a href=""https://fluidigm.my.salesforce.com/sfc/p/700000009DAw/a/4u000001870w/XU6eX2YZtdejnAfGRls.mPHhJTPvhOp30R18ZV_Asw4"" target=""_blank"">MSDS-3000000X</a>",various,Maxpar
CyTOF (Cytometry),3160002B,Anti-Mouse CD5,<div>53-7.3</div>,160Gd,Mouse,100 Tests,"<a href=""https://fluidigm.my.salesforce.com/sfc/p/700000009DAw/a/4u0000019iDY/HzbVqtPcnfh5WXXlkMdH7s665qgb948oQi8ct3U0cIM"" target=""_blank"">PRD009-3160002B</a>","<a href=""https://fluidigm.my.salesforce.com/sfc/p/700000009DAw/a/4u000001870w/XU6eX2YZtdejnAfGRls.mPHhJTPvhOp30R18ZV_Asw4"" target=""_blank"">MSDS-3000000X</a>",various,Maxpar
CyTOF (Cytometry),3160002C,Anti-Mouse CD5,<div>53-7.3</div>,160Gd,Mouse,25 Tests,"<a href=""https://fluidigm.my.salesforce.com/sfc/p/700000009DAw/a/4u0000019iDY/HzbVqtPcnfh5WXXlkMdH7s665qgb948oQi8ct3U0cIM"" target=""_blank"">PRD009-3160002B</a>","<a href=""https://fluidigm.my.salesforce.com/sfc/p/700000009DAw/a/4u000001870w/XU6eX2YZtdejnAfGRls.mPHhJTPvhOp30R18ZV_Asw4"" target=""_blank"">MSDS-3000000X</a>",various,Maxpar
CyTOF (Cytometry),3160003B,Anti-Human CD28,<div>CD28.2</div>,160Gd,"Human, Cynomolgus Macaque, Rhesus Macaque, Baboon, Capuchin Monkey, Chimpanzee, Pigtailed Macaque, Sooty Mangabey, Squirrel Monkey",100 Tests,"<a href=""https://fluidigm.my.salesforce.com/sfc/p/700000009DAw/a/4u0000019iDU/KCUxkG1IRl_IiwZt4fAPKbVOoIZAbC8ARh645oWInDA"" target=""_blank"">PRD009-3160003B</a>","<a href=""https://fluidigm.my.salesforce.com/sfc/p/700000009DAw/a/4u000001870w/XU6eX2YZtdejnAfGRls.mPHhJTPvhOp30R18ZV_Asw4"" target=""_blank"">MSDS-3000000X</a>",various,Maxpar
CyTOF (Cytometry),3160003C,Anti-Human CD28,<div>CD28.2 </div>,160Gd,"Human, Cynomolgus Macaque, Rhesus Macaque, Baboon, Capuchin Monkey, Chimpanzee, Pigtailed Macaque, Sooty Mangabey, Squirrel Monkey",25 Tests,"<a href=""https://fluidigm.my.salesforce.com/sfc/p/700000009DAw/a/4u0000019iDU/KCUxkG1IRl_IiwZt4fAPKbVOoIZAbC8ARh645oWInDA"" target=""_blank"">PRD009-3160003B</a>","<a href=""https://fluidigm.my.salesforce.com/sfc/p/700000009DAw/a/4u000001870w/XU6eX2YZtdejnAfGRls.mPHhJTPvhOp30R18ZV_Asw4"" target=""_blank"">MSDS-3000000X</a>",various,Maxpar
CyTOF (Cytometry),3160004B,Anti-Human CD39,<div>A1</div>,160Gd,"Human, Rhesus Macaque, Cynomolgus Macaque",100 Tests,"<a href=""https://fluidigm.my.salesforce.com/sfc/p/700000009DAw/a/4u0000019iDV/wG3XZ2_2saXwBhRncuTCeZBxtEE_EluqB2.R7v26pnM"" target=""_blank"">PRD009-3160004B</a>","<a href=""https://fluidigm.my.salesforce.com/sfc/p/700000009DAw/a/4u000001870w/XU6eX2YZtdejnAfGRls.mPHhJTPvhOp30R18ZV_Asw4"" target=""_blank"">MSDS-3000000X</a>",various,Maxpar
CyTOF (Cytometry),3160004C,Anti-Human CD39,<div>A1</div>,160Gd,"Human, Rhesus Macaque, Cynomolgus Macaque",25 Tests,"<a href=""https://fluidigm.my.salesforce.com/sfc/p/700000009DAw/a/4u0000019iDV/wG3XZ2_2saXwBhRncuTCeZBxtEE_EluqB2.R7v26pnM"" target=""_blank"">PRD009-3160004B</a>","<a href=""https://fluidigm.my.salesforce.com/sfc/p/700000009DAw/a/4u000001870w/XU6eX2YZtdejnAfGRls.mPHhJTPvhOp30R18ZV_Asw4"" target=""_blank"">MSDS-3000000X</a>",various,Maxpar
CyTOF (Cytometry),3160005B,Anti-Human IgGκ,<div>MHK-49</div>,160Gd,"Human, Cynomolgus",100 Tests,"<a href=""https://fluidigm.my.salesforce.com/sfc/p/700000009DAw/a/4u0000019iD8/KS_Y0ge4uzJv0iYKIyIgOJyNZrkS601nTM6VvLxrWXU"" target=""_blank"">PRD009-3160005B</a>","<a href=""https://fluidigm.my.salesforce.com/sfc/p/700000009DAw/a/4u000001870w/XU6eX2YZtdejnAfGRls.mPHhJTPvhOp30R18ZV_Asw4"" target=""_blank"">MSDS-3000000X</a>",various,Maxpar
CyTOF (Cytometry),3160005C,Anti-Human IgGκ,<div>MHK-49</div>,160Gd,"Human, Cynomolgus",25 Tests,"<a href=""https://fluidigm.my.salesforce.com/sfc/p/700000009DAw/a/4u0000019iD8/KS_Y0ge4uzJv0iYKIyIgOJyNZrkS601nTM6VvLxrWXU"" target=""_blank"">PRD009-3160005B</a>","<a href=""https://fluidigm.my.salesforce.com/sfc/p/700000009DAw/a/4u000001870w/XU6eX2YZtdejnAfGRls.mPHhJTPvhOp30R18ZV_Asw4"" target=""_blank"">MSDS-3000000X</a>",various,Maxpar
CyTOF (Cytometry),3160007A,Anti-Human PDGFRα ,<div>D13C6</div>,160Gd,Human,50 Tests,"<a href=""https://fluidigm.my.salesforce.com/sfc/p/700000009DAw/a/4u0000019iDd/Xao4kq88FON64bFdQZiMZhqA6PoIHjIuxNAxHId93wE"" target=""_blank"">PRD009-3160007A</a>","<a href=""https://fluidigm.my.salesforce.com/sfc/p/700000009DAw/a/4u000001870w/XU6eX2YZtdejnAfGRls.mPHhJTPvhOp30R18ZV_Asw4"" target=""_blank"">MSDS-3000000X</a>",various,Maxpar
CyTOF (Cytometry),3160007C,Anti-Human PDGFRα ,<div>D13C6</div>,160Gd,Human,25 Tests,"<a href=""https://fluidigm.my.salesforce.com/sfc/p/700000009DAw/a/4u0000019iDd/Xao4kq88FON64bFdQZiMZhqA6PoIHjIuxNAxHId93wE"" target=""_blank"">PRD009-3160007B</a>","<a href=""https://fluidigm.my.salesforce.com/sfc/p/700000009DAw/a/4u000001870w/XU6eX2YZtdejnAfGRls.mPHhJTPvhOp30R18ZV_Asw4"" target=""_blank"">MSDS-3000000X</a>",various,Maxpar
CyTOF (Cytometry),3160008B,Anti-Mouse CD62L,<div>MEL-14</div>,160Gd,Mouse,100 Tests,"<a href=""https://fluidigm.my.salesforce.com/sfc/p/700000009DAw/a/4u0000019iAs/xVFco3vSRBud0YbmM14VSBppHHuWVFN_x40cChmjpRc"" target=""_blank"">PRD009-3160008B</a>","<a href=""https://fluidigm.my.salesforce.com/sfc/p/700000009DAw/a/4u000001870w/XU6eX2YZtdejnAfGRls.mPHhJTPvhOp30R18ZV_Asw4"" target=""_blank"">MSDS-3000000X</a>",various,Maxpar
CyTOF (Cytometry),3160008C,Anti-Mouse CD62L,<div>MEL-14</div>,160Gd,Mouse,25 Tests,"<a href=""https://fluidigm.my.salesforce.com/sfc/p/700000009DAw/a/4u0000019iAs/xVFco3vSRBud0YbmM14VSBppHHuWVFN_x40cChmjpRc"" target=""_blank"">PRD009-3160008B</a>","<a href=""https://fluidigm.my.salesforce.com/sfc/p/700000009DAw/a/4u000001870w/XU6eX2YZtdejnAfGRls.mPHhJTPvhOp30R18ZV_Asw4"" target=""_blank"">MSDS-3000000X</a>",various,Maxpar
CyTOF (Cytometry),3160011B,Anti-FITC,<div>FIT-22</div>,160Gd,"Human, Mouse",100 Tests,"<a href=""https://fluidigm.my.salesforce.com/sfc/p/700000009DAw/a/4u0000019iZp/1tX.uko.bKUHZ8db7gneYi8h.3sRm6Mw3p3gk5hfixU"" target=""_blank"">PRD009-3160011B</a>","<a href=""https://fluidigm.my.salesforce.com/sfc/p/700000009DAw/a/4u000001870w/XU6eX2YZtdejnAfGRls.mPHhJTPvhOp30R18ZV_Asw4"" target=""_blank"">MSDS-3000000X</a>",various,Maxpar
CyTOF (Cytometry),3160011C,Anti-FITC,<div>FIT-22 </div>,160Gd,"Human, Mouse",25 Tests,"<a href=""https://fluidigm.my.salesforce.com/sfc/p/700000009DAw/a/4u0000019iZp/1tX.uko.bKUHZ8db7gneYi8h.3sRm6Mw3p3gk5hfixU"" target=""_blank"">PRD009-3160011B</a>","<a href=""https://fluidigm.my.salesforce.com/sfc/p/700000009DAw/a/4u000001870w/XU6eX2YZtdejnAfGRls.mPHhJTPvhOp30R18ZV_Asw4"" target=""_blank"">MSDS-3000000X</a>",various,Maxpar
CyTOF (Cytometry),3160012B,Anti-Mouse CD45R/B220,<div>RA3-6B2</div>,160Gd,"Human, Mouse, Cat",100 Tests,"<a href=""https://fluidigm.my.salesforce.com/sfc/p/700000009DAw/a/4u0000019iDi/UVsNruqY5DIFYkTXpKZNbCtm1RsCZmh0oFBx8m7xHrA"" target=""_blank"">PRD009-3160012B</a>","<a href=""https://fluidigm.my.salesforce.com/sfc/p/700000009DAw/a/4u000001870w/XU6eX2YZtdejnAfGRls.mPHhJTPvhOp30R18ZV_Asw4"" target=""_blank"">MSDS-3000000X</a>",various,Maxpar
CyTOF (Cytometry),3160012C,Anti-Mouse CD45R/B220,<div>RA3-6B2</div>,160Gd,"Human, Mouse, Cat",25 Tests,"<a href=""https://fluidigm.my.salesforce.com/sfc/p/700000009DAw/a/4u0000019iDi/UVsNruqY5DIFYkTXpKZNbCtm1RsCZmh0oFBx8m7xHrA"" target=""_blank"">PRD009-3160012B</a>","<a href=""https://fluidigm.my.salesforce.com/sfc/p/700000009DAw/a/4u000001870w/XU6eX2YZtdejnAfGRls.mPHhJTPvhOp30R18ZV_Asw4"" target=""_blank"">MSDS-3000000X</a>",various,Maxpar
CyTOF (Cytometry),3160013B,Anti-Human MIP1β,<div>D21-1351</div>,160Gd,Human,100 Tests,"<a href=""https://fluidigm.my.salesforce.com/sfc/p/700000009DAw/a/4u0000019iDn/nG6onVPxIxBNWByJWg7S9zcPruw9bd2PO5ps6iHepn0"" target=""_blank"">PRD009-3160013B</a>","<a href=""https://fluidigm.my.salesforce.com/sfc/p/700000009DAw/a/4u000001870w/XU6eX2YZtdejnAfGRls.mPHhJTPvhOp30R18ZV_Asw4"" target=""_blank"">MSDS-3000000X</a>",various,Maxpar
CyTOF (Cytometry),3160013C,Anti-Human MIP1β,<div>D21-1351</div>,160Gd,Human,25 Tests,"<a href=""https://fluidigm.my.salesforce.com/sfc/p/700000009DAw/a/4u0000019iDn/nG6onVPxIxBNWByJWg7S9zcPruw9bd2PO5ps6iHepn0"" target=""_blank"">PRD009-3160013B</a>","<a href=""https://fluidigm.my.salesforce.com/sfc/p/700000009DAw/a/4u000001870w/XU6eX2YZtdejnAfGRls.mPHhJTPvhOp30R18ZV_Asw4"" target=""_blank"">MSDS-3000000X</a>",various,Maxpar
CyTOF (Cytometry),3160014B,Anti-Human CD13,<div>WM15</div>,160Gd,"Human, Baboon, Chimpanzee, Cotton-topped Tamarin",100 Tests,"<a href=""https://fluidigm.my.salesforce.com/sfc/p/700000009DAw/a/4u0000019iDj/o0lpaXhxylNYtb_upWmehd.Ndr0r8MlBw03zDYjqdak"" target=""_blank"">PRD009-3160014B</a>","<a href=""https://fluidigm.my.salesforce.com/sfc/p/700000009DAw/a/4u000001870w/XU6eX2YZtdejnAfGRls.mPHhJTPvhOp30R18ZV_Asw4"" target=""_blank"">MSDS-3000000X</a>",various,Maxpar
CyTOF (Cytometry),3160014C,Anti-Human CD13,<div>WM15</div>,160Gd,"Human, Baboon, Chimpanzee, Cotton-topped Tamarin",25 Tests,"<a href=""https://fluidigm.my.salesforce.com/sfc/p/700000009DAw/a/4u0000019iDj/o0lpaXhxylNYtb_upWmehd.Ndr0r8MlBw03zDYjqdak"" target=""_blank"">PRD009-3160014B</a>","<a href=""https://fluidigm.my.salesforce.com/sfc/p/700000009DAw/a/4u000001870w/XU6eX2YZtdejnAfGRls.mPHhJTPvhOp30R18ZV_Asw4"" target=""_blank"">MSDS-3000000X</a>",various,Maxpar
CyTOF (Cytometry),3160015B,Anti-Human CD49e,<div>NKI-SAM-1</div>,160Gd,"Human, African Green, Baboon, Cynomolgus, Rhesus",100 Tests,"<a href=""https://fluidigm.my.salesforce.com/sfc/p/700000009DAw/a/4u0000019iDs/nv8Fi1ZaQuk4cOhExJkmtYEJJKqSP56TkRp9taJ.DNY"" target=""_blank"">PRD009-3160015B</a>","<a href=""https://fluidigm.my.salesforce.com/sfc/p/700000009DAw/a/4u000001870w/XU6eX2YZtdejnAfGRls.mPHhJTPvhOp30R18ZV_Asw4"" target=""_blank"">MSDS-3000000X</a>",various,Maxpar
CyTOF (Cytometry),3160015C,Anti-Human CD49e,<div>NKI-SAM-1</div>,160Gd,"Human, African Green, Baboon, Cynomolgus, Rhesus",25 Tests,"<a href=""https://fluidigm.my.salesforce.com/sfc/p/700000009DAw/a/4u0000019iDs/nv8Fi1ZaQuk4cOhExJkmtYEJJKqSP56TkRp9taJ.DNY"" target=""_blank"">PRD009-3160015B</a>","<a href=""https://fluidigm.my.salesforce.com/sfc/p/700000009DAw/a/4u000001870w/XU6eX2YZtdejnAfGRls.mPHhJTPvhOp30R18ZV_Asw4"" target=""_blank"">MSDS-3000000X</a>",various,Maxpar
CyTOF (Cytometry),3160016B,Anti-Human CD186/CXCR6,<div>K041E5</div>,160Gd,Human,100 Tests,"<a href=""https://fluidigm.my.salesforce.com/sfc/p/700000009DAw/a/4u0000019iDt/dAYi9qrO2bmED63ThnvPVyx32G1uJaeqd9nn1HGJXNU"" target=""_blank"">PRD009-3160016B</a>","<a href=""https://fluidigm.my.salesforce.com/sfc/p/700000009DAw/a/4u000001870w/XU6eX2YZtdejnAfGRls.mPHhJTPvhOp30R18ZV_Asw4"" target=""_blank"">MSDS-3000000X</a>",various,Maxpar
CyTOF (Cytometry),3160016C,Anti-Human CD186/CXCR6,<div>K041E5</div>,160Gd,Human,25 Tests,"<a href=""https://fluidigm.my.salesforce.com/sfc/p/700000009DAw/a/4u0000019iDt/dAYi9qrO2bmED63ThnvPVyx32G1uJaeqd9nn1HGJXNU"" target=""_blank"">PRD009-3160016B</a>","<a href=""https://fluidigm.my.salesforce.com/sfc/p/700000009DAw/a/4u000001870w/XU6eX2YZtdejnAfGRls.mPHhJTPvhOp30R18ZV_Asw4"" target=""_blank"">MSDS-3000000X</a>",various,Maxpar
CyTOF (Cytometry),3160017B,Anti-Human CD130,<div>2E1B02</div>,160Gd,Human,100 Tests,"<a href=""https://fluidigm.my.salesforce.com/sfc/p/700000009DAw/a/4u0000019iDx/yu20jvdR.YgaoR.eqvWuC06uNNocr3EU.akFutEORXk"" target=""_blank"">PRD009-3160017B</a>","<a href=""https://fluidigm.my.salesforce.com/sfc/p/700000009DAw/a/4u000001870w/XU6eX2YZtdejnAfGRls.mPHhJTPvhOp30R18ZV_Asw4"" target=""_blank"">MSDS-3000000X</a>",various,Maxpar
CyTOF (Cytometry),3160017C,Anti-Human CD130,<div>2E1B02</div>,160Gd,Human,25 Tests,"<a href=""https://fluidigm.my.salesforce.com/sfc/p/700000009DAw/a/4u0000019iDx/yu20jvdR.YgaoR.eqvWuC06uNNocr3EU.akFutEORXk"" target=""_blank"">PRD009-3160017B</a>","<a href=""https://fluidigm.my.salesforce.com/sfc/p/700000009DAw/a/4u000001870w/XU6eX2YZtdejnAfGRls.mPHhJTPvhOp30R18ZV_Asw4"" target=""_blank"">MSDS-3000000X</a>",various,Maxpar
CyTOF (Cytometry),3160020B,Anti-Human CD23,<div>EBVCS-5</div>,160Gd,Human,100 Tests,"<a href=""https://fluidigm.my.salesforce.com/sfc/p/700000009DAw/a/4u0000019iE2/dkN3iIz3jQd.o7S28TyD2lhIAxyrpdhmZWAkJPvPwwI"" target=""_blank"">PRD009-3160020B</a>","<a href=""https://fluidigm.my.salesforce.com/sfc/p/700000009DAw/a/4u000001870w/XU6eX2YZtdejnAfGRls.mPHhJTPvhOp30R18ZV_Asw4"" target=""_blank"">MSDS-3000000X</a>",various,Maxpar
CyTOF (Cytometry),3160020C,Anti-Human CD23,<div>EBVCS-5</div>,160Gd,Human,25 Tests,"<a href=""https://fluidigm.my.salesforce.com/sfc/p/700000009DAw/a/4u0000019iE2/dkN3iIz3jQd.o7S28TyD2lhIAxyrpdhmZWAkJPvPwwI"" target=""_blank"">PRD009-3160020B</a>","<a href=""https://fluidigm.my.salesforce.com/sfc/p/700000009DAw/a/4u000001870w/XU6eX2YZtdejnAfGRls.mPHhJTPvhOp30R18ZV_Asw4"" target=""_blank"">MSDS-3000000X</a>",various,Maxpar
CyTOF (Cytometry),3160021B,Anti-Mouse I-Ad ,<div>39-10-8</div>,160Gd,"Human, African Green, Baboon, Cynomolgus, Rhesus",100 Tests,"<a href=""https://fluidigm.my.salesforce.com/sfc/p/700000009DAw/a/4u0000019iDy/aDBIndtwjsQ8QReb4MmtaO4m2qF61j21X.dCyUcB3ds"" target=""_blank"">PRD009-3160021B</a>","<a href=""https://fluidigm.my.salesforce.com/sfc/p/700000009DAw/a/4u000001870w/XU6eX2YZtdejnAfGRls.mPHhJTPvhOp30R18ZV_Asw4"" target=""_blank"">MSDS-3000000X</a>",various,Maxpar
CyTOF (Cytometry),3160021C,Anti-Mouse I-Ad ,<div>39-10-8</div>,160Gd,"Human, African Green, Baboon, Cynomolgus, Rhesus",25 Tests,"<a href=""https://fluidigm.my.salesforce.com/sfc/p/700000009DAw/a/4u0000019iDy/aDBIndtwjsQ8QReb4MmtaO4m2qF61j21X.dCyUcB3ds"" target=""_blank"">PRD009-3160021B</a>","<a href=""https://fluidigm.my.salesforce.com/sfc/p/700000009DAw/a/4u000001870w/XU6eX2YZtdejnAfGRls.mPHhJTPvhOp30R18ZV_Asw4"" target=""_blank"">MSDS-3000000X</a>",various,Maxpar
CyTOF (Cytometry),3160027B,Anti-Human T-bet/TBX21,<div>D6N8B</div>,160Gd,Human,100 Tests,"<a href=""https://fluidigm.my.salesforce.com/sfc/p/700000009DAw/a/4u0000010pxE/Ndr7UEtk_5.ulKTNUFsOaJqqI5s22D3mUayGcWQfALI"" target=""_blank"">PRD009-3160027B</a>","<a href=""https://fluidigm.my.salesforce.com/sfc/p/700000009DAw/a/4u000001870w/XU6eX2YZtdejnAfGRls.mPHhJTPvhOp30R18ZV_Asw4"" target=""_blank"">MSDS-3000000X</a>",various,Maxpar
CyTOF (Cytometry),3160027C,Anti-Human T-bet/TBX21,<div>D6N8B</div>,160Gd,Human,25 Tests,"<a href=""https://fluidigm.my.salesforce.com/sfc/p/700000009DAw/a/4u0000010pxE/Ndr7UEtk_5.ulKTNUFsOaJqqI5s22D3mUayGcWQfALI"" target=""_blank"">PRD009-3160027B</a>","<a href=""https://fluidigm.my.salesforce.com/sfc/p/700000009DAw/a/4u000001870w/XU6eX2YZtdejnAfGRls.mPHhJTPvhOp30R18ZV_Asw4"" target=""_blank"">MSDS-3000000X</a>",various,Maxpar
CyTOF (Cytometry),3161003B,Anti-Human DR3,<div>JD3</div>,161Dy,Human,100 Tests,"<a href=""https://fluidigm.my.salesforce.com/sfc/p/700000009DAw/a/4u0000019iEC/PDGxmTfViM2yMzdIzNtA.R8NPWI95S7uFXIaNY3OFSU"" target=""_blank"">PRD009-3161003B</a>","<a href=""https://fluidigm.my.salesforce.com/sfc/p/700000009DAw/a/4u000001870w/XU6eX2YZtdejnAfGRls.mPHhJTPvhOp30R18ZV_Asw4"" target=""_blank"">MSDS-3000000X</a>",various,Maxpar
CyTOF (Cytometry),3161003C,Anti-Human DR3,<div>JD3 </div>,161Dy,Human,25 Tests,"<a href=""https://fluidigm.my.salesforce.com/sfc/p/700000009DAw/a/4u0000019iEC/PDGxmTfViM2yMzdIzNtA.R8NPWI95S7uFXIaNY3OFSU"" target=""_blank"">PRD009-3161003B</a>","<a href=""https://fluidigm.my.salesforce.com/sfc/p/700000009DAw/a/4u000001870w/XU6eX2YZtdejnAfGRls.mPHhJTPvhOp30R18ZV_Asw4"" target=""_blank"">MSDS-3000000X</a>",various,Maxpar
CyTOF (Cytometry),3161004B,Anti-Human CD152/CTLA-4,<div>14D3</div>,161Dy,"Human, Rhesus Macaque",100 Tests,"<a href=""https://fluidigm.my.salesforce.com/sfc/p/700000009DAw/a/4u0000019iE3/COJwhFRS23yLKEX49WK6tLDF08.JN5asDde.E6lo9kU"" target=""_blank"">PRD009-3161004B</a>","<a href=""https://fluidigm.my.salesforce.com/sfc/p/700000009DAw/a/4u000001870w/XU6eX2YZtdejnAfGRls.mPHhJTPvhOp30R18ZV_Asw4"" target=""_blank"">MSDS-3000000X</a>",various,Maxpar
CyTOF (Cytometry),3161004C,Anti-Human CD152/CTLA-4,<div>14D3</div>,161Dy,"Human, Rhesus Macaque",25 Tests,"<a href=""https://fluidigm.my.salesforce.com/sfc/p/700000009DAw/a/4u0000019iE3/COJwhFRS23yLKEX49WK6tLDF08.JN5asDde.E6lo9kU"" target=""_blank"">PRD009-3161004B</a>","<a href=""https://fluidigm.my.salesforce.com/sfc/p/700000009DAw/a/4u000001870w/XU6eX2YZtdejnAfGRls.mPHhJTPvhOp30R18ZV_Asw4"" target=""_blank"">MSDS-3000000X</a>",various,Maxpar
CyTOF (Cytometry),3161005A,Anti-Human Gata6,<div>D61E4</div>,161Dy,Human,50 Tests,"<a href=""https://fluidigm.my.salesforce.com/sfc/p/700000009DAw/a/4u0000019iED/s0lt0bmDKjY1IaVA.l8_w8TkOxUl7ICTzy7oUORBr4o"" target=""_blank"">PRD009-3161005A</a>","<a href=""https://fluidigm.my.salesforce.com/sfc/p/700000009DAw/a/4u000001870w/XU6eX2YZtdejnAfGRls.mPHhJTPvhOp30R18ZV_Asw4"" target=""_blank"">MSDS-3000000X</a>",various,Maxpar
CyTOF (Cytometry),3161005C,Anti-Human Gata6,<div>D61E4 </div>,161Dy,Human,25 Tests,"<a href=""https://fluidigm.my.salesforce.com/sfc/p/700000009DAw/a/4u0000019iED/s0lt0bmDKjY1IaVA.l8_w8TkOxUl7ICTzy7oUORBr4o"" target=""_blank"">PRD009-3161005B</a>","<a href=""https://fluidigm.my.salesforce.com/sfc/p/700000009DAw/a/4u000001870w/XU6eX2YZtdejnAfGRls.mPHhJTPvhOp30R18ZV_Asw4"" target=""_blank"">MSDS-3000000X</a>",various,Maxpar
CyTOF (Cytometry),3161006A,Anti-Human pBad [S112],<div>40A9</div>,161Dy,"Human, mouse, rat, monkey",50 Tests,"<a href=""https://fluidigm.my.salesforce.com/sfc/p/700000009DAw/a/4u0000019iE4/p_dPTOZFZQRwpb38qXi3JOhRqr78m4eL3Bd1Dn5K6Yg"" target=""_blank"">PRD009-3161006A</a>","<a href=""https://fluidigm.my.salesforce.com/sfc/p/700000009DAw/a/4u000001870w/XU6eX2YZtdejnAfGRls.mPHhJTPvhOp30R18ZV_Asw4"" target=""_blank"">MSDS-3000000X</a>",various,Maxpar
CyTOF (Cytometry),3161006C,Anti-Human pBad [S112],<div>40A9 </div>,161Dy,"Human, mouse, rat, monkey",25 Tests,"<a href=""https://fluidigm.my.salesforce.com/sfc/p/700000009DAw/a/4u0000019iE4/p_dPTOZFZQRwpb38qXi3JOhRqr78m4eL3Bd1Dn5K6Yg"" target=""_blank"">PRD009-3161006B</a>","<a href=""https://fluidigm.my.salesforce.com/sfc/p/700000009DAw/a/4u000001870w/XU6eX2YZtdejnAfGRls.mPHhJTPvhOp30R18ZV_Asw4"" target=""_blank"">MSDS-3000000X</a>",various,Maxpar
CyTOF (Cytometry),3161007B,Anti-Ki-67,<div>B56</div>,161Dy,"Rat, Mouse, Human, Rhesus Macaque",100 Tests,"<a href=""https://fluidigm.my.salesforce.com/sfc/p/700000009DAw/a/4u0000019iEE/IeX.dptq8G8ECf_8Fye2wE_EPU0wOdTQdFO5X7TYowA"" target=""_blank"">PRD009-3161007B</a>","<a href=""https://fluidigm.my.salesforce.com/sfc/p/700000009DAw/a/4u000001870w/XU6eX2YZtdejnAfGRls.mPHhJTPvhOp30R18ZV_Asw4"" target=""_blank"">MSDS-3000000X</a>",various,Maxpar
CyTOF (Cytometry),3161007C,Anti-Ki-67,<div>B56</div>,161Dy,"Rat, Mouse, Human, Rhesus Macaque",25 Tests,"<a href=""https://fluidigm.my.salesforce.com/sfc/p/700000009DAw/a/4u0000019iEE/IeX.dptq8G8ECf_8Fye2wE_EPU0wOdTQdFO5X7TYowA"" target=""_blank"">PRD009-3161007B</a>","<a href=""https://fluidigm.my.salesforce.com/sfc/p/700000009DAw/a/4u000001870w/XU6eX2YZtdejnAfGRls.mPHhJTPvhOp30R18ZV_Asw4"" target=""_blank"">MSDS-3000000X</a>",various,Maxpar
CyTOF (Cytometry),3161008B,Anti-Human IL-17A,<div>BL-168</div>,161Dy,Human,100 Tests,"<a href=""https://fluidigm.my.salesforce.com/sfc/p/700000009DAw/a/4u0000019iEH/dBQSbbS0KmGzEZNS57D4zAORHAhurF8zZrZ_zRj7r9A"" target=""_blank"">PRD009-3161008B</a>","<a href=""https://fluidigm.my.salesforce.com/sfc/p/700000009DAw/a/4u000001870w/XU6eX2YZtdejnAfGRls.mPHhJTPvhOp30R18ZV_Asw4"" target=""_blank"">MSDS-3000000X</a>",various,Maxpar
CyTOF (Cytometry),3161008C,Anti-Human IL-17A,<div>BL-168</div>,161Dy,Human,25 Tests,"<a href=""https://fluidigm.my.salesforce.com/sfc/p/700000009DAw/a/4u0000019iEH/dBQSbbS0KmGzEZNS57D4zAORHAhurF8zZrZ_zRj7r9A"" target=""_blank"">PRD009-3161008B</a>","<a href=""https://fluidigm.my.salesforce.com/sfc/p/700000009DAw/a/4u000001870w/XU6eX2YZtdejnAfGRls.mPHhJTPvhOp30R18ZV_Asw4"" target=""_blank"">MSDS-3000000X</a>",various,Maxpar
CyTOF (Cytometry),3161009B,Anti-Human CD90,<div>5E10</div>,161Dy,"Human, African Green, Baboon, Cynomolgus, Pigtailed Macaque, Rhesus, Swine (Pig, Porcine)",100 Tests,"<a href=""https://fluidigm.my.salesforce.com/sfc/p/700000009DAw/a/4u0000019jAq/nks1Fa._Kqax2.Wcrg1jpX6jZrkr.ee8_y2SQpbWCIg"" target=""_blank"">PRD009-3161009B</a>","<a href=""https://fluidigm.my.salesforce.com/sfc/p/700000009DAw/a/4u000001870w/XU6eX2YZtdejnAfGRls.mPHhJTPvhOp30R18ZV_Asw4"" target=""_blank"">MSDS-3000000X</a>",various,Maxpar
CyTOF (Cytometry),3161009C,Anti-Human CD90,<div>5E10</div>,161Dy,"Human, African Green, Baboon, Cynomolgus, Pigtailed Macaque, Rhesus, Swine (Pig, Porcine)",25 Tests,"<a href=""https://fluidigm.my.salesforce.com/sfc/p/700000009DAw/a/4u0000019jAq/nks1Fa._Kqax2.Wcrg1jpX6jZrkr.ee8_y2SQpbWCIg"" target=""_blank"">PRD009-3161009B</a>","<a href=""https://fluidigm.my.salesforce.com/sfc/p/700000009DAw/a/4u000001870w/XU6eX2YZtdejnAfGRls.mPHhJTPvhOp30R18ZV_Asw4"" target=""_blank"">MSDS-3000000X</a>",various,Maxpar
CyTOF (Cytometry),3161010B,Anti-Human IL-23 p19,<div>23dcdp</div>,161Dy,Human,100 Tests,"<a href=""https://fluidigm.my.salesforce.com/sfc/p/700000009DAw/a/4u0000019iEM/FfGpmkXMsK.3jkTiIOxaLA7e26pX4qd35jz2KAyoF28"" target=""_blank"">PRD009-3161010B</a>","<a href=""https://fluidigm.my.salesforce.com/sfc/p/700000009DAw/a/4u000001870w/XU6eX2YZtdejnAfGRls.mPHhJTPvhOp30R18ZV_Asw4"" target=""_blank"">MSDS-3000000X</a>",various,Maxpar
CyTOF (Cytometry),3161010C,Anti-Human IL-23 p19,<div>23dcdp</div>,161Dy,Human,25 Tests,"<a href=""https://fluidigm.my.salesforce.com/sfc/p/700000009DAw/a/4u0000019iEM/FfGpmkXMsK.3jkTiIOxaLA7e26pX4qd35jz2KAyoF28"" target=""_blank"">PRD009-3161010B</a>","<a href=""https://fluidigm.my.salesforce.com/sfc/p/700000009DAw/a/4u000001870w/XU6eX2YZtdejnAfGRls.mPHhJTPvhOp30R18ZV_Asw4"" target=""_blank"">MSDS-3000000X</a>",various,Maxpar
CyTOF (Cytometry),3161011B,Anti-Mouse iNOS,<div>CXNFT</div>,161Dy,Mouse,100 Tests,"<a href=""https://fluidigm.my.salesforce.com/sfc/p/700000009DAw/a/4u0000019iER/DDdzFvf7n9diXVg.AsZpglXEiaqqLnmdHTJZgJqzl78"" target=""_blank"">PRD009-3161011B</a>","<a href=""https://fluidigm.my.salesforce.com/sfc/p/700000009DAw/a/4u000001870w/XU6eX2YZtdejnAfGRls.mPHhJTPvhOp30R18ZV_Asw4"" target=""_blank"">MSDS-3000000X</a>",various,Maxpar
CyTOF (Cytometry),3161011C,Anti-Mouse iNOS,<div>CXNFT</div>,161Dy,Mouse,25 Tests,"<a href=""https://fluidigm.my.salesforce.com/sfc/p/700000009DAw/a/4u0000019iER/DDdzFvf7n9diXVg.AsZpglXEiaqqLnmdHTJZgJqzl78"" target=""_blank"">PRD009-3161011B</a>","<a href=""https://fluidigm.my.salesforce.com/sfc/p/700000009DAw/a/4u000001870w/XU6eX2YZtdejnAfGRls.mPHhJTPvhOp30R18ZV_Asw4"" target=""_blank"">MSDS-3000000X</a>",various,Maxpar
CyTOF (Cytometry),3161012B,Anti-Human CD49b,<div>P1E6-C5</div>,161Dy,Human,100 Tests,"<a href=""https://fluidigm.my.salesforce.com/sfc/p/700000009DAw/a/4u0000019iEW/MDMJyqBz9RI2OlJ.OM13AK3j_rqgqmQuBj7EoTYNW1I"" target=""_blank"">PRD009-3161012B</a>","<a href=""https://fluidigm.my.salesforce.com/sfc/p/700000009DAw/a/4u000001870w/XU6eX2YZtdejnAfGRls.mPHhJTPvhOp30R18ZV_Asw4"" target=""_blank"">MSDS-3000000X</a>",various,Maxpar
CyTOF (Cytometry),3161012C,Anti-Human CD49b,<div>P1E6-C5</div>,161Dy,Human,25 Tests,"<a href=""https://fluidigm.my.salesforce.com/sfc/p/700000009DAw/a/4u0000019iEW/MDMJyqBz9RI2OlJ.OM13AK3j_rqgqmQuBj7EoTYNW1I"" target=""_blank"">PRD009-3161012B</a>","<a href=""https://fluidigm.my.salesforce.com/sfc/p/700000009DAw/a/4u000001870w/XU6eX2YZtdejnAfGRls.mPHhJTPvhOp30R18ZV_Asw4"" target=""_blank"">MSDS-3000000X</a>",various,Maxpar
CyTOF (Cytometry),3161015B,Anti-Human CD26 ,<div>BA5b</div>,161Dy,Human,100 Tests,"<a href=""https://fluidigm.my.salesforce.com/sfc/p/700000009DAw/a/4u0000019iEg/GkpZdlV7hoZGkgUmWnhM8Uyk51HIg_DbiyjwVFXmpFE"" target=""_blank"">PRD009-3161015B</a>","<a href=""https://fluidigm.my.salesforce.com/sfc/p/700000009DAw/a/4u000001870w/XU6eX2YZtdejnAfGRls.mPHhJTPvhOp30R18ZV_Asw4"" target=""_blank"">MSDS-3000000X</a>",various,Maxpar
CyTOF (Cytometry),3161015C,Anti-Human CD26 ,<div>BA5b</div>,161Dy,Human,25 Tests,"<a href=""https://fluidigm.my.salesforce.com/sfc/p/700000009DAw/a/4u0000019iEg/GkpZdlV7hoZGkgUmWnhM8Uyk51HIg_DbiyjwVFXmpFE"" target=""_blank"">PRD009-3161015B</a>","<a href=""https://fluidigm.my.salesforce.com/sfc/p/700000009DAw/a/4u000001870w/XU6eX2YZtdejnAfGRls.mPHhJTPvhOp30R18ZV_Asw4"" target=""_blank"">MSDS-3000000X</a>",various,Maxpar
CyTOF (Cytometry),3161016B,Anti-Human CD49c ,<div>ASC-1</div>,161Dy,Human,100 Tests,"<a href=""https://fluidigm.my.salesforce.com/sfc/p/700000009DAw/a/4u000000tLdp/QsqL_vbBKkIbd0GBRK3ZRETFpr.Zbl2oxLonW7L4.iU"" target=""_blank"">PRD009-3161016B</a>","<a href=""https://fluidigm.my.salesforce.com/sfc/p/700000009DAw/a/4u000001870w/XU6eX2YZtdejnAfGRls.mPHhJTPvhOp30R18ZV_Asw4"" target=""_blank"">MSDS-3000000X</a>",various,Maxpar
CyTOF (Cytometry),3161016C,Anti-Human CD49c ,<div>ASC-1</div>,161Dy,Human,25 Tests,"<a href=""https://fluidigm.my.salesforce.com/sfc/p/700000009DAw/a/4u000000tLdp/QsqL_vbBKkIbd0GBRK3ZRETFpr.Zbl2oxLonW7L4.iU"" target=""_blank"">PRD009-3161016B</a>","<a href=""https://fluidigm.my.salesforce.com/sfc/p/700000009DAw/a/4u000001870w/XU6eX2YZtdejnAfGRls.mPHhJTPvhOp30R18ZV_Asw4"" target=""_blank"">MSDS-3000000X</a>",various,Maxpar
CyTOF (Cytometry),3161017B,Anti-Human CD107b ,<div>H4B4</div>,161Dy,Human,100 Tests,"<a href=""https://fluidigm.my.salesforce.com/sfc/p/700000009DAw/a/4u0000019iEl/y4d24nP8C0aGUcotzxl9HK6ZwMCAwuvhF4UHhD_zOzY"" target=""_blank"">PRD009-3161017B</a>","<a href=""https://fluidigm.my.salesforce.com/sfc/p/700000009DAw/a/4u000001870w/XU6eX2YZtdejnAfGRls.mPHhJTPvhOp30R18ZV_Asw4"" target=""_blank"">MSDS-3000000X</a>",various,Maxpar
CyTOF (Cytometry),3161017C,Anti-Human CD107b ,<div>H4B4 </div>,161Dy,Human,25 Tests,"<a href=""https://fluidigm.my.salesforce.com/sfc/p/700000009DAw/a/4u0000019iEl/y4d24nP8C0aGUcotzxl9HK6ZwMCAwuvhF4UHhD_zOzY"" target=""_blank"">PRD009-3161017B</a>","<a href=""https://fluidigm.my.salesforce.com/sfc/p/700000009DAw/a/4u000001870w/XU6eX2YZtdejnAfGRls.mPHhJTPvhOp30R18ZV_Asw4"" target=""_blank"">MSDS-3000000X</a>",various,Maxpar
CyTOF (Cytometry),3161018B,Anti-Human CD370/CLEC9A,<div>8F9</div>,161Dy,Human,100 Tests,"<a href=""https://fluidigm.my.salesforce.com/sfc/p/700000009DAw/a/4u0000019iEq/XVovoD3khmeqdBNWsQtX9OA86ae0zKcigQXQQurCInM"" target=""_blank"">PRD009-3161018B</a>","<a href=""https://fluidigm.my.salesforce.com/sfc/p/700000009DAw/a/4u000001870w/XU6eX2YZtdejnAfGRls.mPHhJTPvhOp30R18ZV_Asw4"" target=""_blank"">MSDS-3000000X</a>",various,Maxpar
CyTOF (Cytometry),3161018C,Anti-Human CD370/CLEC9A,<div>8F9</div>,161Dy,Human,25 Tests,"<a href=""https://fluidigm.my.salesforce.com/sfc/p/700000009DAw/a/4u0000019iEq/XVovoD3khmeqdBNWsQtX9OA86ae0zKcigQXQQurCInM"" target=""_blank"">PRD009-3161018B</a>","<a href=""https://fluidigm.my.salesforce.com/sfc/p/700000009DAw/a/4u000001870w/XU6eX2YZtdejnAfGRls.mPHhJTPvhOp30R18ZV_Asw4"" target=""_blank"">MSDS-3000000X</a>",various,Maxpar
CyTOF (Cytometry),3161019B,Anti-Human CD85d/ILT4,<div>42D1</div>,161Dy,Human,100 Tests,"<a href=""https://fluidigm.my.salesforce.com/sfc/p/700000009DAw/a/4u0000019iEv/vDwCFxu0qngqmOk2BIA3zI4PH2qwgP__AMhzbiK1E8Q"" target=""_blank"">PRD009-3161019B</a>","<a href=""https://fluidigm.my.salesforce.com/sfc/p/700000009DAw/a/4u000001870w/XU6eX2YZtdejnAfGRls.mPHhJTPvhOp30R18ZV_Asw4"" target=""_blank"">MSDS-3000000X</a>",various,Maxpar
CyTOF (Cytometry),3161019C,Anti-Human CD85d/ILT4,<div>42D1</div>,161Dy,Human,25 Tests,"<a href=""https://fluidigm.my.salesforce.com/sfc/p/700000009DAw/a/4u0000019iEv/vDwCFxu0qngqmOk2BIA3zI4PH2qwgP__AMhzbiK1E8Q"" target=""_blank"">PRD009-3161019B</a>","<a href=""https://fluidigm.my.salesforce.com/sfc/p/700000009DAw/a/4u000001870w/XU6eX2YZtdejnAfGRls.mPHhJTPvhOp30R18ZV_Asw4"" target=""_blank"">MSDS-3000000X</a>",various,Maxpar
CyTOF (Cytometry),3161020B,Anti-CD40,<div>HM40-3</div>,161Dy,"Mouse, Rat",100 Tests,"<a href=""https://fluidigm.my.salesforce.com/sfc/p/700000009DAw/a/4u0000019iF0/_wfhJEum3a25c5dTRhOYdSrAO22jqy8mdDcInjur1.E"" target=""_blank"">PRD009-3161020B</a>","<a href=""https://fluidigm.my.salesforce.com/sfc/p/700000009DAw/a/4u000001870w/XU6eX2YZtdejnAfGRls.mPHhJTPvhOp30R18ZV_Asw4"" target=""_blank"">MSDS-3000000X</a>",various,Maxpar
CyTOF (Cytometry),3161020C,Anti-CD40,<div>HM40-3</div>,161Dy,"Mouse, Rat",25 Tests,"<a href=""https://fluidigm.my.salesforce.com/sfc/p/700000009DAw/a/4u0000019iF0/_wfhJEum3a25c5dTRhOYdSrAO22jqy8mdDcInjur1.E"" target=""_blank"">PRD009-3161020B</a>","<a href=""https://fluidigm.my.salesforce.com/sfc/p/700000009DAw/a/4u000001870w/XU6eX2YZtdejnAfGRls.mPHhJTPvhOp30R18ZV_Asw4"" target=""_blank"">MSDS-3000000X</a>",various,Maxpar
CyTOF (Cytometry),3161021B,Anti-Human Tim-4,<div>9F4</div>,161Dy,Human,100 Tests,"<a href=""https://fluidigm.my.salesforce.com/sfc/p/700000009DAw/a/4u0000019iEc/eiKwwirsERsGw_sPMM9lKGlGakCPQaxTW5A8aBav0a0"" target=""_blank"">PRD009-3161021B</a>","<a href=""https://fluidigm.my.salesforce.com/sfc/p/700000009DAw/a/4u000001870w/XU6eX2YZtdejnAfGRls.mPHhJTPvhOp30R18ZV_Asw4"" target=""_blank"">MSDS-3000000X</a>",various,Maxpar
CyTOF (Cytometry),3161021C,Anti-Human Tim-4,<div>9F4</div>,161Dy,Human,25 Tests,"<a href=""https://fluidigm.my.salesforce.com/sfc/p/700000009DAw/a/4u0000019iEc/eiKwwirsERsGw_sPMM9lKGlGakCPQaxTW5A8aBav0a0"" target=""_blank"">PRD009-3161021B</a>","<a href=""https://fluidigm.my.salesforce.com/sfc/p/700000009DAw/a/4u000001870w/XU6eX2YZtdejnAfGRls.mPHhJTPvhOp30R18ZV_Asw4"" target=""_blank"">MSDS-3000000X</a>",various,Maxpar
CyTOF (Cytometry),3161023B,Anti-Human CD80/B7-1,<div>2D10.4</div>,161Dy,"Human, Rhesus Macaque",100 Tests,"<a href=""https://fluidigm.my.salesforce.com/sfc/p/700000009DAw/a/4u000000MzWI/ONZmgvqSRpRk_gFNPgz2kjEXIIycdU6g_fnYiK.RIto"" target=""_blank"">PRD009-3161023B</a>","<a href=""https://fluidigm.my.salesforce.com/sfc/p/700000009DAw/a/4u000001870w/XU6eX2YZtdejnAfGRls.mPHhJTPvhOp30R18ZV_Asw4"" target=""_blank"">MSDS-3000000X</a>",various,Maxpar
CyTOF (Cytometry),3161023C,Anti-Human CD80/B7-1,<div>2D10.4</div>,161Dy,"Human, Rhesus Macaque",25 Tests,"<a href=""https://fluidigm.my.salesforce.com/sfc/p/700000009DAw/a/4u000000MzWI/ONZmgvqSRpRk_gFNPgz2kjEXIIycdU6g_fnYiK.RIto"" target=""_blank"">PRD009-3161023B</a>","<a href=""https://fluidigm.my.salesforce.com/sfc/p/700000009DAw/a/4u000001870w/XU6eX2YZtdejnAfGRls.mPHhJTPvhOp30R18ZV_Asw4"" target=""_blank"">MSDS-3000000X</a>",various,Maxpar
CyTOF (Cytometry),3161025B,Anti-Human LGR5 ,<div>4D11F8</div>,161Dy,Human,100 Tests,"<a href=""https://fluidigm.my.salesforce.com/sfc/p/700000009DAw/a/4u0000019iF5/vJl3YJ90Es.ZIrG2THydT9AeGbuG5fIJWYWr4s5iesU"" target=""_blank"">PRD009-3161025B</a>","<a href=""https://fluidigm.my.salesforce.com/sfc/p/700000009DAw/a/4u000001870w/XU6eX2YZtdejnAfGRls.mPHhJTPvhOp30R18ZV_Asw4"" target=""_blank"">MSDS-3000000X</a>",various,Maxpar
CyTOF (Cytometry),3161025C,Anti-Human LGR5 ,<div>4D11F8</div>,161Dy,Human,25 Tests,"<a href=""https://fluidigm.my.salesforce.com/sfc/p/700000009DAw/a/4u0000019iF5/vJl3YJ90Es.ZIrG2THydT9AeGbuG5fIJWYWr4s5iesU"" target=""_blank"">PRD009-3161025B</a>","<a href=""https://fluidigm.my.salesforce.com/sfc/p/700000009DAw/a/4u000001870w/XU6eX2YZtdejnAfGRls.mPHhJTPvhOp30R18ZV_Asw4"" target=""_blank"">MSDS-3000000X</a>",various,Maxpar
CyTOF (Cytometry),3161026B,Anti-Human CD162 ,<div>KPL-1</div>,161Dy,"Human, African Green, Baboon, Cynomolgus, Rhesus",100 Tests,"<a href=""https://fluidigm.my.salesforce.com/sfc/p/700000009DAw/a/4u0000019iF1/FIzxDepK.wFt._RGY0t9M8xqI05aFYNvGi6reUwv8P4"" target=""_blank"">PRD009-3161026B</a>","<a href=""https://fluidigm.my.salesforce.com/sfc/p/700000009DAw/a/4u000001870w/XU6eX2YZtdejnAfGRls.mPHhJTPvhOp30R18ZV_Asw4"" target=""_blank"">MSDS-3000000X</a>",various,Maxpar
CyTOF (Cytometry),3161026C,Anti-Human CD162 ,<div>KPL-1</div>,161Dy,"Human, African Green, Baboon, Cynomolgus, Rhesus",25 Tests,"<a href=""https://fluidigm.my.salesforce.com/sfc/p/700000009DAw/a/4u0000019iF1/FIzxDepK.wFt._RGY0t9M8xqI05aFYNvGi6reUwv8P4"" target=""_blank"">PRD009-3161026B</a>","<a href=""https://fluidigm.my.salesforce.com/sfc/p/700000009DAw/a/4u000001870w/XU6eX2YZtdejnAfGRls.mPHhJTPvhOp30R18ZV_Asw4"" target=""_blank"">MSDS-3000000X</a>",various,Maxpar
CyTOF (Cytometry),3161033B,Anti-Human T-bet/TBX21,<div>D6N8B</div>,161Dy,Human,100 Tests,"<a href=""https://fluidigm.my.salesforce.com/sfc/p/700000009DAw/a/4u0000010px9/o4pNTBaZgbvv3R4_XZOJZwQP1y2gWCarGbhOsvqX4hg"" target=""_blank"">PRD009-3161033B</a>","<a href=""https://fluidigm.my.salesforce.com/sfc/p/700000009DAw/a/4u000001870w/XU6eX2YZtdejnAfGRls.mPHhJTPvhOp30R18ZV_Asw4"" target=""_blank"">MSDS-3000000X</a>",various,Maxpar
CyTOF (Cytometry),3161033C,Anti-Human T-bet/TBX21,<div>D6N8B</div>,161Dy,Human,25 Tests,"<a href=""https://fluidigm.my.salesforce.com/sfc/p/700000009DAw/a/4u0000010px9/o4pNTBaZgbvv3R4_XZOJZwQP1y2gWCarGbhOsvqX4hg"" target=""_blank"">PRD009-3161033B</a>","<a href=""https://fluidigm.my.salesforce.com/sfc/p/700000009DAw/a/4u000001870w/XU6eX2YZtdejnAfGRls.mPHhJTPvhOp30R18ZV_Asw4"" target=""_blank"">MSDS-3000000X</a>",various,Maxpar
CyTOF (Cytometry),3161034B,Anti-Human CD38,<div>HB-7</div>,161Dy,"Human, Chimpanzee, Horse, Cow",100 Tests,"<a href=""https://fluidigm.my.salesforce.com/sfc/p/700000009DAw/a/4u000000qQSM/mhS1hgwCimhjcT2mysxcwaGzG668mPh5gF7d.Q.2WTc"" target=""_blank"">PRD009-3161034B</a>","<a href=""https://fluidigm.my.salesforce.com/sfc/p/700000009DAw/a/4u000001870w/XU6eX2YZtdejnAfGRls.mPHhJTPvhOp30R18ZV_Asw4"" target=""_blank"">MSDS-3000000X</a>",various,Maxpar
CyTOF (Cytometry),3161034C,Anti-Human CD38,<div>HB-7</div>,161Dy,"Human, Chimpanzee, Horse, Cow",25 Tests,"<a href=""https://fluidigm.my.salesforce.com/sfc/p/700000009DAw/a/4u000000qQSM/mhS1hgwCimhjcT2mysxcwaGzG668mPh5gF7d.Q.2WTc"" target=""_blank"">PRD009-3161034B</a>","<a href=""https://fluidigm.my.salesforce.com/sfc/p/700000009DAw/a/4u000001870w/XU6eX2YZtdejnAfGRls.mPHhJTPvhOp30R18ZV_Asw4"" target=""_blank"">MSDS-3000000X</a>",various,Maxpar
CyTOF (Cytometry),3162001B,Anti-Human CD69,<div>FN50</div>,162Dy,"Human, African Green, Baboon, Chimpanzee, Cynomolgus Macaque, Pigtailed Macaque, Rhesus Macaque",100 Tests,"<a href=""https://fluidigm.my.salesforce.com/sfc/p/700000009DAw/a/4u0000019iF2/Oou7VJq7yxx6v5YmjSlfEcuvkQ2Tp6h2iLJk6N2D8As"" target=""_blank"">PRD009-3162001B</a>","<a href=""https://fluidigm.my.salesforce.com/sfc/p/700000009DAw/a/4u000001870w/XU6eX2YZtdejnAfGRls.mPHhJTPvhOp30R18ZV_Asw4"" target=""_blank"">MSDS-3000000X</a>",various,Maxpar
CyTOF (Cytometry),3162001C,Anti-Human CD69,<div>FN50</div>,162Dy,"Human, African Green, Baboon, Chimpanzee, Cynomolgus Macaque, Pigtailed Macaque, Rhesus Macaque",25 Tests,"<a href=""https://fluidigm.my.salesforce.com/sfc/p/700000009DAw/a/4u0000019iF2/Oou7VJq7yxx6v5YmjSlfEcuvkQ2Tp6h2iLJk6N2D8As"" target=""_blank"">PRD009-3162001B</a>","<a href=""https://fluidigm.my.salesforce.com/sfc/p/700000009DAw/a/4u000001870w/XU6eX2YZtdejnAfGRls.mPHhJTPvhOp30R18ZV_Asw4"" target=""_blank"">MSDS-3000000X</a>",various,Maxpar
CyTOF (Cytometry),3162002B,Anti-Mouse TNFα,<div>MP6-XT22</div>,162Dy,Mouse,100 Tests,"<a href=""https://fluidigm.my.salesforce.com/sfc/p/700000009DAw/a/4u0000019iFA/XEerLZHKfY9LjUmMOhpsP1cIijpDrRFK61FXucf.l7M"" target=""_blank"">PRD009-3162002B</a>","<a href=""https://fluidigm.my.salesforce.com/sfc/p/700000009DAw/a/4u000001870w/XU6eX2YZtdejnAfGRls.mPHhJTPvhOp30R18ZV_Asw4"" target=""_blank"">MSDS-3000000X</a>",various,Maxpar
CyTOF (Cytometry),3162002C,Anti-Mouse TNFα,<div>MP6-XT22</div>,162Dy,Mouse,25 Tests,"<a href=""https://fluidigm.my.salesforce.com/sfc/p/700000009DAw/a/4u0000019iFA/XEerLZHKfY9LjUmMOhpsP1cIijpDrRFK61FXucf.l7M"" target=""_blank"">PRD009-3162002B</a>","<a href=""https://fluidigm.my.salesforce.com/sfc/p/700000009DAw/a/4u000001870w/XU6eX2YZtdejnAfGRls.mPHhJTPvhOp30R18ZV_Asw4"" target=""_blank"">MSDS-3000000X</a>",various,Maxpar
CyTOF (Cytometry),3162003B,Anti-Mouse TER-119,<div>TER-119</div>,162Dy,Mouse,100 Tests,"<a href=""https://fluidigm.my.salesforce.com/sfc/p/700000009DAw/a/4u0000019iFF/7OY_OvmT7ZcJyTUxxvYjAQp3K2vedWklUK2LTxXl.X4"" target=""_blank"">PRD009-3162003B</a>","<a href=""https://fluidigm.my.salesforce.com/sfc/p/700000009DAw/a/4u000001870w/XU6eX2YZtdejnAfGRls.mPHhJTPvhOp30R18ZV_Asw4"" target=""_blank"">MSDS-3000000X</a>",various,Maxpar
CyTOF (Cytometry),3162003C,Anti-Mouse TER-119,<div>TER-119</div>,162Dy,Mouse,25 Tests,"<a href=""https://fluidigm.my.salesforce.com/sfc/p/700000009DAw/a/4u0000019iFF/7OY_OvmT7ZcJyTUxxvYjAQp3K2vedWklUK2LTxXl.X4"" target=""_blank"">PRD009-3162003B</a>","<a href=""https://fluidigm.my.salesforce.com/sfc/p/700000009DAw/a/4u000001870w/XU6eX2YZtdejnAfGRls.mPHhJTPvhOp30R18ZV_Asw4"" target=""_blank"">MSDS-3000000X</a>",various,Maxpar
CyTOF (Cytometry),3162004A,Anti-pLck [T505],<div>4/LCK-Y505</div>,162Dy,"Human, rat, mouse",50 Tests,"<a href=""https://fluidigm.my.salesforce.com/sfc/p/700000009DAw/a/4u0000019iFG/V7a9EGWwP1sZzeDmp94PMfUC5QIRdDuN5VAAgXUtG5Y"" target=""_blank"">PRD009-3162004A</a>","<a href=""https://fluidigm.my.salesforce.com/sfc/p/700000009DAw/a/4u000001870w/XU6eX2YZtdejnAfGRls.mPHhJTPvhOp30R18ZV_Asw4"" target=""_blank"">MSDS-3000000X</a>",various,Maxpar
CyTOF (Cytometry),3162004C,Anti-pLck [T505],<div>4/LCK-Y505 </div>,162Dy,"Human, rat, mouse",25 Tests,"<a href=""https://fluidigm.my.salesforce.com/sfc/p/700000009DAw/a/4u0000019iFG/V7a9EGWwP1sZzeDmp94PMfUC5QIRdDuN5VAAgXUtG5Y"" target=""_blank"">PRD009-3162004B</a>","<a href=""https://fluidigm.my.salesforce.com/sfc/p/700000009DAw/a/4u000001870w/XU6eX2YZtdejnAfGRls.mPHhJTPvhOp30R18ZV_Asw4"" target=""_blank"">MSDS-3000000X</a>",various,Maxpar
CyTOF (Cytometry),3162005B,Anti-Human CD11c,<div>Bu15</div>,162Dy,"Human, Cynomolgus Macaque, Rhesus Macaque, African Green Monkey, Baboon, Chimpanzee, Squirrel Monkey",100 Tests,"<a href=""https://fluidigm.my.salesforce.com/sfc/p/700000009DAw/a/4u0000019iFB/s_s5bOLfXP1T2PnSOpo6JOxD0MHg8Zrn9SnPLSz7qBg"" target=""_blank"">PRD009-3162005B</a>","<a href=""https://fluidigm.my.salesforce.com/sfc/p/700000009DAw/a/4u000001870w/XU6eX2YZtdejnAfGRls.mPHhJTPvhOp30R18ZV_Asw4"" target=""_blank"">MSDS-3000000X</a>",various,Maxpar
CyTOF (Cytometry),3162005C,Anti-Human CD11c,<div>Bu15</div>,162Dy,"Human, Cynomolgus Macaque, Rhesus Macaque, African Green Monkey, Baboon, Chimpanzee, Squirrel Monkey",25 Tests,"<a href=""https://fluidigm.my.salesforce.com/sfc/p/700000009DAw/a/4u0000019iFB/s_s5bOLfXP1T2PnSOpo6JOxD0MHg8Zrn9SnPLSz7qBg"" target=""_blank"">PRD009-3162005B</a>","<a href=""https://fluidigm.my.salesforce.com/sfc/p/700000009DAw/a/4u000001870w/XU6eX2YZtdejnAfGRls.mPHhJTPvhOp30R18ZV_Asw4"" target=""_blank"">MSDS-3000000X</a>",various,Maxpar
CyTOF (Cytometry),3162006B,Anti-APC,<div>APC003</div>,162Dy,All,100 Tests,"<a href=""https://fluidigm.my.salesforce.com/sfc/p/700000009DAw/a/4u0000019iFP/xuLYz_jfmwl1TQUR5HvRYjv3IYv7.8NeYOunawei5fg"" target=""_blank"">PRD009-3162006B</a>","<a href=""https://fluidigm.my.salesforce.com/sfc/p/700000009DAw/a/4u000001870w/XU6eX2YZtdejnAfGRls.mPHhJTPvhOp30R18ZV_Asw4"" target=""_blank"">MSDS-3000000X</a>",various,Maxpar
CyTOF (Cytometry),3162006C,Anti-APC,<div>APC003</div>,162Dy,All,25 Tests,"<a href=""https://fluidigm.my.salesforce.com/sfc/p/700000009DAw/a/4u0000019iFP/xuLYz_jfmwl1TQUR5HvRYjv3IYv7.8NeYOunawei5fg"" target=""_blank"">PRD009-3162006B</a>","<a href=""https://fluidigm.my.salesforce.com/sfc/p/700000009DAw/a/4u000001870w/XU6eX2YZtdejnAfGRls.mPHhJTPvhOp30R18ZV_Asw4"" target=""_blank"">MSDS-3000000X</a>",various,Maxpar
CyTOF (Cytometry),3162007B,Anti-Human IL-17F,<div>SHLR17</div>,162Dy,Human,100 Tests,"<a href=""https://fluidigm.my.salesforce.com/sfc/p/700000009DAw/a/4u0000019ii5/Qxx0OHIMNsvZ2pMsI_ROEDMAqPxZpyJbE2gBD9RzH7c"" target=""_blank"">PRD009-3162007B</a>","<a href=""https://fluidigm.my.salesforce.com/sfc/p/700000009DAw/a/4u000001870w/XU6eX2YZtdejnAfGRls.mPHhJTPvhOp30R18ZV_Asw4"" target=""_blank"">MSDS-3000000X</a>",various,Maxpar
CyTOF (Cytometry),3162007C,Anti-Human IL-17F,<div>SHLR17</div>,162Dy,Human,25 Tests,"<a href=""https://fluidigm.my.salesforce.com/sfc/p/700000009DAw/a/4u0000019ii5/Qxx0OHIMNsvZ2pMsI_ROEDMAqPxZpyJbE2gBD9RzH7c"" target=""_blank"">PRD009-3162007B</a>","<a href=""https://fluidigm.my.salesforce.com/sfc/p/700000009DAw/a/4u000001870w/XU6eX2YZtdejnAfGRls.mPHhJTPvhOp30R18ZV_Asw4"" target=""_blank"">MSDS-3000000X</a>",various,Maxpar
CyTOF (Cytometry),3162009B,Anti-Human CD27,<div>L128</div>,162Dy,Human,100 Tests,"<a href=""https://fluidigm.my.salesforce.com/sfc/p/700000009DAw/a/4u0000019iFe/QXZxKt_xsVxerthQy8ZoRbjT_nbbggGxOLApHzUKmQk"" target=""_blank"">PRD009-3162009B</a>","<a href=""https://fluidigm.my.salesforce.com/sfc/p/700000009DAw/a/4u000001870w/XU6eX2YZtdejnAfGRls.mPHhJTPvhOp30R18ZV_Asw4"" target=""_blank"">MSDS-3000000X</a>",various,Maxpar
CyTOF (Cytometry),3162009C,Anti-Human CD27,<div>L128</div>,162Dy,Human,25 Tests,"<a href=""https://fluidigm.my.salesforce.com/sfc/p/700000009DAw/a/4u0000019iFe/QXZxKt_xsVxerthQy8ZoRbjT_nbbggGxOLApHzUKmQk"" target=""_blank"">PRD009-3162009B</a>","<a href=""https://fluidigm.my.salesforce.com/sfc/p/700000009DAw/a/4u000001870w/XU6eX2YZtdejnAfGRls.mPHhJTPvhOp30R18ZV_Asw4"" target=""_blank"">MSDS-3000000X</a>",various,Maxpar
CyTOF (Cytometry),3162010B,Anti-Human CD80/B7.1,<div>2D10.4</div>,162Dy,"Human, Rhesus Macaque",100 Tests,"<a href=""https://fluidigm.my.salesforce.com/sfc/p/700000009DAw/a/4u000000MzWD/IX.HVy0KPdZ7NDgF1TI.nVWdwVYXQMAJ3SxbWWo_m6M"" target=""_blank"">PRD009-3162010B</a>","<a href=""https://fluidigm.my.salesforce.com/sfc/p/700000009DAw/a/4u000001870w/XU6eX2YZtdejnAfGRls.mPHhJTPvhOp30R18ZV_Asw4"" target=""_blank"">MSDS-3000000X</a>",various,Maxpar
CyTOF (Cytometry),3162010C,Anti-Human CD80/B7.1,<div>2D10.4 </div>,162Dy,"Human, Rhesus Macaque",25 Tests,"<a href=""https://fluidigm.my.salesforce.com/sfc/p/700000009DAw/a/4u000000MzWD/IX.HVy0KPdZ7NDgF1TI.nVWdwVYXQMAJ3SxbWWo_m6M"" target=""_blank"">PRD009-3162010B</a>","<a href=""https://fluidigm.my.salesforce.com/sfc/p/700000009DAw/a/4u000001870w/XU6eX2YZtdejnAfGRls.mPHhJTPvhOp30R18ZV_Asw4"" target=""_blank"">MSDS-3000000X</a>",various,Maxpar
CyTOF (Cytometry),3162011A,Anti-Human Foxp3,<div>PCH101</div>,162Dy,"Human, Chimpanzee, Cynomolgus Macaque, Non-Human Primate, Rhesus Macaque",50 Tests,"<a href=""https://fluidigm.my.salesforce.com/sfc/p/700000009DAw/a/4u000000Myz9/ZlFUSWKBNteTMT4u48oBJdxaf.UdWcX4X.PFIq_EL_M"" target=""_blank"">PRD009-3162011A</a>","<a href=""https://fluidigm.my.salesforce.com/sfc/p/700000009DAw/a/4u000001870w/XU6eX2YZtdejnAfGRls.mPHhJTPvhOp30R18ZV_Asw4"" target=""_blank"">MSDS-3000000X</a>",various,Maxpar
CyTOF (Cytometry),3162011C,Anti-Human Foxp3,<div>PCH101 </div>,162Dy,"Human, Chimpanzee, Cynomolgus Macaque, Non-Human Primate, Rhesus Macaque",25 Tests,"<a href=""https://fluidigm.my.salesforce.com/sfc/p/700000009DAw/a/4u000000Myz9/ZlFUSWKBNteTMT4u48oBJdxaf.UdWcX4X.PFIq_EL_M"" target=""_blank"">PRD009-3162011B</a>","<a href=""https://fluidigm.my.salesforce.com/sfc/p/700000009DAw/a/4u000001870w/XU6eX2YZtdejnAfGRls.mPHhJTPvhOp30R18ZV_Asw4"" target=""_blank"">MSDS-3000000X</a>",various,Maxpar
CyTOF (Cytometry),3162012B,Anti-Ki-67,<div>B56</div>,162Dy,"Rat, Mouse, Human, Rhesus Macaque",100 Tests,"<a href=""https://fluidigm.my.salesforce.com/sfc/p/700000009DAw/a/4u0000019iG3/vk6o9CKx.1s1R._7A1vCbZTrv2wP8qQTDBbcDpj.ctI"" target=""_blank"">PRD009-3162012B</a>","<a href=""https://fluidigm.my.salesforce.com/sfc/p/700000009DAw/a/4u000001870w/XU6eX2YZtdejnAfGRls.mPHhJTPvhOp30R18ZV_Asw4"" target=""_blank"">MSDS-3000000X</a>",various,Maxpar
CyTOF (Cytometry),3162012C,Anti-Ki-67,<div>B56</div>,162Dy,"Rat, Mouse, Human, Rhesus Macaque",25 Tests,"<a href=""https://fluidigm.my.salesforce.com/sfc/p/700000009DAw/a/4u0000019iG3/vk6o9CKx.1s1R._7A1vCbZTrv2wP8qQTDBbcDpj.ctI"" target=""_blank"">PRD009-3162012B</a>","<a href=""https://fluidigm.my.salesforce.com/sfc/p/700000009DAw/a/4u000001870w/XU6eX2YZtdejnAfGRls.mPHhJTPvhOp30R18ZV_Asw4"" target=""_blank"">MSDS-3000000X</a>",various,Maxpar
CyTOF (Cytometry),3162014B,Anti-Mouse Ly-6C,<div>HK1.4</div>,162Dy,Mouse,100 Tests,"<a href=""https://fluidigm.my.salesforce.com/sfc/p/700000009DAw/a/4u0000019iFQ/_ZyZ_m1cMQBaxDvvrTQta8j3fRahpmFyfx6beS0wW0s"" target=""_blank"">PRD009-3162014B</a>","<a href=""https://fluidigm.my.salesforce.com/sfc/p/700000009DAw/a/4u000001870w/XU6eX2YZtdejnAfGRls.mPHhJTPvhOp30R18ZV_Asw4"" target=""_blank"">MSDS-3000000X</a>",various,Maxpar
CyTOF (Cytometry),3162014C,Anti-Mouse Ly-6C,<div>HK1.4</div>,162Dy,Mouse,25 Tests,"<a href=""https://fluidigm.my.salesforce.com/sfc/p/700000009DAw/a/4u0000019iFQ/_ZyZ_m1cMQBaxDvvrTQta8j3fRahpmFyfx6beS0wW0s"" target=""_blank"">PRD009-3162014B</a>","<a href=""https://fluidigm.my.salesforce.com/sfc/p/700000009DAw/a/4u000001870w/XU6eX2YZtdejnAfGRls.mPHhJTPvhOp30R18ZV_Asw4"" target=""_blank"">MSDS-3000000X</a>",various,Maxpar
CyTOF (Cytometry),3162015B,Anti-Human CD8a,<div>RPA-T8</div>,162Dy,"Human, Cynomolgus Macaque, Rhesus Macaque, Chimpanzee, Baboon, Pigtailed Macaque, Sooty Mangabey",100 Tests,"<a href=""https://fluidigm.my.salesforce.com/sfc/p/700000009DAw/a/4u0000019iG8/8kdZ2LiUuK4BBrV1HvbzKD.3x4m7h0wiUuf45CsQiJg"" target=""_blank"">PRD009-3162015B</a>","<a href=""https://fluidigm.my.salesforce.com/sfc/p/700000009DAw/a/4u000001870w/XU6eX2YZtdejnAfGRls.mPHhJTPvhOp30R18ZV_Asw4"" target=""_blank"">MSDS-3000000X</a>",various,Maxpar
CyTOF (Cytometry),3162015C,Anti-Human CD8a,<div>RPA-T8</div>,162Dy,"Human, Cynomolgus Macaque, Rhesus Macaque, Chimpanzee, Baboon, Pigtailed Macaque, Sooty Mangabey",25 Tests,"<a href=""https://fluidigm.my.salesforce.com/sfc/p/700000009DAw/a/4u0000019iG8/8kdZ2LiUuK4BBrV1HvbzKD.3x4m7h0wiUuf45CsQiJg"" target=""_blank"">PRD009-3162015B</a>","<a href=""https://fluidigm.my.salesforce.com/sfc/p/700000009DAw/a/4u000001870w/XU6eX2YZtdejnAfGRls.mPHhJTPvhOp30R18ZV_Asw4"" target=""_blank"">MSDS-3000000X</a>",various,Maxpar
CyTOF (Cytometry),3162017B,Anti-Mouse CD11c,<div>N418</div>,162Dy,Mouse,100 Tests,"<a href=""https://fluidigm.my.salesforce.com/sfc/p/700000009DAw/a/4u0000019iFz/Yo_jvcr8TmSh5YgbGWalV9xhVx.FZ3sHsLuh0VmjTxk"" target=""_blank"">PRD009-3162017B</a>","<a href=""https://fluidigm.my.salesforce.com/sfc/p/700000009DAw/a/4u000001870w/XU6eX2YZtdejnAfGRls.mPHhJTPvhOp30R18ZV_Asw4"" target=""_blank"">MSDS-3000000X</a>",various,Maxpar
CyTOF (Cytometry),3162017C,Anti-Mouse CD11c,<div>N418</div>,162Dy,Mouse,25 Tests,"<a href=""https://fluidigm.my.salesforce.com/sfc/p/700000009DAw/a/4u0000019iFz/Yo_jvcr8TmSh5YgbGWalV9xhVx.FZ3sHsLuh0VmjTxk"" target=""_blank"">PRD009-3162017B</a>","<a href=""https://fluidigm.my.salesforce.com/sfc/p/700000009DAw/a/4u000001870w/XU6eX2YZtdejnAfGRls.mPHhJTPvhOp30R18ZV_Asw4"" target=""_blank"">MSDS-3000000X</a>",various,Maxpar
CyTOF (Cytometry),3162018A,Anti-pPLCγ2 [Y759],<div>K86-689.37</div>,162Dy,"Human, Mouse, Rat",50 Tests,"<a href=""https://fluidigm.my.salesforce.com/sfc/p/700000009DAw/a/4u0000019iFf/.o2X_mfvFG_bGKicn1kjSHd308kSescPgK.I6X9uvuk"" target=""_blank"">PRD009-3162018A</a>","<a href=""https://fluidigm.my.salesforce.com/sfc/p/700000009DAw/a/4u000001870w/XU6eX2YZtdejnAfGRls.mPHhJTPvhOp30R18ZV_Asw4"" target=""_blank"">MSDS-3000000X</a>",various,Maxpar
CyTOF (Cytometry),3162018C,Anti-pPLCγ2 [Y759],<div>K86-689.37</div>,162Dy,"Human, Mouse, Rat",25 Tests,"<a href=""https://fluidigm.my.salesforce.com/sfc/p/700000009DAw/a/4u0000019iFf/.o2X_mfvFG_bGKicn1kjSHd308kSescPgK.I6X9uvuk"" target=""_blank"">PRD009-3162018B</a>","<a href=""https://fluidigm.my.salesforce.com/sfc/p/700000009DAw/a/4u000001870w/XU6eX2YZtdejnAfGRls.mPHhJTPvhOp30R18ZV_Asw4"" target=""_blank"">MSDS-3000000X</a>",various,Maxpar
CyTOF (Cytometry),3162020B,Anti-Mouse CD1d,<div>1B1</div>,162Dy,Mouse,100 Tests,"<a href=""https://fluidigm.my.salesforce.com/sfc/p/700000009DAw/a/4u0000019iGI/8_iP1p2fr.NzLOBaHcCp8Xux4OHZLgf4sZIayEvCC4o"" target=""_blank"">PRD009-3162020B</a>","<a href=""https://fluidigm.my.salesforce.com/sfc/p/700000009DAw/a/4u000001870w/XU6eX2YZtdejnAfGRls.mPHhJTPvhOp30R18ZV_Asw4"" target=""_blank"">MSDS-3000000X</a>",various,Maxpar
CyTOF (Cytometry),3162020C,Anti-Mouse CD1d,<div>1B1 </div>,162Dy,Mouse,25 Tests,"<a href=""https://fluidigm.my.salesforce.com/sfc/p/700000009DAw/a/4u0000019iGI/8_iP1p2fr.NzLOBaHcCp8Xux4OHZLgf4sZIayEvCC4o"" target=""_blank"">PRD009-3162020B</a>","<a href=""https://fluidigm.my.salesforce.com/sfc/p/700000009DAw/a/4u000001870w/XU6eX2YZtdejnAfGRls.mPHhJTPvhOp30R18ZV_Asw4"" target=""_blank"">MSDS-3000000X</a>",various,Maxpar
CyTOF (Cytometry),3162022A,Anti-Human KLF4,<div>Polyclonal</div>,162Dy,"Human, Mouse, Monkey",50 Tests,"<a href=""https://fluidigm.my.salesforce.com/sfc/p/700000009DAw/a/4u0000019hza/hwR3Rh8jYS8rEooO9dXqux9WL5m.8y6sfLaOc0hf9Sc"" target=""_blank"">PRD009-3162022A</a>","<a href=""https://fluidigm.my.salesforce.com/sfc/p/700000009DAw/a/4u000001870w/XU6eX2YZtdejnAfGRls.mPHhJTPvhOp30R18ZV_Asw4"" target=""_blank"">MSDS-3000000X</a>",various,Maxpar
CyTOF (Cytometry),3162022C,Anti-Human KLF4,<div>Polyclonal</div>,162Dy,"Human, Mouse, Monkey",25 Tests,"<a href=""https://fluidigm.my.salesforce.com/sfc/p/700000009DAw/a/4u0000019hza/hwR3Rh8jYS8rEooO9dXqux9WL5m.8y6sfLaOc0hf9Sc"" target=""_blank"">PRD009-3162022B</a>","<a href=""https://fluidigm.my.salesforce.com/sfc/p/700000009DAw/a/4u000001870w/XU6eX2YZtdejnAfGRls.mPHhJTPvhOp30R18ZV_Asw4"" target=""_blank"">MSDS-3000000X</a>",various,Maxpar
CyTOF (Cytometry),3162025B,Anti-Human CD1d ,<div>51.1</div>,162Dy,Human,100 Tests,"<a href=""https://fluidigm.my.salesforce.com/sfc/p/700000009DAw/a/4u0000019iIJ/gZ6pCoMz10Q9n7TIpdkCizicKKpdNLct9l3E8hsjFmk"" target=""_blank"">PRD009-3162025B</a>","<a href=""https://fluidigm.my.salesforce.com/sfc/p/700000009DAw/a/4u000001870w/XU6eX2YZtdejnAfGRls.mPHhJTPvhOp30R18ZV_Asw4"" target=""_blank"">MSDS-3000000X</a>",various,Maxpar
CyTOF (Cytometry),3162025C,Anti-Human CD1d ,<div>51.1</div>,162Dy,Human,25 Tests,"<a href=""https://fluidigm.my.salesforce.com/sfc/p/700000009DAw/a/4u0000019iIJ/gZ6pCoMz10Q9n7TIpdkCizicKKpdNLct9l3E8hsjFmk"" target=""_blank"">PRD009-3162025B</a>","<a href=""https://fluidigm.my.salesforce.com/sfc/p/700000009DAw/a/4u000001870w/XU6eX2YZtdejnAfGRls.mPHhJTPvhOp30R18ZV_Asw4"" target=""_blank"">MSDS-3000000X</a>",various,Maxpar
CyTOF (Cytometry),3162026B,Anti Human/Mouse Integrin β7,<div>FIB504</div>,162Dy,"Cynomolgus Monkey, Rhesus, Chimpanzee, Olive Baboon, Mouse, Human",100 Tests,"<a href=""https://fluidigm.my.salesforce.com/sfc/p/700000009DAw/a/4u0000019iIO/sgFZsLRyzOKJIt3caZm4y6T.z1sJ9dRiu5QxQQ3o4Fs"" target=""_blank"">PRD009-3162026B</a>","<a href=""https://fluidigm.my.salesforce.com/sfc/p/700000009DAw/a/4u000001870w/XU6eX2YZtdejnAfGRls.mPHhJTPvhOp30R18ZV_Asw4"" target=""_blank"">MSDS-3000000X</a>",various,Maxpar
CyTOF (Cytometry),3162026C,Anti Human/Mouse Integrin β7,<div>FIB504</div>,162Dy,"Cynomolgus Monkey, Rhesus, Chimpanzee, Olive Baboon, Mouse, Human",25 Tests,"<a href=""https://fluidigm.my.salesforce.com/sfc/p/700000009DAw/a/4u0000019iIO/sgFZsLRyzOKJIt3caZm4y6T.z1sJ9dRiu5QxQQ3o4Fs"" target=""_blank"">PRD009-3162026B</a>","<a href=""https://fluidigm.my.salesforce.com/sfc/p/700000009DAw/a/4u000001870w/XU6eX2YZtdejnAfGRls.mPHhJTPvhOp30R18ZV_Asw4"" target=""_blank"">MSDS-3000000X</a>",various,Maxpar
CyTOF (Cytometry),3162027A,Anti-Human Pan-Keratin,<div>C11</div>,162Dy,"Human, Mouse, Rat, Monkey",50 Tests,"<a href=""https://fluidigm.my.salesforce.com/sfc/p/700000009DAw/a/4u0000019iIT/zhFZAO_gsvKO3QFrTYvmzvWww.Glpbd1.9hkE_jH9ac"" target=""_blank"">PRD009-3162027A</a>","<a href=""https://fluidigm.my.salesforce.com/sfc/p/700000009DAw/a/4u000001870w/XU6eX2YZtdejnAfGRls.mPHhJTPvhOp30R18ZV_Asw4"" target=""_blank"">MSDS-3000000X</a>",various,Maxpar
CyTOF (Cytometry),3162027C,Anti-Human Pan-Keratin,<div>C11</div>,162Dy,"Human, Mouse, Rat, Monkey",25 Tests,"<a href=""https://fluidigm.my.salesforce.com/sfc/p/700000009DAw/a/4u0000019iIT/zhFZAO_gsvKO3QFrTYvmzvWww.Glpbd1.9hkE_jH9ac"" target=""_blank"">PRD009-3162027B</a>","<a href=""https://fluidigm.my.salesforce.com/sfc/p/700000009DAw/a/4u000001870w/XU6eX2YZtdejnAfGRls.mPHhJTPvhOp30R18ZV_Asw4"" target=""_blank"">MSDS-3000000X</a>",various,Maxpar
CyTOF (Cytometry),3162029B,Anti-Mouse CD366/TIM-3,<div>RMT3-23</div>,162Dy,Mouse,100 Tests,"<a href=""https://fluidigm.my.salesforce.com/sfc/p/700000009DAw/a/4u0000019iIY/Wx8XLkBfvJx0NQeJxtncTA0UWyqtO7vtx5BhYV3ExQ8"" target=""_blank"">PRD009-3162029B</a>","<a href=""https://fluidigm.my.salesforce.com/sfc/p/700000009DAw/a/4u000001870w/XU6eX2YZtdejnAfGRls.mPHhJTPvhOp30R18ZV_Asw4"" target=""_blank"">MSDS-3000000X</a>",various,Maxpar
CyTOF (Cytometry),3162029C,Anti-Mouse CD366/TIM-3,<div>RMT3-23</div>,162Dy,Mouse,25 Tests,"<a href=""https://fluidigm.my.salesforce.com/sfc/p/700000009DAw/a/4u0000019iIY/Wx8XLkBfvJx0NQeJxtncTA0UWyqtO7vtx5BhYV3ExQ8"" target=""_blank"">PRD009-3162029B</a>","<a href=""https://fluidigm.my.salesforce.com/sfc/p/700000009DAw/a/4u000001870w/XU6eX2YZtdejnAfGRls.mPHhJTPvhOp30R18ZV_Asw4"" target=""_blank"">MSDS-3000000X</a>",various,Maxpar
CyTOF (Cytometry),3162030B,Anti-Human/Mouse CD44,<div>IM7</div>,162Dy,"Mouse, Human, Baboon, Chimpanzee, Cynomolgus Macaque, Rhesus Macaque, Squirrel Monkey, Horse, Cow, Pig, Dog, Cat",100 Tests,"<a href=""https://fluidigm.my.salesforce.com/sfc/p/700000009DAw/a/4u0000019iIK/KJi4xKn3EJKKMUGt7latOUprb9yBSrDdYoHly5JFOd4"" target=""_blank"">PRD009-3162030B</a>","<a href=""https://fluidigm.my.salesforce.com/sfc/p/700000009DAw/a/4u000001870w/XU6eX2YZtdejnAfGRls.mPHhJTPvhOp30R18ZV_Asw4"" target=""_blank"">MSDS-3000000X</a>",various,Maxpar
CyTOF (Cytometry),3162030C,Anti-Human/Mouse CD44,<div>IM7</div>,162Dy,"Mouse, Human, Baboon, Chimpanzee, Cynomolgus Macaque, Rhesus Macaque, Squirrel Monkey, Horse, Cow, Pig, Dog, Cat",25 Tests,"<a href=""https://fluidigm.my.salesforce.com/sfc/p/700000009DAw/a/4u0000019iIK/KJi4xKn3EJKKMUGt7latOUprb9yBSrDdYoHly5JFOd4"" target=""_blank"">PRD009-3162030B</a>","<a href=""https://fluidigm.my.salesforce.com/sfc/p/700000009DAw/a/4u000001870w/XU6eX2YZtdejnAfGRls.mPHhJTPvhOp30R18ZV_Asw4"" target=""_blank"">MSDS-3000000X</a>",various,Maxpar
CyTOF (Cytometry),3162031B,Anti-Mouse CD180/RP105,<div>RP/14</div>,162Dy,Mouse,100 Tests,"<a href=""https://fluidigm.my.salesforce.com/sfc/p/700000009DAw/a/4u000000tLdf/tr9zKU2fZBkZ0.sy0cdAPuPSEuSYWeo.FQx_jq0VJ9k"" target=""_blank"">PRD009-3162031B</a>","<a href=""https://fluidigm.my.salesforce.com/sfc/p/700000009DAw/a/4u000001870w/XU6eX2YZtdejnAfGRls.mPHhJTPvhOp30R18ZV_Asw4"" target=""_blank"">MSDS-3000000X</a>",various,Maxpar
CyTOF (Cytometry),3162031C,Anti-Mouse CD180/RP105,<div>RP/14</div>,162Dy,Mouse,25 Tests,"<a href=""https://fluidigm.my.salesforce.com/sfc/p/700000009DAw/a/4u000000tLdf/tr9zKU2fZBkZ0.sy0cdAPuPSEuSYWeo.FQx_jq0VJ9k"" target=""_blank"">PRD009-3162031B</a>","<a href=""https://fluidigm.my.salesforce.com/sfc/p/700000009DAw/a/4u000001870w/XU6eX2YZtdejnAfGRls.mPHhJTPvhOp30R18ZV_Asw4"" target=""_blank"">MSDS-3000000X</a>",various,Maxpar
CyTOF (Cytometry),3162038B,Anti-Human CD95/Fas,<div>DX2</div>,162Dy,"Human, Cynomolgus Macaque, Rhesus Macaque, Chimpanzee, Baboon, Pigtailed Macaque, Sooty Mangabey, Capuchin Monkey, African Green Monkey, Cotton-topped Tamarin, Common Marmoset",100 Tests,"<a href=""https://fluidigm.my.salesforce.com/sfc/p/700000009DAw/a/QQ000002dkZh/9KBqY8JEq0VhfPGpZGjv6lRebcHhWNfrbQ4Z_neVFFM"" target=""_blank"">PRD009-3162038B</a>","<a href=""https://fluidigm.my.salesforce.com/sfc/p/700000009DAw/a/4u000001870w/XU6eX2YZtdejnAfGRls.mPHhJTPvhOp30R18ZV_Asw4"" target=""_blank"">MSDS-3000000X</a>",various,Maxpar
CyTOF (Cytometry),3162038C,Anti-Human CD95/Fas,<div>DX2</div>,162Dy,"Human, Cynomolgus Macaque, Rhesus Macaque, Chimpanzee, Baboon, Pigtailed Macaque, Sooty Mangabey, Capuchin Monkey, African Green Monkey, Cotton-topped Tamarin, Common Marmoset",25 Tests,"<a href=""https://fluidigm.my.salesforce.com/sfc/p/700000009DAw/a/QQ000002dkZh/9KBqY8JEq0VhfPGpZGjv6lRebcHhWNfrbQ4Z_neVFFM"" target=""_blank"">PRD009-3162038B</a>","<a href=""https://fluidigm.my.salesforce.com/sfc/p/700000009DAw/a/4u000001870w/XU6eX2YZtdejnAfGRls.mPHhJTPvhOp30R18ZV_Asw4"" target=""_blank"">MSDS-3000000X</a>",various,Maxpar
CyTOF (Cytometry),3162039B,Anti-Human CD152/CTLA-4,<div>14D3</div>,162Dy,"Human, Rhesus Macaque",100 Tests,"<a href=""https://fluidigm.my.salesforce.com/sfc/p/700000009DAw/a/4u000001A23Y/7zjNPS94FfCuXDda1PaHU7QXv5W4wR1IaBm0IHnNlPw"" target=""_blank"">PRD009-3162039B</a>","<a href=""https://fluidigm.my.salesforce.com/sfc/p/700000009DAw/a/4u000001870w/XU6eX2YZtdejnAfGRls.mPHhJTPvhOp30R18ZV_Asw4"" target=""_blank"">MSDS-3000000X</a>",various,Maxpar
CyTOF (Cytometry),3162039C,Anti-Human CD152/CTLA-4,<div>14D3</div>,162Dy,"Human, Rhesus Macaque",25 Tests,"<a href=""https://fluidigm.my.salesforce.com/sfc/p/700000009DAw/a/4u000001A23Y/7zjNPS94FfCuXDda1PaHU7QXv5W4wR1IaBm0IHnNlPw"" target=""_blank"">PRD009-3162039B</a>","<a href=""https://fluidigm.my.salesforce.com/sfc/p/700000009DAw/a/4u000001870w/XU6eX2YZtdejnAfGRls.mPHhJTPvhOp30R18ZV_Asw4"" target=""_blank"">MSDS-3000000X</a>",various,Maxpar
CyTOF (Cytometry),3163001B,Anti-APC ,<div>APC003</div>,163Dy,All,100 Tests,"<a href=""https://fluidigm.my.salesforce.com/sfc/p/700000009DAw/a/4u0000019iIP/CpZHFgDqE9.0pLbDuv90A2UruDQeX1kVVquS1.XutgY"" target=""_blank"">PRD009-3163001B</a>","<a href=""https://fluidigm.my.salesforce.com/sfc/p/700000009DAw/a/4u000001870w/XU6eX2YZtdejnAfGRls.mPHhJTPvhOp30R18ZV_Asw4"" target=""_blank"">MSDS-3000000X</a>",various,Maxpar
CyTOF (Cytometry),3163001C,Anti-APC ,<div>APC003</div>,163Dy,All,25 Tests,"<a href=""https://fluidigm.my.salesforce.com/sfc/p/700000009DAw/a/4u0000019iIP/CpZHFgDqE9.0pLbDuv90A2UruDQeX1kVVquS1.XutgY"" target=""_blank"">PRD009-3163001B</a>","<a href=""https://fluidigm.my.salesforce.com/sfc/p/700000009DAw/a/4u000001870w/XU6eX2YZtdejnAfGRls.mPHhJTPvhOp30R18ZV_Asw4"" target=""_blank"">MSDS-3000000X</a>",various,Maxpar
CyTOF (Cytometry),3163002B,Anti-Human Galectin-9,<div>9M1-3</div>,163Dy,"Human, African Green, Baboon, Cynomolgus",100 Tests,"<a href=""https://fluidigm.my.salesforce.com/sfc/p/700000009DAw/a/4u0000019iId/yvZRoeuaDbloUCg7fYXFSaHMWvFaqW5C6A2JN5gtLfI"" target=""_blank"">PRD009-3163002B</a>","<a href=""https://fluidigm.my.salesforce.com/sfc/p/700000009DAw/a/4u000001870w/XU6eX2YZtdejnAfGRls.mPHhJTPvhOp30R18ZV_Asw4"" target=""_blank"">MSDS-3000000X</a>",various,Maxpar
CyTOF (Cytometry),3163002C,Anti-Human Galectin-9,<div>9M1-3</div>,163Dy,"Human, African Green, Baboon, Cynomolgus",25 Tests,"<a href=""https://fluidigm.my.salesforce.com/sfc/p/700000009DAw/a/4u0000019iId/yvZRoeuaDbloUCg7fYXFSaHMWvFaqW5C6A2JN5gtLfI"" target=""_blank"">PRD009-3163002B</a>","<a href=""https://fluidigm.my.salesforce.com/sfc/p/700000009DAw/a/4u000001870w/XU6eX2YZtdejnAfGRls.mPHhJTPvhOp30R18ZV_Asw4"" target=""_blank"">MSDS-3000000X</a>",various,Maxpar
CyTOF (Cytometry),3163003B,Anti-Human CD294/CRTH2,<div>BM16</div>,163Dy,Human,100 Tests,"<a href=""https://fluidigm.my.salesforce.com/sfc/p/700000009DAw/a/4u0000019iIi/LTFTa852LYx1eXP0D1C0IttQ3s3gO750Al3CAN9_cS4"" target=""_blank"">PRD009-3163003B</a>","<a href=""https://fluidigm.my.salesforce.com/sfc/p/700000009DAw/a/4u000001870w/XU6eX2YZtdejnAfGRls.mPHhJTPvhOp30R18ZV_Asw4"" target=""_blank"">MSDS-3000000X</a>",various,Maxpar
CyTOF (Cytometry),3163003C,Anti-Human CD294/CRTH2,<div>BM16</div>,163Dy,Human,25 Tests,"<a href=""https://fluidigm.my.salesforce.com/sfc/p/700000009DAw/a/4u0000019iIi/LTFTa852LYx1eXP0D1C0IttQ3s3gO750Al3CAN9_cS4"" target=""_blank"">PRD009-3163003B</a>","<a href=""https://fluidigm.my.salesforce.com/sfc/p/700000009DAw/a/4u000001870w/XU6eX2YZtdejnAfGRls.mPHhJTPvhOp30R18ZV_Asw4"" target=""_blank"">MSDS-3000000X</a>",various,Maxpar
CyTOF (Cytometry),3163004B,Anti-Human CD183/CXCR3,<div>G025H7</div>,163Dy,"Human, African Green, Baboon, Cynomolgus Macaque, Rhesus Macaque",100 Tests,"<a href=""https://fluidigm.my.salesforce.com/sfc/p/700000009DAw/a/4u0000019iIL/VJeYfwchfaI6byLgWBbYunsIY0IKyWop0XHXRXXkLI0"" target=""_blank"">PRD009-3163004B</a>","<a href=""https://fluidigm.my.salesforce.com/sfc/p/700000009DAw/a/4u000001870w/XU6eX2YZtdejnAfGRls.mPHhJTPvhOp30R18ZV_Asw4"" target=""_blank"">MSDS-3000000X</a>",various,Maxpar
CyTOF (Cytometry),3163004C,Anti-Human CD183/CXCR3,<div>G025H7</div>,163Dy,"Human, African Green, Baboon, Cynomolgus Macaque, Rhesus Macaque",25 Tests,"<a href=""https://fluidigm.my.salesforce.com/sfc/p/700000009DAw/a/4u0000019iIL/VJeYfwchfaI6byLgWBbYunsIY0IKyWop0XHXRXXkLI0"" target=""_blank"">PRD009-3163004B</a>","<a href=""https://fluidigm.my.salesforce.com/sfc/p/700000009DAw/a/4u000001870w/XU6eX2YZtdejnAfGRls.mPHhJTPvhOp30R18ZV_Asw4"" target=""_blank"">MSDS-3000000X</a>",various,Maxpar
CyTOF (Cytometry),3163005B,Anti-Human CD105/Endoglin,<div>43A3</div>,163Dy,Human,100 Tests,"<a href=""https://fluidigm.my.salesforce.com/sfc/p/700000009DAw/a/4u0000019iIM/UtYLe_UKBULG.UkydsFRTZr51E_prKCIjC4Vgoy17TU"" target=""_blank"">PRD009-3163005B</a>","<a href=""https://fluidigm.my.salesforce.com/sfc/p/700000009DAw/a/4u000001870w/XU6eX2YZtdejnAfGRls.mPHhJTPvhOp30R18ZV_Asw4"" target=""_blank"">MSDS-3000000X</a>",various,Maxpar
CyTOF (Cytometry),3163005C,Anti-Human CD105/Endoglin,<div>43A3</div>,163Dy,Human,25 Tests,"<a href=""https://fluidigm.my.salesforce.com/sfc/p/700000009DAw/a/4u0000019iIM/UtYLe_UKBULG.UkydsFRTZr51E_prKCIjC4Vgoy17TU"" target=""_blank"">PRD009-3163005B</a>","<a href=""https://fluidigm.my.salesforce.com/sfc/p/700000009DAw/a/4u000001870w/XU6eX2YZtdejnAfGRls.mPHhJTPvhOp30R18ZV_Asw4"" target=""_blank"">MSDS-3000000X</a>",various,Maxpar
CyTOF (Cytometry),3163006A,Anti-Human MCL-1,<div>Polyclonal</div>,163Dy,Human,50 Tests,"<a href=""https://fluidigm.my.salesforce.com/sfc/p/700000009DAw/a/4u0000019iIj/o2JWoW5OLaSiY5FkxO6zJl_Mrh3onRAouu9R.OxtoEg"" target=""_blank"">PRD009-3163006A</a>","<a href=""https://fluidigm.my.salesforce.com/sfc/p/700000009DAw/a/4u000001870w/XU6eX2YZtdejnAfGRls.mPHhJTPvhOp30R18ZV_Asw4"" target=""_blank"">MSDS-3000000X</a>",various,Maxpar
CyTOF (Cytometry),3163006C,Anti-Human MCL-1,<div>Polyclonal</div>,163Dy,Human,25 Tests,"<a href=""https://fluidigm.my.salesforce.com/sfc/p/700000009DAw/a/4u0000019iIj/o2JWoW5OLaSiY5FkxO6zJl_Mrh3onRAouu9R.OxtoEg"" target=""_blank"">PRD009-3163006B</a>","<a href=""https://fluidigm.my.salesforce.com/sfc/p/700000009DAw/a/4u000001870w/XU6eX2YZtdejnAfGRls.mPHhJTPvhOp30R18ZV_Asw4"" target=""_blank"">MSDS-3000000X</a>",various,Maxpar
CyTOF (Cytometry),3163007B,Anti-Human CD56,<div>NCAM16.2</div>,163Dy,Human,100 Tests,"<a href=""https://fluidigm.my.salesforce.com/sfc/p/700000009DAw/a/4u0000019iIn/3aWAEelOe7z8AHM.eP8wOY.BGASCdkiC3KsXAW24Wnc"" target=""_blank"">PRD009-3163007B</a>","<a href=""https://fluidigm.my.salesforce.com/sfc/p/700000009DAw/a/4u000001870w/XU6eX2YZtdejnAfGRls.mPHhJTPvhOp30R18ZV_Asw4"" target=""_blank"">MSDS-3000000X</a>",various,Maxpar
CyTOF (Cytometry),3163007C,Anti-Human CD56,<div>NCAM16.2</div>,163Dy,Human,25 Tests,"<a href=""https://fluidigm.my.salesforce.com/sfc/p/700000009DAw/a/4u0000019iIn/3aWAEelOe7z8AHM.eP8wOY.BGASCdkiC3KsXAW24Wnc"" target=""_blank"">PRD009-3163007B</a>","<a href=""https://fluidigm.my.salesforce.com/sfc/p/700000009DAw/a/4u000001870w/XU6eX2YZtdejnAfGRls.mPHhJTPvhOp30R18ZV_Asw4"" target=""_blank"">MSDS-3000000X</a>",various,Maxpar
CyTOF (Cytometry),3163008B,Anti-Human CD235ab,<div>HIR2 (GA-R2)</div>,163Dy,"Human, African Green, Baboon",100 Tests,"<a href=""https://fluidigm.my.salesforce.com/sfc/p/700000009DAw/a/4u0000019iIQ/nCl05QN3u0IPsrD_yZJQTUcyhWFpp69mnwYabShYMNc"" target=""_blank"">PRD009-3163008B</a>","<a href=""https://fluidigm.my.salesforce.com/sfc/p/700000009DAw/a/4u000001870w/XU6eX2YZtdejnAfGRls.mPHhJTPvhOp30R18ZV_Asw4"" target=""_blank"">MSDS-3000000X</a>",various,Maxpar
CyTOF (Cytometry),3163008C,Anti-Human CD235ab,<div>HIR2 (GA-R2)</div>,163Dy,"Human, African Green, Baboon",25 Tests,"<a href=""https://fluidigm.my.salesforce.com/sfc/p/700000009DAw/a/4u0000019iIQ/nCl05QN3u0IPsrD_yZJQTUcyhWFpp69mnwYabShYMNc"" target=""_blank"">PRD009-3163008B</a>","<a href=""https://fluidigm.my.salesforce.com/sfc/p/700000009DAw/a/4u000001870w/XU6eX2YZtdejnAfGRls.mPHhJTPvhOp30R18ZV_Asw4"" target=""_blank"">MSDS-3000000X</a>",various,Maxpar
CyTOF (Cytometry),3163009B,Anti-Human CD272/BTLA,<div>MIH26</div>,163Dy,"Human, African green",100 Tests,"<a href=""https://fluidigm.my.salesforce.com/sfc/p/700000009DAw/a/4u0000019iIR/wuGJL_jZev10OVxyUmCoImKe2pGDuFQCITgGc2D3g4Q"" target=""_blank"">PRD009-3163009B</a>","<a href=""https://fluidigm.my.salesforce.com/sfc/p/700000009DAw/a/4u000001870w/XU6eX2YZtdejnAfGRls.mPHhJTPvhOp30R18ZV_Asw4"" target=""_blank"">MSDS-3000000X</a>",various,Maxpar
CyTOF (Cytometry),3163009C,Anti-Human CD272/BTLA,<div>MIH26</div>,163Dy,"Human, African green",25 Tests,"<a href=""https://fluidigm.my.salesforce.com/sfc/p/700000009DAw/a/4u0000019iIR/wuGJL_jZev10OVxyUmCoImKe2pGDuFQCITgGc2D3g4Q"" target=""_blank"">PRD009-3163009B</a>","<a href=""https://fluidigm.my.salesforce.com/sfc/p/700000009DAw/a/4u000001870w/XU6eX2YZtdejnAfGRls.mPHhJTPvhOp30R18ZV_Asw4"" target=""_blank"">MSDS-3000000X</a>",various,Maxpar
CyTOF (Cytometry),3163011B,Anti-Human IL-4,<div>MP4-25D2</div>,163Dy,"Human, Pig, Rhesus Macaque",100 Tests,"<a href=""https://fluidigm.my.salesforce.com/sfc/p/700000009DAw/a/4u0000019iIk/qG0EGXqBVubFAqjOzPH_FBz9LmZwwCHWpGu8WMGrnII"" target=""_blank"">PRD009-3163011B</a>","<a href=""https://fluidigm.my.salesforce.com/sfc/p/700000009DAw/a/4u000001870w/XU6eX2YZtdejnAfGRls.mPHhJTPvhOp30R18ZV_Asw4"" target=""_blank"">MSDS-3000000X</a>",various,Maxpar
CyTOF (Cytometry),3163011C,Anti-Human IL-4,<div>MP4-25D2</div>,163Dy,"Human, Pig, Rhesus Macaque",25 Tests,"<a href=""https://fluidigm.my.salesforce.com/sfc/p/700000009DAw/a/4u0000019iIk/qG0EGXqBVubFAqjOzPH_FBz9LmZwwCHWpGu8WMGrnII"" target=""_blank"">PRD009-3163011B</a>","<a href=""https://fluidigm.my.salesforce.com/sfc/p/700000009DAw/a/4u000001870w/XU6eX2YZtdejnAfGRls.mPHhJTPvhOp30R18ZV_Asw4"" target=""_blank"">MSDS-3000000X</a>",various,Maxpar
CyTOF (Cytometry),3163012B,Anti-Human/Mouse BCL-6,<div>K112-91</div>,163Dy,"Human, Mouse",100 Tests,"<a href=""https://fluidigm.my.salesforce.com/sfc/p/700000009DAw/a/4u0000019iIU/iddV3IN_k1mWDxoWJom9YTxRtMxiK7a070RpAbiZJmY"" target=""_blank"">PRD009-3163012B</a>","<a href=""https://fluidigm.my.salesforce.com/sfc/p/700000009DAw/a/4u000001870w/XU6eX2YZtdejnAfGRls.mPHhJTPvhOp30R18ZV_Asw4"" target=""_blank"">MSDS-3000000X</a>",various,Maxpar
CyTOF (Cytometry),3163012C,Anti-Human/Mouse BCL-6,<div>K112-91</div>,163Dy,"Human, Mouse",25 Tests,"<a href=""https://fluidigm.my.salesforce.com/sfc/p/700000009DAw/a/4u0000019iIU/iddV3IN_k1mWDxoWJom9YTxRtMxiK7a070RpAbiZJmY"" target=""_blank"">PRD009-3163012B</a>","<a href=""https://fluidigm.my.salesforce.com/sfc/p/700000009DAw/a/4u000001870w/XU6eX2YZtdejnAfGRls.mPHhJTPvhOp30R18ZV_Asw4"" target=""_blank"">MSDS-3000000X</a>",various,Maxpar
CyTOF (Cytometry),3163013B,Anti-Human CD257,<div>T7-241</div>,163Dy,"Human, African Green, Baboon, Cynomolgus, Rhesus",100 Tests,"<a href=""https://fluidigm.my.salesforce.com/sfc/p/700000009DAw/a/4u0000019iIV/puYjKWyqI6UwkulA7KFX797N.5._5kBF_vBREWLS0Zc"" target=""_blank"">PRD009-3163013B</a>","<a href=""https://fluidigm.my.salesforce.com/sfc/p/700000009DAw/a/4u000001870w/XU6eX2YZtdejnAfGRls.mPHhJTPvhOp30R18ZV_Asw4"" target=""_blank"">MSDS-3000000X</a>",various,Maxpar
CyTOF (Cytometry),3163013C,Anti-Human CD257,<div>T7-241</div>,163Dy,"Human, African Green, Baboon, Cynomolgus, Rhesus",25 Tests,"<a href=""https://fluidigm.my.salesforce.com/sfc/p/700000009DAw/a/4u0000019iIV/puYjKWyqI6UwkulA7KFX797N.5._5kBF_vBREWLS0Zc"" target=""_blank"">PRD009-3163013B</a>","<a href=""https://fluidigm.my.salesforce.com/sfc/p/700000009DAw/a/4u000001870w/XU6eX2YZtdejnAfGRls.mPHhJTPvhOp30R18ZV_Asw4"" target=""_blank"">MSDS-3000000X</a>",various,Maxpar
CyTOF (Cytometry),3163014B,Anti-Human CD34,<div>581</div>,163Dy,"Human, Cynomolgus Macaque",100 Tests,"<a href=""https://fluidigm.my.salesforce.com/sfc/p/700000009DAw/a/4u0000019iIZ/.JWWVPHeJzRpiR7RulRqhcZ34GqZRAJhloUKYDjWWXc"" target=""_blank"">PRD009-3163014B</a>","<a href=""https://fluidigm.my.salesforce.com/sfc/p/700000009DAw/a/4u000001870w/XU6eX2YZtdejnAfGRls.mPHhJTPvhOp30R18ZV_Asw4"" target=""_blank"">MSDS-3000000X</a>",various,Maxpar
CyTOF (Cytometry),3163014C,Anti-Human CD34,<div>581</div>,163Dy,"Human, Cynomolgus Macaque",25 Tests,"<a href=""https://fluidigm.my.salesforce.com/sfc/p/700000009DAw/a/4u0000019iIZ/.JWWVPHeJzRpiR7RulRqhcZ34GqZRAJhloUKYDjWWXc"" target=""_blank"">PRD009-3163014B</a>","<a href=""https://fluidigm.my.salesforce.com/sfc/p/700000009DAw/a/4u000001870w/XU6eX2YZtdejnAfGRls.mPHhJTPvhOp30R18ZV_Asw4"" target=""_blank"">MSDS-3000000X</a>",various,Maxpar
CyTOF (Cytometry),3163015B,Anti-Human CD49a ,<div>TS2/7</div>,163Dy,"Human, African Green, Baboon, Cynomolgus, Rhesus",100 Tests,"<a href=""https://fluidigm.my.salesforce.com/sfc/p/700000009DAw/a/4u0000019iIa/eMoX6ypWk1L2T_TuccN3puPh8osvmVNr2vEvpU64LxM"" target=""_blank"">PRD009-3163015B</a>","<a href=""https://fluidigm.my.salesforce.com/sfc/p/700000009DAw/a/4u000001870w/XU6eX2YZtdejnAfGRls.mPHhJTPvhOp30R18ZV_Asw4"" target=""_blank"">MSDS-3000000X</a>",various,Maxpar
CyTOF (Cytometry),3163015C,Anti-Human CD49a ,<div>TS2/7</div>,163Dy,"Human, African Green, Baboon, Cynomolgus, Rhesus",25 Tests,"<a href=""https://fluidigm.my.salesforce.com/sfc/p/700000009DAw/a/4u0000019iIa/eMoX6ypWk1L2T_TuccN3puPh8osvmVNr2vEvpU64LxM"" target=""_blank"">PRD009-3163015B</a>","<a href=""https://fluidigm.my.salesforce.com/sfc/p/700000009DAw/a/4u000001870w/XU6eX2YZtdejnAfGRls.mPHhJTPvhOp30R18ZV_Asw4"" target=""_blank"">MSDS-3000000X</a>",various,Maxpar
CyTOF (Cytometry),3163016B,Anti-Human CD231 ,<div>(SN1a) M3-3D9 </div>,163Dy,"Human, African Green, Baboon, Cynomolgus",100 Tests,"<a href=""https://fluidigm.my.salesforce.com/sfc/p/700000009DAw/a/4u0000019iIl/ubeKlqNcuAY9YkXMHD11CfRd2sjhoh3CdjL7.xDH1FE"" target=""_blank"">PRD009-3163016B</a>","<a href=""https://fluidigm.my.salesforce.com/sfc/p/700000009DAw/a/4u000001870w/XU6eX2YZtdejnAfGRls.mPHhJTPvhOp30R18ZV_Asw4"" target=""_blank"">MSDS-3000000X</a>",various,Maxpar
CyTOF (Cytometry),3163016C,Anti-Human CD231 ,<div>(SN1a) M3-3D9 </div>,163Dy,"Human, African Green, Baboon, Cynomolgus",25 Tests,"<a href=""https://fluidigm.my.salesforce.com/sfc/p/700000009DAw/a/4u0000019iIl/ubeKlqNcuAY9YkXMHD11CfRd2sjhoh3CdjL7.xDH1FE"" target=""_blank"">PRD009-3163016B</a>","<a href=""https://fluidigm.my.salesforce.com/sfc/p/700000009DAw/a/4u000001870w/XU6eX2YZtdejnAfGRls.mPHhJTPvhOp30R18ZV_Asw4"" target=""_blank"">MSDS-3000000X</a>",various,Maxpar
CyTOF (Cytometry),3163017B,Anti-Human CD172a/b,<div>SE5A5</div>,163Dy,"Human, African Green, Baboon, Cynomolgus, Rhesus",100 Tests,"<a href=""https://fluidigm.my.salesforce.com/sfc/p/700000009DAw/a/4u0000019iIN/f4PZ8IfF3ZKlPDELyTlxZ8XJWPPlkTwxSn.27S7pRJo"" target=""_blank"">PRD009-3163017B</a>","<a href=""https://fluidigm.my.salesforce.com/sfc/p/700000009DAw/a/4u000001870w/XU6eX2YZtdejnAfGRls.mPHhJTPvhOp30R18ZV_Asw4"" target=""_blank"">MSDS-3000000X</a>",various,Maxpar
CyTOF (Cytometry),3163017C,Anti-Human CD172a/b,<div>SE5A5</div>,163Dy,"Human, African Green, Baboon, Cynomolgus, Rhesus",25 Tests,"<a href=""https://fluidigm.my.salesforce.com/sfc/p/700000009DAw/a/4u0000019iIN/f4PZ8IfF3ZKlPDELyTlxZ8XJWPPlkTwxSn.27S7pRJo"" target=""_blank"">PRD009-3163017B</a>","<a href=""https://fluidigm.my.salesforce.com/sfc/p/700000009DAw/a/4u000001870w/XU6eX2YZtdejnAfGRls.mPHhJTPvhOp30R18ZV_Asw4"" target=""_blank"">MSDS-3000000X</a>",various,Maxpar
CyTOF (Cytometry),3163023B,Anti-Human CD33,<div>WM53</div>,163Dy,"Human, Chimpanzee",100 Tests,"<a href=""https://fluidigm.my.salesforce.com/sfc/p/700000009DAw/a/4u0000019iIW/Wh.dw2lZ7m4jMlHQKV0Ogn9tkShxWpxY4vb1aEivO3k"" target=""_blank"">PRD009-3163023B</a>","<a href=""https://fluidigm.my.salesforce.com/sfc/p/700000009DAw/a/4u000001870w/XU6eX2YZtdejnAfGRls.mPHhJTPvhOp30R18ZV_Asw4"" target=""_blank"">MSDS-3000000X</a>",various,Maxpar
CyTOF (Cytometry),3163023C,Anti-Human CD33,<div>WM53</div>,163Dy,"Human, Chimpanzee",25 Tests,"<a href=""https://fluidigm.my.salesforce.com/sfc/p/700000009DAw/a/4u0000019iIW/Wh.dw2lZ7m4jMlHQKV0Ogn9tkShxWpxY4vb1aEivO3k"" target=""_blank"">PRD009-3163023B</a>","<a href=""https://fluidigm.my.salesforce.com/sfc/p/700000009DAw/a/4u000001870w/XU6eX2YZtdejnAfGRls.mPHhJTPvhOp30R18ZV_Asw4"" target=""_blank"">MSDS-3000000X</a>",various,Maxpar
CyTOF (Cytometry),3163024A,Anti-Human Estrogen receptor α  ,<div>D8H8</div>,163Dy,Human,50 Tests,"<a href=""https://fluidigm.my.salesforce.com/sfc/p/700000009DAw/a/4u0000019iIm/ItCilWSp86EM5EWyMP2RalHaNX4oflBgOnaiZhCYt4Y"" target=""_blank"">PRD009-3163024A</a>","<a href=""https://fluidigm.my.salesforce.com/sfc/p/700000009DAw/a/4u000001870w/XU6eX2YZtdejnAfGRls.mPHhJTPvhOp30R18ZV_Asw4"" target=""_blank"">MSDS-3000000X</a>",various,Maxpar
CyTOF (Cytometry),3163024C,Anti-Human Estrogen receptor α  ,<div>D8H8</div>,163Dy,Human,25 Tests,"<a href=""https://fluidigm.my.salesforce.com/sfc/p/700000009DAw/a/4u0000019iIm/ItCilWSp86EM5EWyMP2RalHaNX4oflBgOnaiZhCYt4Y"" target=""_blank"">PRD009-3163024B</a>","<a href=""https://fluidigm.my.salesforce.com/sfc/p/700000009DAw/a/4u000001870w/XU6eX2YZtdejnAfGRls.mPHhJTPvhOp30R18ZV_Asw4"" target=""_blank"">MSDS-3000000X</a>",various,Maxpar
CyTOF (Cytometry),3163025B,Anti-Human CD121b ,<div>MNC2</div>,163Dy,Human,100 Tests,"<a href=""https://fluidigm.my.salesforce.com/sfc/p/700000009DAw/a/4u0000019iIx/NKnD.2oSql1BF1COY2J7m0Yio4ojbSabZE.gLK3HsUg"" target=""_blank"">PRD009-3163025B</a>","<a href=""https://fluidigm.my.salesforce.com/sfc/p/700000009DAw/a/4u000001870w/XU6eX2YZtdejnAfGRls.mPHhJTPvhOp30R18ZV_Asw4"" target=""_blank"">MSDS-3000000X</a>",various,Maxpar
CyTOF (Cytometry),3163025C,Anti-Human CD121b ,<div>MNC2 </div>,163Dy,Human,25 Tests,"<a href=""https://fluidigm.my.salesforce.com/sfc/p/700000009DAw/a/4u0000019iIx/NKnD.2oSql1BF1COY2J7m0Yio4ojbSabZE.gLK3HsUg"" target=""_blank"">PRD009-3163025B</a>","<a href=""https://fluidigm.my.salesforce.com/sfc/p/700000009DAw/a/4u000001870w/XU6eX2YZtdejnAfGRls.mPHhJTPvhOp30R18ZV_Asw4"" target=""_blank"">MSDS-3000000X</a>",various,Maxpar
CyTOF (Cytometry),3163032B,Anti-Human CD45RO,<div>UCHL1</div>,163Dy,"Human, Chimpanzee, Cynomolgus Macaque, Common Marmoset",100 Tests,"<a href=""https://fluidigm.my.salesforce.com/sfc/p/700000009DAw/a/4u000000qPxd/4HcU2cIRkp4em1dIdHLxSe6M50l0rOurma7goYee3Qc"" target=""_blank"">PRD009-3163032B</a>","<a href=""https://fluidigm.my.salesforce.com/sfc/p/700000009DAw/a/4u000001870w/XU6eX2YZtdejnAfGRls.mPHhJTPvhOp30R18ZV_Asw4"" target=""_blank"">MSDS-3000000X</a>",various,Maxpar
CyTOF (Cytometry),3163032C,Anti-Human CD45RO,<div>UCHL1</div>,163Dy,"Human, Chimpanzee, Cynomolgus Macaque, Common Marmoset",25 Tests,"<a href=""https://fluidigm.my.salesforce.com/sfc/p/700000009DAw/a/4u000000qPxd/4HcU2cIRkp4em1dIdHLxSe6M50l0rOurma7goYee3Qc"" target=""_blank"">PRD009-3163032B</a>","<a href=""https://fluidigm.my.salesforce.com/sfc/p/700000009DAw/a/4u000001870w/XU6eX2YZtdejnAfGRls.mPHhJTPvhOp30R18ZV_Asw4"" target=""_blank"">MSDS-3000000X</a>",various,Maxpar
CyTOF (Cytometry),3164001B,Anti-Human CD15/SSEA-1,<div>W6D3</div>,164Dy,Human,100 Tests,"<a href=""https://fluidigm.my.salesforce.com/sfc/p/700000009DAw/a/4u0000019iIX/1_YXShBcxRD9rarxuMuhVSGoC4buZih7TzddoQjzI24"" target=""_blank"">PRD009-3164001B</a>","<a href=""https://fluidigm.my.salesforce.com/sfc/p/700000009DAw/a/4u000001870w/XU6eX2YZtdejnAfGRls.mPHhJTPvhOp30R18ZV_Asw4"" target=""_blank"">MSDS-3000000X</a>",various,Maxpar
CyTOF (Cytometry),3164001C,Anti-Human CD15/SSEA-1,<div>W6D3</div>,164Dy,Human,25 Tests,"<a href=""https://fluidigm.my.salesforce.com/sfc/p/700000009DAw/a/4u0000019iIX/1_YXShBcxRD9rarxuMuhVSGoC4buZih7TzddoQjzI24"" target=""_blank"">PRD009-3164001B</a>","<a href=""https://fluidigm.my.salesforce.com/sfc/p/700000009DAw/a/4u000001870w/XU6eX2YZtdejnAfGRls.mPHhJTPvhOp30R18ZV_Asw4"" target=""_blank"">MSDS-3000000X</a>",various,Maxpar
CyTOF (Cytometry),3164002B,Anti-Human IL-17A,<div>N49-653</div>,164Dy,Human,100 Tests,"<a href=""https://fluidigm.my.salesforce.com/sfc/p/700000009DAw/a/4u0000019iJ2/Sr5FNG2ALHw4aIk_k38AWtTFw8cakNzVLILVuCEABOM"" target=""_blank"">PRD009-3164002B</a>","<a href=""https://fluidigm.my.salesforce.com/sfc/p/700000009DAw/a/4u000001870w/XU6eX2YZtdejnAfGRls.mPHhJTPvhOp30R18ZV_Asw4"" target=""_blank"">MSDS-3000000X</a>",various,Maxpar
CyTOF (Cytometry),3164002C,Anti-Human IL-17A,<div>N49-653</div>,164Dy,Human,25 Tests,"<a href=""https://fluidigm.my.salesforce.com/sfc/p/700000009DAw/a/4u0000019iJ2/Sr5FNG2ALHw4aIk_k38AWtTFw8cakNzVLILVuCEABOM"" target=""_blank"">PRD009-3164002B</a>","<a href=""https://fluidigm.my.salesforce.com/sfc/p/700000009DAw/a/4u000001870w/XU6eX2YZtdejnAfGRls.mPHhJTPvhOp30R18ZV_Asw4"" target=""_blank"">MSDS-3000000X</a>",various,Maxpar
CyTOF (Cytometry),3164003B,Anti-Mouse CD62L,<div>MEL-14</div>,164Dy,Mouse,100 Tests,"<a href=""https://fluidigm.my.salesforce.com/sfc/p/700000009DAw/a/4u0000019iJ3/Pl7PGlEbs5Vr7Eml9motMWYRkTnB6GVrOeu8hOUo41g"" target=""_blank"">PRD009-3164003B</a>","<a href=""https://fluidigm.my.salesforce.com/sfc/p/700000009DAw/a/4u000001870w/XU6eX2YZtdejnAfGRls.mPHhJTPvhOp30R18ZV_Asw4"" target=""_blank"">MSDS-3000000X</a>",various,Maxpar
CyTOF (Cytometry),3164003C,Anti-Mouse CD62L,<div>MEL-14</div>,164Dy,Mouse,25 Tests,"<a href=""https://fluidigm.my.salesforce.com/sfc/p/700000009DAw/a/4u0000019iJ3/Pl7PGlEbs5Vr7Eml9motMWYRkTnB6GVrOeu8hOUo41g"" target=""_blank"">PRD009-3164003B</a>","<a href=""https://fluidigm.my.salesforce.com/sfc/p/700000009DAw/a/4u000001870w/XU6eX2YZtdejnAfGRls.mPHhJTPvhOp30R18ZV_Asw4"" target=""_blank"">MSDS-3000000X</a>",various,Maxpar
CyTOF (Cytometry),3164004A,Anti-Iκβα,<div>L35A5</div>,164Dy,"Human, Hamster",50 Tests,"<a href=""https://fluidigm.my.salesforce.com/sfc/p/700000009DAw/a/4u0000019iJ7/QO3al0925Rb5gNEieVgouBeRcLSRnF2pFAboeUXHsEY"" target=""_blank"">PRD009-3164004A</a>","<a href=""https://fluidigm.my.salesforce.com/sfc/p/700000009DAw/a/4u000001870w/XU6eX2YZtdejnAfGRls.mPHhJTPvhOp30R18ZV_Asw4"" target=""_blank"">MSDS-3000000X</a>",various,Maxpar
CyTOF (Cytometry),3164004C,Anti-Iκβα,<div>L35A5</div>,164Dy,"Human, Hamster",25 Tests,"<a href=""https://fluidigm.my.salesforce.com/sfc/p/700000009DAw/a/4u0000019iJ7/QO3al0925Rb5gNEieVgouBeRcLSRnF2pFAboeUXHsEY"" target=""_blank"">PRD009-3164004B</a>","<a href=""https://fluidigm.my.salesforce.com/sfc/p/700000009DAw/a/4u000001870w/XU6eX2YZtdejnAfGRls.mPHhJTPvhOp30R18ZV_Asw4"" target=""_blank"">MSDS-3000000X</a>",various,Maxpar
CyTOF (Cytometry),3164005B,Anti-Mouse Sca-1/ Ly-6A/E,<div>D7</div>,164Dy,Mouse,100 Tests,"<a href=""https://fluidigm.my.salesforce.com/sfc/p/700000009DAw/a/4u0000019iJC/GWL9Dn6C8GJ5qiUeriQj4eKmnq52.rTkUD5Kp23OrAQ"" target=""_blank"">PRD009-3164005B</a>","<a href=""https://fluidigm.my.salesforce.com/sfc/p/700000009DAw/a/4u000001870w/XU6eX2YZtdejnAfGRls.mPHhJTPvhOp30R18ZV_Asw4"" target=""_blank"">MSDS-3000000X</a>",various,Maxpar
CyTOF (Cytometry),3164005C,Anti-Mouse Sca-1/ Ly-6A/E,<div>D7</div>,164Dy,Mouse,25 Tests,"<a href=""https://fluidigm.my.salesforce.com/sfc/p/700000009DAw/a/4u0000019iJC/GWL9Dn6C8GJ5qiUeriQj4eKmnq52.rTkUD5Kp23OrAQ"" target=""_blank"">PRD009-3164005B</a>","<a href=""https://fluidigm.my.salesforce.com/sfc/p/700000009DAw/a/4u000001870w/XU6eX2YZtdejnAfGRls.mPHhJTPvhOp30R18ZV_Asw4"" target=""_blank"">MSDS-3000000X</a>",various,Maxpar
CyTOF (Cytometry),3164006B,Anti-Human/Mouse CD49F,<div>GoH3</div>,164Dy,"Human, African Green, Mouse, Baboon, Capuchin Monkey, Cat , Cattle, Chimpanzee, Cynomolgus, Dog, Horse, Rabbit, Rhesus, Sheep, Swine",100 Tests,"<a href=""https://fluidigm.my.salesforce.com/sfc/p/700000009DAw/a/4u0000019iJH/ClSeiQlatc2lpLFyNAz0ieUrLQ8sfDOdpXdRv_Vypn4"" target=""_blank"">PRD009-3164006B</a>","<a href=""https://fluidigm.my.salesforce.com/sfc/p/700000009DAw/a/4u000001870w/XU6eX2YZtdejnAfGRls.mPHhJTPvhOp30R18ZV_Asw4"" target=""_blank"">MSDS-3000000X</a>",various,Maxpar
CyTOF (Cytometry),3164006C,Anti-Human/Mouse CD49F,<div>GoH3</div>,164Dy,"Human, African Green, Mouse, Baboon, Capuchin Monkey, Cat , Cattle, Chimpanzee, Cynomolgus, Dog, Horse, Rabbit, Rhesus, Sheep, Swine",25 Tests,"<a href=""https://fluidigm.my.salesforce.com/sfc/p/700000009DAw/a/4u0000019iJH/ClSeiQlatc2lpLFyNAz0ieUrLQ8sfDOdpXdRv_Vypn4"" target=""_blank"">PRD009-3164006B</a>","<a href=""https://fluidigm.my.salesforce.com/sfc/p/700000009DAw/a/4u000001870w/XU6eX2YZtdejnAfGRls.mPHhJTPvhOp30R18ZV_Asw4"" target=""_blank"">MSDS-3000000X</a>",various,Maxpar
CyTOF (Cytometry),3164007B,Anti-Human CD45RO,<div>UCHL1</div>,164Dy,"Human, Chimpanzee, Cynomolgus Macaque, Common Marmoset",100 Tests,"<a href=""https://fluidigm.my.salesforce.com/sfc/p/700000009DAw/a/4u0000019iIo/.yAHZ60PLZ_sYW7mkEOG4b6NRBqYxBectCLn4DKXfug"" target=""_blank"">PRD009-3164007B</a>","<a href=""https://fluidigm.my.salesforce.com/sfc/p/700000009DAw/a/4u000001870w/XU6eX2YZtdejnAfGRls.mPHhJTPvhOp30R18ZV_Asw4"" target=""_blank"">MSDS-3000000X</a>",various,Maxpar
CyTOF (Cytometry),3164007C,Anti-Human CD45RO,<div>UCHL1</div>,164Dy,"Human, Chimpanzee, Cynomolgus Macaque, Common Marmoset",25 Tests,"<a href=""https://fluidigm.my.salesforce.com/sfc/p/700000009DAw/a/4u0000019iIo/.yAHZ60PLZ_sYW7mkEOG4b6NRBqYxBectCLn4DKXfug"" target=""_blank"">PRD009-3164007B</a>","<a href=""https://fluidigm.my.salesforce.com/sfc/p/700000009DAw/a/4u000001870w/XU6eX2YZtdejnAfGRls.mPHhJTPvhOp30R18ZV_Asw4"" target=""_blank"">MSDS-3000000X</a>",various,Maxpar
CyTOF (Cytometry),3164008B,Anti-Human CD95/Fas,<div>DX2</div>,164Dy,"Human, Cynomolgus Macaque, Rhesus Macaque, Chimpanzee, Baboon, Pigtailed Macaque, Sooty Mangabey, Capuchin Monkey, African Green Monkey, Cotton-topped Tamarin, Common Marmoset",100 Tests,"<a href=""https://fluidigm.my.salesforce.com/sfc/p/700000009DAw/a/4u0000019iIp/MiEjmBitujUcFd.oVqAfU7W9zcV4u_v.IRmmdsHq2j0"" target=""_blank"">PRD009-3164008B</a>","<a href=""https://fluidigm.my.salesforce.com/sfc/p/700000009DAw/a/4u000001870w/XU6eX2YZtdejnAfGRls.mPHhJTPvhOp30R18ZV_Asw4"" target=""_blank"">MSDS-3000000X</a>",various,Maxpar
CyTOF (Cytometry),3164008C,Anti-Human CD95/Fas,<div>DX2 </div>,164Dy,"Human, Cynomolgus Macaque, Rhesus Macaque, Chimpanzee, Baboon, Pigtailed Macaque, Sooty Mangabey, Capuchin Monkey, African Green Monkey, Cotton-topped Tamarin, Common Marmoset",25 Tests,"<a href=""https://fluidigm.my.salesforce.com/sfc/p/700000009DAw/a/4u0000019iIp/MiEjmBitujUcFd.oVqAfU7W9zcV4u_v.IRmmdsHq2j0"" target=""_blank"">PRD009-3164008B</a>","<a href=""https://fluidigm.my.salesforce.com/sfc/p/700000009DAw/a/4u000001870w/XU6eX2YZtdejnAfGRls.mPHhJTPvhOp30R18ZV_Asw4"" target=""_blank"">MSDS-3000000X</a>",various,Maxpar
CyTOF (Cytometry),3164009B,Anti-Human CD161,<div>HP-3G10</div>,164Dy,"Human, Cynomolgus Macaque, Rhesus Macaque, African Green Monkey, Baboon",100 Tests,"<a href=""https://fluidigm.my.salesforce.com/sfc/p/700000009DAw/a/4u0000019iJM/YpMRDWieLtrFWvGDgvOgBduwuaCUk3_jX_yBoiNWHik"" target=""_blank"">PRD009-3164009B</a>","<a href=""https://fluidigm.my.salesforce.com/sfc/p/700000009DAw/a/4u000001870w/XU6eX2YZtdejnAfGRls.mPHhJTPvhOp30R18ZV_Asw4"" target=""_blank"">MSDS-3000000X</a>",various,Maxpar
CyTOF (Cytometry),3164009C,Anti-Human CD161,<div>HP-3G10 </div>,164Dy,"Human, Cynomolgus Macaque, Rhesus Macaque, African Green Monkey, Baboon",25 Tests,"<a href=""https://fluidigm.my.salesforce.com/sfc/p/700000009DAw/a/4u0000019iJM/YpMRDWieLtrFWvGDgvOgBduwuaCUk3_jX_yBoiNWHik"" target=""_blank"">PRD009-3164009B</a>","<a href=""https://fluidigm.my.salesforce.com/sfc/p/700000009DAw/a/4u000001870w/XU6eX2YZtdejnAfGRls.mPHhJTPvhOp30R18ZV_Asw4"" target=""_blank"">MSDS-3000000X</a>",various,Maxpar
CyTOF (Cytometry),3164010A,Anti-Cyclin B1 ,<div>GNS-1</div>,164Dy,"Human, Mouse, Bovine",50 Tests,"<a href=""https://fluidigm.my.salesforce.com/sfc/p/700000009DAw/a/4u0000019iJR/Urr9Ibww2QEpYgtu1VOFzBHOBZAvPFgRATQ6rr_ckxY"" target=""_blank"">PRD009-3164010A</a>","<a href=""https://fluidigm.my.salesforce.com/sfc/p/700000009DAw/a/4u000001870w/XU6eX2YZtdejnAfGRls.mPHhJTPvhOp30R18ZV_Asw4"" target=""_blank"">MSDS-3000000X</a>",various,Maxpar
CyTOF (Cytometry),3164010C,Anti-Cyclin B1 ,<div>GNS-1 </div>,164Dy,"Human, Mouse, Bovine",25 Tests,"<a href=""https://fluidigm.my.salesforce.com/sfc/p/700000009DAw/a/4u0000019iJR/Urr9Ibww2QEpYgtu1VOFzBHOBZAvPFgRATQ6rr_ckxY"" target=""_blank"">PRD009-3164010B</a>","<a href=""https://fluidigm.my.salesforce.com/sfc/p/700000009DAw/a/4u000001870w/XU6eX2YZtdejnAfGRls.mPHhJTPvhOp30R18ZV_Asw4"" target=""_blank"">MSDS-3000000X</a>",various,Maxpar
CyTOF (Cytometry),3164011B,Anti-Mouse CD49b,<div>HMα2</div>,164Dy,Mouse,100 Tests,"<a href=""https://fluidigm.my.salesforce.com/sfc/p/700000009DAw/a/4u0000019iJS/ZZhCV2RC9AcWbIrXDlmsUu2JHGqBFs_wrvayVfLs6uU"" target=""_blank"">PRD009-3164011B</a>","<a href=""https://fluidigm.my.salesforce.com/sfc/p/700000009DAw/a/4u000001870w/XU6eX2YZtdejnAfGRls.mPHhJTPvhOp30R18ZV_Asw4"" target=""_blank"">MSDS-3000000X</a>",various,Maxpar
CyTOF (Cytometry),3164011C,Anti-Mouse CD49b,<div>HMα2</div>,164Dy,Mouse,25 Tests,"<a href=""https://fluidigm.my.salesforce.com/sfc/p/700000009DAw/a/4u0000019iJS/ZZhCV2RC9AcWbIrXDlmsUu2JHGqBFs_wrvayVfLs6uU"" target=""_blank"">PRD009-3164011B</a>","<a href=""https://fluidigm.my.salesforce.com/sfc/p/700000009DAw/a/4u000001870w/XU6eX2YZtdejnAfGRls.mPHhJTPvhOp30R18ZV_Asw4"" target=""_blank"">MSDS-3000000X</a>",various,Maxpar
CyTOF (Cytometry),3164013A,Anti-Mouse CD197/CCR7,<div>4B12</div>,164Dy,Mouse,50 Tests,"<a href=""https://fluidigm.my.salesforce.com/sfc/p/700000009DAw/a/4u0000019iJT/5FCsBLBwdHmpcH.umQvkLPZ68O5H7bjwsIgc2BoQ6K8"" target=""_blank"">PRD009-3164013A</a>","<a href=""https://fluidigm.my.salesforce.com/sfc/p/700000009DAw/a/4u000001870w/XU6eX2YZtdejnAfGRls.mPHhJTPvhOp30R18ZV_Asw4"" target=""_blank"">MSDS-3000000X</a>",various,Maxpar
CyTOF (Cytometry),3164013C,Anti-Mouse CD197/CCR7,<div>4B12</div>,164Dy,Mouse,25 Tests,"<a href=""https://fluidigm.my.salesforce.com/sfc/p/700000009DAw/a/4u0000019iJT/5FCsBLBwdHmpcH.umQvkLPZ68O5H7bjwsIgc2BoQ6K8"" target=""_blank"">PRD009-3164013A</a>","<a href=""https://fluidigm.my.salesforce.com/sfc/p/700000009DAw/a/4u000001870w/XU6eX2YZtdejnAfGRls.mPHhJTPvhOp30R18ZV_Asw4"" target=""_blank"">MSDS-3000000X</a>",various,Maxpar
CyTOF (Cytometry),3164014B,Anti-Mouse LAP/TGFβ,<div>TW7-16B4</div>,164Dy,Mouse,100 Tests,"<a href=""https://fluidigm.my.salesforce.com/sfc/p/700000009DAw/a/4u0000019iJI/A72DZu6vkKAhuTqPegBVnhX.XytiQozXztgPCF49QKc"" target=""_blank"">PRD009-3164014B</a>","<a href=""https://fluidigm.my.salesforce.com/sfc/p/700000009DAw/a/4u000001870w/XU6eX2YZtdejnAfGRls.mPHhJTPvhOp30R18ZV_Asw4"" target=""_blank"">MSDS-3000000X</a>",various,Maxpar
CyTOF (Cytometry),3164014C,Anti-Mouse LAP/TGFβ,<div>TW7-16B4 </div>,164Dy,Mouse,25 Tests,"<a href=""https://fluidigm.my.salesforce.com/sfc/p/700000009DAw/a/4u0000019iJI/A72DZu6vkKAhuTqPegBVnhX.XytiQozXztgPCF49QKc"" target=""_blank"">PRD009-3164014B</a>","<a href=""https://fluidigm.my.salesforce.com/sfc/p/700000009DAw/a/4u000001870w/XU6eX2YZtdejnAfGRls.mPHhJTPvhOp30R18ZV_Asw4"" target=""_blank"">MSDS-3000000X</a>",various,Maxpar
CyTOF (Cytometry),3164015B,Anti-Human TdT,<div>E17-1519</div>,164Dy,Human,100 Tests,"<a href=""https://fluidigm.my.salesforce.com/sfc/p/700000009DAw/a/4u0000019iJU/PeRP.H0TRXzaPTFVZBt8dqqNOm2V1sBmEM9oGFKOaQE"" target=""_blank"">PRD009-3164015B</a>","<a href=""https://fluidigm.my.salesforce.com/sfc/p/700000009DAw/a/4u000001870w/XU6eX2YZtdejnAfGRls.mPHhJTPvhOp30R18ZV_Asw4"" target=""_blank"">MSDS-3000000X</a>",various,Maxpar
CyTOF (Cytometry),3164015C,Anti-Human TdT,<div>E17-1519</div>,164Dy,Human,25 Tests,"<a href=""https://fluidigm.my.salesforce.com/sfc/p/700000009DAw/a/4u0000019iJU/PeRP.H0TRXzaPTFVZBt8dqqNOm2V1sBmEM9oGFKOaQE"" target=""_blank"">PRD009-3164015B</a>","<a href=""https://fluidigm.my.salesforce.com/sfc/p/700000009DAw/a/4u000001870w/XU6eX2YZtdejnAfGRls.mPHhJTPvhOp30R18ZV_Asw4"" target=""_blank"">MSDS-3000000X</a>",various,Maxpar
CyTOF (Cytometry),3164017B,Anti-Human Siglec 8,<div>7C9</div>,164Dy,Human,100 Tests,"<a href=""https://fluidigm.my.salesforce.com/sfc/p/700000009DAw/a/4u0000019iJV/__jA03VsUsz9Yl0lT7JFkQhVcPr1v6uIwMRfZWG3m34"" target=""_blank"">PRD009-3164017B</a>","<a href=""https://fluidigm.my.salesforce.com/sfc/p/700000009DAw/a/4u000001870w/XU6eX2YZtdejnAfGRls.mPHhJTPvhOp30R18ZV_Asw4"" target=""_blank"">MSDS-3000000X</a>",various,Maxpar
CyTOF (Cytometry),3164017C,Anti-Human Siglec 8,<div>7C9</div>,164Dy,Human,25 Tests,"<a href=""https://fluidigm.my.salesforce.com/sfc/p/700000009DAw/a/4u0000019iJV/__jA03VsUsz9Yl0lT7JFkQhVcPr1v6uIwMRfZWG3m34"" target=""_blank"">PRD009-3164017B</a>","<a href=""https://fluidigm.my.salesforce.com/sfc/p/700000009DAw/a/4u000001870w/XU6eX2YZtdejnAfGRls.mPHhJTPvhOp30R18ZV_Asw4"" target=""_blank"">MSDS-3000000X</a>",various,Maxpar
CyTOF (Cytometry),3164018B,Anti-Human CD23,<div>EBVCS-5</div>,164Dy,Human,100 Tests,"<a href=""https://fluidigm.my.salesforce.com/sfc/p/700000009DAw/a/4u0000019iJD/CTeB5TiTSmqi63xLQ9fLyzZeW5D5ge2OAc4XZLsr1AM"" target=""_blank"">PRD009-3164018B</a>","<a href=""https://fluidigm.my.salesforce.com/sfc/p/700000009DAw/a/4u000001870w/XU6eX2YZtdejnAfGRls.mPHhJTPvhOp30R18ZV_Asw4"" target=""_blank"">MSDS-3000000X</a>",various,Maxpar
CyTOF (Cytometry),3164018C,Anti-Human CD23,<div>EBVCS-5</div>,164Dy,Human,25 Tests,"<a href=""https://fluidigm.my.salesforce.com/sfc/p/700000009DAw/a/4u0000019iJD/CTeB5TiTSmqi63xLQ9fLyzZeW5D5ge2OAc4XZLsr1AM"" target=""_blank"">PRD009-3164018B</a>","<a href=""https://fluidigm.my.salesforce.com/sfc/p/700000009DAw/a/4u000001870w/XU6eX2YZtdejnAfGRls.mPHhJTPvhOp30R18ZV_Asw4"" target=""_blank"">MSDS-3000000X</a>",various,Maxpar
CyTOF (Cytometry),3164020A,Anti-Cytokeratin 7,<div>RCK105</div>,164Dy,"Human, Mouse, Rat, Hamster, Pig, Do",50 Tests,"<a href=""https://fluidigm.my.salesforce.com/sfc/p/700000009DAw/a/4u0000019iJW/TXQP40Bae5KUJkQbhX25FaKY5Po0iHv05ArcQ8GnH7g"" target=""_blank"">PRD009-3164020A</a>","<a href=""https://fluidigm.my.salesforce.com/sfc/p/700000009DAw/a/4u000001870w/XU6eX2YZtdejnAfGRls.mPHhJTPvhOp30R18ZV_Asw4"" target=""_blank"">MSDS-3000000X</a>",various,Maxpar
CyTOF (Cytometry),3164020C,Anti-Cytokeratin 7,<div>RCK105</div>,164Dy,"Human, Mouse, Rat, Hamster, Pig, Do",25 Tests,"<a href=""https://fluidigm.my.salesforce.com/sfc/p/700000009DAw/a/4u0000019iJW/TXQP40Bae5KUJkQbhX25FaKY5Po0iHv05ArcQ8GnH7g"" target=""_blank"">PRD009-3164020B</a>","<a href=""https://fluidigm.my.salesforce.com/sfc/p/700000009DAw/a/4u000001870w/XU6eX2YZtdejnAfGRls.mPHhJTPvhOp30R18ZV_Asw4"" target=""_blank"">MSDS-3000000X</a>",various,Maxpar
CyTOF (Cytometry),3164022B,Anti-Human CD166,<div>3A6</div>,164Dy,"Human, African Green, Baboon, Cynomolgus, Rhesus",100 Tests,"<a href=""https://fluidigm.my.salesforce.com/sfc/p/700000009DAw/a/4u0000019iJb/_FWrCqdI6nmx2c318coVsw.Mei_0FmpZZkwxsUeWmDc"" target=""_blank"">PRD009-3164022B</a>","<a href=""https://fluidigm.my.salesforce.com/sfc/p/700000009DAw/a/4u000001870w/XU6eX2YZtdejnAfGRls.mPHhJTPvhOp30R18ZV_Asw4"" target=""_blank"">MSDS-3000000X</a>",various,Maxpar
CyTOF (Cytometry),3164022C,Anti-Human CD166,<div>3A6</div>,164Dy,"Human, African Green, Baboon, Cynomolgus, Rhesus",25 Tests,"<a href=""https://fluidigm.my.salesforce.com/sfc/p/700000009DAw/a/4u0000019iJb/_FWrCqdI6nmx2c318coVsw.Mei_0FmpZZkwxsUeWmDc"" target=""_blank"">PRD009-3164022B</a>","<a href=""https://fluidigm.my.salesforce.com/sfc/p/700000009DAw/a/4u000001870w/XU6eX2YZtdejnAfGRls.mPHhJTPvhOp30R18ZV_Asw4"" target=""_blank"">MSDS-3000000X</a>",various,Maxpar
CyTOF (Cytometry),3164023B,Anti-Mouse CX3CR1 ,<div>SA011F11</div>,164Dy,Mouse,100 Tests,"<a href=""https://fluidigm.my.salesforce.com/sfc/p/700000009DAw/a/4u0000019iJJ/z3vC2RztjA5_xJ47.kqdS58dJCq19SpQ8OC5zc_84zQ"" target=""_blank"">PRD009-3164023B</a>","<a href=""https://fluidigm.my.salesforce.com/sfc/p/700000009DAw/a/4u000001870w/XU6eX2YZtdejnAfGRls.mPHhJTPvhOp30R18ZV_Asw4"" target=""_blank"">MSDS-3000000X</a>",various,Maxpar
CyTOF (Cytometry),3164023C,Anti-Mouse CX3CR1 ,<div>SA011F11</div>,164Dy,Mouse,25 Tests,"<a href=""https://fluidigm.my.salesforce.com/sfc/p/700000009DAw/a/4u0000019iJJ/z3vC2RztjA5_xJ47.kqdS58dJCq19SpQ8OC5zc_84zQ"" target=""_blank"">PRD009-3164023B</a>","<a href=""https://fluidigm.my.salesforce.com/sfc/p/700000009DAw/a/4u000001870w/XU6eX2YZtdejnAfGRls.mPHhJTPvhOp30R18ZV_Asw4"" target=""_blank"">MSDS-3000000X</a>",various,Maxpar
CyTOF (Cytometry),3164029B,Anti-Human CD185/CXCR5,<div>RF8B2</div>,164Dy,Human,100 Tests,"<a href=""https://fluidigm.my.salesforce.com/sfc/p/700000009DAw/a/4u0000019iJg/7PEP16N8Ueas0iu8_NY_Ws3o5hyrZUioW4a3XOqUwCU"" target=""_blank"">PRD009-3164029B</a>","<a href=""https://fluidigm.my.salesforce.com/sfc/p/700000009DAw/a/4u000001870w/XU6eX2YZtdejnAfGRls.mPHhJTPvhOp30R18ZV_Asw4"" target=""_blank"">MSDS-3000000X</a>",various,Maxpar
CyTOF (Cytometry),3164029C,Anti-Human CD185/CXCR5,<div>RF8B2</div>,164Dy,Human,25 Tests,"<a href=""https://fluidigm.my.salesforce.com/sfc/p/700000009DAw/a/4u0000019iJg/7PEP16N8Ueas0iu8_NY_Ws3o5hyrZUioW4a3XOqUwCU"" target=""_blank"">PRD009-3164029B</a>","<a href=""https://fluidigm.my.salesforce.com/sfc/p/700000009DAw/a/4u000001870w/XU6eX2YZtdejnAfGRls.mPHhJTPvhOp30R18ZV_Asw4"" target=""_blank"">MSDS-3000000X</a>",various,Maxpar
CyTOF (Cytometry),3164030B,Anti-Human Arginase I,<div>14D2C43</div>,164Dy,Human,100 Tests,"<a href=""https://fluidigm.my.salesforce.com/sfc/p/700000009DAw/a/4u0000019iJN/Swt9ZveXvADaUePGY4ZggOgrnmgQZn9d3Y6FLgsuriY"" target=""_blank"">PRD009-3164030B</a>","<a href=""https://fluidigm.my.salesforce.com/sfc/p/700000009DAw/a/4u000001870w/XU6eX2YZtdejnAfGRls.mPHhJTPvhOp30R18ZV_Asw4"" target=""_blank"">MSDS-3000000X</a>",various,Maxpar
CyTOF (Cytometry),3164030C,Anti-Human Arginase I,<div>14D2C43</div>,164Dy,Human,25 Tests,"<a href=""https://fluidigm.my.salesforce.com/sfc/p/700000009DAw/a/4u0000019iJN/Swt9ZveXvADaUePGY4ZggOgrnmgQZn9d3Y6FLgsuriY"" target=""_blank"">PRD009-3164030B</a>","<a href=""https://fluidigm.my.salesforce.com/sfc/p/700000009DAw/a/4u000001870w/XU6eX2YZtdejnAfGRls.mPHhJTPvhOp30R18ZV_Asw4"" target=""_blank"">MSDS-3000000X</a>",various,Maxpar
CyTOF (Cytometry),3165001B,Anti-Human CD16,<div>3G8</div>,165Ho,"Human, Cynomolgus Macaque, Rhesus Macaque, African Green, Baboon, Capuchin Monkey, Chimpanzee, Common Marmoset, Pigtailed Macaque, Sooty Mangabey, Squirrel Monkey",100 Tests,"<a href=""https://fluidigm.my.salesforce.com/sfc/p/700000009DAw/a/4u0000019iJl/9PLKNshM1ruT_TeOGGVv19zkEpZLmBQw3LIq_9qMO1U"" target=""_blank"">PRD009-3165001B</a>","<a href=""https://fluidigm.my.salesforce.com/sfc/p/700000009DAw/a/4u000001870w/XU6eX2YZtdejnAfGRls.mPHhJTPvhOp30R18ZV_Asw4"" target=""_blank"">MSDS-3000000X</a>",various,Maxpar
CyTOF (Cytometry),3165001C,Anti-Human CD16,<div>3G8</div>,165Ho,"Human, Cynomolgus Macaque, Rhesus Macaque, African Green, Baboon, Capuchin Monkey, Chimpanzee, Common Marmoset, Pigtailed Macaque, Sooty Mangabey, Squirrel Monkey",25 Tests,"<a href=""https://fluidigm.my.salesforce.com/sfc/p/700000009DAw/a/4u0000019iJl/9PLKNshM1ruT_TeOGGVv19zkEpZLmBQw3LIq_9qMO1U"" target=""_blank"">PRD009-3165001B</a>","<a href=""https://fluidigm.my.salesforce.com/sfc/p/700000009DAw/a/4u000001870w/XU6eX2YZtdejnAfGRls.mPHhJTPvhOp30R18ZV_Asw4"" target=""_blank"">MSDS-3000000X</a>",various,Maxpar
CyTOF (Cytometry),3165002B,Anti-Human IFNγ,<div>B27</div>,165Ho,"Human,Chimpanzee, Baboon, Cynomolgus, Rhesus, Pigtailed Macaque, African Green, Sooty Mangabey",100 Tests,"<a href=""https://fluidigm.my.salesforce.com/sfc/p/700000009DAw/a/4u0000019iJq/zSfpEjtLds4o2Dc_IW6gEokQV1csxwDlssHDtFFRIsI"" target=""_blank"">PRD009-3165002B</a>","<a href=""https://fluidigm.my.salesforce.com/sfc/p/700000009DAw/a/4u000001870w/XU6eX2YZtdejnAfGRls.mPHhJTPvhOp30R18ZV_Asw4"" target=""_blank"">MSDS-3000000X</a>",various,Maxpar
CyTOF (Cytometry),3165002C,Anti-Human IFNγ,<div>B27</div>,165Ho,"Human,Chimpanzee, Baboon, Cynomolgus, Rhesus, Pigtailed Macaque, African Green, Sooty Mangabey",25 Tests,"<a href=""https://fluidigm.my.salesforce.com/sfc/p/700000009DAw/a/4u0000019iJq/zSfpEjtLds4o2Dc_IW6gEokQV1csxwDlssHDtFFRIsI"" target=""_blank"">PRD009-3165002B</a>","<a href=""https://fluidigm.my.salesforce.com/sfc/p/700000009DAw/a/4u000001870w/XU6eX2YZtdejnAfGRls.mPHhJTPvhOp30R18ZV_Asw4"" target=""_blank"">MSDS-3000000X</a>",various,Maxpar
CyTOF (Cytometry),3165003B,Anti-Mouse IFNγ,<div>XMG1.2</div>,165Ho,Mouse,100 Tests,"<a href=""https://fluidigm.my.salesforce.com/sfc/p/700000009DAw/a/4u0000019iJm/vvgzMp2j_n5magOFq.yrfskoeBcABZmto1StmQkroY0"" target=""_blank"">PRD009-3165003B</a>","<a href=""https://fluidigm.my.salesforce.com/sfc/p/700000009DAw/a/4u000001870w/XU6eX2YZtdejnAfGRls.mPHhJTPvhOp30R18ZV_Asw4"" target=""_blank"">MSDS-3000000X</a>",various,Maxpar
CyTOF (Cytometry),3165003C,Anti-Mouse IFNγ,<div>XMG1.2</div>,165Ho,Mouse,25 Tests,"<a href=""https://fluidigm.my.salesforce.com/sfc/p/700000009DAw/a/4u0000019iJm/vvgzMp2j_n5magOFq.yrfskoeBcABZmto1StmQkroY0"" target=""_blank"">PRD009-3165003B</a>","<a href=""https://fluidigm.my.salesforce.com/sfc/p/700000009DAw/a/4u000001870w/XU6eX2YZtdejnAfGRls.mPHhJTPvhOp30R18ZV_Asw4"" target=""_blank"">MSDS-3000000X</a>",various,Maxpar
CyTOF (Cytometry),3165005B,Anti-Human CD40,<div>5C3</div>,165Ho,"Human, Baboon, Chimpanzee, Cynomolgus Macaque, Rhesus Macaque, Squirrel Monkey",100 Tests,"<a href=""https://fluidigm.my.salesforce.com/sfc/p/700000009DAw/a/4u0000019iJr/q0h0y3q7Urvy2D5chdcB_myFdd8qy__AnMGmJLpIqMU"" target=""_blank"">PRD009-3165005B</a>","<a href=""https://fluidigm.my.salesforce.com/sfc/p/700000009DAw/a/4u000001870w/XU6eX2YZtdejnAfGRls.mPHhJTPvhOp30R18ZV_Asw4"" target=""_blank"">MSDS-3000000X</a>",various,Maxpar
CyTOF (Cytometry),3165005C,Anti-Human CD40,<div>5C3</div>,165Ho,"Human, Baboon, Chimpanzee, Cynomolgus Macaque, Rhesus Macaque, Squirrel Monkey",25 Tests,"<a href=""https://fluidigm.my.salesforce.com/sfc/p/700000009DAw/a/4u0000019iJr/q0h0y3q7Urvy2D5chdcB_myFdd8qy__AnMGmJLpIqMU"" target=""_blank"">PRD009-3165005B</a>","<a href=""https://fluidigm.my.salesforce.com/sfc/p/700000009DAw/a/4u000001870w/XU6eX2YZtdejnAfGRls.mPHhJTPvhOp30R18ZV_Asw4"" target=""_blank"">MSDS-3000000X</a>",various,Maxpar
CyTOF (Cytometry),3165006B,Anti-Human Notch3,<div>MHN3-21</div>,165Ho,Human,100 Tests,"<a href=""https://fluidigm.my.salesforce.com/sfc/p/700000009DAw/a/4u0000019iJv/SqJEdKIqZaG4cj.VtwGR10aaAV3Zc6TWrrz2xTOP8TI"" target=""_blank"">PRD009-3165006B</a>","<a href=""https://fluidigm.my.salesforce.com/sfc/p/700000009DAw/a/4u000001870w/XU6eX2YZtdejnAfGRls.mPHhJTPvhOp30R18ZV_Asw4"" target=""_blank"">MSDS-3000000X</a>",various,Maxpar
CyTOF (Cytometry),3165006C,Anti-Human Notch3,<div>MHN3-21</div>,165Ho,Human,25 Tests,"<a href=""https://fluidigm.my.salesforce.com/sfc/p/700000009DAw/a/4u0000019iJv/SqJEdKIqZaG4cj.VtwGR10aaAV3Zc6TWrrz2xTOP8TI"" target=""_blank"">PRD009-3165006B</a>","<a href=""https://fluidigm.my.salesforce.com/sfc/p/700000009DAw/a/4u000001870w/XU6eX2YZtdejnAfGRls.mPHhJTPvhOp30R18ZV_Asw4"" target=""_blank"">MSDS-3000000X</a>",various,Maxpar
CyTOF (Cytometry),3165007B,Anti-Human CD16,<div>B73.1</div>,165Ho,Human,100 Tests,"<a href=""https://fluidigm.my.salesforce.com/sfc/p/700000009DAw/a/4u0000019iJK/f26YvqbBiUfK88gIS1WLtvruvYM4f2MgdCkCLaYxA0w"" target=""_blank"">PRD009-3165007B</a>","<a href=""https://fluidigm.my.salesforce.com/sfc/p/700000009DAw/a/4u000001870w/XU6eX2YZtdejnAfGRls.mPHhJTPvhOp30R18ZV_Asw4"" target=""_blank"">MSDS-3000000X</a>",various,Maxpar
CyTOF (Cytometry),3165007C,Anti-Human CD16,<div>B73.1</div>,165Ho,Human,25 Tests,"<a href=""https://fluidigm.my.salesforce.com/sfc/p/700000009DAw/a/4u0000019iJK/f26YvqbBiUfK88gIS1WLtvruvYM4f2MgdCkCLaYxA0w"" target=""_blank"">PRD009-3165007B</a>","<a href=""https://fluidigm.my.salesforce.com/sfc/p/700000009DAw/a/4u000001870w/XU6eX2YZtdejnAfGRls.mPHhJTPvhOp30R18ZV_Asw4"" target=""_blank"">MSDS-3000000X</a>",various,Maxpar
CyTOF (Cytometry),3165008B,Anti-Human CD127/IL-7Rα,<div>A019D5</div>,165Ho,"Human, African Green, Baboon, Cynomolgus Macaque, Rhesus Macaque",100 Tests,"<a href=""https://fluidigm.my.salesforce.com/sfc/p/700000009DAw/a/4u0000019iJE/aat.1li1zSiK0onDrUIgo7Jb.Jz590mDnPL1z65Ypek"" target=""_blank"">PRD009-3165008B</a>","<a href=""https://fluidigm.my.salesforce.com/sfc/p/700000009DAw/a/4u000001870w/XU6eX2YZtdejnAfGRls.mPHhJTPvhOp30R18ZV_Asw4"" target=""_blank"">MSDS-3000000X</a>",various,Maxpar
CyTOF (Cytometry),3165008C,Anti-Human CD127/IL-7Rα,<div>A019D5 </div>,165Ho,"Human, African Green, Baboon, Cynomolgus Macaque, Rhesus Macaque",25 Tests,"<a href=""https://fluidigm.my.salesforce.com/sfc/p/700000009DAw/a/4u0000019iJE/aat.1li1zSiK0onDrUIgo7Jb.Jz590mDnPL1z65Ypek"" target=""_blank"">PRD009-3165008B</a>","<a href=""https://fluidigm.my.salesforce.com/sfc/p/700000009DAw/a/4u000001870w/XU6eX2YZtdejnAfGRls.mPHhJTPvhOp30R18ZV_Asw4"" target=""_blank"">MSDS-3000000X</a>",various,Maxpar
CyTOF (Cytometry),3165009A,Anti-pCREB,<div>87G3</div>,165Ho,"Human, Rat, Mouse",50 Tests,"<a href=""https://fluidigm.my.salesforce.com/sfc/p/700000009DAw/a/4u0000019iJX/fBGrLnPqeyvMD.p7_jYO6hhw4k5RZAtUKCG0dvJtfrc"" target=""_blank"">PRD009-3165009A</a>","<a href=""https://fluidigm.my.salesforce.com/sfc/p/700000009DAw/a/4u000001870w/XU6eX2YZtdejnAfGRls.mPHhJTPvhOp30R18ZV_Asw4"" target=""_blank"">MSDS-3000000X</a>",various,Maxpar
CyTOF (Cytometry),3165009C,Anti-pCREB,<div>87G3</div>,165Ho,"Human, Rat, Mouse",25 Tests,"<a href=""https://fluidigm.my.salesforce.com/sfc/p/700000009DAw/a/4u0000019iJX/fBGrLnPqeyvMD.p7_jYO6hhw4k5RZAtUKCG0dvJtfrc"" target=""_blank"">PRD009-3165009B</a>","<a href=""https://fluidigm.my.salesforce.com/sfc/p/700000009DAw/a/4u000001870w/XU6eX2YZtdejnAfGRls.mPHhJTPvhOp30R18ZV_Asw4"" target=""_blank"">MSDS-3000000X</a>",various,Maxpar
CyTOF (Cytometry),3165010B,Anti-Human CD61,<div>VI-PL2</div>,165Ho,"Human, African Green, Baboon, Cynomolgus, Rhesus",100 Tests,"<a href=""https://fluidigm.my.salesforce.com/sfc/p/700000009DAw/a/4u0000019iK0/zSAatW4tc7u8Plc1exC9nT0Nqch6aOH4pB7jh.Mthrw"" target=""_blank"">PRD009-3165010B</a>","<a href=""https://fluidigm.my.salesforce.com/sfc/p/700000009DAw/a/4u000001870w/XU6eX2YZtdejnAfGRls.mPHhJTPvhOp30R18ZV_Asw4"" target=""_blank"">MSDS-3000000X</a>",various,Maxpar
CyTOF (Cytometry),3165010C,Anti-Human CD61,<div>VI-PL2</div>,165Ho,"Human, African Green, Baboon, Cynomolgus, Rhesus",25 Tests,"<a href=""https://fluidigm.my.salesforce.com/sfc/p/700000009DAw/a/4u0000019iK0/zSAatW4tc7u8Plc1exC9nT0Nqch6aOH4pB7jh.Mthrw"" target=""_blank"">PRD009-3165010B</a>","<a href=""https://fluidigm.my.salesforce.com/sfc/p/700000009DAw/a/4u000001870w/XU6eX2YZtdejnAfGRls.mPHhJTPvhOp30R18ZV_Asw4"" target=""_blank"">MSDS-3000000X</a>",various,Maxpar
CyTOF (Cytometry),3165011B,Anti-Human CD45RO,<div>UCHL1</div>,165Ho,"Human, Chimpanzee, Cynomolgus Macaque, Common Marmoset",100 Tests,"<a href=""https://fluidigm.my.salesforce.com/sfc/p/700000009DAw/a/4u0000019iK5/f6NLG50qw84PVNr.tnQ5b1gj7onLSxwpugjm6l8gvSk"" target=""_blank"">PRD009-3165011B</a>","<a href=""https://fluidigm.my.salesforce.com/sfc/p/700000009DAw/a/4u000001870w/XU6eX2YZtdejnAfGRls.mPHhJTPvhOp30R18ZV_Asw4"" target=""_blank"">MSDS-3000000X</a>",various,Maxpar
CyTOF (Cytometry),3165011C,Anti-Human CD45RO,<div>UCHL1</div>,165Ho,"Human, Chimpanzee, Cynomolgus Macaque, Common Marmoset",25 Tests,"<a href=""https://fluidigm.my.salesforce.com/sfc/p/700000009DAw/a/4u0000019iK5/f6NLG50qw84PVNr.tnQ5b1gj7onLSxwpugjm6l8gvSk"" target=""_blank"">PRD009-3165011B</a>","<a href=""https://fluidigm.my.salesforce.com/sfc/p/700000009DAw/a/4u000001870w/XU6eX2YZtdejnAfGRls.mPHhJTPvhOp30R18ZV_Asw4"" target=""_blank"">MSDS-3000000X</a>",various,Maxpar
CyTOF (Cytometry),3165012B,Anti-Biotin ,<div>1D4-C5</div>,165Ho,All species,100 Tests,"<a href=""https://fluidigm.my.salesforce.com/sfc/p/700000009DAw/a/4u0000019iKA/BIhmxyq6.bMmAVfjkEySbMjB0EGdRzlNRN1QlRqjK5c"" target=""_blank"">PRD009-3165012B</a>","<a href=""https://fluidigm.my.salesforce.com/sfc/p/700000009DAw/a/4u000001870w/XU6eX2YZtdejnAfGRls.mPHhJTPvhOp30R18ZV_Asw4"" target=""_blank"">MSDS-3000000X</a>",various,Maxpar
CyTOF (Cytometry),3165012C,Anti-Biotin ,<div>1D4-C5</div>,165Ho,All species,25 Tests,"<a href=""https://fluidigm.my.salesforce.com/sfc/p/700000009DAw/a/4u0000019iKA/BIhmxyq6.bMmAVfjkEySbMjB0EGdRzlNRN1QlRqjK5c"" target=""_blank"">PRD009-3165012B</a>","<a href=""https://fluidigm.my.salesforce.com/sfc/p/700000009DAw/a/4u000001870w/XU6eX2YZtdejnAfGRls.mPHhJTPvhOp30R18ZV_Asw4"" target=""_blank"">MSDS-3000000X</a>",various,Maxpar
CyTOF (Cytometry),3165013B,Anti-Mouse CD31/PECAM-1,<div>390</div>,165Ho,Mouse,100 Tests,"<a href=""https://fluidigm.my.salesforce.com/sfc/p/700000009DAw/a/4u0000019iKF/osz1OS1KZR7nVh.3jzHKOj6wayO3dmzi6BKvIc.J9xM"" target=""_blank"">PRD009-3165013B</a>","<a href=""https://fluidigm.my.salesforce.com/sfc/p/700000009DAw/a/4u000001870w/XU6eX2YZtdejnAfGRls.mPHhJTPvhOp30R18ZV_Asw4"" target=""_blank"">MSDS-3000000X</a>",various,Maxpar
CyTOF (Cytometry),3165013C,Anti-Mouse CD31/PECAM-1,<div>390</div>,165Ho,Mouse,25 Tests,"<a href=""https://fluidigm.my.salesforce.com/sfc/p/700000009DAw/a/4u0000019iKF/osz1OS1KZR7nVh.3jzHKOj6wayO3dmzi6BKvIc.J9xM"" target=""_blank"">PRD009-3165013B</a>","<a href=""https://fluidigm.my.salesforce.com/sfc/p/700000009DAw/a/4u000001870w/XU6eX2YZtdejnAfGRls.mPHhJTPvhOp30R18ZV_Asw4"" target=""_blank"">MSDS-3000000X</a>",various,Maxpar
CyTOF (Cytometry),3165014B,Anti-Mouse CD326/EpCAM,<div>G8.8</div>,165Ho,Mouse,100 Tests,"<a href=""https://fluidigm.my.salesforce.com/sfc/p/700000009DAw/a/4u0000019iKK/Veqsggh1w_I5HEuCVA.dc2GlaSomeiXacYLB1dr03Pc"" target=""_blank"">PRD009-3165014B</a>","<a href=""https://fluidigm.my.salesforce.com/sfc/p/700000009DAw/a/4u000001870w/XU6eX2YZtdejnAfGRls.mPHhJTPvhOp30R18ZV_Asw4"" target=""_blank"">MSDS-3000000X</a>",various,Maxpar
CyTOF (Cytometry),3165014C,Anti-Mouse CD326/EpCAM,<div>G8.8</div>,165Ho,Mouse,25 Tests,"<a href=""https://fluidigm.my.salesforce.com/sfc/p/700000009DAw/a/4u0000019iKK/Veqsggh1w_I5HEuCVA.dc2GlaSomeiXacYLB1dr03Pc"" target=""_blank"">PRD009-3165014B</a>","<a href=""https://fluidigm.my.salesforce.com/sfc/p/700000009DAw/a/4u000001870w/XU6eX2YZtdejnAfGRls.mPHhJTPvhOp30R18ZV_Asw4"" target=""_blank"">MSDS-3000000X</a>",various,Maxpar
CyTOF (Cytometry),3165015B,Anti-PE,<div>PE001</div>,165Ho,Cross,100 Tests,"<a href=""https://fluidigm.my.salesforce.com/sfc/p/700000009DAw/a/4u0000019iK6/cQ7nJSciTMaitP8SQVfoPzuwWhcp.qfl.7QRDjtPGx8"" target=""_blank"">PRD009-3165015B</a>","<a href=""https://fluidigm.my.salesforce.com/sfc/p/700000009DAw/a/4u000001870w/XU6eX2YZtdejnAfGRls.mPHhJTPvhOp30R18ZV_Asw4"" target=""_blank"">MSDS-3000000X</a>",various,Maxpar
CyTOF (Cytometry),3165015C,Anti-PE,<div>PE001</div>,165Ho,Cross,25 Tests,"<a href=""https://fluidigm.my.salesforce.com/sfc/p/700000009DAw/a/4u0000019iK6/cQ7nJSciTMaitP8SQVfoPzuwWhcp.qfl.7QRDjtPGx8"" target=""_blank"">PRD009-3165015B</a>","<a href=""https://fluidigm.my.salesforce.com/sfc/p/700000009DAw/a/4u000001870w/XU6eX2YZtdejnAfGRls.mPHhJTPvhOp30R18ZV_Asw4"" target=""_blank"">MSDS-3000000X</a>",various,Maxpar
CyTOF (Cytometry),3165017B,Anti-Human CD163,<div>GHI/61</div>,165Ho,"Human, African Green, Cynomolgus, Rhesus",100 Tests,"<a href=""https://fluidigm.my.salesforce.com/sfc/p/700000009DAw/a/4u0000019iK1/EsyAyTR9Qp1yAtBvLusHe0WRKGMclGBJxkUfh7p3dFs"" target=""_blank"">PRD009-3165017B</a>","<a href=""https://fluidigm.my.salesforce.com/sfc/p/700000009DAw/a/4u000001870w/XU6eX2YZtdejnAfGRls.mPHhJTPvhOp30R18ZV_Asw4"" target=""_blank"">MSDS-3000000X</a>",various,Maxpar
CyTOF (Cytometry),3165017C,Anti-Human CD163,<div>GHI/61</div>,165Ho,"Human, African Green, Cynomolgus, Rhesus",25 Tests,"<a href=""https://fluidigm.my.salesforce.com/sfc/p/700000009DAw/a/4u0000019iK1/EsyAyTR9Qp1yAtBvLusHe0WRKGMclGBJxkUfh7p3dFs"" target=""_blank"">PRD009-3165017B</a>","<a href=""https://fluidigm.my.salesforce.com/sfc/p/700000009DAw/a/4u000001870w/XU6eX2YZtdejnAfGRls.mPHhJTPvhOp30R18ZV_Asw4"" target=""_blank"">MSDS-3000000X</a>",various,Maxpar
CyTOF (Cytometry),3165018B,Anti-Mouse NK1.1,<div>PK136</div>,165Ho,Mouse,100 Tests,"<a href=""https://fluidigm.my.salesforce.com/sfc/p/700000009DAw/a/4u0000019iKP/yQMUxwL8JmNBdlLgkcbifOUZoKOf1gizSsC9r9Wm96A"" target=""_blank"">PRD009-3165018B</a>","<a href=""https://fluidigm.my.salesforce.com/sfc/p/700000009DAw/a/4u000001870w/XU6eX2YZtdejnAfGRls.mPHhJTPvhOp30R18ZV_Asw4"" target=""_blank"">MSDS-3000000X</a>",various,Maxpar
CyTOF (Cytometry),3165018C,Anti-Mouse NK1.1,<div>PK136</div>,165Ho,Mouse,25 Tests,"<a href=""https://fluidigm.my.salesforce.com/sfc/p/700000009DAw/a/4u0000019iKP/yQMUxwL8JmNBdlLgkcbifOUZoKOf1gizSsC9r9Wm96A"" target=""_blank"">PRD009-3165018B</a>","<a href=""https://fluidigm.my.salesforce.com/sfc/p/700000009DAw/a/4u000001870w/XU6eX2YZtdejnAfGRls.mPHhJTPvhOp30R18ZV_Asw4"" target=""_blank"">MSDS-3000000X</a>",various,Maxpar
CyTOF (Cytometry),3165020B,Anti-Mouse CD3e,<div>145-2C11</div>,165Ho,Mouse,100 Tests,"<a href=""https://fluidigm.my.salesforce.com/sfc/p/700000009DAw/a/4u0000019iKU/43cn7mVTcQjRD7n76TFa8ieHKWla6tJ3R9P5OF.x45Y"" target=""_blank"">PRD009-3165020B</a>","<a href=""https://fluidigm.my.salesforce.com/sfc/p/700000009DAw/a/4u000001870w/XU6eX2YZtdejnAfGRls.mPHhJTPvhOp30R18ZV_Asw4"" target=""_blank"">MSDS-3000000X</a>",various,Maxpar
CyTOF (Cytometry),3165020C,Anti-Mouse CD3e,<div>145-2C11</div>,165Ho,Mouse,25 Tests,"<a href=""https://fluidigm.my.salesforce.com/sfc/p/700000009DAw/a/4u0000019iKU/43cn7mVTcQjRD7n76TFa8ieHKWla6tJ3R9P5OF.x45Y"" target=""_blank"">PRD009-3165020B</a>","<a href=""https://fluidigm.my.salesforce.com/sfc/p/700000009DAw/a/4u000001870w/XU6eX2YZtdejnAfGRls.mPHhJTPvhOp30R18ZV_Asw4"" target=""_blank"">MSDS-3000000X</a>",various,Maxpar
CyTOF (Cytometry),3165023A,Anti-Human/Mouse Oct3/4,<div>40/Oct-3</div>,165Ho,"Human, Mouse",50 Tests,"<a href=""https://fluidigm.my.salesforce.com/sfc/p/700000009DAw/a/4u0000019iKZ/NIS4aEd1gstvdyPZEn4QHSvgEWo0B.vryM1pC0cgy_0"" target=""_blank"">PRD009-3165023A</a>","<a href=""https://fluidigm.my.salesforce.com/sfc/p/700000009DAw/a/4u000001870w/XU6eX2YZtdejnAfGRls.mPHhJTPvhOp30R18ZV_Asw4"" target=""_blank"">MSDS-3000000X</a>",various,Maxpar
CyTOF (Cytometry),3165023C,Anti-Human/Mouse Oct3/4,<div>40/Oct-3</div>,165Ho,"Human, Mouse",25 Tests,"<a href=""https://fluidigm.my.salesforce.com/sfc/p/700000009DAw/a/4u0000019iKZ/NIS4aEd1gstvdyPZEn4QHSvgEWo0B.vryM1pC0cgy_0"" target=""_blank"">PRD009-3165023B</a>","<a href=""https://fluidigm.my.salesforce.com/sfc/p/700000009DAw/a/4u000001870w/XU6eX2YZtdejnAfGRls.mPHhJTPvhOp30R18ZV_Asw4"" target=""_blank"">MSDS-3000000X</a>",various,Maxpar
CyTOF (Cytometry),3165024A,Anti-Mouse/Rat Foxp3,<div>FJK-16s</div>,165Ho,"Mouse, Rat, Cow, Dog, Cat, Pig",50 Tests,"<a href=""https://fluidigm.my.salesforce.com/sfc/p/700000009DAw/a/4u0000019iK2/ZnL.FAeRah_2JU7C4Cr2KnRRFynOxt0PXKiQLwvrSFw"" target=""_blank"">PRD009-3165024A</a>","<a href=""https://fluidigm.my.salesforce.com/sfc/p/700000009DAw/a/4u000001870w/XU6eX2YZtdejnAfGRls.mPHhJTPvhOp30R18ZV_Asw4"" target=""_blank"">MSDS-3000000X</a>",various,Maxpar
CyTOF (Cytometry),3165024C,Anti-Mouse/Rat Foxp3,<div>FJK-16s</div>,165Ho,"Mouse, Rat, Cow, Dog, Cat, Pig",25 Tests,"<a href=""https://fluidigm.my.salesforce.com/sfc/p/700000009DAw/a/4u0000019iK2/ZnL.FAeRah_2JU7C4Cr2KnRRFynOxt0PXKiQLwvrSFw"" target=""_blank"">PRD009-3165024B</a>","<a href=""https://fluidigm.my.salesforce.com/sfc/p/700000009DAw/a/4u000001870w/XU6eX2YZtdejnAfGRls.mPHhJTPvhOp30R18ZV_Asw4"" target=""_blank"">MSDS-3000000X</a>",various,Maxpar
CyTOF (Cytometry),3165025B,Anti-Human CD19,<div>HIB19</div>,165Ho,"Human, Chimpanzee",100 Tests,"<a href=""https://fluidigm.my.salesforce.com/sfc/p/700000009DAw/a/4u0000019iK7/NbwOAYS_K7ShbJaJ08WzxLez3ud5p3pQxwengMhb4Ck"" target=""_blank"">PRD009-3165025B</a>","<a href=""https://fluidigm.my.salesforce.com/sfc/p/700000009DAw/a/4u000001870w/XU6eX2YZtdejnAfGRls.mPHhJTPvhOp30R18ZV_Asw4"" target=""_blank"">MSDS-3000000X</a>",various,Maxpar
CyTOF (Cytometry),3165025C,Anti-Human CD19,<div>HIB19</div>,165Ho,"Human, Chimpanzee",25 Tests,"<a href=""https://fluidigm.my.salesforce.com/sfc/p/700000009DAw/a/4u0000019iK7/NbwOAYS_K7ShbJaJ08WzxLez3ud5p3pQxwengMhb4Ck"" target=""_blank"">PRD009-3165025B</a>","<a href=""https://fluidigm.my.salesforce.com/sfc/p/700000009DAw/a/4u000001870w/XU6eX2YZtdejnAfGRls.mPHhJTPvhOp30R18ZV_Asw4"" target=""_blank"">MSDS-3000000X</a>",various,Maxpar
CyTOF (Cytometry),3165026B,Anti-Human Notch2,<div>MHN2-25</div>,165Ho,"Human, African green",100 Tests,"<a href=""https://fluidigm.my.salesforce.com/sfc/p/700000009DAw/a/4u0000019iK3/LIeLMhJWmRRE48Yftc67RkTBYbDemucaN5X.km7VmnU"" target=""_blank"">PRD009-3165026B</a>","<a href=""https://fluidigm.my.salesforce.com/sfc/p/700000009DAw/a/4u000001870w/XU6eX2YZtdejnAfGRls.mPHhJTPvhOp30R18ZV_Asw4"" target=""_blank"">MSDS-3000000X</a>",various,Maxpar
CyTOF (Cytometry),3165026C,Anti-Human Notch2,<div>MHN2-25</div>,165Ho,"Human, African green",25 Tests,"<a href=""https://fluidigm.my.salesforce.com/sfc/p/700000009DAw/a/4u0000019iK3/LIeLMhJWmRRE48Yftc67RkTBYbDemucaN5X.km7VmnU"" target=""_blank"">PRD009-3165026B</a>","<a href=""https://fluidigm.my.salesforce.com/sfc/p/700000009DAw/a/4u000001870w/XU6eX2YZtdejnAfGRls.mPHhJTPvhOp30R18ZV_Asw4"" target=""_blank"">MSDS-3000000X</a>",various,Maxpar
CyTOF (Cytometry),3165027A,Anti-non-phospho (active) β-Catenin ,<div>D13A1</div>,165Ho,"Rat, Mouse, Human, Guinea Pig, Monkey",50 Tests,"<a href=""https://fluidigm.my.salesforce.com/sfc/p/700000009DAw/a/4u0000019iKB/hP2B9KXryi81Nijy7rNUwAaQrO7k_JTlDflkXyVJc0c"" target=""_blank"">PRD009-3165027A</a>","<a href=""https://fluidigm.my.salesforce.com/sfc/p/700000009DAw/a/4u000001870w/XU6eX2YZtdejnAfGRls.mPHhJTPvhOp30R18ZV_Asw4"" target=""_blank"">MSDS-3000000X</a>",various,Maxpar
CyTOF (Cytometry),3165027C,Anti-non-phospho (active) β-Catenin ,<div>D13A1</div>,165Ho,"Rat, Mouse, Human, Guinea Pig, Monkey",25 Tests,"<a href=""https://fluidigm.my.salesforce.com/sfc/p/700000009DAw/a/4u0000019iKB/hP2B9KXryi81Nijy7rNUwAaQrO7k_JTlDflkXyVJc0c"" target=""_blank"">PRD009-3165027B</a>","<a href=""https://fluidigm.my.salesforce.com/sfc/p/700000009DAw/a/4u000001870w/XU6eX2YZtdejnAfGRls.mPHhJTPvhOp30R18ZV_Asw4"" target=""_blank"">MSDS-3000000X</a>",various,Maxpar
CyTOF (Cytometry),3165029B,Anti-Human CD101,<div>BB27</div>,165Ho,"Human, African Green, Baboon, Cynomolgus, Rhesus",100 Tests,"<a href=""https://fluidigm.my.salesforce.com/sfc/p/700000009DAw/a/4u0000019iKe/0aE8kVQCrDrrcKVuDTKs64z8Emm31qd7CrU0RpE5GFI"" target=""_blank"">PRD009-3165029B</a>","<a href=""https://fluidigm.my.salesforce.com/sfc/p/700000009DAw/a/4u000001870w/XU6eX2YZtdejnAfGRls.mPHhJTPvhOp30R18ZV_Asw4"" target=""_blank"">MSDS-3000000X</a>",various,Maxpar
CyTOF (Cytometry),3165029C,Anti-Human CD101,<div>BB27</div>,165Ho,"Human, African Green, Baboon, Cynomolgus, Rhesus",25 Tests,"<a href=""https://fluidigm.my.salesforce.com/sfc/p/700000009DAw/a/4u0000019iKe/0aE8kVQCrDrrcKVuDTKs64z8Emm31qd7CrU0RpE5GFI"" target=""_blank"">PRD009-3165029B</a>","<a href=""https://fluidigm.my.salesforce.com/sfc/p/700000009DAw/a/4u000001870w/XU6eX2YZtdejnAfGRls.mPHhJTPvhOp30R18ZV_Asw4"" target=""_blank"">MSDS-3000000X</a>",various,Maxpar
CyTOF (Cytometry),3165037B,Anti-Human CD223/LAG-3 ,<div>11C3C65</div>,165Ho,Human,100 Tests,"<a href=""https://fluidigm.my.salesforce.com/sfc/p/700000009DAw/a/4u0000019iKj/FQYknXrSailpCFnArc5M_a8Va0XoSXanmTaBtl6Ozrs"" target=""_blank"">PRD009-3165037B</a>","<a href=""https://fluidigm.my.salesforce.com/sfc/p/700000009DAw/a/4u000001870w/XU6eX2YZtdejnAfGRls.mPHhJTPvhOp30R18ZV_Asw4"" target=""_blank"">MSDS-3000000X</a>",various,Maxpar
CyTOF (Cytometry),3165037C,Anti-Human CD223/LAG-3 ,<div>11C3C65</div>,165Ho,Human,25 Tests,"<a href=""https://fluidigm.my.salesforce.com/sfc/p/700000009DAw/a/4u0000019iKj/FQYknXrSailpCFnArc5M_a8Va0XoSXanmTaBtl6Ozrs"" target=""_blank"">PRD009-3165037B</a>","<a href=""https://fluidigm.my.salesforce.com/sfc/p/700000009DAw/a/4u000001870w/XU6eX2YZtdejnAfGRls.mPHhJTPvhOp30R18ZV_Asw4"" target=""_blank"">MSDS-3000000X</a>",various,Maxpar
CyTOF (Cytometry),3165042B,Anti-Human CD279/PD-1,<div>EH12.2H7</div>,165Ho,"Human, Cynomolgus Macaque, Rhesus Macaque, Chimpanzee, Squirrel Monkey, Common Marmoset, Baboon, African Green Monkey",100 Tests,"<a href=""https://fluidigm.my.salesforce.com/sfc/p/700000009DAw/a/4u000000Mz1P/ripDdycAfNwGd3y9N1UrMg78dD8fs_sLFeq_YCwcJ7Q"" target=""_blank"">PRD009-3165042B</a>","<a href=""https://fluidigm.my.salesforce.com/sfc/p/700000009DAw/a/4u000001870w/XU6eX2YZtdejnAfGRls.mPHhJTPvhOp30R18ZV_Asw4"" target=""_blank"">MSDS-3000000X</a>",various,Maxpar
CyTOF (Cytometry),3165042C,Anti-Human CD279/PD-1,<div>EH12.2H7</div>,165Ho,"Human, Cynomolgus Macaque, Rhesus Macaque, Chimpanzee, Squirrel Monkey, Common Marmoset, Baboon, African Green Monkey",25 Tests,"<a href=""https://fluidigm.my.salesforce.com/sfc/p/700000009DAw/a/4u000000Mz1P/ripDdycAfNwGd3y9N1UrMg78dD8fs_sLFeq_YCwcJ7Q"" target=""_blank"">PRD009-3165042B</a>","<a href=""https://fluidigm.my.salesforce.com/sfc/p/700000009DAw/a/4u000001870w/XU6eX2YZtdejnAfGRls.mPHhJTPvhOp30R18ZV_Asw4"" target=""_blank"">MSDS-3000000X</a>",various,Maxpar
CyTOF (Cytometry),3165044B,Anti-Human IL-10,<div>JES3-9D7</div>,165Ho,"Human, Cynomolgus Macaque, Rhesus Macaque, Baboon",100 Tests,"<a href=""https://fluidigm.my.salesforce.com/sfc/p/700000009DAw/a/4u000001A23d/wGycHoQAVzj0TzWJMfSX_vLwyAHhbEcUFa._tvZJpxY"" target=""_blank"">PRD009-3165044B</a>","<a href=""https://fluidigm.my.salesforce.com/sfc/p/700000009DAw/a/4u000001870w/XU6eX2YZtdejnAfGRls.mPHhJTPvhOp30R18ZV_Asw4"" target=""_blank"">MSDS-3000000X</a>",various,Maxpar
CyTOF (Cytometry),3165044C,Anti-Human IL-10,<div>JES3-9D7</div>,165Ho,"Human, Cynomolgus Macaque, Rhesus Macaque, Baboon",25 Tests,"<a href=""https://fluidigm.my.salesforce.com/sfc/p/700000009DAw/a/4u000001A23d/wGycHoQAVzj0TzWJMfSX_vLwyAHhbEcUFa._tvZJpxY"" target=""_blank"">PRD009-3165044B</a>","<a href=""https://fluidigm.my.salesforce.com/sfc/p/700000009DAw/a/4u000001870w/XU6eX2YZtdejnAfGRls.mPHhJTPvhOp30R18ZV_Asw4"" target=""_blank"">MSDS-3000000X</a>",various,Maxpar
CyTOF (Cytometry),3166001B,Anti-Human CD44,<div>BJ18</div>,166Er,"Human,African Green, Baboon, Cynomolgus, Rhesus",100 Tests,"<a href=""https://fluidigm.my.salesforce.com/sfc/p/700000009DAw/a/4u0000019iKo/C7pdaBy5.wFpfi7s6klTvb78tJB72ZaCw.eOa7Lw2S4"" target=""_blank"">PRD009-3166001B</a>","<a href=""https://fluidigm.my.salesforce.com/sfc/p/700000009DAw/a/4u000001870w/XU6eX2YZtdejnAfGRls.mPHhJTPvhOp30R18ZV_Asw4"" target=""_blank"">MSDS-3000000X</a>",various,Maxpar
CyTOF (Cytometry),3166001C,Anti-Human CD44,<div>BJ18</div>,166Er,"Human,African Green, Baboon, Cynomolgus, Rhesus",25 Tests,"<a href=""https://fluidigm.my.salesforce.com/sfc/p/700000009DAw/a/4u0000019iKo/C7pdaBy5.wFpfi7s6klTvb78tJB72ZaCw.eOa7Lw2S4"" target=""_blank"">PRD009-3166001B</a>","<a href=""https://fluidigm.my.salesforce.com/sfc/p/700000009DAw/a/4u000001870w/XU6eX2YZtdejnAfGRls.mPHhJTPvhOp30R18ZV_Asw4"" target=""_blank"">MSDS-3000000X</a>",various,Maxpar
CyTOF (Cytometry),3166002B,Anti-Human IL-2,<div>MQ1-17H12</div>,166Er,"Human, Feline, Chimpanzee, Bamboo, Cynomolgus, Rhesus, Sooty Mangabey",100 Tests,"<a href=""https://fluidigm.my.salesforce.com/sfc/p/700000009DAw/a/4u0000019iKp/kMT6QkGkiKX6lHydUaDmHOeP1Vu9n08jYqCRbmv9fiw"" target=""_blank"">PRD009-3166002B</a>","<a href=""https://fluidigm.my.salesforce.com/sfc/p/700000009DAw/a/4u000001870w/XU6eX2YZtdejnAfGRls.mPHhJTPvhOp30R18ZV_Asw4"" target=""_blank"">MSDS-3000000X</a>",various,Maxpar
CyTOF (Cytometry),3166002C,Anti-Human IL-2,<div>MQ1-17H12</div>,166Er,"Human, Feline, Chimpanzee, Bamboo, Cynomolgus, Rhesus, Sooty Mangabey",25 Tests,"<a href=""https://fluidigm.my.salesforce.com/sfc/p/700000009DAw/a/4u0000019iKp/kMT6QkGkiKX6lHydUaDmHOeP1Vu9n08jYqCRbmv9fiw"" target=""_blank"">PRD009-3166002B</a>","<a href=""https://fluidigm.my.salesforce.com/sfc/p/700000009DAw/a/4u000001870w/XU6eX2YZtdejnAfGRls.mPHhJTPvhOp30R18ZV_Asw4"" target=""_blank"">MSDS-3000000X</a>",various,Maxpar
CyTOF (Cytometry),3166003B,Anti-Mouse IL-4,<div>11B11</div>,166Er,Mouse,100 Tests,"<a href=""https://fluidigm.my.salesforce.com/sfc/p/700000009DAw/a/4u0000019iKt/pJGAjpLUCFIdozM..i5gaUmm4jOxLuy.irNgvp5Xsls"" target=""_blank"">PRD009-3166003B</a>","<a href=""https://fluidigm.my.salesforce.com/sfc/p/700000009DAw/a/4u000001870w/XU6eX2YZtdejnAfGRls.mPHhJTPvhOp30R18ZV_Asw4"" target=""_blank"">MSDS-3000000X</a>",various,Maxpar
CyTOF (Cytometry),3166003C,Anti-Mouse IL-4,<div>11B11</div>,166Er,Mouse,25 Tests,"<a href=""https://fluidigm.my.salesforce.com/sfc/p/700000009DAw/a/4u0000019iKt/pJGAjpLUCFIdozM..i5gaUmm4jOxLuy.irNgvp5Xsls"" target=""_blank"">PRD009-3166003B</a>","<a href=""https://fluidigm.my.salesforce.com/sfc/p/700000009DAw/a/4u000001870w/XU6eX2YZtdejnAfGRls.mPHhJTPvhOp30R18ZV_Asw4"" target=""_blank"">MSDS-3000000X</a>",various,Maxpar
CyTOF (Cytometry),3166004B,Anti-Mouse CD117/c-kit,<div>2B8</div>,166Er,Mouse,100 Tests,"<a href=""https://fluidigm.my.salesforce.com/sfc/p/700000009DAw/a/4u0000019iKQ/BvMXd.AT6SNsiOesA8GExrEQrfWU.zuC1ipkXQAeMfs"" target=""_blank"">PRD009-3166004B</a>","<a href=""https://fluidigm.my.salesforce.com/sfc/p/700000009DAw/a/4u000001870w/XU6eX2YZtdejnAfGRls.mPHhJTPvhOp30R18ZV_Asw4"" target=""_blank"">MSDS-3000000X</a>",various,Maxpar
CyTOF (Cytometry),3166004C,Anti-Mouse CD117/c-kit,<div>2B8</div>,166Er,Mouse,25 Tests,"<a href=""https://fluidigm.my.salesforce.com/sfc/p/700000009DAw/a/4u0000019iKQ/BvMXd.AT6SNsiOesA8GExrEQrfWU.zuC1ipkXQAeMfs"" target=""_blank"">PRD009-3166004B</a>","<a href=""https://fluidigm.my.salesforce.com/sfc/p/700000009DAw/a/4u000001870w/XU6eX2YZtdejnAfGRls.mPHhJTPvhOp30R18ZV_Asw4"" target=""_blank"">MSDS-3000000X</a>",various,Maxpar
CyTOF (Cytometry),3166006A,Anti-Human pNFκBp65 [S529],<div>K10-895.12.50</div>,166Er,Human,50 Tests,"<a href=""https://fluidigm.my.salesforce.com/sfc/p/700000009DAw/a/4u0000019iKy/C2rdCbZE6QXu0y6FrpR1zC1ey10rxvfkbZJo0pbFVQw"" target=""_blank"">PRD009-3166006A</a>","<a href=""https://fluidigm.my.salesforce.com/sfc/p/700000009DAw/a/4u000001870w/XU6eX2YZtdejnAfGRls.mPHhJTPvhOp30R18ZV_Asw4"" target=""_blank"">MSDS-3000000X</a>",various,Maxpar
CyTOF (Cytometry),3166006C,Anti-Human pNFκBp65 [S529],<div>K10-895.12.50</div>,166Er,Human,25 Tests,"<a href=""https://fluidigm.my.salesforce.com/sfc/p/700000009DAw/a/4u0000019iKy/C2rdCbZE6QXu0y6FrpR1zC1ey10rxvfkbZJo0pbFVQw"" target=""_blank"">PRD009-3166006B</a>","<a href=""https://fluidigm.my.salesforce.com/sfc/p/700000009DAw/a/4u000001870w/XU6eX2YZtdejnAfGRls.mPHhJTPvhOp30R18ZV_Asw4"" target=""_blank"">MSDS-3000000X</a>",various,Maxpar
CyTOF (Cytometry),3166007B,Anti-Human CD24,<div>ML5</div>,166Er,"Human, Chimpanzee",100 Tests,"<a href=""https://fluidigm.my.salesforce.com/sfc/p/700000009DAw/a/4u0000019iKk/jfoAOLxNKYG52ptM_OSfnpeFVlVsZvopwIYMOkUzW0I"" target=""_blank"">PRD009-3166007B</a>","<a href=""https://fluidigm.my.salesforce.com/sfc/p/700000009DAw/a/4u000001870w/XU6eX2YZtdejnAfGRls.mPHhJTPvhOp30R18ZV_Asw4"" target=""_blank"">MSDS-3000000X</a>",various,Maxpar
CyTOF (Cytometry),3166007C,Anti-Human CD24,<div>ML5 </div>,166Er,"Human, Chimpanzee",25 Tests,"<a href=""https://fluidigm.my.salesforce.com/sfc/p/700000009DAw/a/4u0000019iKk/jfoAOLxNKYG52ptM_OSfnpeFVlVsZvopwIYMOkUzW0I"" target=""_blank"">PRD009-3166007B</a>","<a href=""https://fluidigm.my.salesforce.com/sfc/p/700000009DAw/a/4u000001870w/XU6eX2YZtdejnAfGRls.mPHhJTPvhOp30R18ZV_Asw4"" target=""_blank"">MSDS-3000000X</a>",various,Maxpar
CyTOF (Cytometry),3166008B,Anti-Human IL-10,<div>JES3-9D7</div>,166Er,"Human, Baboon, Rhesus, Cynomolgus",100 Tests,"<a href=""https://fluidigm.my.salesforce.com/sfc/p/700000009DAw/a/4u0000019iKl/JuII7yvQyWdzlLgFS__bDeABnbJByb8S5FbKXMCaNic"" target=""_blank"">PRD009-3166008B</a>","<a href=""https://fluidigm.my.salesforce.com/sfc/p/700000009DAw/a/4u000001870w/XU6eX2YZtdejnAfGRls.mPHhJTPvhOp30R18ZV_Asw4"" target=""_blank"">MSDS-3000000X</a>",various,Maxpar
CyTOF (Cytometry),3166008C,Anti-Human IL-10,<div>JES3-9D7</div>,166Er,"Human, Baboon, Rhesus, Cynomolgus",25 Tests,"<a href=""https://fluidigm.my.salesforce.com/sfc/p/700000009DAw/a/4u0000019iKl/JuII7yvQyWdzlLgFS__bDeABnbJByb8S5FbKXMCaNic"" target=""_blank"">PRD009-3166008B</a>","<a href=""https://fluidigm.my.salesforce.com/sfc/p/700000009DAw/a/4u000001870w/XU6eX2YZtdejnAfGRls.mPHhJTPvhOp30R18ZV_Asw4"" target=""_blank"">MSDS-3000000X</a>",various,Maxpar
CyTOF (Cytometry),3166010B,Anti-Human IL-17F,<div>SHLR17</div>,166Er,Human,100 Tests,"<a href=""https://fluidigm.my.salesforce.com/sfc/p/700000009DAw/a/4u0000019iL3/H6CKLfE.67pSMbO8_y97mjQwzuo3qshZ2AeINnvEjAQ"" target=""_blank"">PRD009-3166010B</a>","<a href=""https://fluidigm.my.salesforce.com/sfc/p/700000009DAw/a/4u000001870w/XU6eX2YZtdejnAfGRls.mPHhJTPvhOp30R18ZV_Asw4"" target=""_blank"">MSDS-3000000X</a>",various,Maxpar
CyTOF (Cytometry),3166010C,Anti-Human IL-17F,<div>SHLR17</div>,166Er,Human,25 Tests,"<a href=""https://fluidigm.my.salesforce.com/sfc/p/700000009DAw/a/4u0000019iL3/H6CKLfE.67pSMbO8_y97mjQwzuo3qshZ2AeINnvEjAQ"" target=""_blank"">PRD009-3166010B</a>","<a href=""https://fluidigm.my.salesforce.com/sfc/p/700000009DAw/a/4u000001870w/XU6eX2YZtdejnAfGRls.mPHhJTPvhOp30R18ZV_Asw4"" target=""_blank"">MSDS-3000000X</a>",various,Maxpar
CyTOF (Cytometry),3166011A,Anti-pRb [S807/S811],<div>J112-906</div>,166Er,Human,50 Tests,"<a href=""https://fluidigm.my.salesforce.com/sfc/p/700000009DAw/a/4u0000019iL4/jdz8w4Z_kfjrr.NvK69k9LquYaIvHbIHhCa5RoNR5Fc"" target=""_blank"">PRD009-3166011A</a>","<a href=""https://fluidigm.my.salesforce.com/sfc/p/700000009DAw/a/4u000001870w/XU6eX2YZtdejnAfGRls.mPHhJTPvhOp30R18ZV_Asw4"" target=""_blank"">MSDS-3000000X</a>",various,Maxpar
CyTOF (Cytometry),3166011C,Anti-pRb [S807/S811],<div>J112-906 </div>,166Er,Human,25 Tests,"<a href=""https://fluidigm.my.salesforce.com/sfc/p/700000009DAw/a/4u0000019iL4/jdz8w4Z_kfjrr.NvK69k9LquYaIvHbIHhCa5RoNR5Fc"" target=""_blank"">PRD009-3166011B</a>","<a href=""https://fluidigm.my.salesforce.com/sfc/p/700000009DAw/a/4u000001870w/XU6eX2YZtdejnAfGRls.mPHhJTPvhOp30R18ZV_Asw4"" target=""_blank"">MSDS-3000000X</a>",various,Maxpar
CyTOF (Cytometry),3166012B,Anti-Human CD34,<div>581</div>,166Er,"Human, Cynomolgus Macaque",100 Tests,"<a href=""https://fluidigm.my.salesforce.com/sfc/p/700000009DAw/a/4u0000019iKL/vW_UInqkFm9z8firR4_7IpbDacP2xI2VsU2br_sB2hQ"" target=""_blank"">PRD009-3166012B</a>","<a href=""https://fluidigm.my.salesforce.com/sfc/p/700000009DAw/a/4u000001870w/XU6eX2YZtdejnAfGRls.mPHhJTPvhOp30R18ZV_Asw4"" target=""_blank"">MSDS-3000000X</a>",various,Maxpar
CyTOF (Cytometry),3166012C,Anti-Human CD34,<div>581</div>,166Er,"Human, Cynomolgus Macaque",25 Tests,"<a href=""https://fluidigm.my.salesforce.com/sfc/p/700000009DAw/a/4u0000019iKL/vW_UInqkFm9z8firR4_7IpbDacP2xI2VsU2br_sB2hQ"" target=""_blank"">PRD009-3166012B</a>","<a href=""https://fluidigm.my.salesforce.com/sfc/p/700000009DAw/a/4u000001870w/XU6eX2YZtdejnAfGRls.mPHhJTPvhOp30R18ZV_Asw4"" target=""_blank"">MSDS-3000000X</a>",various,Maxpar
CyTOF (Cytometry),3166014B,Anti-Human CD326/EpCAM,<div>G8.8</div>,166Er,Mouse,100 Tests,"<a href=""https://fluidigm.my.salesforce.com/sfc/p/700000009DAw/a/4u0000019iKM/hwdhzWE8AX_nAjqbqkJpUJsu.aIPBqjwZKy3jWttD5w"" target=""_blank"">PRD009-3166014B</a>","<a href=""https://fluidigm.my.salesforce.com/sfc/p/700000009DAw/a/4u000001870w/XU6eX2YZtdejnAfGRls.mPHhJTPvhOp30R18ZV_Asw4"" target=""_blank"">MSDS-3000000X</a>",various,Maxpar
CyTOF (Cytometry),3166014C,Anti-Human CD326/EpCAM,<div>G8.8</div>,166Er,Mouse,25 Tests,"<a href=""https://fluidigm.my.salesforce.com/sfc/p/700000009DAw/a/4u0000019iKM/hwdhzWE8AX_nAjqbqkJpUJsu.aIPBqjwZKy3jWttD5w"" target=""_blank"">PRD009-3166014B</a>","<a href=""https://fluidigm.my.salesforce.com/sfc/p/700000009DAw/a/4u000001870w/XU6eX2YZtdejnAfGRls.mPHhJTPvhOp30R18ZV_Asw4"" target=""_blank"">MSDS-3000000X</a>",various,Maxpar
CyTOF (Cytometry),3166015B,Anti-Mouse CD19,<div>6D5</div>,166Er,Mouse,100 Tests,"<a href=""https://fluidigm.my.salesforce.com/sfc/p/700000009DAw/a/4u0000019iKV/nIiY02IzVCyqY2IYsjcc17qBQ6veIfNY0dwEB3Z25y8"" target=""_blank"">PRD009-3166015B</a>","<a href=""https://fluidigm.my.salesforce.com/sfc/p/700000009DAw/a/4u000001870w/XU6eX2YZtdejnAfGRls.mPHhJTPvhOp30R18ZV_Asw4"" target=""_blank"">MSDS-3000000X</a>",various,Maxpar
CyTOF (Cytometry),3166015C,Anti-Mouse CD19,<div>6D5</div>,166Er,Mouse,25 Tests,"<a href=""https://fluidigm.my.salesforce.com/sfc/p/700000009DAw/a/4u0000019iKV/nIiY02IzVCyqY2IYsjcc17qBQ6veIfNY0dwEB3Z25y8"" target=""_blank"">PRD009-3166015B</a>","<a href=""https://fluidigm.my.salesforce.com/sfc/p/700000009DAw/a/4u000001870w/XU6eX2YZtdejnAfGRls.mPHhJTPvhOp30R18ZV_Asw4"" target=""_blank"">MSDS-3000000X</a>",various,Maxpar
CyTOF (Cytometry),3166017B,Anti-Human CD141,<div>M80</div>,166Er,"Human, African Green, Baboon",100 Tests,"<a href=""https://fluidigm.my.salesforce.com/sfc/p/700000009DAw/a/4u0000019iL8/uCmAYHVUnSJNekH7VGakWkwv3NJQ0PDcl1H4O7PqoO4"" target=""_blank"">PRD009-3166017B</a>","<a href=""https://fluidigm.my.salesforce.com/sfc/p/700000009DAw/a/4u000001870w/XU6eX2YZtdejnAfGRls.mPHhJTPvhOp30R18ZV_Asw4"" target=""_blank"">MSDS-3000000X</a>",various,Maxpar
CyTOF (Cytometry),3166017C,Anti-Human CD141,<div>M80</div>,166Er,"Human, African Green, Baboon",25 Tests,"<a href=""https://fluidigm.my.salesforce.com/sfc/p/700000009DAw/a/4u0000019iL8/uCmAYHVUnSJNekH7VGakWkwv3NJQ0PDcl1H4O7PqoO4"" target=""_blank"">PRD009-3166017B</a>","<a href=""https://fluidigm.my.salesforce.com/sfc/p/700000009DAw/a/4u000001870w/XU6eX2YZtdejnAfGRls.mPHhJTPvhOp30R18ZV_Asw4"" target=""_blank"">MSDS-3000000X</a>",various,Maxpar
CyTOF (Cytometry),3166018B,Anti-Human CD74 ,<div>LN2</div>,166Er,"Human, African Green, Baboon, Cynomolgus, Rhesus",100 Tests,"<a href=""https://fluidigm.my.salesforce.com/sfc/p/700000009DAw/a/4u0000019iK8/8f9dLJoeUa31da58EpxOKuXPXZ8iFuIuXx31CQu9mYY"" target=""_blank"">PRD009-3166018B</a>","<a href=""https://fluidigm.my.salesforce.com/sfc/p/700000009DAw/a/4u000001870w/XU6eX2YZtdejnAfGRls.mPHhJTPvhOp30R18ZV_Asw4"" target=""_blank"">MSDS-3000000X</a>",various,Maxpar
CyTOF (Cytometry),3166018C,Anti-Human CD74 ,<div>LN2</div>,166Er,"Human, African Green, Baboon, Cynomolgus, Rhesus",25 Tests,"<a href=""https://fluidigm.my.salesforce.com/sfc/p/700000009DAw/a/4u0000019iK8/8f9dLJoeUa31da58EpxOKuXPXZ8iFuIuXx31CQu9mYY"" target=""_blank"">PRD009-3166018B</a>","<a href=""https://fluidigm.my.salesforce.com/sfc/p/700000009DAw/a/4u000001870w/XU6eX2YZtdejnAfGRls.mPHhJTPvhOp30R18ZV_Asw4"" target=""_blank"">MSDS-3000000X</a>",various,Maxpar
CyTOF (Cytometry),3166019B,Anti-Human CD328/Siglec-7,<div>6-434</div>,166Er,Human,100 Tests,"<a href=""https://fluidigm.my.salesforce.com/sfc/p/700000009DAw/a/4u0000019iL5/RuQQh_699YYi4U0DeeVgeLyJY4qTYS2XcijBB4X6xig"" target=""_blank"">PRD009-3166019B</a>","<a href=""https://fluidigm.my.salesforce.com/sfc/p/700000009DAw/a/4u000001870w/XU6eX2YZtdejnAfGRls.mPHhJTPvhOp30R18ZV_Asw4"" target=""_blank"">MSDS-3000000X</a>",various,Maxpar
CyTOF (Cytometry),3166019C,Anti-Human CD328/Siglec-7,<div>6-434</div>,166Er,Human,25 Tests,"<a href=""https://fluidigm.my.salesforce.com/sfc/p/700000009DAw/a/4u0000019iL5/RuQQh_699YYi4U0DeeVgeLyJY4qTYS2XcijBB4X6xig"" target=""_blank"">PRD009-3166019B</a>","<a href=""https://fluidigm.my.salesforce.com/sfc/p/700000009DAw/a/4u000001870w/XU6eX2YZtdejnAfGRls.mPHhJTPvhOp30R18ZV_Asw4"" target=""_blank"">MSDS-3000000X</a>",various,Maxpar
CyTOF (Cytometry),3166020B,Anti-Human CD85j/ILT2,<div>GHI/75</div>,166Er,Human,100 Tests,"<a href=""https://fluidigm.my.salesforce.com/sfc/p/700000009DAw/a/4u0000019iK9/kGl6bK5YS2.yaGLzIgCCxUfoCyOYbis94r4Px5cW1Es"" target=""_blank"">PRD009-3166020B</a>","<a href=""https://fluidigm.my.salesforce.com/sfc/p/700000009DAw/a/4u000001870w/XU6eX2YZtdejnAfGRls.mPHhJTPvhOp30R18ZV_Asw4"" target=""_blank"">MSDS-3000000X</a>",various,Maxpar
CyTOF (Cytometry),3166020C,Anti-Human CD85j/ILT2,<div>GHI/75</div>,166Er,Human,25 Tests,"<a href=""https://fluidigm.my.salesforce.com/sfc/p/700000009DAw/a/4u0000019iK9/kGl6bK5YS2.yaGLzIgCCxUfoCyOYbis94r4Px5cW1Es"" target=""_blank"">PRD009-3166020B</a>","<a href=""https://fluidigm.my.salesforce.com/sfc/p/700000009DAw/a/4u000001870w/XU6eX2YZtdejnAfGRls.mPHhJTPvhOp30R18ZV_Asw4"" target=""_blank"">MSDS-3000000X</a>",various,Maxpar
CyTOF (Cytometry),3166027B,Anti-Human CD7 ,<div>M-T701</div>,166Er,Human,100 Tests,"<a href=""https://fluidigm.my.salesforce.com/sfc/p/700000009DAw/a/4u0000019iLD/oi.LqRzuK7UWLAEeMebQdbnnhrn.JSylKNIB_j_8_w8"" target=""_blank"">PRD009-3166027B</a>","<a href=""https://fluidigm.my.salesforce.com/sfc/p/700000009DAw/a/4u000001870w/XU6eX2YZtdejnAfGRls.mPHhJTPvhOp30R18ZV_Asw4"" target=""_blank"">MSDS-3000000X</a>",various,Maxpar
CyTOF (Cytometry),3166027C,Anti-Human CD7 ,<div>M-T701</div>,166Er,Human,25 Tests,"<a href=""https://fluidigm.my.salesforce.com/sfc/p/700000009DAw/a/4u0000019iLD/oi.LqRzuK7UWLAEeMebQdbnnhrn.JSylKNIB_j_8_w8"" target=""_blank"">PRD009-3166027B</a>","<a href=""https://fluidigm.my.salesforce.com/sfc/p/700000009DAw/a/4u000001870w/XU6eX2YZtdejnAfGRls.mPHhJTPvhOp30R18ZV_Asw4"" target=""_blank"">MSDS-3000000X</a>",various,Maxpar
CyTOF (Cytometry),3167001B,Anti-Human CD38,<div>HIT2</div>,167Er,"Human, Chimpanzee, Horse, Cow",100 Tests,"<a href=""https://fluidigm.my.salesforce.com/sfc/p/700000009DAw/a/4u0000019iLE/.AUerAIKTh_Qfbd1_fEBoUV8KExdM.l0Yu1R6WLKKD4"" target=""_blank"">PRD009-3167001B</a>","<a href=""https://fluidigm.my.salesforce.com/sfc/p/700000009DAw/a/4u000001870w/XU6eX2YZtdejnAfGRls.mPHhJTPvhOp30R18ZV_Asw4"" target=""_blank"">MSDS-3000000X</a>",various,Maxpar
CyTOF (Cytometry),3167001C,Anti-Human CD38,<div>HIT2</div>,167Er,"Human, Chimpanzee, Horse, Cow",25 Tests,"<a href=""https://fluidigm.my.salesforce.com/sfc/p/700000009DAw/a/4u0000019iLE/.AUerAIKTh_Qfbd1_fEBoUV8KExdM.l0Yu1R6WLKKD4"" target=""_blank"">PRD009-3167001B</a>","<a href=""https://fluidigm.my.salesforce.com/sfc/p/700000009DAw/a/4u000001870w/XU6eX2YZtdejnAfGRls.mPHhJTPvhOp30R18ZV_Asw4"" target=""_blank"">MSDS-3000000X</a>",various,Maxpar
CyTOF (Cytometry),3167002B,Anti-Human CD27,<div>O323</div>,167Er,"Human, African Green, Baboon, Cynomolgus Macaque, Rhesus Macaque, Squirrel Monkey",100 Tests,"<a href=""https://fluidigm.my.salesforce.com/sfc/p/700000009DAw/a/4u0000019iLF/7cZTuqw0i9pSQKk634AV2eYtMMkUb90vP0dQpwPy0Ok"" target=""_blank"">PRD009-3167002B</a>","<a href=""https://fluidigm.my.salesforce.com/sfc/p/700000009DAw/a/4u000001870w/XU6eX2YZtdejnAfGRls.mPHhJTPvhOp30R18ZV_Asw4"" target=""_blank"">MSDS-3000000X</a>",various,Maxpar
CyTOF (Cytometry),3167002C,Anti-Human CD27,<div>O323</div>,167Er,"Human, African Green, Baboon, Cynomolgus Macaque, Rhesus Macaque, Squirrel Monkey",25 Tests,"<a href=""https://fluidigm.my.salesforce.com/sfc/p/700000009DAw/a/4u0000019iLF/7cZTuqw0i9pSQKk634AV2eYtMMkUb90vP0dQpwPy0Ok"" target=""_blank"">PRD009-3167002B</a>","<a href=""https://fluidigm.my.salesforce.com/sfc/p/700000009DAw/a/4u000001870w/XU6eX2YZtdejnAfGRls.mPHhJTPvhOp30R18ZV_Asw4"" target=""_blank"">MSDS-3000000X</a>",various,Maxpar
CyTOF (Cytometry),3167003B,Anti-Mouse IL-6,<div>MP5-20F3</div>,167Er,Mouse,100 Tests,"<a href=""https://fluidigm.my.salesforce.com/sfc/p/700000009DAw/a/4u0000019iLG/bvJsN7iTQn_EAcs5fimwNqLudT6yQwmffjj8wp7jsC4"" target=""_blank"">PRD009-3167003B</a>","<a href=""https://fluidigm.my.salesforce.com/sfc/p/700000009DAw/a/4u000001870w/XU6eX2YZtdejnAfGRls.mPHhJTPvhOp30R18ZV_Asw4"" target=""_blank"">MSDS-3000000X</a>",various,Maxpar
CyTOF (Cytometry),3167003C,Anti-Mouse IL-6,<div>MP5-20F3 </div>,167Er,Mouse,25 Tests,"<a href=""https://fluidigm.my.salesforce.com/sfc/p/700000009DAw/a/4u0000019iLG/bvJsN7iTQn_EAcs5fimwNqLudT6yQwmffjj8wp7jsC4"" target=""_blank"">PRD009-3167003B</a>","<a href=""https://fluidigm.my.salesforce.com/sfc/p/700000009DAw/a/4u000001870w/XU6eX2YZtdejnAfGRls.mPHhJTPvhOp30R18ZV_Asw4"" target=""_blank"">MSDS-3000000X</a>",various,Maxpar
CyTOF (Cytometry),3167004B,Anti-Mouse CD150 [SLAM],<div>TC15-12F12.2</div>,167Er,Mouse,100 Tests,"<a href=""https://fluidigm.my.salesforce.com/sfc/p/700000009DAw/a/4u0000019iKf/7g9m4SFxVd1RJGZnHTpZsy.BX4TCMjg00BTT2juuyRE"" target=""_blank"">PRD009-3167004B</a>","<a href=""https://fluidigm.my.salesforce.com/sfc/p/700000009DAw/a/4u000001870w/XU6eX2YZtdejnAfGRls.mPHhJTPvhOp30R18ZV_Asw4"" target=""_blank"">MSDS-3000000X</a>",various,Maxpar
CyTOF (Cytometry),3167004C,Anti-Mouse CD150 [SLAM],<div>TC15-12F12.2</div>,167Er,Mouse,25 Tests,"<a href=""https://fluidigm.my.salesforce.com/sfc/p/700000009DAw/a/4u0000019iKf/7g9m4SFxVd1RJGZnHTpZsy.BX4TCMjg00BTT2juuyRE"" target=""_blank"">PRD009-3167004B</a>","<a href=""https://fluidigm.my.salesforce.com/sfc/p/700000009DAw/a/4u000001870w/XU6eX2YZtdejnAfGRls.mPHhJTPvhOp30R18ZV_Asw4"" target=""_blank"">MSDS-3000000X</a>",various,Maxpar
CyTOF (Cytometry),3167005A,Anti-pERK1/2 [T202/Y204],<div>D13.14.4E</div>,167Er,"Rat, Mouse, Human, Cow, Dog, Pig, Hamster, Monkey, Zebrafish, Mink, D. melanogaster, S. cerevisiae, Chicken, C. elegans",50 Tests,"<a href=""https://fluidigm.my.salesforce.com/sfc/p/700000009DAw/a/4u0000019iL6/EmyUu.2CJ8YCadJ3g1ayAmGE6aSueSuhVarkO9yIlZU"" target=""_blank"">PRD009-3167005A</a>","<a href=""https://fluidigm.my.salesforce.com/sfc/p/700000009DAw/a/4u000001870w/XU6eX2YZtdejnAfGRls.mPHhJTPvhOp30R18ZV_Asw4"" target=""_blank"">MSDS-3000000X</a>",various,Maxpar
CyTOF (Cytometry),3167005C,Anti-pERK1/2 [T202/Y204],<div>D13.14.4E</div>,167Er,"Rat, Mouse, Human, Cow, Dog, Pig, Hamster, Monkey, Zebrafish, Mink, D. melanogaster, S. cerevisiae, Chicken, C. elegans",25 Tests,"<a href=""https://fluidigm.my.salesforce.com/sfc/p/700000009DAw/a/4u0000019iL6/EmyUu.2CJ8YCadJ3g1ayAmGE6aSueSuhVarkO9yIlZU"" target=""_blank"">PRD009-3167005B</a>","<a href=""https://fluidigm.my.salesforce.com/sfc/p/700000009DAw/a/4u000001870w/XU6eX2YZtdejnAfGRls.mPHhJTPvhOp30R18ZV_Asw4"" target=""_blank"">MSDS-3000000X</a>",various,Maxpar
CyTOF (Cytometry),3167006B,Anti-Human CD27,<div>L128</div>,167Er,Human,100 Tests,"<a href=""https://fluidigm.my.salesforce.com/sfc/p/#700000009DAw/a/4u0000019iLI/DP.OYMHpajMkSMtwKXMw5GkgticdSCh3AOJVit1NdUQ"" target=""_blank"">PRD009-3167006B</a>","<a href=""https://fluidigm.my.salesforce.com/sfc/p/700000009DAw/a/4u000001870w/XU6eX2YZtdejnAfGRls.mPHhJTPvhOp30R18ZV_Asw4"" target=""_blank"">MSDS-3000000X</a>",various,Maxpar
CyTOF (Cytometry),3167006C,Anti-Human CD27,<div>L128</div>,167Er,Human,25 Tests,"<a href=""https://fluidigm.my.salesforce.com/sfc/p/700000009DAw/a/4u0000019iLI/DP.OYMHpajMkSMtwKXMw5GkgticdSCh3AOJVit1NdUQ"" target=""_blank"">PRD009-3167006B</a>","<a href=""https://fluidigm.my.salesforce.com/sfc/p/700000009DAw/a/4u000001870w/XU6eX2YZtdejnAfGRls.mPHhJTPvhOp30R18ZV_Asw4"" target=""_blank"">MSDS-3000000X</a>",various,Maxpar
CyTOF (Cytometry),3167007A,Anti-Human/Mouse Gata3,<div>TWAJ</div>,167Er,"Human, Mouse, Pig, Rhesus Macaque",50 Tests,"<a href=""https://fluidigm.my.salesforce.com/sfc/p/700000009DAw/a/4u0000019iLN/OFTV6dzyKcGSerY.VhqlbkJ6KaINcDBrK8tWw2.B8eQ"" target=""_blank"">PRD009-3167007A</a>","<a href=""https://fluidigm.my.salesforce.com/sfc/p/700000009DAw/a/4u000001870w/XU6eX2YZtdejnAfGRls.mPHhJTPvhOp30R18ZV_Asw4"" target=""_blank"">MSDS-3000000X</a>",various,Maxpar
CyTOF (Cytometry),3167007C,Anti-Human/Mouse Gata3,<div>TWAJ </div>,167Er,"Human, Mouse, Pig, Rhesus Macaque",25 Tests,"<a href=""https://fluidigm.my.salesforce.com/sfc/p/700000009DAw/a/4u0000019iLN/OFTV6dzyKcGSerY.VhqlbkJ6KaINcDBrK8tWw2.B8eQ"" target=""_blank"">PRD009-3167007B</a>","<a href=""https://fluidigm.my.salesforce.com/sfc/p/700000009DAw/a/4u000001870w/XU6eX2YZtdejnAfGRls.mPHhJTPvhOp30R18ZV_Asw4"" target=""_blank"">MSDS-3000000X</a>",various,Maxpar
CyTOF (Cytometry),3167008B,Anti-Mouse CD335/Nkp46,<div>29A1.4</div>,167Er,Mouse,100 Tests,"<a href=""https://fluidigm.my.salesforce.com/sfc/p/700000009DAw/a/4u0000019iKq/vQJgxcNX9LrwIBDT5OTrvtjx3Cw4hY6uo9ohoE33trQ"" target=""_blank"">PRD009-3167008B</a>","<a href=""https://fluidigm.my.salesforce.com/sfc/p/700000009DAw/a/4u000001870w/XU6eX2YZtdejnAfGRls.mPHhJTPvhOp30R18ZV_Asw4"" target=""_blank"">MSDS-3000000X</a>",various,Maxpar
CyTOF (Cytometry),3167008C,Anti-Mouse CD335/Nkp46,<div>29A1.4 </div>,167Er,Mouse,25 Tests,"<a href=""https://fluidigm.my.salesforce.com/sfc/p/700000009DAw/a/4u0000019iKq/vQJgxcNX9LrwIBDT5OTrvtjx3Cw4hY6uo9ohoE33trQ"" target=""_blank"">PRD009-3167008B</a>","<a href=""https://fluidigm.my.salesforce.com/sfc/p/700000009DAw/a/4u000001870w/XU6eX2YZtdejnAfGRls.mPHhJTPvhOp30R18ZV_Asw4"" target=""_blank"">MSDS-3000000X</a>",various,Maxpar
CyTOF (Cytometry),3167009C,Anti-Human CD197/CCR7,<div>G043H7</div>,167Er,"Human, African Green Monkey, Baboon, Cynomolgus Macaque, Rhesus Macaque",25 Tests,"<a href=""https://fluidigm.my.salesforce.com/sfc/p/700000009DAw/a/4u0000019iLS/rDfWFHWAEatMUpo7Wz4EdEiqCJazi6eU0n2NKORXhJY"" target=""_blank"">PRD009-3167009B</a>","<a href=""https://fluidigm.my.salesforce.com/sfc/p/700000009DAw/a/4u000001870w/XU6eX2YZtdejnAfGRls.mPHhJTPvhOp30R18ZV_Asw4"" target=""_blank"">MSDS-3000000X</a>",various,Maxpar
CyTOF (Cytometry),3167011B,Anti-Human CD11b/Mac-1,<div>ICRF44</div>,167Er,"Human, African Green Monkey, Baboon, Chimpanzee, Common Marmoset, Cynomolgus Macaque, Rhesus Macaque, Pig",100 Tests,"<a href=""https://fluidigm.my.salesforce.com/sfc/p/700000009DAw/a/4u0000019iLX/E1xAJTrR6D62_tJblaocZ3pl93sxoXyWQwcrlaJ1Zyk"" target=""_blank"">PRD009-3167011B</a>","<a href=""https://fluidigm.my.salesforce.com/sfc/p/700000009DAw/a/4u000001870w/XU6eX2YZtdejnAfGRls.mPHhJTPvhOp30R18ZV_Asw4"" target=""_blank"">MSDS-3000000X</a>",various,Maxpar
CyTOF (Cytometry),3167011C,Anti-Human CD11b/Mac-1,<div>ICRF44</div>,167Er,"Human, African Green Monkey, Baboon, Chimpanzee, Common Marmoset, Cynomolgus Macaque, Rhesus Macaque, Pig",25 Tests,"<a href=""https://fluidigm.my.salesforce.com/sfc/p/700000009DAw/a/4u0000019iLX/E1xAJTrR6D62_tJblaocZ3pl93sxoXyWQwcrlaJ1Zyk"" target=""_blank"">PRD009-3167011B</a>","<a href=""https://fluidigm.my.salesforce.com/sfc/p/700000009DAw/a/4u000001870w/XU6eX2YZtdejnAfGRls.mPHhJTPvhOp30R18ZV_Asw4"" target=""_blank"">MSDS-3000000X</a>",various,Maxpar
CyTOF (Cytometry),3167012B,Anti-Human CD1a ,<div>HI149</div>,167Er,Human,100 Tests,"<a href=""https://fluidigm.my.salesforce.com/sfc/p/700000009DAw/a/4u0000019iLJ/_hvi.FYbzplWqXuuTvKHhkG.ADT1Mj0GI_C0pb2P0n0"" target=""_blank"">PRD009-3167012B</a>","<a href=""https://fluidigm.my.salesforce.com/sfc/p/700000009DAw/a/4u000001870w/XU6eX2YZtdejnAfGRls.mPHhJTPvhOp30R18ZV_Asw4"" target=""_blank"">MSDS-3000000X</a>",various,Maxpar
CyTOF (Cytometry),3167012C,Anti-Human CD1a ,<div>HI149</div>,167Er,Human,25 Tests,"<a href=""https://fluidigm.my.salesforce.com/sfc/p/700000009DAw/a/4u0000019iLJ/_hvi.FYbzplWqXuuTvKHhkG.ADT1Mj0GI_C0pb2P0n0"" target=""_blank"">PRD009-3167012B</a>","<a href=""https://fluidigm.my.salesforce.com/sfc/p/700000009DAw/a/4u000001870w/XU6eX2YZtdejnAfGRls.mPHhJTPvhOp30R18ZV_Asw4"" target=""_blank"">MSDS-3000000X</a>",various,Maxpar
CyTOF (Cytometry),3167013B,Anti-Human NKB1 ,<div>DX9</div>,167Er,Human,100 Tests,"<a href=""https://fluidigm.my.salesforce.com/sfc/p/700000009DAw/a/4u0000019iLc/IH53xY9hW.F4JfhU7Gz4P75ftn7OCGF4rGXt_8hlKD0"" target=""_blank"">PRD009-3167013B</a>","<a href=""https://fluidigm.my.salesforce.com/sfc/p/700000009DAw/a/4u000001870w/XU6eX2YZtdejnAfGRls.mPHhJTPvhOp30R18ZV_Asw4"" target=""_blank"">MSDS-3000000X</a>",various,Maxpar
CyTOF (Cytometry),3167013C,Anti-Human NKB1 ,<div>DX9</div>,167Er,Human,25 Tests,"<a href=""https://fluidigm.my.salesforce.com/sfc/p/700000009DAw/a/4u0000019iLc/IH53xY9hW.F4JfhU7Gz4P75ftn7OCGF4rGXt_8hlKD0"" target=""_blank"">PRD009-3167013B</a>","<a href=""https://fluidigm.my.salesforce.com/sfc/p/700000009DAw/a/4u000001870w/XU6eX2YZtdejnAfGRls.mPHhJTPvhOp30R18ZV_Asw4"" target=""_blank"">MSDS-3000000X</a>",various,Maxpar
CyTOF (Cytometry),3167014B,Anti-Human CD162 ,<div>KPL-1</div>,167Er,"Human, African Green, Baboon, Cynomolgus, Rhesus",100 Tests,"<a href=""https://fluidigm.my.salesforce.com/sfc/p/700000009DAw/a/4u000000tLdu/mG0zc3kb3kw06_SLQQfhQjCJpb4lIymeK7JysSdtVbk"" target=""_blank"">PRD009-3167014B</a>","<a href=""https://fluidigm.my.salesforce.com/sfc/p/700000009DAw/a/4u000001870w/XU6eX2YZtdejnAfGRls.mPHhJTPvhOp30R18ZV_Asw4"" target=""_blank"">MSDS-3000000X</a>",various,Maxpar
CyTOF (Cytometry),3167014C,Anti-Human CD162 ,<div>KPL- 1 </div>,167Er,"Human, African Green, Baboon, Cynomolgus, Rhesus",25 Tests,"<a href=""https://fluidigm.my.salesforce.com/sfc/p/700000009DAw/a/4u000000tLdu/mG0zc3kb3kw06_SLQQfhQjCJpb4lIymeK7JysSdtVbk"" target=""_blank"">PRD009-3167014B</a>","<a href=""https://fluidigm.my.salesforce.com/sfc/p/700000009DAw/a/4u000001870w/XU6eX2YZtdejnAfGRls.mPHhJTPvhOp30R18ZV_Asw4"" target=""_blank"">MSDS-3000000X</a>",various,Maxpar
CyTOF (Cytometry),3167015B,Anti-Human CD301/CLEC10A,<div>H037G3</div>,167Er,Human,100 Tests,"<a href=""https://fluidigm.my.salesforce.com/sfc/p/700000009DAw/a/4u0000019iLH/t8u0B85Iw2y8LBvWraxplUDWhgywx2.j3ASjEYZTT6s"" target=""_blank"">PRD009-3167015B</a>","<a href=""https://fluidigm.my.salesforce.com/sfc/p/700000009DAw/a/4u000001870w/XU6eX2YZtdejnAfGRls.mPHhJTPvhOp30R18ZV_Asw4"" target=""_blank"">MSDS-3000000X</a>",various,Maxpar
CyTOF (Cytometry),3167015C,Anti-Human CD301/CLEC10A,<div>H037G3</div>,167Er,Human,25 Tests,"<a href=""https://fluidigm.my.salesforce.com/sfc/p/700000009DAw/a/4u0000019iLH/t8u0B85Iw2y8LBvWraxplUDWhgywx2.j3ASjEYZTT6s"" target=""_blank"">PRD009-3167015B</a>","<a href=""https://fluidigm.my.salesforce.com/sfc/p/700000009DAw/a/4u000001870w/XU6eX2YZtdejnAfGRls.mPHhJTPvhOp30R18ZV_Asw4"" target=""_blank"">MSDS-3000000X</a>",various,Maxpar
CyTOF (Cytometry),3167017A,Anti-Human Met ,<div>D1C2</div>,167Er,Human,50 Tests,"<a href=""https://fluidigm.my.salesforce.com/sfc/p/700000009DAw/a/4u0000019iLh/nhOF9kLEE0BjcLFLnOoOD6Da69i3XwlOe7mJ3TSVAlY"" target=""_blank"">PRD009-3167017A</a>","<a href=""https://fluidigm.my.salesforce.com/sfc/p/700000009DAw/a/4u000001870w/XU6eX2YZtdejnAfGRls.mPHhJTPvhOp30R18ZV_Asw4"" target=""_blank"">MSDS-3000000X</a>",various,Maxpar
CyTOF (Cytometry),3167017C,Anti-Human Met ,<div>D1C2</div>,167Er,Human,25 Tests,"<a href=""https://fluidigm.my.salesforce.com/sfc/p/700000009DAw/a/4u0000019iLh/nhOF9kLEE0BjcLFLnOoOD6Da69i3XwlOe7mJ3TSVAlY"" target=""_blank"">PRD009-3167017B</a>","<a href=""https://fluidigm.my.salesforce.com/sfc/p/700000009DAw/a/4u000001870w/XU6eX2YZtdejnAfGRls.mPHhJTPvhOp30R18ZV_Asw4"" target=""_blank"">MSDS-3000000X</a>",various,Maxpar
CyTOF (Cytometry),3167018A,Anti-SATB1,<div>14/SATB1</div>,167Er,"Human, Mouse, Rat",50 Tests,"<a href=""https://fluidigm.my.salesforce.com/sfc/p/700000009DAw/a/4u0000019iLT/siFi.WpLrOR6gVlD33m0pd.jPSSRdNhVFEvJQMNKQ20"" target=""_blank"">PRD009-3167018A</a>","<a href=""https://fluidigm.my.salesforce.com/sfc/p/700000009DAw/a/4u000001870w/XU6eX2YZtdejnAfGRls.mPHhJTPvhOp30R18ZV_Asw4"" target=""_blank"">MSDS-3000000X</a>",various,Maxpar
CyTOF (Cytometry),3167018C,Anti-SATB1,<div>14/SATB1</div>,167Er,"Human, Mouse, Rat",25 Tests,"<a href=""https://fluidigm.my.salesforce.com/sfc/p/700000009DAw/a/4u0000019iLT/siFi.WpLrOR6gVlD33m0pd.jPSSRdNhVFEvJQMNKQ20"" target=""_blank"">PRD009-3167018B</a>","<a href=""https://fluidigm.my.salesforce.com/sfc/p/700000009DAw/a/4u000001870w/XU6eX2YZtdejnAfGRls.mPHhJTPvhOp30R18ZV_Asw4"" target=""_blank"">MSDS-3000000X</a>",various,Maxpar
CyTOF (Cytometry),3167019B,Anti-Human CD197/CCR7 ,<div>150503</div>,167Er,Human,100 Tests,"<a href=""https://fluidigm.my.salesforce.com/sfc/p/700000009DAw/a/QQ000004amzt/h7X7UfUSKGWPyftvfXxG0yksIiTCt4H2Qh9S_VfHZpE"" target=""_blank"">PRD009-3167019B</a>","<a href=""https://fluidigm.my.salesforce.com/sfc/p/700000009DAw/a/4u000001870w/XU6eX2YZtdejnAfGRls.mPHhJTPvhOp30R18ZV_Asw4"" target=""_blank"">MSDS-3000000X</a>",various,Maxpar
CyTOF (Cytometry),3167019C,Anti-Human CD197/CCR7 ,<div>150503</div>,167Er,Human,25 Tests,"<a href=""https://fluidigm.my.salesforce.com/sfc/p/700000009DAw/a/QQ000004amzt/h7X7UfUSKGWPyftvfXxG0yksIiTCt4H2Qh9S_VfHZpE"" target=""_blank"">PRD009-3167019B</a>","<a href=""https://fluidigm.my.salesforce.com/sfc/p/700000009DAw/a/4u000001870w/XU6eX2YZtdejnAfGRls.mPHhJTPvhOp30R18ZV_Asw4"" target=""_blank"">MSDS-3000000X</a>",various,Maxpar
CyTOF (Cytometry),3168001B,Anti-Human Ki-67,<div>Ki-67</div>,168Er,"Human, Bovine",100 Tests,"<a href=""https://fluidigm.my.salesforce.com/sfc/p/700000009DAw/a/4u0000019iLd/0cgBdfzAwRMEFS05GMkXbZp_MsqdLvcS8XETsMuGoWc"" target=""_blank"">PRD009-3168001B</a>","<a href=""https://fluidigm.my.salesforce.com/sfc/p/700000009DAw/a/4u000001870w/XU6eX2YZtdejnAfGRls.mPHhJTPvhOp30R18ZV_Asw4"" target=""_blank"">MSDS-3000000X</a>",various,Maxpar
CyTOF (Cytometry),3168001C,Anti-Human Ki-67,<div>Ki-67</div>,168Er,"Human, Bovine",25 Tests,"<a href=""https://fluidigm.my.salesforce.com/sfc/p/700000009DAw/a/4u0000019iLd/0cgBdfzAwRMEFS05GMkXbZp_MsqdLvcS8XETsMuGoWc"" target=""_blank"">PRD009-3168001B</a>","<a href=""https://fluidigm.my.salesforce.com/sfc/p/700000009DAw/a/4u000001870w/XU6eX2YZtdejnAfGRls.mPHhJTPvhOp30R18ZV_Asw4"" target=""_blank"">MSDS-3000000X</a>",various,Maxpar
CyTOF (Cytometry),3168002B,Anti-Human CD8,<div>SK1</div>,168Er,"Human, Cynomolgus Macaque, Rhesus Macaque, Chimpanzee, Baboon, Pigtailed Macaque, Sooty Mangabey",100 Tests,"<a href=""https://fluidigm.my.salesforce.com/sfc/p/700000009DAw/a/4u0000019iKa/SvrkXlciKBHoT6WZREZj0yHCaqcsNjxR9X8ZeKSm5X0"" target=""_blank"">PRD009-3168002B</a>","<a href=""https://fluidigm.my.salesforce.com/sfc/p/700000009DAw/a/4u000001870w/XU6eX2YZtdejnAfGRls.mPHhJTPvhOp30R18ZV_Asw4"" target=""_blank"">MSDS-3000000X</a>",various,Maxpar
CyTOF (Cytometry),3168002C,Anti-Human CD8,<div>SK1</div>,168Er,"Human, Cynomolgus Macaque, Rhesus Macaque, Chimpanzee, Baboon, Pigtailed Macaque, Sooty Mangabey",25 Tests,"<a href=""https://fluidigm.my.salesforce.com/sfc/p/700000009DAw/a/4u0000019iKa/SvrkXlciKBHoT6WZREZj0yHCaqcsNjxR9X8ZeKSm5X0"" target=""_blank"">PRD009-3168002B</a>","<a href=""https://fluidigm.my.salesforce.com/sfc/p/700000009DAw/a/4u000001870w/XU6eX2YZtdejnAfGRls.mPHhJTPvhOp30R18ZV_Asw4"" target=""_blank"">MSDS-3000000X</a>",various,Maxpar
CyTOF (Cytometry),3168003B,Anti-Mouse CD8a,<div>53-6.7</div>,168Er,Mouse,100 Tests,"<a href=""https://fluidigm.my.salesforce.com/sfc/p/700000009DAw/a/4u0000019iL9/CXU9YYjgHHV6lokXWWA2U_aM6hGB4yMYZeaq1q4idqc"" target=""_blank"">PRD009-3168003B</a>","<a href=""https://fluidigm.my.salesforce.com/sfc/p/700000009DAw/a/4u000001870w/XU6eX2YZtdejnAfGRls.mPHhJTPvhOp30R18ZV_Asw4"" target=""_blank"">MSDS-3000000X</a>",various,Maxpar
CyTOF (Cytometry),3168003C,Anti-Mouse CD8a,<div>53-6.7</div>,168Er,Mouse,25 Tests,"<a href=""https://fluidigm.my.salesforce.com/sfc/p/700000009DAw/a/4u0000019iL9/CXU9YYjgHHV6lokXWWA2U_aM6hGB4yMYZeaq1q4idqc"" target=""_blank"">PRD009-3168003B</a>","<a href=""https://fluidigm.my.salesforce.com/sfc/p/700000009DAw/a/4u000001870w/XU6eX2YZtdejnAfGRls.mPHhJTPvhOp30R18ZV_Asw4"" target=""_blank"">MSDS-3000000X</a>",various,Maxpar
CyTOF (Cytometry),3168005B,Anti-Human IFNγ,<div>B27</div>,168Er,"Human,Chimpanzee, Baboon, Cynomolgus, Rhesus, Pigtailed Macaque, African Green, Sooty Mangabey",100 Tests,"<a href=""https://fluidigm.my.salesforce.com/sfc/p/700000009DAw/a/4u0000019iLm/qyhHbHPjf1QLUa0NJnucsPV4bII894QYlJ8S_HIzjno"" target=""_blank"">PRD009-3168005B</a>","<a href=""https://fluidigm.my.salesforce.com/sfc/p/700000009DAw/a/4u000001870w/XU6eX2YZtdejnAfGRls.mPHhJTPvhOp30R18ZV_Asw4"" target=""_blank"">MSDS-3000000X</a>",various,Maxpar
CyTOF (Cytometry),3168005C,Anti-Human IFNγ,<div>B27 </div>,168Er,"Human,Chimpanzee, Baboon, Cynomolgus, Rhesus, Pigtailed Macaque, African Green, Sooty Mangabey",25 Tests,"<a href=""https://fluidigm.my.salesforce.com/sfc/p/700000009DAw/a/4u0000019iLm/qyhHbHPjf1QLUa0NJnucsPV4bII894QYlJ8S_HIzjno"" target=""_blank"">PRD009-3168005B</a>","<a href=""https://fluidigm.my.salesforce.com/sfc/p/700000009DAw/a/4u000001870w/XU6eX2YZtdejnAfGRls.mPHhJTPvhOp30R18ZV_Asw4"" target=""_blank"">MSDS-3000000X</a>",various,Maxpar
CyTOF (Cytometry),3168006B,Anti-Human CD154/CD40L,<div>24-31</div>,168Er,"Human, Cynomolgus Macaque, Rhesus Macaque",100 Tests,"<a href=""https://fluidigm.my.salesforce.com/sfc/p/700000009DAw/a/4u0000019iKr/76RCnUtg4w1T1drZQOZph3xoHLUfjagMxLcUiv.QCvo"" target=""_blank"">PRD009-3168006B</a>","<a href=""https://fluidigm.my.salesforce.com/sfc/p/700000009DAw/a/4u000001870w/XU6eX2YZtdejnAfGRls.mPHhJTPvhOp30R18ZV_Asw4"" target=""_blank"">MSDS-3000000X</a>",various,Maxpar
CyTOF (Cytometry),3168006C,Anti-Human CD154/CD40L,<div>24-31 </div>,168Er,"Human, Cynomolgus Macaque, Rhesus Macaque",25 Tests,"<a href=""https://fluidigm.my.salesforce.com/sfc/p/700000009DAw/a/4u0000019iKr/76RCnUtg4w1T1drZQOZph3xoHLUfjagMxLcUiv.QCvo"" target=""_blank"">PRD009-3168006B</a>","<a href=""https://fluidigm.my.salesforce.com/sfc/p/700000009DAw/a/4u000001870w/XU6eX2YZtdejnAfGRls.mPHhJTPvhOp30R18ZV_Asw4"" target=""_blank"">MSDS-3000000X</a>",various,Maxpar
CyTOF (Cytometry),3168007B,Anti-Ki-67,<div>B56</div>,168Er,"Rat, Mouse, Human, Rhesus Macaque",100 Tests,"<a href=""https://fluidigm.my.salesforce.com/sfc/p/700000009DAw/a/4u0000019iLr/qYBuiXjl00xPJN380hAhqFkkovHyArQZEnFGjr1UMRU"" target=""_blank"">PRD009-3168007B</a>","<a href=""https://fluidigm.my.salesforce.com/sfc/p/700000009DAw/a/4u000001870w/XU6eX2YZtdejnAfGRls.mPHhJTPvhOp30R18ZV_Asw4"" target=""_blank"">MSDS-3000000X</a>",various,Maxpar
CyTOF (Cytometry),3168007C,Anti-Ki-67,<div>B56</div>,168Er,"Rat, Mouse, Human, Rhesus Macaque",25 Tests,"<a href=""https://fluidigm.my.salesforce.com/sfc/p/700000009DAw/a/4u0000019iLr/qYBuiXjl00xPJN380hAhqFkkovHyArQZEnFGjr1UMRU"" target=""_blank"">PRD009-3168007B</a>","<a href=""https://fluidigm.my.salesforce.com/sfc/p/700000009DAw/a/4u000001870w/XU6eX2YZtdejnAfGRls.mPHhJTPvhOp30R18ZV_Asw4"" target=""_blank"">MSDS-3000000X</a>",various,Maxpar
CyTOF (Cytometry),3168008B,Anti-Human CD206/MMR,<div>15-2</div>,168Er,Human,100 Tests,"<a href=""https://fluidigm.my.salesforce.com/sfc/p/700000009DAw/a/4u0000019iLA/_zzdDMHzRhuMGtMlDJm.72XCW01oKAIC4pEKhaQ_S4s"" target=""_blank"">PRD009-3168008B</a>","<a href=""https://fluidigm.my.salesforce.com/sfc/p/700000009DAw/a/4u000001870w/XU6eX2YZtdejnAfGRls.mPHhJTPvhOp30R18ZV_Asw4"" target=""_blank"">MSDS-3000000X</a>",various,Maxpar
CyTOF (Cytometry),3168008C,Anti-Human CD206/MMR,<div>15-2 </div>,168Er,Human,25 Tests,"<a href=""https://fluidigm.my.salesforce.com/sfc/p/700000009DAw/a/4u0000019iLA/_zzdDMHzRhuMGtMlDJm.72XCW01oKAIC4pEKhaQ_S4s"" target=""_blank"">PRD009-3168008B</a>","<a href=""https://fluidigm.my.salesforce.com/sfc/p/700000009DAw/a/4u000001870w/XU6eX2YZtdejnAfGRls.mPHhJTPvhOp30R18ZV_Asw4"" target=""_blank"">MSDS-3000000X</a>",various,Maxpar
CyTOF (Cytometry),3168009B,Anti-Human CD138/Syndecan-1,<div>DL-101</div>,168Er,"Human, African Green, Baboon, Cynomolgus",100 Tests,"<a href=""https://fluidigm.my.salesforce.com/sfc/p/700000009DAw/a/4u0000019iLs/QqGI3D7pckfg5WFVwpS88YsPTX1pDt.qD8M0ra7g6tM"" target=""_blank"">PRD009-3168009B</a>","<a href=""https://fluidigm.my.salesforce.com/sfc/p/700000009DAw/a/4u000001870w/XU6eX2YZtdejnAfGRls.mPHhJTPvhOp30R18ZV_Asw4"" target=""_blank"">MSDS-3000000X</a>",various,Maxpar
CyTOF (Cytometry),3168009C,Anti-Human CD138/Syndecan-1,<div>DL-101 </div>,168Er,"Human, African Green, Baboon, Cynomolgus",25 Tests,"<a href=""https://fluidigm.my.salesforce.com/sfc/p/700000009DAw/a/4u0000019iLs/QqGI3D7pckfg5WFVwpS88YsPTX1pDt.qD8M0ra7g6tM"" target=""_blank"">PRD009-3168009B</a>","<a href=""https://fluidigm.my.salesforce.com/sfc/p/700000009DAw/a/4u000001870w/XU6eX2YZtdejnAfGRls.mPHhJTPvhOp30R18ZV_Asw4"" target=""_blank"">MSDS-3000000X</a>",various,Maxpar
CyTOF (Cytometry),3168010B,Anti-Mouse CD21,<div>7G6</div>,168Er,Mouse,100 Tests,"<a href=""https://fluidigm.my.salesforce.com/sfc/p/700000009DAw/a/4u0000019iLi/Qxtpowxbfhvj3vLDolNejPhdzHCLRQix67AzuHhpuIM"" target=""_blank"">PRD009-3168010B</a>","<a href=""https://fluidigm.my.salesforce.com/sfc/p/700000009DAw/a/4u000001870w/XU6eX2YZtdejnAfGRls.mPHhJTPvhOp30R18ZV_Asw4"" target=""_blank"">MSDS-3000000X</a>",various,Maxpar
CyTOF (Cytometry),3168010C,Anti-Mouse CD21,<div>7G6</div>,168Er,Mouse,25 Tests,"<a href=""https://fluidigm.my.salesforce.com/sfc/p/700000009DAw/a/4u0000019iLi/Qxtpowxbfhvj3vLDolNejPhdzHCLRQix67AzuHhpuIM"" target=""_blank"">PRD009-3168010B</a>","<a href=""https://fluidigm.my.salesforce.com/sfc/p/700000009DAw/a/4u000001870w/XU6eX2YZtdejnAfGRls.mPHhJTPvhOp30R18ZV_Asw4"" target=""_blank"">MSDS-3000000X</a>",various,Maxpar
CyTOF (Cytometry),3168011A,Anti-Human CD199/CCR9,<div>L053E8</div>,168Er,Human,50 Tests,"<a href=""https://fluidigm.my.salesforce.com/sfc/p/700000009DAw/a/4u0000019iKs/1m6msVVPYh4Mv44wScV8xmHID2EJHXu1dg5miuMp6dU"" target=""_blank"">PRD009-3168011A</a>","<a href=""https://fluidigm.my.salesforce.com/sfc/p/700000009DAw/a/4u000001870w/XU6eX2YZtdejnAfGRls.mPHhJTPvhOp30R18ZV_Asw4"" target=""_blank"">MSDS-3000000X</a>",various,Maxpar
CyTOF (Cytometry),3168011C,Anti-Human CD199/CCR9,<div>L053E8</div>,168Er,Human,25 Tests,"<a href=""https://fluidigm.my.salesforce.com/sfc/p/700000009DAw/a/4u0000019iKs/1m6msVVPYh4Mv44wScV8xmHID2EJHXu1dg5miuMp6dU"" target=""_blank"">PRD009-3168011B</a>","<a href=""https://fluidigm.my.salesforce.com/sfc/p/700000009DAw/a/4u000001870w/XU6eX2YZtdejnAfGRls.mPHhJTPvhOp30R18ZV_Asw4"" target=""_blank"">MSDS-3000000X</a>",various,Maxpar
CyTOF (Cytometry),3168012A,Anti-Human pStat6 [Y641],<div>18</div>,168Er,Human,50 Tests,"<a href=""https://fluidigm.my.salesforce.com/sfc/p/700000009DAw/a/4u0000019iLj/mibycaS76yB1LvbX3cHWVSKFhAZOoDXsCkKhC1J4nsk"" target=""_blank"">PRD009-3168012A</a>","<a href=""https://fluidigm.my.salesforce.com/sfc/p/700000009DAw/a/4u000001870w/XU6eX2YZtdejnAfGRls.mPHhJTPvhOp30R18ZV_Asw4"" target=""_blank"">MSDS-3000000X</a>",various,Maxpar
CyTOF (Cytometry),3168012C,Anti-Human pStat6 [Y641],<div>18</div>,168Er,Human,25 Tests,"<a href=""https://fluidigm.my.salesforce.com/sfc/p/700000009DAw/a/4u0000019iLj/mibycaS76yB1LvbX3cHWVSKFhAZOoDXsCkKhC1J4nsk"" target=""_blank"">PRD009-3168012B</a>","<a href=""https://fluidigm.my.salesforce.com/sfc/p/700000009DAw/a/4u000001870w/XU6eX2YZtdejnAfGRls.mPHhJTPvhOp30R18ZV_Asw4"" target=""_blank"">MSDS-3000000X</a>",various,Maxpar
CyTOF (Cytometry),3168013B,Anti-Human Integrin a9b1,<div>Y9A2</div>,168Er,"Rat, Guinea Pig, Human",100 Tests,"<a href=""https://fluidigm.my.salesforce.com/sfc/p/700000009DAw/a/4u000000tLdk/q5qHL6P4f11MsM1ZgQfdRo6EWdoRelWrR71l5PeIWFM"" target=""_blank"">PRD009-3168013B</a>","<a href=""https://fluidigm.my.salesforce.com/sfc/p/700000009DAw/a/4u000001870w/XU6eX2YZtdejnAfGRls.mPHhJTPvhOp30R18ZV_Asw4"" target=""_blank"">MSDS-3000000X</a>",various,Maxpar
CyTOF (Cytometry),3168013C,Anti-Human Integrin a9b1,<div>Y9A2</div>,168Er,"Rat, Guinea Pig, Human",25 Tests,"<a href=""https://fluidigm.my.salesforce.com/sfc/p/700000009DAw/a/4u000000tLdk/q5qHL6P4f11MsM1ZgQfdRo6EWdoRelWrR71l5PeIWFM"" target=""_blank"">PRD009-3168013B</a>","<a href=""https://fluidigm.my.salesforce.com/sfc/p/700000009DAw/a/4u000001870w/XU6eX2YZtdejnAfGRls.mPHhJTPvhOp30R18ZV_Asw4"" target=""_blank"">MSDS-3000000X</a>",various,Maxpar
CyTOF (Cytometry),3168014B,Anti-Human CD71,<div>OKT-9</div>,168Er,"Human, Mouse",100 Tests,"<a href=""https://fluidigm.my.salesforce.com/sfc/p/700000009DAw/a/4u0000019iLk/7SZVb4qayz2wV4xuhwyC_a60p3uzckPjEQb1l3_Beho"" target=""_blank"">PRD009-3168014B</a>","<a href=""https://fluidigm.my.salesforce.com/sfc/p/700000009DAw/a/4u000001870w/XU6eX2YZtdejnAfGRls.mPHhJTPvhOp30R18ZV_Asw4"" target=""_blank"">MSDS-3000000X</a>",various,Maxpar
CyTOF (Cytometry),3168014C,Anti-Human CD71,<div>OKT-9</div>,168Er,"Human, Mouse",25 Tests,"<a href=""https://fluidigm.my.salesforce.com/sfc/p/700000009DAw/a/4u0000019iLk/7SZVb4qayz2wV4xuhwyC_a60p3uzckPjEQb1l3_Beho"" target=""_blank"">PRD009-3168014B</a>","<a href=""https://fluidigm.my.salesforce.com/sfc/p/700000009DAw/a/4u000001870w/XU6eX2YZtdejnAfGRls.mPHhJTPvhOp30R18ZV_Asw4"" target=""_blank"">MSDS-3000000X</a>",various,Maxpar
CyTOF (Cytometry),3168015B,Anti-Human CD73 ,<div>AD2</div>,168Er,Human,100 Tests,"<a href=""https://fluidigm.my.salesforce.com/sfc/p/700000009DAw/a/4u0000019iLw/C0HxiWgQdlTqfpmAFMDsgr2zkFNHC1umT8RIj7yOuJ8"" target=""_blank"">PRD009-3168015B</a>","<a href=""https://fluidigm.my.salesforce.com/sfc/p/700000009DAw/a/4u000001870w/XU6eX2YZtdejnAfGRls.mPHhJTPvhOp30R18ZV_Asw4"" target=""_blank"">MSDS-3000000X</a>",various,Maxpar
CyTOF (Cytometry),3168015C,Anti-Human CD73 ,<div>AD2</div>,168Er,Human,25 Tests,"<a href=""https://fluidigm.my.salesforce.com/sfc/p/700000009DAw/a/4u0000019iLw/C0HxiWgQdlTqfpmAFMDsgr2zkFNHC1umT8RIj7yOuJ8"" target=""_blank"">PRD009-3168015B</a>","<a href=""https://fluidigm.my.salesforce.com/sfc/p/700000009DAw/a/4u000001870w/XU6eX2YZtdejnAfGRls.mPHhJTPvhOp30R18ZV_Asw4"" target=""_blank"">MSDS-3000000X</a>",various,Maxpar
CyTOF (Cytometry),3168016B,Anti-Human CD130 ,<div>2E1B02</div>,168Er,Human,100 Tests,"<a href=""https://fluidigm.my.salesforce.com/sfc/p/700000009DAw/a/4u0000019iM1/kp7sqkGsJwuvb.Dewji8C7kzZAWVA_JY1C0i7FDI_so"" target=""_blank"">PRD009-3168016B</a>","<a href=""https://fluidigm.my.salesforce.com/sfc/p/700000009DAw/a/4u000001870w/XU6eX2YZtdejnAfGRls.mPHhJTPvhOp30R18ZV_Asw4"" target=""_blank"">MSDS-3000000X</a>",various,Maxpar
CyTOF (Cytometry),3168016C,Anti-Human CD130 ,<div>2E1B02</div>,168Er,Human,25 Tests,"<a href=""https://fluidigm.my.salesforce.com/sfc/p/700000009DAw/a/4u0000019iM1/kp7sqkGsJwuvb.Dewji8C7kzZAWVA_JY1C0i7FDI_so"" target=""_blank"">PRD009-3168016B</a>","<a href=""https://fluidigm.my.salesforce.com/sfc/p/700000009DAw/a/4u000001870w/XU6eX2YZtdejnAfGRls.mPHhJTPvhOp30R18ZV_Asw4"" target=""_blank"">MSDS-3000000X</a>",various,Maxpar
CyTOF (Cytometry),3168017B,Anti-Human CD127/IL-7Rα,<div>A019D5</div>,168Er,"Human, African Green Monkey, Baboon, Cynomolgus Macaque, Rhesus Macaque",100 Tests,"<a href=""https://fluidigm.my.salesforce.com/sfc/p/700000009DAw/a/4u0000019iKg/Qwpm9oYQkwt0FREAhBqVGJbIjvsXiDUYxQxXyvh21p0"" target=""_blank"">PRD009-3168017B</a>","<a href=""https://fluidigm.my.salesforce.com/sfc/p/700000009DAw/a/4u000001870w/XU6eX2YZtdejnAfGRls.mPHhJTPvhOp30R18ZV_Asw4"" target=""_blank"">MSDS-3000000X</a>",various,Maxpar
CyTOF (Cytometry),3168017C,Anti-Human CD127/IL-7Rα,<div>A019D5</div>,168Er,"Human, African Green Monkey, Baboon, Cynomolgus Macaque, Rhesus Macaque",25 Tests,"<a href=""https://fluidigm.my.salesforce.com/sfc/p/700000009DAw/a/4u0000019iKg/Qwpm9oYQkwt0FREAhBqVGJbIjvsXiDUYxQxXyvh21p0"" target=""_blank"">PRD009-3168017B</a>","<a href=""https://fluidigm.my.salesforce.com/sfc/p/700000009DAw/a/4u000001870w/XU6eX2YZtdejnAfGRls.mPHhJTPvhOp30R18ZV_Asw4"" target=""_blank"">MSDS-3000000X</a>",various,Maxpar
CyTOF (Cytometry),3168024B,Anti-CD278/ICOS ,<div>C398.4A</div>,168Er,"Human, Rhesus Macaque, Rat, Mouse, Pig, African Green, Baboon, Cynomolgus Macaque",100 Tests,"<a href=""https://fluidigm.my.salesforce.com/sfc/p/700000009DAw/a/4u0000019iO6/4Afyem9uEyckH4Ht4oNJMaGy4Y5V4vFUOOgqq4._LNw"" target=""_blank"">PRD009-3168024B</a>","<a href=""https://fluidigm.my.salesforce.com/sfc/p/700000009DAw/a/4u000001870w/XU6eX2YZtdejnAfGRls.mPHhJTPvhOp30R18ZV_Asw4"" target=""_blank"">MSDS-3000000X</a>",various,Maxpar
CyTOF (Cytometry),3168024C,Anti-CD278/ICOS ,<div>C398.4A</div>,168Er,"Human, Rhesus Macaque, Rat, Mouse, Pig, African Green, Baboon, Cynomolgus Macaque",25 Tests,"<a href=""https://fluidigm.my.salesforce.com/sfc/p/700000009DAw/a/4u0000019iO6/4Afyem9uEyckH4Ht4oNJMaGy4Y5V4vFUOOgqq4._LNw"" target=""_blank"">PRD009-3168024B</a>","<a href=""https://fluidigm.my.salesforce.com/sfc/p/700000009DAw/a/4u000001870w/XU6eX2YZtdejnAfGRls.mPHhJTPvhOp30R18ZV_Asw4"" target=""_blank"">MSDS-3000000X</a>",various,Maxpar
CyTOF (Cytometry),3169002B,Anti-Mouse TCRβ ,<div>H57-597</div>,169Tm,Mouse,100 Tests,"<a href=""https://fluidigm.my.salesforce.com/sfc/p/700000009DAw/a/4u0000019iOB/hY4qOS8vbBB57bT_1PDNkJoFFXxSbx1Hdo3Imvvl8XI"" target=""_blank"">PRD009-3169002B</a>","<a href=""https://fluidigm.my.salesforce.com/sfc/p/700000009DAw/a/4u000001870w/XU6eX2YZtdejnAfGRls.mPHhJTPvhOp30R18ZV_Asw4"" target=""_blank"">MSDS-3000000X</a>",various,Maxpar
CyTOF (Cytometry),3169002C,Anti-Mouse TCRβ ,<div>H57-597</div>,169Tm,Mouse,25 Tests,"<a href=""https://fluidigm.my.salesforce.com/sfc/p/700000009DAw/a/4u0000019iOB/hY4qOS8vbBB57bT_1PDNkJoFFXxSbx1Hdo3Imvvl8XI"" target=""_blank"">PRD009-3169002B</a>","<a href=""https://fluidigm.my.salesforce.com/sfc/p/700000009DAw/a/4u000001870w/XU6eX2YZtdejnAfGRls.mPHhJTPvhOp30R18ZV_Asw4"" target=""_blank"">MSDS-3000000X</a>",various,Maxpar
CyTOF (Cytometry),3169003B,Anti-Human CD25,<div>2A3</div>,169Tm,Human,100 Tests,"<a href=""https://fluidigm.my.salesforce.com/sfc/p/700000009DAw/a/4u0000019iOG/OOswMTpAoHlHW0SF_i6TRdddy1nZtNEAqavFew2dTNY"" target=""_blank"">PRD009-3169003B</a>","<a href=""https://fluidigm.my.salesforce.com/sfc/p/700000009DAw/a/4u000001870w/XU6eX2YZtdejnAfGRls.mPHhJTPvhOp30R18ZV_Asw4"" target=""_blank"">MSDS-3000000X</a>",various,Maxpar
CyTOF (Cytometry),3169003C,Anti-Human CD25,<div>2A3</div>,169Tm,Human,25 Tests,"<a href=""https://fluidigm.my.salesforce.com/sfc/p/700000009DAw/a/4u0000019iOG/OOswMTpAoHlHW0SF_i6TRdddy1nZtNEAqavFew2dTNY"" target=""_blank"">PRD009-3169003B</a>","<a href=""https://fluidigm.my.salesforce.com/sfc/p/700000009DAw/a/4u000001870w/XU6eX2YZtdejnAfGRls.mPHhJTPvhOp30R18ZV_Asw4"" target=""_blank"">MSDS-3000000X</a>",various,Maxpar
CyTOF (Cytometry),3169004B,Anti-Human CD24,<div>ML5</div>,169Tm,"Human, Chimpanzee",100 Tests,"<a href=""https://fluidigm.my.salesforce.com/sfc/p/700000009DAw/a/4u0000019iOL/eWoI2VuJ7ko_yuoxKTpEJDx40cTQk160iicB6LYjeDY"" target=""_blank"">PRD009-3169004B</a>","<a href=""https://fluidigm.my.salesforce.com/sfc/p/700000009DAw/a/4u000001870w/XU6eX2YZtdejnAfGRls.mPHhJTPvhOp30R18ZV_Asw4"" target=""_blank"">MSDS-3000000X</a>",various,Maxpar
CyTOF (Cytometry),3169004C,Anti-Human CD24,<div>ML5</div>,169Tm,"Human, Chimpanzee",25 Tests,"<a href=""https://fluidigm.my.salesforce.com/sfc/p/700000009DAw/a/4u0000019iOL/eWoI2VuJ7ko_yuoxKTpEJDx40cTQk160iicB6LYjeDY"" target=""_blank"">PRD009-3169004B</a>","<a href=""https://fluidigm.my.salesforce.com/sfc/p/700000009DAw/a/4u000001870w/XU6eX2YZtdejnAfGRls.mPHhJTPvhOp30R18ZV_Asw4"" target=""_blank"">MSDS-3000000X</a>",various,Maxpar
CyTOF (Cytometry),3169005B,Anti-Mouse IL-17A,<div>TC11-18H10.1</div>,169Tm,Mouse,100 Tests,"<a href=""https://fluidigm.my.salesforce.com/sfc/p/700000009DAw/a/4u0000019iOQ/fOctzn.jgKIYcksJQrM7jvcBvzL19cr3pd4W856KKII"" target=""_blank"">PRD009-3169005B</a>","<a href=""https://fluidigm.my.salesforce.com/sfc/p/700000009DAw/a/4u000001870w/XU6eX2YZtdejnAfGRls.mPHhJTPvhOp30R18ZV_Asw4"" target=""_blank"">MSDS-3000000X</a>",various,Maxpar
CyTOF (Cytometry),3169005C,Anti-Mouse IL-17A,<div>TC11-18H10.1</div>,169Tm,Mouse,25 Tests,"<a href=""https://fluidigm.my.salesforce.com/sfc/p/700000009DAw/a/4u0000019iOQ/fOctzn.jgKIYcksJQrM7jvcBvzL19cr3pd4W856KKII"" target=""_blank"">PRD009-3169005B</a>","<a href=""https://fluidigm.my.salesforce.com/sfc/p/700000009DAw/a/4u000001870w/XU6eX2YZtdejnAfGRls.mPHhJTPvhOp30R18ZV_Asw4"" target=""_blank"">MSDS-3000000X</a>",various,Maxpar
CyTOF (Cytometry),3169006B,Anti-Human IL-17A,<div>BL168</div>,169Tm,Human,100 Tests,"<a href=""https://fluidigm.my.salesforce.com/sfc/p/700000009DAw/a/4u0000019iOV/jav9r3DYSXkeRcMSXMP3u3K4MaFHG9Gwqfu_pCWp4Nk"" target=""_blank"">PRD009-3169006B</a>","<a href=""https://fluidigm.my.salesforce.com/sfc/p/700000009DAw/a/4u000001870w/XU6eX2YZtdejnAfGRls.mPHhJTPvhOp30R18ZV_Asw4"" target=""_blank"">MSDS-3000000X</a>",various,Maxpar
CyTOF (Cytometry),3169006C,Anti-Human IL-17A,<div>BL168</div>,169Tm,Human,25 Tests,"<a href=""https://fluidigm.my.salesforce.com/sfc/p/700000009DAw/a/4u0000019iOV/jav9r3DYSXkeRcMSXMP3u3K4MaFHG9Gwqfu_pCWp4Nk"" target=""_blank"">PRD009-3169006B</a>","<a href=""https://fluidigm.my.salesforce.com/sfc/p/700000009DAw/a/4u000001870w/XU6eX2YZtdejnAfGRls.mPHhJTPvhOp30R18ZV_Asw4"" target=""_blank"">MSDS-3000000X</a>",various,Maxpar
CyTOF (Cytometry),3169008B,Anti-Human CD45RA,<div>HI100</div>,169Tm,"Human, Chimpanzee",100 Tests,"<a href=""https://fluidigm.my.salesforce.com/sfc/p/700000009DAw/a/4u0000019iOR/w0Wql4yEw1ekpT0gLQ238vHdc6RoHbB8.OJXkQnYQrw"" target=""_blank"">PRD009-3169008B</a>","<a href=""https://fluidigm.my.salesforce.com/sfc/p/700000009DAw/a/4u000001870w/XU6eX2YZtdejnAfGRls.mPHhJTPvhOp30R18ZV_Asw4"" target=""_blank"">MSDS-3000000X</a>",various,Maxpar
CyTOF (Cytometry),3169008C,Anti-Human CD45RA,<div>HI100</div>,169Tm,"Human, Chimpanzee",25 Tests,"<a href=""https://fluidigm.my.salesforce.com/sfc/p/700000009DAw/a/4u0000019iOR/w0Wql4yEw1ekpT0gLQ238vHdc6RoHbB8.OJXkQnYQrw"" target=""_blank"">PRD009-3169008B</a>","<a href=""https://fluidigm.my.salesforce.com/sfc/p/700000009DAw/a/4u000001870w/XU6eX2YZtdejnAfGRls.mPHhJTPvhOp30R18ZV_Asw4"" target=""_blank"">MSDS-3000000X</a>",various,Maxpar
CyTOF (Cytometry),3169010B,Anti-Human CD33,<div>WM53</div>,169Tm,"Human, Chimpanzee",100 Tests,"<a href=""https://fluidigm.my.salesforce.com/sfc/p/700000009DAw/a/4u000000Mz1f/j8rSlVB_DTKxxm6ZISe4GxcLjDMlIaZXK.9epTp1kls"" target=""_blank"">PRD009-3169010B</a>","<a href=""https://fluidigm.my.salesforce.com/sfc/p/700000009DAw/a/4u000001870w/XU6eX2YZtdejnAfGRls.mPHhJTPvhOp30R18ZV_Asw4"" target=""_blank"">MSDS-3000000X</a>",various,Maxpar
CyTOF (Cytometry),3169010C,Anti-Human CD33,<div>WM53</div>,169Tm,"Human, Chimpanzee",25 Tests,"<a href=""https://fluidigm.my.salesforce.com/sfc/p/700000009DAw/a/4u000000Mz1f/j8rSlVB_DTKxxm6ZISe4GxcLjDMlIaZXK.9epTp1kls"" target=""_blank"">PRD009-3169010B</a>","<a href=""https://fluidigm.my.salesforce.com/sfc/p/700000009DAw/a/4u000001870w/XU6eX2YZtdejnAfGRls.mPHhJTPvhOp30R18ZV_Asw4"" target=""_blank"">MSDS-3000000X</a>",various,Maxpar
CyTOF (Cytometry),3169011B,Anti-Human CD19,<div>HIB19</div>,169Tm,"Human, Chimpanzee",100 Tests,"<a href=""https://fluidigm.my.salesforce.com/sfc/p/700000009DAw/a/4u0000019iOa/1gVDQYSBOMLPmRgiWUmliXksnUMeOjKUSkp_Ibo7bro"" target=""_blank"">PRD009-3169011B</a>","<a href=""https://fluidigm.my.salesforce.com/sfc/p/700000009DAw/a/4u000001870w/XU6eX2YZtdejnAfGRls.mPHhJTPvhOp30R18ZV_Asw4"" target=""_blank"">MSDS-3000000X</a>",various,Maxpar
CyTOF (Cytometry),3169011C,Anti-Human CD19,<div>HIB19</div>,169Tm,"Human, Chimpanzee",25 Tests,"<a href=""https://fluidigm.my.salesforce.com/sfc/p/700000009DAw/a/4u0000019iOa/1gVDQYSBOMLPmRgiWUmliXksnUMeOjKUSkp_Ibo7bro"" target=""_blank"">PRD009-3169011B</a>","<a href=""https://fluidigm.my.salesforce.com/sfc/p/700000009DAw/a/4u000001870w/XU6eX2YZtdejnAfGRls.mPHhJTPvhOp30R18ZV_Asw4"" target=""_blank"">MSDS-3000000X</a>",various,Maxpar
CyTOF (Cytometry),3169014A,Anti-Human Nanog,<div>N31-355</div>,169Tm,Human,50 Tests,"<a href=""https://fluidigm.my.salesforce.com/sfc/p/700000009DAw/a/4u0000019iOk/uqP6h2TcCHg0nG7AF6x3ChzczFxQZ8XkJC63AcEcQ_s"" target=""_blank"">PRD009-3169014A</a>","<a href=""https://fluidigm.my.salesforce.com/sfc/p/700000009DAw/a/4u000001870w/XU6eX2YZtdejnAfGRls.mPHhJTPvhOp30R18ZV_Asw4"" target=""_blank"">MSDS-3000000X</a>",various,Maxpar
CyTOF (Cytometry),3169014C,Anti-Human Nanog,<div>N31-355</div>,169Tm,Human,25 Tests,"<a href=""https://fluidigm.my.salesforce.com/sfc/p/700000009DAw/a/4u0000019iOk/uqP6h2TcCHg0nG7AF6x3ChzczFxQZ8XkJC63AcEcQ_s"" target=""_blank"">PRD009-3169014B</a>","<a href=""https://fluidigm.my.salesforce.com/sfc/p/700000009DAw/a/4u000001870w/XU6eX2YZtdejnAfGRls.mPHhJTPvhOp30R18ZV_Asw4"" target=""_blank"">MSDS-3000000X</a>",various,Maxpar
CyTOF (Cytometry),3169015B,Anti-Mouse Sca-1/Ly-6A/E ,<div>D7</div>,169Tm,Mouse,100 Tests,"<a href=""https://fluidigm.my.salesforce.com/sfc/p/700000009DAw/a/4u0000019iOp/HPeUxLgpc4d4K6tr.yyCwKkSBVuLLKjMKjKv6rv0UrU"" target=""_blank"">PRD009-3169015B</a>","<a href=""https://fluidigm.my.salesforce.com/sfc/p/700000009DAw/a/4u000001870w/XU6eX2YZtdejnAfGRls.mPHhJTPvhOp30R18ZV_Asw4"" target=""_blank"">MSDS-3000000X</a>",various,Maxpar
CyTOF (Cytometry),3169015C,Anti-Mouse Sca-1/Ly-6A/E ,<div>D7</div>,169Tm,Mouse,25 Tests,"<a href=""https://fluidigm.my.salesforce.com/sfc/p/700000009DAw/a/4u0000019iOp/HPeUxLgpc4d4K6tr.yyCwKkSBVuLLKjMKjKv6rv0UrU"" target=""_blank"">PRD009-3169015B</a>","<a href=""https://fluidigm.my.salesforce.com/sfc/p/700000009DAw/a/4u000001870w/XU6eX2YZtdejnAfGRls.mPHhJTPvhOp30R18ZV_Asw4"" target=""_blank"">MSDS-3000000X</a>",various,Maxpar
CyTOF (Cytometry),3169016B,Anti-Human IL-13,<div>JES10-5A2</div>,169Tm,Human,100 Tests,"<a href=""https://fluidigm.my.salesforce.com/sfc/p/700000009DAw/a/4u0000019iOu/VzXrjOJoOf22tdlEMyhaJgh0MO4AzcNURo_7TrR7CGw"" target=""_blank"">PRD009-3169016B</a>","<a href=""https://fluidigm.my.salesforce.com/sfc/p/700000009DAw/a/4u000001870w/XU6eX2YZtdejnAfGRls.mPHhJTPvhOp30R18ZV_Asw4"" target=""_blank"">MSDS-3000000X</a>",various,Maxpar
CyTOF (Cytometry),3169016C,Anti-Human IL-13,<div>JES10-5A2</div>,169Tm,Human,25 Tests,"<a href=""https://fluidigm.my.salesforce.com/sfc/p/700000009DAw/a/4u0000019iOu/VzXrjOJoOf22tdlEMyhaJgh0MO4AzcNURo_7TrR7CGw"" target=""_blank"">PRD009-3169016B</a>","<a href=""https://fluidigm.my.salesforce.com/sfc/p/700000009DAw/a/4u000001870w/XU6eX2YZtdejnAfGRls.mPHhJTPvhOp30R18ZV_Asw4"" target=""_blank"">MSDS-3000000X</a>",various,Maxpar
CyTOF (Cytometry),3169017A,Anti-EGFR,<div>D38B1</div>,169Tm,"Mouse, Human, Monkey",50 Tests,"<a href=""https://fluidigm.my.salesforce.com/sfc/p/700000009DAw/a/4u0000019iOv/e3KuU_knTGqQH5DUCgYcLYUN0A77sXNBbCywRuNfvvU"" target=""_blank"">PRD009-3169017A</a>","<a href=""https://fluidigm.my.salesforce.com/sfc/p/700000009DAw/a/4u000001870w/XU6eX2YZtdejnAfGRls.mPHhJTPvhOp30R18ZV_Asw4"" target=""_blank"">MSDS-3000000X</a>",various,Maxpar
CyTOF (Cytometry),3169017C,Anti-EGFR,<div>D38B1</div>,169Tm,"Mouse, Human, Monkey",25 Tests,"<a href=""https://fluidigm.my.salesforce.com/sfc/p/700000009DAw/a/4u0000019iOv/e3KuU_knTGqQH5DUCgYcLYUN0A77sXNBbCywRuNfvvU"" target=""_blank"">PRD009-3169017B</a>","<a href=""https://fluidigm.my.salesforce.com/sfc/p/700000009DAw/a/4u000001870w/XU6eX2YZtdejnAfGRls.mPHhJTPvhOp30R18ZV_Asw4"" target=""_blank"">MSDS-3000000X</a>",various,Maxpar
CyTOF (Cytometry),3169018B,Anti-Human CD304/Neuropilin-1,<div>12C2</div>,169Tm,Human,100 Tests,"<a href=""https://fluidigm.my.salesforce.com/sfc/p/700000009DAw/a/4u0000019iOz/OZfk.laKQcC1_NVopLbuf3RteJrUpjrANVLGSXT7evI"" target=""_blank"">PRD009-3169018B</a>","<a href=""https://fluidigm.my.salesforce.com/sfc/p/700000009DAw/a/4u000001870w/XU6eX2YZtdejnAfGRls.mPHhJTPvhOp30R18ZV_Asw4"" target=""_blank"">MSDS-3000000X</a>",various,Maxpar
CyTOF (Cytometry),3169018C,Anti-Human CD304/Neuropilin-1,<div>12C2</div>,169Tm,Human,25 Tests,"<a href=""https://fluidigm.my.salesforce.com/sfc/p/700000009DAw/a/4u0000019iOz/OZfk.laKQcC1_NVopLbuf3RteJrUpjrANVLGSXT7evI"" target=""_blank"">PRD009-3169018B</a>","<a href=""https://fluidigm.my.salesforce.com/sfc/p/700000009DAw/a/4u000001870w/XU6eX2YZtdejnAfGRls.mPHhJTPvhOp30R18ZV_Asw4"" target=""_blank"">MSDS-3000000X</a>",various,Maxpar
CyTOF (Cytometry),3169020B,Anti-Human CD32,<div>FUN-2</div>,169Tm,"Human, African Green, Baboon, Cynomolgus, Rhesus",100 Tests,"<a href=""https://fluidigm.my.salesforce.com/sfc/p/700000009DAw/a/4u0000019iP4/hCe7PG7tbBtNudpz2MsTCgeWwwMflbYpW9nlb3sroZs"" target=""_blank"">PRD009-3169020B</a>","<a href=""https://fluidigm.my.salesforce.com/sfc/p/700000009DAw/a/4u000001870w/XU6eX2YZtdejnAfGRls.mPHhJTPvhOp30R18ZV_Asw4"" target=""_blank"">MSDS-3000000X</a>",various,Maxpar
CyTOF (Cytometry),3169020C,Anti-Human CD32,<div>FUN-2</div>,169Tm,"Human, African Green, Baboon, Cynomolgus, Rhesus",25 Tests,"<a href=""https://fluidigm.my.salesforce.com/sfc/p/700000009DAw/a/4u0000019iP4/hCe7PG7tbBtNudpz2MsTCgeWwwMflbYpW9nlb3sroZs"" target=""_blank"">PRD009-3169020B</a>","<a href=""https://fluidigm.my.salesforce.com/sfc/p/700000009DAw/a/4u000001870w/XU6eX2YZtdejnAfGRls.mPHhJTPvhOp30R18ZV_Asw4"" target=""_blank"">MSDS-3000000X</a>",various,Maxpar
CyTOF (Cytometry),3169021B,Anti-Mouse CD206/MMR ,<div>C068C2</div>,169Tm,Mouse,100 Tests,"<a href=""https://fluidigm.my.salesforce.com/sfc/p/700000009DAw/a/4u0000019iP9/TOw8cOgivHpoNcrcUSITGmubcUSyBoJdtur6WOquLSo"" target=""_blank"">PRD009-3169021B</a>","<a href=""https://fluidigm.my.salesforce.com/sfc/p/700000009DAw/a/4u000001870w/XU6eX2YZtdejnAfGRls.mPHhJTPvhOp30R18ZV_Asw4"" target=""_blank"">MSDS-3000000X</a>",various,Maxpar
CyTOF (Cytometry),3169021C,Anti-Mouse CD206/MMR ,<div>C068C2</div>,169Tm,Mouse,25 Tests,"<a href=""https://fluidigm.my.salesforce.com/sfc/p/700000009DAw/a/4u0000019iP9/TOw8cOgivHpoNcrcUSITGmubcUSyBoJdtur6WOquLSo"" target=""_blank"">PRD009-3169021B</a>","<a href=""https://fluidigm.my.salesforce.com/sfc/p/700000009DAw/a/4u000001870w/XU6eX2YZtdejnAfGRls.mPHhJTPvhOp30R18ZV_Asw4"" target=""_blank"">MSDS-3000000X</a>",various,Maxpar
CyTOF (Cytometry),3169028B,Anti-Human CD366/Tim-3 ,<div>F38-2E2</div>,169Tm,Human,100 Tests,"<a href=""https://fluidigm.my.salesforce.com/sfc/p/700000009DAw/a/4u000000MzUq/ITFcdYA_I6CBjaTRazc06zouMgN9EzS4qHtFRTXgZJs"" target=""_blank"">PRD009-3169028B</a>","<a href=""https://fluidigm.my.salesforce.com/sfc/p/700000009DAw/a/4u000001870w/XU6eX2YZtdejnAfGRls.mPHhJTPvhOp30R18ZV_Asw4"" target=""_blank"">MSDS-3000000X</a>",various,Maxpar
CyTOF (Cytometry),3169028C,Anti-Human CD366/Tim-3,<div>F38-2E2</div>,169Tm,Human,25 Tests,"<a href=""https://fluidigm.my.salesforce.com/sfc/p/700000009DAw/a/4u000000MzUq/ITFcdYA_I6CBjaTRazc06zouMgN9EzS4qHtFRTXgZJs"" target=""_blank"">PRD009-3169028B</a>","<a href=""https://fluidigm.my.salesforce.com/sfc/p/700000009DAw/a/4u000001870w/XU6eX2YZtdejnAfGRls.mPHhJTPvhOp30R18ZV_Asw4"" target=""_blank"">MSDS-3000000X</a>",various,Maxpar
CyTOF (Cytometry),3169029B,Anti-Human CD274/PD-L1,<div>MIH1</div>,169Tm,Human,100 Tests,"<a href=""https://fluidigm.my.salesforce.com/sfc/p/700000009DAw/a/4u0000019iSw/yHQjNLfbgGsbdnlOai75K8T73cjbsVbzdHGxufr_h0Q"" target=""_blank"">PRD009-3169029B</a>","<a href=""https://fluidigm.my.salesforce.com/sfc/p/700000009DAw/a/4u000001870w/XU6eX2YZtdejnAfGRls.mPHhJTPvhOp30R18ZV_Asw4"" target=""_blank"">MSDS-3000000X</a>",various,Maxpar
CyTOF (Cytometry),3169029C,Anti-Human CD274/PD-L1,<div>MIH1</div>,169Tm,Human,25 Tests,"<a href=""https://fluidigm.my.salesforce.com/sfc/p/700000009DAw/a/4u0000019iSw/yHQjNLfbgGsbdnlOai75K8T73cjbsVbzdHGxufr_h0Q"" target=""_blank"">PRD009-3169029B</a>","<a href=""https://fluidigm.my.salesforce.com/sfc/p/700000009DAw/a/4u000001870w/XU6eX2YZtdejnAfGRls.mPHhJTPvhOp30R18ZV_Asw4"" target=""_blank"">MSDS-3000000X</a>",various,Maxpar
CyTOF (Cytometry),3169030B,Anti-Human CD278/ICOS,<div>C398.4A</div>,169Tm,"Human, Rhesus Macaque, Rat, Mouse, Pig, African Green, Baboon, Cynomolgus Macaque",100 Tests,"<a href=""https://fluidigm.my.salesforce.com/sfc/p/700000009DAw/a/4u000000MzWN/jPl.E..TrIZYarIqZ_DduNyu7IUoMLyw_pmCgqPa9xg"" target=""_blank"">PRD009-3169030B</a>","<a href=""https://fluidigm.my.salesforce.com/sfc/p/700000009DAw/a/4u000001870w/XU6eX2YZtdejnAfGRls.mPHhJTPvhOp30R18ZV_Asw4"" target=""_blank"">MSDS-3000000X</a>",various,Maxpar
CyTOF (Cytometry),3169030C,Anti-Human CD278/ICOS,<div>C398.4A</div>,169Tm,"Human, Rhesus Macaque, Rat, Mouse, Pig, African Green, Baboon, Cynomolgus Macaque",25 Tests,"<a href=""https://fluidigm.my.salesforce.com/sfc/p/700000009DAw/a/4u000000MzWN/jPl.E..TrIZYarIqZ_DduNyu7IUoMLyw_pmCgqPa9xg"" target=""_blank"">PRD009-3169030B</a>","<a href=""https://fluidigm.my.salesforce.com/sfc/p/700000009DAw/a/4u000001870w/XU6eX2YZtdejnAfGRls.mPHhJTPvhOp30R18ZV_Asw4"" target=""_blank"">MSDS-3000000X</a>",various,Maxpar
CyTOF (Cytometry),3170001B,Anti-Human CD3,<div>UCHT1</div>,170Er,"Human, Chimpanzee",100 Tests,"<a href=""https://fluidigm.my.salesforce.com/sfc/p/700000009DAw/a/4u0000019iPE/HrT8EbVaIdW53pmuMSmwevV2ypAb5fvJ9O3kst3SBAg"" target=""_blank"">PRD009-3170001B</a>","<a href=""https://fluidigm.my.salesforce.com/sfc/p/700000009DAw/a/4u000001870w/XU6eX2YZtdejnAfGRls.mPHhJTPvhOp30R18ZV_Asw4"" target=""_blank"">MSDS-3000000X</a>",various,Maxpar
CyTOF (Cytometry),3170001C,Anti-Human CD3,<div>UCHT1</div>,170Er,"Human, Chimpanzee",25 Tests,"<a href=""https://fluidigm.my.salesforce.com/sfc/p/700000009DAw/a/4u0000019iPE/HrT8EbVaIdW53pmuMSmwevV2ypAb5fvJ9O3kst3SBAg"" target=""_blank"">PRD009-3170001B</a>","<a href=""https://fluidigm.my.salesforce.com/sfc/p/700000009DAw/a/4u000001870w/XU6eX2YZtdejnAfGRls.mPHhJTPvhOp30R18ZV_Asw4"" target=""_blank"">MSDS-3000000X</a>",various,Maxpar
CyTOF (Cytometry),3170002B,Anti-Mouse NK1.1,<div>PK136</div>,170Er,Mouse,100 Tests,"<a href=""https://fluidigm.my.salesforce.com/sfc/p/700000009DAw/a/4u0000019iPJ/Z2nFZrBmFowQUm7OddjZ.4u9BWGfMr6RTI0VNgFKE2o"" target=""_blank"">PRD009-3170002B</a>","<a href=""https://fluidigm.my.salesforce.com/sfc/p/700000009DAw/a/4u000001870w/XU6eX2YZtdejnAfGRls.mPHhJTPvhOp30R18ZV_Asw4"" target=""_blank"">MSDS-3000000X</a>",various,Maxpar
CyTOF (Cytometry),3170002C,Anti-Mouse NK1.1,<div>PK136</div>,170Er,Mouse,25 Tests,"<a href=""https://fluidigm.my.salesforce.com/sfc/p/700000009DAw/a/4u0000019iPJ/Z2nFZrBmFowQUm7OddjZ.4u9BWGfMr6RTI0VNgFKE2o"" target=""_blank"">PRD009-3170002B</a>","<a href=""https://fluidigm.my.salesforce.com/sfc/p/700000009DAw/a/4u000001870w/XU6eX2YZtdejnAfGRls.mPHhJTPvhOp30R18ZV_Asw4"" target=""_blank"">MSDS-3000000X</a>",various,Maxpar
CyTOF (Cytometry),3170003B,Anti-Biotin ,<div>1D4-C5</div>,170Er,All species,100 Tests,"<a href=""https://fluidigm.my.salesforce.com/sfc/p/700000009DAw/a/4u0000019iPK/sDW2qWgRlY_rzKeuswuNwNAWbLopPtFZHD64omiKsH8"" target=""_blank"">PRD009-3170003B</a>","<a href=""https://fluidigm.my.salesforce.com/sfc/p/700000009DAw/a/4u000001870w/XU6eX2YZtdejnAfGRls.mPHhJTPvhOp30R18ZV_Asw4"" target=""_blank"">MSDS-3000000X</a>",various,Maxpar
CyTOF (Cytometry),3170003C,Anti-Biotin ,<div>1D4-C5</div>,170Er,All species,25 Tests,"<a href=""https://fluidigm.my.salesforce.com/sfc/p/700000009DAw/a/4u0000019iPK/sDW2qWgRlY_rzKeuswuNwNAWbLopPtFZHD64omiKsH8"" target=""_blank"">PRD009-3170003B</a>","<a href=""https://fluidigm.my.salesforce.com/sfc/p/700000009DAw/a/4u000001870w/XU6eX2YZtdejnAfGRls.mPHhJTPvhOp30R18ZV_Asw4"" target=""_blank"">MSDS-3000000X</a>",various,Maxpar
CyTOF (Cytometry),3170004B,Anti-Human CD122/IL-2Rβ ,<div>Tu27</div>,170Er,"Human, African Green, Baboon, Cynomolgus, Rhesus",100 Tests,"<a href=""https://fluidigm.my.salesforce.com/sfc/p/700000009DAw/a/4u0000019iPL/bNVEDKt0wzSIsZTHPHDqAs9OHk0kDSJ3oEz4JdUdxKg"" target=""_blank"">PRD009-3170004B</a>","<a href=""https://fluidigm.my.salesforce.com/sfc/p/700000009DAw/a/4u000001870w/XU6eX2YZtdejnAfGRls.mPHhJTPvhOp30R18ZV_Asw4"" target=""_blank"">MSDS-3000000X</a>",various,Maxpar
CyTOF (Cytometry),3170004C,Anti-Human CD122/IL-2Rβ ,<div>Tu27 </div>,170Er,"Human, African Green, Baboon, Cynomolgus, Rhesus",25 Tests,"<a href=""https://fluidigm.my.salesforce.com/sfc/p/700000009DAw/a/4u0000019iPL/bNVEDKt0wzSIsZTHPHDqAs9OHk0kDSJ3oEz4JdUdxKg"" target=""_blank"">PRD009-3170004B</a>","<a href=""https://fluidigm.my.salesforce.com/sfc/p/700000009DAw/a/4u000001870w/XU6eX2YZtdejnAfGRls.mPHhJTPvhOp30R18ZV_Asw4"" target=""_blank"">MSDS-3000000X</a>",various,Maxpar
CyTOF (Cytometry),3170005B,Anti-Human CD152/CTLA-4,<div>14D3</div>,170Er,"Human, Rhesus Macaque",100 Tests,"<a href=""https://fluidigm.my.salesforce.com/sfc/p/700000009DAw/a/4u0000019iPO/755UyDhPWiVrAzqYtA8CNPMOXiFK9DB.Pr7RRdp9E_o"" target=""_blank"">PRD009-3170005B</a>","<a href=""https://fluidigm.my.salesforce.com/sfc/p/700000009DAw/a/4u000001870w/XU6eX2YZtdejnAfGRls.mPHhJTPvhOp30R18ZV_Asw4"" target=""_blank"">MSDS-3000000X</a>",various,Maxpar
CyTOF (Cytometry),3170005C,Anti-Human CD152/CTLA-4,<div>14D3 </div>,170Er,"Human, Rhesus Macaque",25 Tests,"<a href=""https://fluidigm.my.salesforce.com/sfc/p/700000009DAw/a/4u0000019iPO/755UyDhPWiVrAzqYtA8CNPMOXiFK9DB.Pr7RRdp9E_o"" target=""_blank"">PRD009-3170005B</a>","<a href=""https://fluidigm.my.salesforce.com/sfc/p/700000009DAw/a/4u000001870w/XU6eX2YZtdejnAfGRls.mPHhJTPvhOp30R18ZV_Asw4"" target=""_blank"">MSDS-3000000X</a>",various,Maxpar
CyTOF (Cytometry),3170007B,Anti-Human CD3e,<div>SP34-2</div>,170Er,"Human, Rhesus, Cynomolgus, Baboon",100 Tests,"<a href=""https://fluidigm.my.salesforce.com/sfc/p/700000009DAw/a/4u0000019iPP/gIwVcwiRfGLg_gEJi6tn_NcaVvSM4SpPnM.fFX0aGUw"" target=""_blank"">PRD009-3170007B</a>","<a href=""https://fluidigm.my.salesforce.com/sfc/p/700000009DAw/a/4u000001870w/XU6eX2YZtdejnAfGRls.mPHhJTPvhOp30R18ZV_Asw4"" target=""_blank"">MSDS-3000000X</a>",various,Maxpar
CyTOF (Cytometry),3170007C,Anti-Human CD3e,<div>SP34-2</div>,170Er,"Human, Rhesus, Cynomolgus, Baboon",25 Tests,"<a href=""https://fluidigm.my.salesforce.com/sfc/p/700000009DAw/a/4u0000019iPP/gIwVcwiRfGLg_gEJi6tn_NcaVvSM4SpPnM.fFX0aGUw"" target=""_blank"">PRD009-3170007B</a>","<a href=""https://fluidigm.my.salesforce.com/sfc/p/700000009DAw/a/4u000001870w/XU6eX2YZtdejnAfGRls.mPHhJTPvhOp30R18ZV_Asw4"" target=""_blank"">MSDS-3000000X</a>",various,Maxpar
CyTOF (Cytometry),3170008B,Anti-Mouse CD49b,<div>HMα2</div>,170Er,Mouse,100 Tests,"<a href=""https://fluidigm.my.salesforce.com/sfc/p/700000009DAw/a/4u0000019iPF/U2lRa7N8rZPMORXHWJH34g2vQDfyU6ivauA3CerIulE"" target=""_blank"">PRD009-3170008B</a>","<a href=""https://fluidigm.my.salesforce.com/sfc/p/700000009DAw/a/4u000001870w/XU6eX2YZtdejnAfGRls.mPHhJTPvhOp30R18ZV_Asw4"" target=""_blank"">MSDS-3000000X</a>",various,Maxpar
CyTOF (Cytometry),3170008C,Anti-Mouse CD49b,<div>HMα2 </div>,170Er,Mouse,25 Tests,"<a href=""https://fluidigm.my.salesforce.com/sfc/p/700000009DAw/a/4u0000019iPF/U2lRa7N8rZPMORXHWJH34g2vQDfyU6ivauA3CerIulE"" target=""_blank"">PRD009-3170008B</a>","<a href=""https://fluidigm.my.salesforce.com/sfc/p/700000009DAw/a/4u000001870w/XU6eX2YZtdejnAfGRls.mPHhJTPvhOp30R18ZV_Asw4"" target=""_blank"">MSDS-3000000X</a>",various,Maxpar
CyTOF (Cytometry),3170009B,Anti-Human EGFR,<div>AY13</div>,170Er,Human,100 Tests,"<a href=""https://fluidigm.my.salesforce.com/sfc/p/700000009DAw/a/4u0000019iOq/aLjUDewunhoIkvpnrAG5TGpY00cz.Ri3wuoCfCUoI.Y"" target=""_blank"">PRD009-3170009B</a>","<a href=""https://fluidigm.my.salesforce.com/sfc/p/700000009DAw/a/4u000001870w/XU6eX2YZtdejnAfGRls.mPHhJTPvhOp30R18ZV_Asw4"" target=""_blank"">MSDS-3000000X</a>",various,Maxpar
CyTOF (Cytometry),3170009C,Anti-Human EGFR,<div>AY13</div>,170Er,Human,25 Tests,"<a href=""https://fluidigm.my.salesforce.com/sfc/p/700000009DAw/a/4u0000019iOq/aLjUDewunhoIkvpnrAG5TGpY00cz.Ri3wuoCfCUoI.Y"" target=""_blank"">PRD009-3170009B</a>","<a href=""https://fluidigm.my.salesforce.com/sfc/p/700000009DAw/a/4u000001870w/XU6eX2YZtdejnAfGRls.mPHhJTPvhOp30R18ZV_Asw4"" target=""_blank"">MSDS-3000000X</a>",various,Maxpar
CyTOF (Cytometry),3170010B,Anti-Human CD45RA,<div>HI100</div>,170Er,"Human, Chimpanzee",100 Tests,"<a href=""https://fluidigm.my.salesforce.com/sfc/p/700000009DAw/a/4u0000019iPA/1MkDUUZCEo4HnE98WoTK6OxYcbwTcP.Hwu58N13uYCw"" target=""_blank"">PRD009-3170010B</a>","<a href=""https://fluidigm.my.salesforce.com/sfc/p/700000009DAw/a/4u000001870w/XU6eX2YZtdejnAfGRls.mPHhJTPvhOp30R18ZV_Asw4"" target=""_blank"">MSDS-3000000X</a>",various,Maxpar
CyTOF (Cytometry),3170010C,Anti-Human CD45RA,<div>HI100</div>,170Er,"Human, Chimpanzee",25 Tests,"<a href=""https://fluidigm.my.salesforce.com/sfc/p/700000009DAw/a/4u0000019iPA/1MkDUUZCEo4HnE98WoTK6OxYcbwTcP.Hwu58N13uYCw"" target=""_blank"">PRD009-3170010B</a>","<a href=""https://fluidigm.my.salesforce.com/sfc/p/700000009DAw/a/4u000001870w/XU6eX2YZtdejnAfGRls.mPHhJTPvhOp30R18ZV_Asw4"" target=""_blank"">MSDS-3000000X</a>",various,Maxpar
CyTOF (Cytometry),3170011B,Anti-Mouse CD154/CD40Ligand,<div>MR1</div>,170Er,Mouse,100 Tests,"<a href=""https://fluidigm.my.salesforce.com/sfc/p/700000009DAw/a/4u0000019iPi/FvLKMOI1CdOcHcbn2_2bYxlbCtO0NO83UF_p6EU5tP4"" target=""_blank"">PRD009-3170011B</a>","<a href=""https://fluidigm.my.salesforce.com/sfc/p/700000009DAw/a/4u000001870w/XU6eX2YZtdejnAfGRls.mPHhJTPvhOp30R18ZV_Asw4"" target=""_blank"">MSDS-3000000X</a>",various,Maxpar
CyTOF (Cytometry),3170011C,Anti-Mouse CD154/CD40Ligand,<div>MR1</div>,170Er,Mouse,25 Tests,"<a href=""https://fluidigm.my.salesforce.com/sfc/p/700000009DAw/a/4u0000019iPi/FvLKMOI1CdOcHcbn2_2bYxlbCtO0NO83UF_p6EU5tP4"" target=""_blank"">PRD009-3170011B</a>","<a href=""https://fluidigm.my.salesforce.com/sfc/p/700000009DAw/a/4u000001870w/XU6eX2YZtdejnAfGRls.mPHhJTPvhOp30R18ZV_Asw4"" target=""_blank"">MSDS-3000000X</a>",various,Maxpar
CyTOF (Cytometry),3170012B,Anti-Human CD99,<div>HCD99</div>,170Er,"Human, African Green, Baboon, Cynomolgus",100 Tests,"<a href=""https://fluidigm.my.salesforce.com/sfc/p/700000009DAw/a/4u0000019iPj/EIy5LJgrzbCzLkQx.DcJqeAIyOF5fzy_Wg4NyB3vk3A"" target=""_blank"">PRD009-3170012B</a>","<a href=""https://fluidigm.my.salesforce.com/sfc/p/700000009DAw/a/4u000001870w/XU6eX2YZtdejnAfGRls.mPHhJTPvhOp30R18ZV_Asw4"" target=""_blank"">MSDS-3000000X</a>",various,Maxpar
CyTOF (Cytometry),3170012C,Anti-Human CD99,<div>HCD99</div>,170Er,"Human, African Green, Baboon, Cynomolgus",25 Tests,"<a href=""https://fluidigm.my.salesforce.com/sfc/p/700000009DAw/a/4u0000019iPj/EIy5LJgrzbCzLkQx.DcJqeAIyOF5fzy_Wg4NyB3vk3A"" target=""_blank"">PRD009-3170012B</a>","<a href=""https://fluidigm.my.salesforce.com/sfc/p/700000009DAw/a/4u000001870w/XU6eX2YZtdejnAfGRls.mPHhJTPvhOp30R18ZV_Asw4"" target=""_blank"">MSDS-3000000X</a>",various,Maxpar
CyTOF (Cytometry),3170013B,Anti-Human HLA-DR,<div>L243</div>,170Er,"Human, Cynomolgus Macaque, Rhesus Macaque, African Green, Baboon, Chimpanzee, Dog, Common Marmoset, Squirrel Monkey, Cotton-Topped Tamarin",100 Tests,"<a href=""https://fluidigm.my.salesforce.com/sfc/p/700000009DAw/a/4u0000019iPG/Eb23YmuSFntXXIIWEnPmY_iwjCMV3kzrsISV9cR_51g"" target=""_blank"">PRD009-3170013B</a>","<a href=""https://fluidigm.my.salesforce.com/sfc/p/700000009DAw/a/4u000001870w/XU6eX2YZtdejnAfGRls.mPHhJTPvhOp30R18ZV_Asw4"" target=""_blank"">MSDS-3000000X</a>",various,Maxpar
CyTOF (Cytometry),3170013C,Anti-Human HLA-DR,<div>L243</div>,170Er,"Human, Cynomolgus Macaque, Rhesus Macaque, African Green, Baboon, Chimpanzee, Dog, Common Marmoset, Squirrel Monkey, Cotton-Topped Tamarin",25 Tests,"<a href=""https://fluidigm.my.salesforce.com/sfc/p/700000009DAw/a/4u0000019iPG/Eb23YmuSFntXXIIWEnPmY_iwjCMV3kzrsISV9cR_51g"" target=""_blank"">PRD009-3170013B</a>","<a href=""https://fluidigm.my.salesforce.com/sfc/p/700000009DAw/a/4u000001870w/XU6eX2YZtdejnAfGRls.mPHhJTPvhOp30R18ZV_Asw4"" target=""_blank"">MSDS-3000000X</a>",various,Maxpar
CyTOF (Cytometry),3170014B,Anti-Human CD54 ,<div>HA58</div>,170Er,Human,100 Tests,"<a href=""https://fluidigm.my.salesforce.com/sfc/p/700000009DAw/a/4u0000019iPx/VEFrOUBB_RYOPDenL.YCb1_JK5Jn60AYlK_O.abj7rA"" target=""_blank"">PRD009-3170014B</a>","<a href=""https://fluidigm.my.salesforce.com/sfc/p/700000009DAw/a/4u000001870w/XU6eX2YZtdejnAfGRls.mPHhJTPvhOp30R18ZV_Asw4"" target=""_blank"">MSDS-3000000X</a>",various,Maxpar
CyTOF (Cytometry),3170014C,Anti-Human CD54 ,<div>HA58</div>,170Er,Human,25 Tests,"<a href=""https://fluidigm.my.salesforce.com/sfc/p/700000009DAw/a/4u0000019iPx/VEFrOUBB_RYOPDenL.YCb1_JK5Jn60AYlK_O.abj7rA"" target=""_blank"">PRD009-3170014B</a>","<a href=""https://fluidigm.my.salesforce.com/sfc/p/700000009DAw/a/4u000001870w/XU6eX2YZtdejnAfGRls.mPHhJTPvhOp30R18ZV_Asw4"" target=""_blank"">MSDS-3000000X</a>",various,Maxpar
CyTOF (Cytometry),3170015B,Anti-Human Invariant NKT,<div>6B11</div>,170Er,"Human,Rhesus, Pigtailed Macaque, Sooty Mangabey",100 Tests,"<a href=""https://fluidigm.my.salesforce.com/sfc/p/700000009DAw/a/4u0000019iPM/gSMPY6Jig7sfrNXBbPpUjX_8utpyUYdmR2d6wBsBJMU"" target=""_blank"">PRD009-3170015B</a>","<a href=""https://fluidigm.my.salesforce.com/sfc/p/700000009DAw/a/4u000001870w/XU6eX2YZtdejnAfGRls.mPHhJTPvhOp30R18ZV_Asw4"" target=""_blank"">MSDS-3000000X</a>",various,Maxpar
CyTOF (Cytometry),3170015C,Anti-Human Invariant NKT,<div>6B11</div>,170Er,"Human,Rhesus, Pigtailed Macaque, Sooty Mangabey",25 Tests,"<a href=""https://fluidigm.my.salesforce.com/sfc/p/700000009DAw/a/4u0000019iPM/gSMPY6Jig7sfrNXBbPpUjX_8utpyUYdmR2d6wBsBJMU"" target=""_blank"">PRD009-3170015B</a>","<a href=""https://fluidigm.my.salesforce.com/sfc/p/700000009DAw/a/4u000001870w/XU6eX2YZtdejnAfGRls.mPHhJTPvhOp30R18ZV_Asw4"" target=""_blank"">MSDS-3000000X</a>",various,Maxpar
CyTOF (Cytometry),3170016B,Anti-Human β2-microglobulin ,<div>2M2</div>,170Er,"Human, African Green, Baboon, Cynomolgus, Rhesus, Swine (Pig, Porcine)",100 Tests,"<a href=""https://fluidigm.my.salesforce.com/sfc/p/700000009DAw/a/4u0000019iPB/glcIeihS0jvkE9Rd467r9lWmzp.kfBjlR0eAFs5rN7g"" target=""_blank"">PRD009-3170016B</a>","<a href=""https://fluidigm.my.salesforce.com/sfc/p/700000009DAw/a/4u000001870w/XU6eX2YZtdejnAfGRls.mPHhJTPvhOp30R18ZV_Asw4"" target=""_blank"">MSDS-3000000X</a>",various,Maxpar
CyTOF (Cytometry),3170016C,Anti-Human β2-microglobulin ,<div>2M2</div>,170Er,"Human, African Green, Baboon, Cynomolgus, Rhesus, Swine (Pig, Porcine)",25 Tests,"<a href=""https://fluidigm.my.salesforce.com/sfc/p/700000009DAw/a/4u0000019iPB/glcIeihS0jvkE9Rd467r9lWmzp.kfBjlR0eAFs5rN7g"" target=""_blank"">PRD009-3170016B</a>","<a href=""https://fluidigm.my.salesforce.com/sfc/p/700000009DAw/a/4u000001870w/XU6eX2YZtdejnAfGRls.mPHhJTPvhOp30R18ZV_Asw4"" target=""_blank"">MSDS-3000000X</a>",various,Maxpar
CyTOF (Cytometry),3170018B,Anti-Mouse CD169/Siglec-1 ,<div>3D6.112</div>,170Er,Mouse,100 Tests,"<a href=""https://fluidigm.my.salesforce.com/sfc/p/#700000009DAw/a/4u0000019iPy/FoUvdf.qlAl6ScEOrCXUybgcCbOBV4S6WOjYm4mQsbw"" target=""_blank"">PRD009-3170018B</a>","<a href=""https://fluidigm.my.salesforce.com/sfc/p/700000009DAw/a/4u000001870w/XU6eX2YZtdejnAfGRls.mPHhJTPvhOp30R18ZV_Asw4"" target=""_blank"">MSDS-3000000X</a>",various,Maxpar
CyTOF (Cytometry),3170018C,Anti-Mouse CD169/Siglec-1 ,<div>3D6.112</div>,170Er,Mouse,25 Tests,"<a href=""https://fluidigm.my.salesforce.com/sfc/p/700000009DAw/a/4u0000019iPy/FoUvdf.qlAl6ScEOrCXUybgcCbOBV4S6WOjYm4mQsbw"" target=""_blank"">PRD009-3170018B</a>","<a href=""https://fluidigm.my.salesforce.com/sfc/p/700000009DAw/a/4u000001870w/XU6eX2YZtdejnAfGRls.mPHhJTPvhOp30R18ZV_Asw4"" target=""_blank"">MSDS-3000000X</a>",various,Maxpar
CyTOF (Cytometry),3171002B,Anti-Human/Mouse Granzyme B,<div>GB11</div>,171Yb ,"Human, Mouse, Rhesus Macaque",100 Tests,"<a href=""https://fluidigm.my.salesforce.com/sfc/p/700000009DAw/a/4u0000019iQ7/5dNoGq8_S2h3px0Do7EvyRMzDAzx4yKySnc7qGGYFWQ"" target=""_blank"">PRD009-3171002B</a>","<a href=""https://fluidigm.my.salesforce.com/sfc/p/700000009DAw/a/4u000001870w/XU6eX2YZtdejnAfGRls.mPHhJTPvhOp30R18ZV_Asw4"" target=""_blank"">MSDS-3000000X</a>",various,Maxpar
CyTOF (Cytometry),3171002C,Anti-Human/Mouse Granzyme B,<div>GB11 </div>,171Yb ,"Human, Mouse, Rhesus Macaque",25 Tests,"<a href=""https://fluidigm.my.salesforce.com/sfc/p/700000009DAw/a/4u0000019iQ7/5dNoGq8_S2h3px0Do7EvyRMzDAzx4yKySnc7qGGYFWQ"" target=""_blank"">PRD009-3171002B</a>","<a href=""https://fluidigm.my.salesforce.com/sfc/p/700000009DAw/a/4u000001870w/XU6eX2YZtdejnAfGRls.mPHhJTPvhOp30R18ZV_Asw4"" target=""_blank"">MSDS-3000000X</a>",various,Maxpar
CyTOF (Cytometry),3171003B,Anti-Mouse/Human CD44,<div>IM7</div>,171Yb,"Mouse, Human, Baboon, Chimpanzee, Cynomolgus Macaque, Rhesus Macaque, Squirrel Monkey, Horse, Cow, Pig, Dog, Cat",100 Tests,"<a href=""https://fluidigm.my.salesforce.com/sfc/p/700000009DAw/a/4u0000019iPz/CpU9V0_LEHlaV0jkcFosz_odD7YBGRxBoqQdo21n7Z4"" target=""_blank"">PRD009-3171003B</a>","<a href=""https://fluidigm.my.salesforce.com/sfc/p/700000009DAw/a/4u000001870w/XU6eX2YZtdejnAfGRls.mPHhJTPvhOp30R18ZV_Asw4"" target=""_blank"">MSDS-3000000X</a>",various,Maxpar
CyTOF (Cytometry),3171003C,Anti-Mouse/Human CD44,<div>IM7 </div>,171Yb,"Mouse, Human, Baboon, Chimpanzee, Cynomolgus Macaque, Rhesus Macaque, Squirrel Monkey, Horse, Cow, Pig, Dog, Cat",25 Tests,"<a href=""https://fluidigm.my.salesforce.com/sfc/p/700000009DAw/a/4u0000019iPz/CpU9V0_LEHlaV0jkcFosz_odD7YBGRxBoqQdo21n7Z4"" target=""_blank"">PRD009-3171003B</a>","<a href=""https://fluidigm.my.salesforce.com/sfc/p/700000009DAw/a/4u000001870w/XU6eX2YZtdejnAfGRls.mPHhJTPvhOp30R18ZV_Asw4"" target=""_blank"">MSDS-3000000X</a>",various,Maxpar
CyTOF (Cytometry),3171005A,Anti-pZAP70 [Y319]/pSyk [Y352],<div>17a</div>,171Yb,"Human, Mouse, Rat",50 Tests,"<a href=""https://fluidigm.my.salesforce.com/sfc/p/700000009DAw/a/4u0000019iQC/jgRmt7ikPeYAO7ltsPCInJ5IEmolV9705cQd4HdZGZg"" target=""_blank"">PRD009-3171005A</a>","<a href=""https://fluidigm.my.salesforce.com/sfc/p/700000009DAw/a/4u000001870w/XU6eX2YZtdejnAfGRls.mPHhJTPvhOp30R18ZV_Asw4"" target=""_blank"">MSDS-3000000X</a>",various,Maxpar
CyTOF (Cytometry),3171005C,Anti-pZAP70 [Y319]/pSyk [Y352],<div>17a</div>,171Yb,"Human, Mouse, Rat",25 Tests,"<a href=""https://fluidigm.my.salesforce.com/sfc/p/700000009DAw/a/4u0000019iQC/jgRmt7ikPeYAO7ltsPCInJ5IEmolV9705cQd4HdZGZg"" target=""_blank"">PRD009-3171005B</a>","<a href=""https://fluidigm.my.salesforce.com/sfc/p/700000009DAw/a/4u000001870w/XU6eX2YZtdejnAfGRls.mPHhJTPvhOp30R18ZV_Asw4"" target=""_blank"">MSDS-3000000X</a>",various,Maxpar
CyTOF (Cytometry),3171007B,Anti-Mouse CD38,<div>90</div>,171Yb,Mouse,100 Tests,"<a href=""https://fluidigm.my.salesforce.com/sfc/p/700000009DAw/a/4u0000019iQD/h2jUvhsPKTC_h47yAfjLKSEUGijQAAD0NUtcisCXtl4"" target=""_blank"">PRD009-3171007B</a>","<a href=""https://fluidigm.my.salesforce.com/sfc/p/700000009DAw/a/4u000001870w/XU6eX2YZtdejnAfGRls.mPHhJTPvhOp30R18ZV_Asw4"" target=""_blank"">MSDS-3000000X</a>",various,Maxpar
CyTOF (Cytometry),3171007C,Anti-Mouse CD38,<div>90</div>,171Yb,Mouse,25 Tests,"<a href=""https://fluidigm.my.salesforce.com/sfc/p/700000009DAw/a/4u0000019iQD/h2jUvhsPKTC_h47yAfjLKSEUGijQAAD0NUtcisCXtl4"" target=""_blank"">PRD009-3171007B</a>","<a href=""https://fluidigm.my.salesforce.com/sfc/p/700000009DAw/a/4u000001870w/XU6eX2YZtdejnAfGRls.mPHhJTPvhOp30R18ZV_Asw4"" target=""_blank"">MSDS-3000000X</a>",various,Maxpar
CyTOF (Cytometry),3171008B,Anti-Mouse CD80,<div>16-10A1</div>,171Yb,"Mouse, Canine",100 Tests,"<a href=""https://fluidigm.my.salesforce.com/sfc/p/700000009DAw/a/4u0000019iQH/yfsAKsIjhMzl72RFF0MLCCWN.350afNLMwze2sABqiU"" target=""_blank"">PRD009-3171008B</a>","<a href=""https://fluidigm.my.salesforce.com/sfc/p/700000009DAw/a/4u000001870w/XU6eX2YZtdejnAfGRls.mPHhJTPvhOp30R18ZV_Asw4"" target=""_blank"">MSDS-3000000X</a>",various,Maxpar
CyTOF (Cytometry),3171008C,Anti-Mouse CD80,<div>16-10A1</div>,171Yb,"Mouse, Canine",25 Tests,"<a href=""https://fluidigm.my.salesforce.com/sfc/p/700000009DAw/a/4u0000019iQH/yfsAKsIjhMzl72RFF0MLCCWN.350afNLMwze2sABqiU"" target=""_blank"">PRD009-3171008B</a>","<a href=""https://fluidigm.my.salesforce.com/sfc/p/700000009DAw/a/4u000001870w/XU6eX2YZtdejnAfGRls.mPHhJTPvhOp30R18ZV_Asw4"" target=""_blank"">MSDS-3000000X</a>",various,Maxpar
CyTOF (Cytometry),3171010A,Anti-pERK1/2 [T202/Y204],<div>D13.14.4E</div>,171Yb,"Rat, Mouse, Human, Cow, Dog, Pig, Hamster, Monkey, Zebrafish, Mink, D. melanogaster, S. cerevisiae",50 Tests,"<a href=""https://fluidigm.my.salesforce.com/sfc/p/700000009DAw/a/4u0000019iPH/YJ1_sfWubvD_AroRFhvp9t1l5xR.H0WFkdG4_4ky5K0"" target=""_blank"">PRD009-3171010A</a>","<a href=""https://fluidigm.my.salesforce.com/sfc/p/700000009DAw/a/4u000001870w/XU6eX2YZtdejnAfGRls.mPHhJTPvhOp30R18ZV_Asw4"" target=""_blank"">MSDS-3000000X</a>",various,Maxpar
CyTOF (Cytometry),3171010C,Anti-pERK1/2 [T202/Y204],<div>D13.14.4E</div>,171Yb,"Rat, Mouse, Human, Cow, Dog, Pig, Hamster, Monkey, Zebrafish, Mink, D. melanogaster, S. cerevisiae",25 Tests,"<a href=""https://fluidigm.my.salesforce.com/sfc/p/700000009DAw/a/4u0000019iPH/YJ1_sfWubvD_AroRFhvp9t1l5xR.H0WFkdG4_4ky5K0"" target=""_blank"">PRD009-3171010B</a>","<a href=""https://fluidigm.my.salesforce.com/sfc/p/700000009DAw/a/4u000001870w/XU6eX2YZtdejnAfGRls.mPHhJTPvhOp30R18ZV_Asw4"" target=""_blank"">MSDS-3000000X</a>",various,Maxpar
CyTOF (Cytometry),3171011B,Anti-Human CD68,<div>Y1/82A</div>,171Yb,Human,100 Tests,"<a href=""https://fluidigm.my.salesforce.com/sfc/p/700000009DAw/a/4u0000019iQ0/Owd_kJF_cVoXKXGG465hYTrwQ2SXRUYi9QFy3RfA0Nw"" target=""_blank"">PRD009-3171011B</a>","<a href=""https://fluidigm.my.salesforce.com/sfc/p/700000009DAw/a/4u000001870w/XU6eX2YZtdejnAfGRls.mPHhJTPvhOp30R18ZV_Asw4"" target=""_blank"">MSDS-3000000X</a>",various,Maxpar
CyTOF (Cytometry),3171011C,Anti-Human CD68,<div>Y1/82A</div>,171Yb,Human,25 Tests,"<a href=""https://fluidigm.my.salesforce.com/sfc/p/700000009DAw/a/4u0000019iQ0/Owd_kJF_cVoXKXGG465hYTrwQ2SXRUYi9QFy3RfA0Nw"" target=""_blank"">PRD009-3171011B</a>","<a href=""https://fluidigm.my.salesforce.com/sfc/p/700000009DAw/a/4u000001870w/XU6eX2YZtdejnAfGRls.mPHhJTPvhOp30R18ZV_Asw4"" target=""_blank"">MSDS-3000000X</a>",various,Maxpar
CyTOF (Cytometry),3171012B,Anti-Human CD20,<div>2H7</div>,171Yb,"Human, Cynomolgus Macaque, Rhesus Macaque, Baboon, Capuchin Monkey, Chimpanzee, Pigtailed Macaque, Squirrel Monkey",100 Tests,"<a href=""https://fluidigm.my.salesforce.com/sfc/p/700000009DAw/a/4u0000019iQW/NDB41fm6bweqFWmtFzsSJnlawsOlvxATt3UpHVjTDC0"" target=""_blank"">PRD009-3171012B</a>","<a href=""https://fluidigm.my.salesforce.com/sfc/p/700000009DAw/a/4u000001870w/XU6eX2YZtdejnAfGRls.mPHhJTPvhOp30R18ZV_Asw4"" target=""_blank"">MSDS-3000000X</a>",various,Maxpar
CyTOF (Cytometry),3171012C,Anti-Human CD20,<div>2H7</div>,171Yb,"Human, Cynomolgus Macaque, Rhesus Macaque, Baboon, Capuchin Monkey, Chimpanzee, Pigtailed Macaque, Squirrel Monkey",25 Tests,"<a href=""https://fluidigm.my.salesforce.com/sfc/p/700000009DAw/a/4u0000019iQW/NDB41fm6bweqFWmtFzsSJnlawsOlvxATt3UpHVjTDC0"" target=""_blank"">PRD009-3171012B</a>","<a href=""https://fluidigm.my.salesforce.com/sfc/p/700000009DAw/a/4u000001870w/XU6eX2YZtdejnAfGRls.mPHhJTPvhOp30R18ZV_Asw4"" target=""_blank"">MSDS-3000000X</a>",various,Maxpar
CyTOF (Cytometry),3171013B,Anti-Human CD226,<div>DX11</div>,171Yb,Human,100 Tests,"<a href=""https://fluidigm.my.salesforce.com/sfc/p/700000009DAw/a/4u0000019iQ1/.buCPsWUBy.S.Yyxqh36TK1Fuoh0IJm.SLsXlUw1g68"" target=""_blank"">PRD009-3171013B</a>","<a href=""https://fluidigm.my.salesforce.com/sfc/p/700000009DAw/a/4u000001870w/XU6eX2YZtdejnAfGRls.mPHhJTPvhOp30R18ZV_Asw4"" target=""_blank"">MSDS-3000000X</a>",various,Maxpar
CyTOF (Cytometry),3171013C,Anti-Human CD226,<div>DX11</div>,171Yb,Human,25 Tests,"<a href=""https://fluidigm.my.salesforce.com/sfc/p/700000009DAw/a/4u0000019iQ1/.buCPsWUBy.S.Yyxqh36TK1Fuoh0IJm.SLsXlUw1g68"" target=""_blank"">PRD009-3171013B</a>","<a href=""https://fluidigm.my.salesforce.com/sfc/p/700000009DAw/a/4u000001870w/XU6eX2YZtdejnAfGRls.mPHhJTPvhOp30R18ZV_Asw4"" target=""_blank"">MSDS-3000000X</a>",various,Maxpar
CyTOF (Cytometry),3171014B,Anti-Human CD185/CXCR5,<div>RF8B2</div>,171Yb,Human,100 Tests,"<a href=""https://fluidigm.my.salesforce.com/sfc/p/700000009DAw/a/4u0000019iQX/Pylj6wt4xZKC0pxa8iYdowP.qThc3r1_LfcDtCzUZVw"" target=""_blank"">PRD009-3171014B</a>","<a href=""https://fluidigm.my.salesforce.com/sfc/p/700000009DAw/a/4u000001870w/XU6eX2YZtdejnAfGRls.mPHhJTPvhOp30R18ZV_Asw4"" target=""_blank"">MSDS-3000000X</a>",various,Maxpar
CyTOF (Cytometry),3171014C,Anti-Human CD185/CXCR5,<div>RF8B2</div>,171Yb,Human,25 Tests,"<a href=""https://fluidigm.my.salesforce.com/sfc/p/700000009DAw/a/4u0000019iQX/Pylj6wt4xZKC0pxa8iYdowP.qThc3r1_LfcDtCzUZVw"" target=""_blank"">PRD009-3171014B</a>","<a href=""https://fluidigm.my.salesforce.com/sfc/p/700000009DAw/a/4u000001870w/XU6eX2YZtdejnAfGRls.mPHhJTPvhOp30R18ZV_Asw4"" target=""_blank"">MSDS-3000000X</a>",various,Maxpar
CyTOF (Cytometry),3171015B,Anti-Human CD97,<div>VIM3b</div>,171Yb,"Human, Rhesus",100 Tests,"<a href=""https://fluidigm.my.salesforce.com/sfc/p/700000009DAw/a/4u0000019iQY/4OBgEHDTYjvL0vMKNxg6L2gAUchnFTT.OD2Pwt1oYCI"" target=""_blank"">PRD009-3171015B</a>","<a href=""https://fluidigm.my.salesforce.com/sfc/p/700000009DAw/a/4u000001870w/XU6eX2YZtdejnAfGRls.mPHhJTPvhOp30R18ZV_Asw4"" target=""_blank"">MSDS-3000000X</a>",various,Maxpar
CyTOF (Cytometry),3171015C,Anti-Human CD97,<div>VIM3b</div>,171Yb,"Human, Rhesus",25 Tests,"<a href=""https://fluidigm.my.salesforce.com/sfc/p/700000009DAw/a/4u0000019iQY/4OBgEHDTYjvL0vMKNxg6L2gAUchnFTT.OD2Pwt1oYCI"" target=""_blank"">PRD009-3171015B</a>","<a href=""https://fluidigm.my.salesforce.com/sfc/p/700000009DAw/a/4u000001870w/XU6eX2YZtdejnAfGRls.mPHhJTPvhOp30R18ZV_Asw4"" target=""_blank"">MSDS-3000000X</a>",various,Maxpar
CyTOF (Cytometry),3171016B,Anti-Human CD31/PECAM-1,<div>HC1/6</div>,171Yb,Human,100 Tests,"<a href=""https://fluidigm.my.salesforce.com/sfc/p/700000009DAw/a/4u0000019ihs/tr.eDTKqmbK53c2oUC3pNRP0kaTKQT_pXZUXLsxjChU"" target=""_blank"">PRD009-3171016B</a>","<a href=""https://fluidigm.my.salesforce.com/sfc/p/700000009DAw/a/4u000001870w/XU6eX2YZtdejnAfGRls.mPHhJTPvhOp30R18ZV_Asw4"" target=""_blank"">MSDS-3000000X</a>",various,Maxpar
CyTOF (Cytometry),3171016C,Anti-Human CD31/PECAM-1,<div>HC1/6</div>,171Yb,Human,25 Tests,"<a href=""https://fluidigm.my.salesforce.com/sfc/p/700000009DAw/a/4u0000019ihs/tr.eDTKqmbK53c2oUC3pNRP0kaTKQT_pXZUXLsxjChU"" target=""_blank"">PRD009-3171016B</a>","<a href=""https://fluidigm.my.salesforce.com/sfc/p/700000009DAw/a/4u000001870w/XU6eX2YZtdejnAfGRls.mPHhJTPvhOp30R18ZV_Asw4"" target=""_blank"">MSDS-3000000X</a>",various,Maxpar
CyTOF (Cytometry),3171017A,Anti-Human CD195/CCR5,<div>NP-6G4</div>,171Yb,Human,50 Tests,"<a href=""https://fluidigm.my.salesforce.com/sfc/p/700000009DAw/a/4u0000019iQZ/zP8VuGzGyqK2glEqQ3Ypfwx67N7D0bGrtGjrwSn9Dmk"" target=""_blank"">PRD009-3171017A</a>","<a href=""https://fluidigm.my.salesforce.com/sfc/p/700000009DAw/a/4u000001870w/XU6eX2YZtdejnAfGRls.mPHhJTPvhOp30R18ZV_Asw4"" target=""_blank"">MSDS-3000000X</a>",various,Maxpar
CyTOF (Cytometry),3171017C,Anti-Human CD195/CCR5,<div>NP-6G4</div>,171Yb,Human,25 Tests,"<a href=""https://fluidigm.my.salesforce.com/sfc/p/700000009DAw/a/4u0000019iQZ/zP8VuGzGyqK2glEqQ3Ypfwx67N7D0bGrtGjrwSn9Dmk"" target=""_blank"">PRD009-3171017B</a>","<a href=""https://fluidigm.my.salesforce.com/sfc/p/700000009DAw/a/4u000001870w/XU6eX2YZtdejnAfGRls.mPHhJTPvhOp30R18ZV_Asw4"" target=""_blank"">MSDS-3000000X</a>",various,Maxpar
CyTOF (Cytometry),3172003B,Anti-Mouse CD4,<div>RM4-5</div>,172Yb ,Mouse,100 Tests,"<a href=""https://fluidigm.my.salesforce.com/sfc/p/700000009DAw/a/4u0000019iPQ/b0GFrQpWReA6J6glTZG7Dnk_jQXEq.O4m0cY8bgEbl4"" target=""_blank"">PRD009-3172003B</a>","<a href=""https://fluidigm.my.salesforce.com/sfc/p/700000009DAw/a/4u000001870w/XU6eX2YZtdejnAfGRls.mPHhJTPvhOp30R18ZV_Asw4"" target=""_blank"">MSDS-3000000X</a>",various,Maxpar
CyTOF (Cytometry),3172003C,Anti-Mouse CD4,<div>RM4-5 </div>,172Yb ,Mouse,25 Tests,"<a href=""https://fluidigm.my.salesforce.com/sfc/p/700000009DAw/a/4u0000019iPQ/b0GFrQpWReA6J6glTZG7Dnk_jQXEq.O4m0cY8bgEbl4"" target=""_blank"">PRD009-3172003B</a>","<a href=""https://fluidigm.my.salesforce.com/sfc/p/700000009DAw/a/4u000001870w/XU6eX2YZtdejnAfGRls.mPHhJTPvhOp30R18ZV_Asw4"" target=""_blank"">MSDS-3000000X</a>",various,Maxpar
CyTOF (Cytometry),3172004B,Anti-Human IgM,<div>MHM-88</div>,172Yb,"Human, African Green Monkey, Baboon, Cynomolgus Macaque, Rhesus Macaque",100 Tests,"<a href=""https://fluidigm.my.salesforce.com/sfc/p/700000009DAw/a/4u0000019iP7/xiPjH04gJYtzM0NepNRmgeM29f.FOLGkptQk7GEbvoQ"" target=""_blank"">PRD009-3172004B</a>","<a href=""https://fluidigm.my.salesforce.com/sfc/p/700000009DAw/a/4u000001870w/XU6eX2YZtdejnAfGRls.mPHhJTPvhOp30R18ZV_Asw4"" target=""_blank"">MSDS-3000000X</a>",various,Maxpar
CyTOF (Cytometry),3172004C,Anti-Human IgM,<div>MHM-88 </div>,172Yb,"Human, African Green Monkey, Baboon, Cynomolgus Macaque, Rhesus Macaque",25 Tests,"<a href=""https://fluidigm.my.salesforce.com/sfc/p/700000009DAw/a/4u0000019iP7/xiPjH04gJYtzM0NepNRmgeM29f.FOLGkptQk7GEbvoQ"" target=""_blank"">PRD009-3172004B</a>","<a href=""https://fluidigm.my.salesforce.com/sfc/p/700000009DAw/a/4u000001870w/XU6eX2YZtdejnAfGRls.mPHhJTPvhOp30R18ZV_Asw4"" target=""_blank"">MSDS-3000000X</a>",various,Maxpar
CyTOF (Cytometry),3172007B,Anti-Human CD38,<div>HIT2</div>,172Yb,"Human, Chimpanzee, Horse, Cow",100 Tests,"<a href=""https://fluidigm.my.salesforce.com/sfc/p/700000009DAw/a/4u0000019iQq/r.8B7PbEXGVYNDX.KvHpAEfAu2zGUcbEccFFdPbirBw"" target=""_blank"">PRD009-3172007B</a>","<a href=""https://fluidigm.my.salesforce.com/sfc/p/700000009DAw/a/4u000001870w/XU6eX2YZtdejnAfGRls.mPHhJTPvhOp30R18ZV_Asw4"" target=""_blank"">MSDS-3000000X</a>",various,Maxpar
CyTOF (Cytometry),3172007C,Anti-Human CD38,<div>HIT2</div>,172Yb,"Human, Chimpanzee, Horse, Cow",25 Tests,"<a href=""https://fluidigm.my.salesforce.com/sfc/p/700000009DAw/a/4u0000019iQq/r.8B7PbEXGVYNDX.KvHpAEfAu2zGUcbEccFFdPbirBw"" target=""_blank"">PRD009-3172007B</a>","<a href=""https://fluidigm.my.salesforce.com/sfc/p/700000009DAw/a/4u000001870w/XU6eX2YZtdejnAfGRls.mPHhJTPvhOp30R18ZV_Asw4"" target=""_blank"">MSDS-3000000X</a>",various,Maxpar
CyTOF (Cytometry),3172008A,Anti-pS6 [S235/S236],<div>N7-548</div>,172Yb,"Human, Mouse, Rat",50 Tests,"<a href=""https://fluidigm.my.salesforce.com/sfc/p/700000009DAw/a/4u0000019iQv/zO5kKfCgRzqNSgoVFmitTkos6O_2d1KFMGpvDUwZ9wM"" target=""_blank"">PRD009-3172008A</a>","<a href=""https://fluidigm.my.salesforce.com/sfc/p/700000009DAw/a/4u000001870w/XU6eX2YZtdejnAfGRls.mPHhJTPvhOp30R18ZV_Asw4"" target=""_blank"">MSDS-3000000X</a>",various,Maxpar
CyTOF (Cytometry),3172008C,Anti-pS6 [S235/S236],<div>N7-548 </div>,172Yb,"Human, Mouse, Rat",25 Tests,"<a href=""https://fluidigm.my.salesforce.com/sfc/p/700000009DAw/a/4u0000019iQv/zO5kKfCgRzqNSgoVFmitTkos6O_2d1KFMGpvDUwZ9wM"" target=""_blank"">PRD009-3172008B</a>","<a href=""https://fluidigm.my.salesforce.com/sfc/p/700000009DAw/a/4u000001870w/XU6eX2YZtdejnAfGRls.mPHhJTPvhOp30R18ZV_Asw4"" target=""_blank"">MSDS-3000000X</a>",various,Maxpar
CyTOF (Cytometry),3172011B,Anti-Human IL-21,<div>3A3-N2</div>,172Yb,"Human, Rhesus Macaque",100 Tests,"<a href=""https://fluidigm.my.salesforce.com/sfc/p/700000009DAw/a/4u0000019iRA/eOMKx.4wlcJpNhW99e8cSrJqg3jijb8juu6lKZHQs3U"" target=""_blank"">PRD009-3172011B</a>","<a href=""https://fluidigm.my.salesforce.com/sfc/p/700000009DAw/a/4u000001870w/XU6eX2YZtdejnAfGRls.mPHhJTPvhOp30R18ZV_Asw4"" target=""_blank"">MSDS-3000000X</a>",various,Maxpar
CyTOF (Cytometry),3172011C,Anti-Human IL-21,<div>3A3-N2</div>,172Yb,"Human, Rhesus Macaque",25 Tests,"<a href=""https://fluidigm.my.salesforce.com/sfc/p/700000009DAw/a/4u0000019iRA/eOMKx.4wlcJpNhW99e8cSrJqg3jijb8juu6lKZHQs3U"" target=""_blank"">PRD009-3172011B</a>","<a href=""https://fluidigm.my.salesforce.com/sfc/p/700000009DAw/a/4u000001870w/XU6eX2YZtdejnAfGRls.mPHhJTPvhOp30R18ZV_Asw4"" target=""_blank"">MSDS-3000000X</a>",various,Maxpar
CyTOF (Cytometry),3172012B,Anti-Mouse CD11b,<div>M1/70</div>,172Yb,"Mouse, Human, Chimpanzee, Baboon, Cynomolgus Macaque, Rhesus Macaque, Rabbit",100 Tests,"<a href=""https://fluidigm.my.salesforce.com/sfc/p/700000009DAw/a/4u0000019iRF/zxeoEgD4J1xu5dBwVGG3j.Me1SLuAaZg1HykuxkbcKw"" target=""_blank"">PRD009-3172012B</a>","<a href=""https://fluidigm.my.salesforce.com/sfc/p/700000009DAw/a/4u000001870w/XU6eX2YZtdejnAfGRls.mPHhJTPvhOp30R18ZV_Asw4"" target=""_blank"">MSDS-3000000X</a>",various,Maxpar
CyTOF (Cytometry),3172012C,Anti-Mouse CD11b,<div>M1/70 </div>,172Yb,"Mouse, Human, Chimpanzee, Baboon, Cynomolgus Macaque, Rhesus Macaque, Rabbit",25 Tests,"<a href=""https://fluidigm.my.salesforce.com/sfc/p/700000009DAw/a/4u0000019iRF/zxeoEgD4J1xu5dBwVGG3j.Me1SLuAaZg1HykuxkbcKw"" target=""_blank"">PRD009-3172012B</a>","<a href=""https://fluidigm.my.salesforce.com/sfc/p/700000009DAw/a/4u000001870w/XU6eX2YZtdejnAfGRls.mPHhJTPvhOp30R18ZV_Asw4"" target=""_blank"">MSDS-3000000X</a>",various,Maxpar
CyTOF (Cytometry),3172014B,Anti-Human CD273/PD-L2,<div>24F.10C12</div>,172Yb,"Human, African Green, Baboon, Cynomolgus, Rhesus",100 Tests,"<a href=""https://fluidigm.my.salesforce.com/sfc/p/700000009DAw/a/4u0000019iRK/kO2OTaNPxBaT2D.RA37YWCIHuyWLehPSji7zmfenhPs"" target=""_blank"">PRD009-3172014B</a>","<a href=""https://fluidigm.my.salesforce.com/sfc/p/700000009DAw/a/4u000001870w/XU6eX2YZtdejnAfGRls.mPHhJTPvhOp30R18ZV_Asw4"" target=""_blank"">MSDS-3000000X</a>",various,Maxpar
CyTOF (Cytometry),3172014C,Anti-Human CD273/PD-L2,<div>24F.10C12</div>,172Yb,"Human, African Green, Baboon, Cynomolgus, Rhesus",25 Tests,"<a href=""https://fluidigm.my.salesforce.com/sfc/p/700000009DAw/a/4u0000019iRK/kO2OTaNPxBaT2D.RA37YWCIHuyWLehPSji7zmfenhPs"" target=""_blank"">PRD009-3172014B</a>","<a href=""https://fluidigm.my.salesforce.com/sfc/p/700000009DAw/a/4u000001870w/XU6eX2YZtdejnAfGRls.mPHhJTPvhOp30R18ZV_Asw4"" target=""_blank"">MSDS-3000000X</a>",various,Maxpar
CyTOF (Cytometry),3172016B,Anti-Mouse CD86,<div>GL1</div>,172Yb,Mouse,100 Tests,"<a href=""https://fluidigm.my.salesforce.com/sfc/p/700000009DAw/a/4u0000019iRG/CtZqMT8pLPU1NH8c.uDenWjO69vGCMcueEjsvK8c3UQ"" target=""_blank"">PRD009-3172016B</a>","<a href=""https://fluidigm.my.salesforce.com/sfc/p/700000009DAw/a/4u000001870w/XU6eX2YZtdejnAfGRls.mPHhJTPvhOp30R18ZV_Asw4"" target=""_blank"">MSDS-3000000X</a>",various,Maxpar
CyTOF (Cytometry),3172016C,Anti-Mouse CD86,<div>GL1</div>,172Yb,Mouse,25 Tests,"<a href=""https://fluidigm.my.salesforce.com/sfc/p/700000009DAw/a/4u0000019iRG/CtZqMT8pLPU1NH8c.uDenWjO69vGCMcueEjsvK8c3UQ"" target=""_blank"">PRD009-3172016B</a>","<a href=""https://fluidigm.my.salesforce.com/sfc/p/700000009DAw/a/4u000001870w/XU6eX2YZtdejnAfGRls.mPHhJTPvhOp30R18ZV_Asw4"" target=""_blank"">MSDS-3000000X</a>",various,Maxpar
CyTOF (Cytometry),3172018C,Anti-Mouse Perforin,<div>OMAK-D </div>,172Yb,Mouse,25 Tests,"<a href=""https://fluidigm.my.salesforce.com/sfc/p/700000009DAw/a/4u0000019iRB/XW4v0odFw4vy5gwuNx_sWsc3xxoVCBSJ.ATood48zO4"" target=""_blank"">PRD009-3172018B</a>","<a href=""https://fluidigm.my.salesforce.com/sfc/p/700000009DAw/a/4u000001870w/XU6eX2YZtdejnAfGRls.mPHhJTPvhOp30R18ZV_Asw4"" target=""_blank"">MSDS-3000000X</a>",various,Maxpar
CyTOF (Cytometry),3172019B,Anti-Human IL-17F,<div>SHLR17</div>,172Yb,Human,100 Tests,"<a href=""https://fluidigm.my.salesforce.com/sfc/p/700000009DAw/a/4u0000019iQE/ej4A_X4fHm_cDG2nJg_vRBUEG2airkx1gP_AHLBtMbA"" target=""_blank"">PRD009-3172019B</a>","<a href=""https://fluidigm.my.salesforce.com/sfc/p/700000009DAw/a/4u000001870w/XU6eX2YZtdejnAfGRls.mPHhJTPvhOp30R18ZV_Asw4"" target=""_blank"">MSDS-3000000X</a>",various,Maxpar
CyTOF (Cytometry),3172019C,Anti-Human IL-17F,<div>SHLR17</div>,172Yb,Human,25 Tests,"<a href=""https://fluidigm.my.salesforce.com/sfc/p/700000009DAw/a/4u0000019iQE/ej4A_X4fHm_cDG2nJg_vRBUEG2airkx1gP_AHLBtMbA"" target=""_blank"">PRD009-3172019B</a>","<a href=""https://fluidigm.my.salesforce.com/sfc/p/700000009DAw/a/4u000001870w/XU6eX2YZtdejnAfGRls.mPHhJTPvhOp30R18ZV_Asw4"" target=""_blank"">MSDS-3000000X</a>",various,Maxpar
CyTOF (Cytometry),3172020B,Anti-Human IL-17A,<div>BL168</div>,172Yb,Human,100 Tests,"<a href=""https://fluidigm.my.salesforce.com/sfc/p/700000009DAw/a/4u0000019iQJ/nhsEOmcLqwjf72QCsW6G5faiKkh.UrvTb4BPNvu8dTs"" target=""_blank"">PRD009-3172020B</a>","<a href=""https://fluidigm.my.salesforce.com/sfc/p/700000009DAw/a/4u000001870w/XU6eX2YZtdejnAfGRls.mPHhJTPvhOp30R18ZV_Asw4"" target=""_blank"">MSDS-3000000X</a>",various,Maxpar
CyTOF (Cytometry),3172020C,Anti-Human IL-17A,<div>BL168</div>,172Yb,Human,25 Tests,"<a href=""https://fluidigm.my.salesforce.com/sfc/p/700000009DAw/a/4u0000019iQJ/nhsEOmcLqwjf72QCsW6G5faiKkh.UrvTb4BPNvu8dTs"" target=""_blank"">PRD009-3172020B</a>","<a href=""https://fluidigm.my.salesforce.com/sfc/p/700000009DAw/a/4u000001870w/XU6eX2YZtdejnAfGRls.mPHhJTPvhOp30R18ZV_Asw4"" target=""_blank"">MSDS-3000000X</a>",various,Maxpar
CyTOF (Cytometry),3172021B,Anti-Human CD15/SSEA-1,<div>W6D3</div>,172Yb,Human,100 Tests,"<a href=""https://fluidigm.my.salesforce.com/sfc/p/700000009DAw/a/4u0000019iRH/7fGrGooEqylJ5MXKwIK6K0iaaKI4FGZInv3_oSaXocE"" target=""_blank"">PRD009-3172021B</a>","<a href=""https://fluidigm.my.salesforce.com/sfc/p/700000009DAw/a/4u000001870w/XU6eX2YZtdejnAfGRls.mPHhJTPvhOp30R18ZV_Asw4"" target=""_blank"">MSDS-3000000X</a>",various,Maxpar
CyTOF (Cytometry),3172021C,Anti-Human CD15/SSEA-1,<div>W6D3</div>,172Yb,Human,25 Tests,"<a href=""https://fluidigm.my.salesforce.com/sfc/p/700000009DAw/a/4u0000019iRH/7fGrGooEqylJ5MXKwIK6K0iaaKI4FGZInv3_oSaXocE"" target=""_blank"">PRD009-3172021B</a>","<a href=""https://fluidigm.my.salesforce.com/sfc/p/700000009DAw/a/4u000001870w/XU6eX2YZtdejnAfGRls.mPHhJTPvhOp30R18ZV_Asw4"" target=""_blank"">MSDS-3000000X</a>",various,Maxpar
CyTOF (Cytometry),3172022B,Anti-Human CD354,<div>TREM-26</div>,172Yb,"Human, African Green, Baboon, Cynomolgus, Rhesus",100 Tests,"<a href=""https://fluidigm.my.salesforce.com/sfc/p/700000009DAw/a/4u0000019iRI/KiLY2YM0xNbAlgVujVCdXMXWwh7YMIqfcxYoaRVBovE"" target=""_blank"">PRD009-3172022B</a>","<a href=""https://fluidigm.my.salesforce.com/sfc/p/700000009DAw/a/4u000001870w/XU6eX2YZtdejnAfGRls.mPHhJTPvhOp30R18ZV_Asw4"" target=""_blank"">MSDS-3000000X</a>",various,Maxpar
CyTOF (Cytometry),3172022C,Anti-Human CD354,<div>TREM-26</div>,172Yb,"Human, African Green, Baboon, Cynomolgus, Rhesus",25 Tests,"<a href=""https://fluidigm.my.salesforce.com/sfc/p/700000009DAw/a/4u0000019iRI/KiLY2YM0xNbAlgVujVCdXMXWwh7YMIqfcxYoaRVBovE"" target=""_blank"">PRD009-3172022B</a>","<a href=""https://fluidigm.my.salesforce.com/sfc/p/700000009DAw/a/4u000001870w/XU6eX2YZtdejnAfGRls.mPHhJTPvhOp30R18ZV_Asw4"" target=""_blank"">MSDS-3000000X</a>",various,Maxpar
CyTOF (Cytometry),3172023A,Anti-Cleaved Caspase 3,<div>5A1E</div>,172Yb,"Human, mouse, rat, monkey",50 Tests,"<a href=""https://fluidigm.my.salesforce.com/sfc/p/700000009DAw/a/4u0000019iRJ/_Vv.cj9XuC3y.BukfRqwzQ8mQ2De17TizLLytNpeJSU"" target=""_blank"">PRD009-3172023A</a>","<a href=""https://fluidigm.my.salesforce.com/sfc/p/700000009DAw/a/4u000001870w/XU6eX2YZtdejnAfGRls.mPHhJTPvhOp30R18ZV_Asw4"" target=""_blank"">MSDS-3000000X</a>",various,Maxpar
CyTOF (Cytometry),3172023C,Anti-Cleaved Caspase 3,<div>5A1E</div>,172Yb,"Human, mouse, rat, monkey",25 Tests,"<a href=""https://fluidigm.my.salesforce.com/sfc/p/700000009DAw/a/4u0000019iRJ/_Vv.cj9XuC3y.BukfRqwzQ8mQ2De17TizLLytNpeJSU"" target=""_blank"">PRD009-3172023B</a>","<a href=""https://fluidigm.my.salesforce.com/sfc/p/700000009DAw/a/4u000001870w/XU6eX2YZtdejnAfGRls.mPHhJTPvhOp30R18ZV_Asw4"" target=""_blank"">MSDS-3000000X</a>",various,Maxpar
CyTOF (Cytometry),3172024B,Anti-Ki-67,<div>B56</div>,172Yb,"Rat, Mouse, Human, Rhesus Macaque",100 Tests,"<a href=""https://fluidigm.my.salesforce.com/sfc/p/700000009DAw/a/4u0000019iRU/b4CWnag3Gyyh94XDtXUf1ulxamrFXP0gMY3YBcjTkrg"" target=""_blank"">PRD009-3172024B</a>","<a href=""https://fluidigm.my.salesforce.com/sfc/p/700000009DAw/a/4u000001870w/XU6eX2YZtdejnAfGRls.mPHhJTPvhOp30R18ZV_Asw4"" target=""_blank"">MSDS-3000000X</a>",various,Maxpar
CyTOF (Cytometry),3172024C,Anti-Ki-67,<div>B56</div>,172Yb,"Rat, Mouse, Human, Rhesus Macaque",25 Tests,"<a href=""https://fluidigm.my.salesforce.com/sfc/p/700000009DAw/a/4u0000019iRU/b4CWnag3Gyyh94XDtXUf1ulxamrFXP0gMY3YBcjTkrg"" target=""_blank"">PRD009-3172024B</a>","<a href=""https://fluidigm.my.salesforce.com/sfc/p/700000009DAw/a/4u000001870w/XU6eX2YZtdejnAfGRls.mPHhJTPvhOp30R18ZV_Asw4"" target=""_blank"">MSDS-3000000X</a>",various,Maxpar
CyTOF (Cytometry),3172026B,Anti-Human CD111/Nectin-1 ,<div>R1.302</div>,172Yb,Human,100 Tests,"<a href=""https://fluidigm.my.salesforce.com/sfc/p/700000009DAw/a/4u0000019iRZ/d_Hn0L0qBZ1hm5ydl_yt_nROAejniRYUEMf5QurKm8U"" target=""_blank"">PRD009-3172026B</a>","<a href=""https://fluidigm.my.salesforce.com/sfc/p/700000009DAw/a/4u000001870w/XU6eX2YZtdejnAfGRls.mPHhJTPvhOp30R18ZV_Asw4"" target=""_blank"">MSDS-3000000X</a>",various,Maxpar
CyTOF (Cytometry),3172026C,Anti-Human CD111/Nectin-1 ,<div>R1.302</div>,172Yb,Human,25 Tests,"<a href=""https://fluidigm.my.salesforce.com/sfc/p/700000009DAw/a/4u0000019iRZ/d_Hn0L0qBZ1hm5ydl_yt_nROAejniRYUEMf5QurKm8U"" target=""_blank"">PRD009-3172026B</a>","<a href=""https://fluidigm.my.salesforce.com/sfc/p/700000009DAw/a/4u000001870w/XU6eX2YZtdejnAfGRls.mPHhJTPvhOp30R18ZV_Asw4"" target=""_blank"">MSDS-3000000X</a>",various,Maxpar
CyTOF (Cytometry),3173001B,Anti-Human CD184/CXCR4,<div>12G5</div>,173Yb,"Human, African Green, Baboon, Chimpanzee, Cynomolgus, Rhesus, Sooty Mangabey",100 Tests,"<a href=""https://fluidigm.my.salesforce.com/sfc/p/700000009DAw/a/4u0000019iRa/5SjyJocg3t_NW5Ebu4XT1ooh3.aj0cXlMnx0g5CZbxo"" target=""_blank"">PRD009-3173001B</a>","<a href=""https://fluidigm.my.salesforce.com/sfc/p/700000009DAw/a/4u000001870w/XU6eX2YZtdejnAfGRls.mPHhJTPvhOp30R18ZV_Asw4"" target=""_blank"">MSDS-3000000X</a>",various,Maxpar
CyTOF (Cytometry),3173001C,Anti-Human CD184/CXCR4,<div>12G5</div>,173Yb,"Human, African Green, Baboon, Chimpanzee, Cynomolgus, Rhesus, Sooty Mangabey",25 Tests,"<a href=""https://fluidigm.my.salesforce.com/sfc/p/700000009DAw/a/4u0000019iRa/5SjyJocg3t_NW5Ebu4XT1ooh3.aj0cXlMnx0g5CZbxo"" target=""_blank"">PRD009-3173001B</a>","<a href=""https://fluidigm.my.salesforce.com/sfc/p/700000009DAw/a/4u000001870w/XU6eX2YZtdejnAfGRls.mPHhJTPvhOp30R18ZV_Asw4"" target=""_blank"">MSDS-3000000X</a>",various,Maxpar
CyTOF (Cytometry),3173002B,Anti-Human CD141,<div>1A4</div>,173Yb,"Human, African Green, Baboon, Cynomolgus, Rhesus",100 Tests,"<a href=""https://fluidigm.my.salesforce.com/sfc/p/700000009DAw/a/4u0000019iQK/FAMYPx7AV920PWH4cSjAxd7pQsD0zOTfL9VyJ9oqBwA"" target=""_blank"">PRD009-3173002B</a>","<a href=""https://fluidigm.my.salesforce.com/sfc/p/700000009DAw/a/4u000001870w/XU6eX2YZtdejnAfGRls.mPHhJTPvhOp30R18ZV_Asw4"" target=""_blank"">MSDS-3000000X</a>",various,Maxpar
CyTOF (Cytometry),3173002C,Anti-Human CD141,<div>1A4</div>,173Yb,"Human, African Green, Baboon, Cynomolgus, Rhesus",25 Tests,"<a href=""https://fluidigm.my.salesforce.com/sfc/p/700000009DAw/a/4u0000019iQK/FAMYPx7AV920PWH4cSjAxd7pQsD0zOTfL9VyJ9oqBwA"" target=""_blank"">PRD009-3173002B</a>","<a href=""https://fluidigm.my.salesforce.com/sfc/p/700000009DAw/a/4u000001870w/XU6eX2YZtdejnAfGRls.mPHhJTPvhOp30R18ZV_Asw4"" target=""_blank"">MSDS-3000000X</a>",various,Maxpar
CyTOF (Cytometry),3173003A,Anti-Human Stat3,<div>124H6</div>,173Yb,"Human, mouse, rat, monkey",50 Tests,"<a href=""https://fluidigm.my.salesforce.com/sfc/p/700000009DAw/a/4u0000019iQL/LgU52iV6_upxGKE0Pn.kbUjrQuyzkKIGjzvLhXaGpVI"" target=""_blank"">PRD009-3173003A</a>","<a href=""https://fluidigm.my.salesforce.com/sfc/p/700000009DAw/a/4u000001870w/XU6eX2YZtdejnAfGRls.mPHhJTPvhOp30R18ZV_Asw4"" target=""_blank"">MSDS-3000000X</a>",various,Maxpar
CyTOF (Cytometry),3173003C,Anti-Human Stat3,<div>124H6</div>,173Yb,"Human, mouse, rat, monkey",25 Tests,"<a href=""https://fluidigm.my.salesforce.com/sfc/p/700000009DAw/a/4u0000019iQL/LgU52iV6_upxGKE0Pn.kbUjrQuyzkKIGjzvLhXaGpVI"" target=""_blank"">PRD009-3173003B</a>","<a href=""https://fluidigm.my.salesforce.com/sfc/p/700000009DAw/a/4u000001870w/XU6eX2YZtdejnAfGRls.mPHhJTPvhOp30R18ZV_Asw4"" target=""_blank"">MSDS-3000000X</a>",various,Maxpar
CyTOF (Cytometry),3173004B,Anti-Mouse CD117/c-kit,<div>2B8</div>,173Yb,Mouse,100 Tests,"<a href=""https://fluidigm.my.salesforce.com/sfc/p/700000009DAw/a/4u0000019iRj/gU.g1NTWHIA.TraV6uRF6HG9qDggdj.mqFTBf6gt4Z0"" target=""_blank"">PRD009-3173004B</a>","<a href=""https://fluidigm.my.salesforce.com/sfc/p/700000009DAw/a/4u000001870w/XU6eX2YZtdejnAfGRls.mPHhJTPvhOp30R18ZV_Asw4"" target=""_blank"">MSDS-3000000X</a>",various,Maxpar
CyTOF (Cytometry),3173004C,Anti-Mouse CD117/c-kit,<div>2B8</div>,173Yb,Mouse,25 Tests,"<a href=""https://fluidigm.my.salesforce.com/sfc/p/700000009DAw/a/4u0000019iRj/gU.g1NTWHIA.TraV6uRF6HG9qDggdj.mqFTBf6gt4Z0"" target=""_blank"">PRD009-3173004B</a>","<a href=""https://fluidigm.my.salesforce.com/sfc/p/700000009DAw/a/4u000001870w/XU6eX2YZtdejnAfGRls.mPHhJTPvhOp30R18ZV_Asw4"" target=""_blank"">MSDS-3000000X</a>",various,Maxpar
CyTOF (Cytometry),3173005B,Anti-Human HLA-DR,<div>L243</div>,173Yb,"Human, Cynomolgus Macaque, Rhesus Macaque, African Green, Baboon, Chimpanzee, Dog, Common Marmoset, Squirrel Monkey, Cotton-Topped Tamarin",100 Tests,"<a href=""https://fluidigm.my.salesforce.com/sfc/p/700000009DAw/a/4u0000019iRL/ovB6IsZLdHxWNlTN8xDxOGNaJtG.Y05JSXE.s4lbg5M"" target=""_blank"">PRD009-3173005B</a>","<a href=""https://fluidigm.my.salesforce.com/sfc/p/700000009DAw/a/4u000001870w/XU6eX2YZtdejnAfGRls.mPHhJTPvhOp30R18ZV_Asw4"" target=""_blank"">MSDS-3000000X</a>",various,Maxpar
CyTOF (Cytometry),3173005C,Anti-Human HLA-DR,<div>L243</div>,173Yb,"Human, Cynomolgus Macaque, Rhesus Macaque, African Green, Baboon, Chimpanzee, Dog, Common Marmoset, Squirrel Monkey, Cotton-Topped Tamarin",25 Tests,"<a href=""https://fluidigm.my.salesforce.com/sfc/p/700000009DAw/a/4u0000019iRL/ovB6IsZLdHxWNlTN8xDxOGNaJtG.Y05JSXE.s4lbg5M"" target=""_blank"">PRD009-3173005B</a>","<a href=""https://fluidigm.my.salesforce.com/sfc/p/700000009DAw/a/4u000001870w/XU6eX2YZtdejnAfGRls.mPHhJTPvhOp30R18ZV_Asw4"" target=""_blank"">MSDS-3000000X</a>",various,Maxpar
CyTOF (Cytometry),3173006B,Anti-Human/Mouse Granzyme B,<div>GB11</div>,173Yb,"Human, Mouse, Rhesus Macaque",100 Tests,"<a href=""https://fluidigm.my.salesforce.com/sfc/p/700000009DAw/a/4u0000019iRV/YpDFZ2DtypoBK_uSr3SohejH4O0fbx6MpVbwKuudfB4"" target=""_blank"">PRD009-3173006B</a>","<a href=""https://fluidigm.my.salesforce.com/sfc/p/700000009DAw/a/4u000001870w/XU6eX2YZtdejnAfGRls.mPHhJTPvhOp30R18ZV_Asw4"" target=""_blank"">MSDS-3000000X</a>",various,Maxpar
CyTOF (Cytometry),3173006C,Anti-Human/Mouse Granzyme B,<div>GB11</div>,173Yb,"Human, Mouse, Rhesus Macaque",25 Tests,"<a href=""https://fluidigm.my.salesforce.com/sfc/p/700000009DAw/a/4u0000019iRV/YpDFZ2DtypoBK_uSr3SohejH4O0fbx6MpVbwKuudfB4"" target=""_blank"">PRD009-3173006B</a>","<a href=""https://fluidigm.my.salesforce.com/sfc/p/700000009DAw/a/4u000001870w/XU6eX2YZtdejnAfGRls.mPHhJTPvhOp30R18ZV_Asw4"" target=""_blank"">MSDS-3000000X</a>",various,Maxpar
CyTOF (Cytometry),3173007B,Anti-Human CD371/CLEC12A,<div>50C1</div>,173Yb,Human,100 Tests,"<a href=""https://fluidigm.my.salesforce.com/sfc/p/700000009DAw/a/4u0000019iRk/IGUN7QqgVml1ZYEQy_MeU081YLW1PP4Nl9kss5OuRaM"" target=""_blank"">PRD009-3173007B</a>","<a href=""https://fluidigm.my.salesforce.com/sfc/p/700000009DAw/a/4u000001870w/XU6eX2YZtdejnAfGRls.mPHhJTPvhOp30R18ZV_Asw4"" target=""_blank"">MSDS-3000000X</a>",various,Maxpar
CyTOF (Cytometry),3173007C,Anti-Human CD371/CLEC12A,<div>50C1</div>,173Yb,Human,25 Tests,"<a href=""https://fluidigm.my.salesforce.com/sfc/p/700000009DAw/a/4u0000019iRk/IGUN7QqgVml1ZYEQy_MeU081YLW1PP4Nl9kss5OuRaM"" target=""_blank"">PRD009-3173007B</a>","<a href=""https://fluidigm.my.salesforce.com/sfc/p/700000009DAw/a/4u000001870w/XU6eX2YZtdejnAfGRls.mPHhJTPvhOp30R18ZV_Asw4"" target=""_blank"">MSDS-3000000X</a>",various,Maxpar
CyTOF (Cytometry),3173008B,Anti-Human CD104 ,<div>58XB4</div>,173Yb,Human,100 Tests,"<a href=""https://fluidigm.my.salesforce.com/sfc/p/700000009DAw/a/4u0000019iRM/.ppR4yObbkVCNPZ0vpzNBS4h1uMhFR3E1feCByGRNnQ"" target=""_blank"">PRD009-3173008B</a>","<a href=""https://fluidigm.my.salesforce.com/sfc/p/700000009DAw/a/4u000001870w/XU6eX2YZtdejnAfGRls.mPHhJTPvhOp30R18ZV_Asw4"" target=""_blank"">MSDS-3000000X</a>",various,Maxpar
CyTOF (Cytometry),3173008C,Anti-Human CD104 ,<div>58XB4</div>,173Yb,Human,25 Tests,"<a href=""https://fluidigm.my.salesforce.com/sfc/p/700000009DAw/a/4u0000019iRM/.ppR4yObbkVCNPZ0vpzNBS4h1uMhFR3E1feCByGRNnQ"" target=""_blank"">PRD009-3173008B</a>","<a href=""https://fluidigm.my.salesforce.com/sfc/p/700000009DAw/a/4u000001870w/XU6eX2YZtdejnAfGRls.mPHhJTPvhOp30R18ZV_Asw4"" target=""_blank"">MSDS-3000000X</a>",various,Maxpar
CyTOF (Cytometry),3173009B,Anti-Human CD59 ,<div>p282 (H19) </div>,173Yb,"Human, Baboon, Chimpanzee, Cynomolgus, Rhesus",100 Tests,"<a href=""https://fluidigm.my.salesforce.com/sfc/p/700000009DAw/a/4u0000019iRy/eFgDav83AhfPUjGjNIYL0bcD679tHeP4FKwAySUlHEI"" target=""_blank"">PRD009-3173009B</a>","<a href=""https://fluidigm.my.salesforce.com/sfc/p/700000009DAw/a/4u000001870w/XU6eX2YZtdejnAfGRls.mPHhJTPvhOp30R18ZV_Asw4"" target=""_blank"">MSDS-3000000X</a>",various,Maxpar
CyTOF (Cytometry),3173009C,Anti-Human CD59 ,<div>p282 (H19) </div>,173Yb,"Human, Baboon, Chimpanzee, Cynomolgus, Rhesus",25 Tests,"<a href=""https://fluidigm.my.salesforce.com/sfc/p/700000009DAw/a/4u0000019iRy/eFgDav83AhfPUjGjNIYL0bcD679tHeP4FKwAySUlHEI"" target=""_blank"">PRD009-3173009B</a>","<a href=""https://fluidigm.my.salesforce.com/sfc/p/700000009DAw/a/4u000001870w/XU6eX2YZtdejnAfGRls.mPHhJTPvhOp30R18ZV_Asw4"" target=""_blank"">MSDS-3000000X</a>",various,Maxpar
CyTOF (Cytometry),3173010B,Anti-Human CD158b ,<div>DX27</div>,173Yb,Human,100 Tests,"<a href=""https://fluidigm.my.salesforce.com/sfc/p/700000009DAw/a/4u0000019iS3/T85RpLc_mSyxFj7z3Ob1K9wxfszabSoq1LFJb1825bc"" target=""_blank"">PRD009-3173010B</a>","<a href=""https://fluidigm.my.salesforce.com/sfc/p/700000009DAw/a/4u000001870w/XU6eX2YZtdejnAfGRls.mPHhJTPvhOp30R18ZV_Asw4"" target=""_blank"">MSDS-3000000X</a>",various,Maxpar
CyTOF (Cytometry),3173010C,Anti-Human CD158b ,<div>DX27</div>,173Yb,Human,25 Tests,"<a href=""https://fluidigm.my.salesforce.com/sfc/p/700000009DAw/a/4u0000019iS3/T85RpLc_mSyxFj7z3Ob1K9wxfszabSoq1LFJb1825bc"" target=""_blank"">PRD009-3173010B</a>","<a href=""https://fluidigm.my.salesforce.com/sfc/p/700000009DAw/a/4u000001870w/XU6eX2YZtdejnAfGRls.mPHhJTPvhOp30R18ZV_Asw4"" target=""_blank"">MSDS-3000000X</a>",various,Maxpar
CyTOF (Cytometry),3173011B,Anti-Human CD90,<div>5E10</div>,173Yb,"Human, African Green, Baboon, Cynomolgus, Pigtailed Macaque, Rhesus, Swine (Pig, Porcine)",100 Tests,"<a href=""https://fluidigm.my.salesforce.com/sfc/p/700000009DAw/a/4u0000019iSD/0Y.cDvzcTfo4AxCpSpvIFNoIkol4jSmY0bO0Osn8jSM"" target=""_blank"">PRD009-3173011B</a>","<a href=""https://fluidigm.my.salesforce.com/sfc/p/700000009DAw/a/4u000001870w/XU6eX2YZtdejnAfGRls.mPHhJTPvhOp30R18ZV_Asw4"" target=""_blank"">MSDS-3000000X</a>",various,Maxpar
CyTOF (Cytometry),3173011C,Anti-Human CD90,<div>5E10</div>,173Yb,"Human, African Green, Baboon, Cynomolgus, Pigtailed Macaque, Rhesus, Swine (Pig, Porcine)",25 Tests,"<a href=""https://fluidigm.my.salesforce.com/sfc/p/700000009DAw/a/4u0000019iSD/0Y.cDvzcTfo4AxCpSpvIFNoIkol4jSmY0bO0Osn8jSM"" target=""_blank"">PRD009-3173011B</a>","<a href=""https://fluidigm.my.salesforce.com/sfc/p/700000009DAw/a/4u000001870w/XU6eX2YZtdejnAfGRls.mPHhJTPvhOp30R18ZV_Asw4"" target=""_blank"">MSDS-3000000X</a>",various,Maxpar
CyTOF (Cytometry),3173015B,Anti-Human CD137/4-1BB ,<div>4B4-1</div>,173Yb,"Human, Cynomolgus Macaque, Rhesus Macaque, Chimpanzee, Baboon",100 Tests,"<a href=""https://fluidigm.my.salesforce.com/sfc/p/700000009DAw/a/4u0000019iS4/_i8x5uUuHvkS3RXw9SuGcNyH0xrg1LYivsyPJYEW0E8"" target=""_blank"">PRD009-3173015B</a>","<a href=""https://fluidigm.my.salesforce.com/sfc/p/700000009DAw/a/4u000001870w/XU6eX2YZtdejnAfGRls.mPHhJTPvhOp30R18ZV_Asw4"" target=""_blank"">MSDS-3000000X</a>",various,Maxpar
CyTOF (Cytometry),3173015C,Anti-Human CD137/4-1BB ,<div>4B4-1</div>,173Yb,"Human, Cynomolgus Macaque, Rhesus Macaque, Chimpanzee, Baboon",25 Tests,"<a href=""https://fluidigm.my.salesforce.com/sfc/p/700000009DAw/a/4u0000019iS4/_i8x5uUuHvkS3RXw9SuGcNyH0xrg1LYivsyPJYEW0E8"" target=""_blank"">PRD009-3173015B</a>","<a href=""https://fluidigm.my.salesforce.com/sfc/p/700000009DAw/a/4u000001870w/XU6eX2YZtdejnAfGRls.mPHhJTPvhOp30R18ZV_Asw4"" target=""_blank"">MSDS-3000000X</a>",various,Maxpar
CyTOF (Cytometry),3174001B,Anti-Human HLA-DR,<div>L243</div>,174Yb,"Human, Cynomolgus Macaque, Rhesus Macaque, African Green, Baboon, Chimpanzee, Dog, Common Marmoset, Squirrel Monkey, Cotton-Topped Tamarin",100 Tests,"<a href=""https://fluidigm.my.salesforce.com/sfc/p/700000009DAw/a/4u0000019iS5/7YvMAsl1IR8lTW.FTf5Z8LLNgbhXMz5GjKi.zH9YL1U"" target=""_blank"">PRD009-3174001B</a>","<a href=""https://fluidigm.my.salesforce.com/sfc/p/700000009DAw/a/4u000001870w/XU6eX2YZtdejnAfGRls.mPHhJTPvhOp30R18ZV_Asw4"" target=""_blank"">MSDS-3000000X</a>",various,Maxpar
CyTOF (Cytometry),3174001C,Anti-Human HLA-DR,<div>L243</div>,174Yb,"Human, Cynomolgus Macaque, Rhesus Macaque, African Green, Baboon, Chimpanzee, Dog, Common Marmoset, Squirrel Monkey, Cotton-Topped Tamarin",25 Tests,"<a href=""https://fluidigm.my.salesforce.com/sfc/p/700000009DAw/a/4u0000019iS5/7YvMAsl1IR8lTW.FTf5Z8LLNgbhXMz5GjKi.zH9YL1U"" target=""_blank"">PRD009-3174001B</a>","<a href=""https://fluidigm.my.salesforce.com/sfc/p/700000009DAw/a/4u000001870w/XU6eX2YZtdejnAfGRls.mPHhJTPvhOp30R18ZV_Asw4"" target=""_blank"">MSDS-3000000X</a>",various,Maxpar
CyTOF (Cytometry),3174002B,Anti-Mouse IL-17A,<div>TC11-18H10.1</div>,174Yb,Mouse,100 Tests,"<a href=""https://fluidigm.my.salesforce.com/sfc/p/700000009DAw/a/4u0000019iRl/0Ya0OHjIZwdr0rnglNS.fwzdq6T0d9oW1xPvIg0AsZ8"" target=""_blank"">PRD009-3174002B</a>","<a href=""https://fluidigm.my.salesforce.com/sfc/p/700000009DAw/a/4u000001870w/XU6eX2YZtdejnAfGRls.mPHhJTPvhOp30R18ZV_Asw4"" target=""_blank"">MSDS-3000000X</a>",various,Maxpar
CyTOF (Cytometry),3174002C,Anti-Mouse IL-17A,<div>TC11-18H10.1 </div>,174Yb,Mouse,25 Tests,"<a href=""https://fluidigm.my.salesforce.com/sfc/p/700000009DAw/a/4u0000019iRl/0Ya0OHjIZwdr0rnglNS.fwzdq6T0d9oW1xPvIg0AsZ8"" target=""_blank"">PRD009-3174002B</a>","<a href=""https://fluidigm.my.salesforce.com/sfc/p/700000009DAw/a/4u000001870w/XU6eX2YZtdejnAfGRls.mPHhJTPvhOp30R18ZV_Asw4"" target=""_blank"">MSDS-3000000X</a>",various,Maxpar
CyTOF (Cytometry),3174003B,Anti-Mouse MHC class II,<div>M5/114.15.2</div>,174Yb,Mouse,100 Tests,"<a href=""https://fluidigm.my.salesforce.com/sfc/p/700000009DAw/a/4u0000019iRN/7YpBD4H5rAgailGS_4LiZDZlvCcQ2.b9F0enq17hw1g"" target=""_blank"">PRD009-3174003B</a>","<a href=""https://fluidigm.my.salesforce.com/sfc/p/700000009DAw/a/4u000001870w/XU6eX2YZtdejnAfGRls.mPHhJTPvhOp30R18ZV_Asw4"" target=""_blank"">MSDS-3000000X</a>",various,Maxpar
CyTOF (Cytometry),3174003C,Anti-Mouse MHC class II,<div>M5/114.15.2</div>,174Yb,Mouse,25 Tests,"<a href=""https://fluidigm.my.salesforce.com/sfc/p/700000009DAw/a/4u0000019iRN/7YpBD4H5rAgailGS_4LiZDZlvCcQ2.b9F0enq17hw1g"" target=""_blank"">PRD009-3174003B</a>","<a href=""https://fluidigm.my.salesforce.com/sfc/p/700000009DAw/a/4u000001870w/XU6eX2YZtdejnAfGRls.mPHhJTPvhOp30R18ZV_Asw4"" target=""_blank"">MSDS-3000000X</a>",various,Maxpar
CyTOF (Cytometry),3174004B,Anti-Human CD4,<div>SK3</div>,174Yb,Human,100 Tests,"<a href=""https://fluidigm.my.salesforce.com/sfc/p/700000009DAw/a/4u0000019iRW/PXt3kDl791tx8Xig7EztdFPZ03zEOV83XpHH3B2McAc"" target=""_blank"">PRD009-3174004B</a>","<a href=""https://fluidigm.my.salesforce.com/sfc/p/700000009DAw/a/4u000001870w/XU6eX2YZtdejnAfGRls.mPHhJTPvhOp30R18ZV_Asw4"" target=""_blank"">MSDS-3000000X</a>",various,Maxpar
CyTOF (Cytometry),3174004C,Anti-Human CD4,<div>SK3 </div>,174Yb,Human,25 Tests,"<a href=""https://fluidigm.my.salesforce.com/sfc/p/700000009DAw/a/4u0000019iRW/PXt3kDl791tx8Xig7EztdFPZ03zEOV83XpHH3B2McAc"" target=""_blank"">PRD009-3174004B</a>","<a href=""https://fluidigm.my.salesforce.com/sfc/p/700000009DAw/a/4u000001870w/XU6eX2YZtdejnAfGRls.mPHhJTPvhOp30R18ZV_Asw4"" target=""_blank"">MSDS-3000000X</a>",various,Maxpar
CyTOF (Cytometry),3174005A,Anti-pStat4 [Y693],<div>38/p-Stat4</div>,174Yb,"Human, Mouse",50 Tests,"<a href=""https://fluidigm.my.salesforce.com/sfc/p/700000009DAw/a/4u0000019iRm/Z9Vd70l2mTv10aEyelizmeAnEQqjdj1OZXaHhotryZ8"" target=""_blank"">PRD009-3174005A</a>","<a href=""https://fluidigm.my.salesforce.com/sfc/p/700000009DAw/a/4u000001870w/XU6eX2YZtdejnAfGRls.mPHhJTPvhOp30R18ZV_Asw4"" target=""_blank"">MSDS-3000000X</a>",various,Maxpar
CyTOF (Cytometry),3174005C,Anti-pStat4 [Y693],<div>38/p-Stat4</div>,174Yb,"Human, Mouse",25 Tests,"<a href=""https://fluidigm.my.salesforce.com/sfc/p/700000009DAw/a/4u0000019iRm/Z9Vd70l2mTv10aEyelizmeAnEQqjdj1OZXaHhotryZ8"" target=""_blank"">PRD009-3174005B</a>","<a href=""https://fluidigm.my.salesforce.com/sfc/p/700000009DAw/a/4u000001870w/XU6eX2YZtdejnAfGRls.mPHhJTPvhOp30R18ZV_Asw4"" target=""_blank"">MSDS-3000000X</a>",various,Maxpar
CyTOF (Cytometry),3174006B,Anti-FITC,<div>FIT-22</div>,174Yb,"Human, Mouse",100 Tests,"<a href=""https://fluidigm.my.salesforce.com/sfc/p/700000009DAw/a/4u0000019iQw/NTqUX3YIvMyFgdJFb7Cg.myJMNZ9NVmxYkpIjpZ2Qbg"" target=""_blank"">PRD009-3174006B</a>","<a href=""https://fluidigm.my.salesforce.com/sfc/p/700000009DAw/a/4u000001870w/XU6eX2YZtdejnAfGRls.mPHhJTPvhOp30R18ZV_Asw4"" target=""_blank"">MSDS-3000000X</a>",various,Maxpar
CyTOF (Cytometry),3174006C,Anti-FITC,<div>FIT-22</div>,174Yb,"Human, Mouse",25 Tests,"<a href=""https://fluidigm.my.salesforce.com/sfc/p/700000009DAw/a/4u0000019iQw/NTqUX3YIvMyFgdJFb7Cg.myJMNZ9NVmxYkpIjpZ2Qbg"" target=""_blank"">PRD009-3174006B</a>","<a href=""https://fluidigm.my.salesforce.com/sfc/p/700000009DAw/a/4u000001870w/XU6eX2YZtdejnAfGRls.mPHhJTPvhOp30R18ZV_Asw4"" target=""_blank"">MSDS-3000000X</a>",various,Maxpar
CyTOF (Cytometry),3174007B,Anti-Mouse CD229,<div>Ly9ab3</div>,174Yb,Mouse,100 Tests,"<a href=""https://fluidigm.my.salesforce.com/sfc/p/700000009DAw/a/4u0000019iQx/kHwk70Sogz76zimflPo4BlpPyKkOESXGoi7eVj4pLnU"" target=""_blank"">PRD009-3174007B</a>","<a href=""https://fluidigm.my.salesforce.com/sfc/p/700000009DAw/a/4u000001870w/XU6eX2YZtdejnAfGRls.mPHhJTPvhOp30R18ZV_Asw4"" target=""_blank"">MSDS-3000000X</a>",various,Maxpar
CyTOF (Cytometry),3174007C,Anti-Mouse CD229,<div>Ly9ab3</div>,174Yb,Mouse,25 Tests,"<a href=""https://fluidigm.my.salesforce.com/sfc/p/700000009DAw/a/4u0000019iQx/kHwk70Sogz76zimflPo4BlpPyKkOESXGoi7eVj4pLnU"" target=""_blank"">PRD009-3174007B</a>","<a href=""https://fluidigm.my.salesforce.com/sfc/p/700000009DAw/a/4u000001870w/XU6eX2YZtdejnAfGRls.mPHhJTPvhOp30R18ZV_Asw4"" target=""_blank"">MSDS-3000000X</a>",various,Maxpar
CyTOF (Cytometry),3174008B,Anti-Mouse Gr-1 / Ly-6G/C,<div>RB6-8C5</div>,174Yb,Mouse,100 Tests,"<a href=""https://fluidigm.my.salesforce.com/sfc/p/700000009DAw/a/4u0000019iUf/HHIDAL8mGeBidr_SAFhBUcP380jSyewAtd7c0BWrRcc"" target=""_blank"">PRD009-3174008B</a>","<a href=""https://fluidigm.my.salesforce.com/sfc/p/700000009DAw/a/4u000001870w/XU6eX2YZtdejnAfGRls.mPHhJTPvhOp30R18ZV_Asw4"" target=""_blank"">MSDS-3000000X</a>",various,Maxpar
CyTOF (Cytometry),3174008C,Anti-Mouse Gr-1 / Ly-6G/C,<div>RB6-8C5</div>,174Yb,Mouse,25 Tests,"<a href=""https://fluidigm.my.salesforce.com/sfc/p/700000009DAw/a/4u0000019iUf/HHIDAL8mGeBidr_SAFhBUcP380jSyewAtd7c0BWrRcc"" target=""_blank"">PRD009-3174008B</a>","<a href=""https://fluidigm.my.salesforce.com/sfc/p/700000009DAw/a/4u000001870w/XU6eX2YZtdejnAfGRls.mPHhJTPvhOp30R18ZV_Asw4"" target=""_blank"">MSDS-3000000X</a>",various,Maxpar
CyTOF (Cytometry),3174012B,Anti-Human CD89,<div>A59</div>,174Yb,"Human, African Green, Baboon, Cynomolgus, Rhesus",100 Tests,"<a href=""https://fluidigm.my.salesforce.com/sfc/p/700000009DAw/a/4u0000019iV2/QVrB.YmYVdM94ZJEZJZoAD.ueYSEoL11CK0mn1OvUO0"" target=""_blank"">PRD009-3174012B</a>","<a href=""https://fluidigm.my.salesforce.com/sfc/p/700000009DAw/a/4u000001870w/XU6eX2YZtdejnAfGRls.mPHhJTPvhOp30R18ZV_Asw4"" target=""_blank"">MSDS-3000000X</a>",various,Maxpar
CyTOF (Cytometry),3174012C,Anti-Human CD89,<div>A59</div>,174Yb,"Human, African Green, Baboon, Cynomolgus, Rhesus",25 Tests,"<a href=""https://fluidigm.my.salesforce.com/sfc/p/700000009DAw/a/4u0000019iV2/QVrB.YmYVdM94ZJEZJZoAD.ueYSEoL11CK0mn1OvUO0"" target=""_blank"">PRD009-3174012B</a>","<a href=""https://fluidigm.my.salesforce.com/sfc/p/700000009DAw/a/4u000001870w/XU6eX2YZtdejnAfGRls.mPHhJTPvhOp30R18ZV_Asw4"" target=""_blank"">MSDS-3000000X</a>",various,Maxpar
CyTOF (Cytometry),3174013B,Anti-Mouse CD127/IL7Rα,<div>A7R34</div>,174Yb,Mouse,100 Tests,"<a href=""https://fluidigm.my.salesforce.com/sfc/p/700000009DAw/a/4u0000019iUy/Yn2D22j11ZN1FgrrGBIxe4UGLj1aI7sVPef4wyR9Bjk"" target=""_blank"">PRD009-3174013B</a>","<a href=""https://fluidigm.my.salesforce.com/sfc/p/700000009DAw/a/4u000001870w/XU6eX2YZtdejnAfGRls.mPHhJTPvhOp30R18ZV_Asw4"" target=""_blank"">MSDS-3000000X</a>",various,Maxpar
CyTOF (Cytometry),3174013C,Anti-Mouse CD127/IL7Rα,<div>A7R34</div>,174Yb,Mouse,25 Tests,"<a href=""https://fluidigm.my.salesforce.com/sfc/p/700000009DAw/a/4u0000019iUy/Yn2D22j11ZN1FgrrGBIxe4UGLj1aI7sVPef4wyR9Bjk"" target=""_blank"">PRD009-3174013B</a>","<a href=""https://fluidigm.my.salesforce.com/sfc/p/700000009DAw/a/4u000001870w/XU6eX2YZtdejnAfGRls.mPHhJTPvhOp30R18ZV_Asw4"" target=""_blank"">MSDS-3000000X</a>",various,Maxpar
CyTOF (Cytometry),3174014A,Anti-Human Keratin 8/18,<div>C51</div>,174Yb,"Human, Monkey",50 Tests,"<a href=""https://fluidigm.my.salesforce.com/sfc/p/700000009DAw/a/4u0000019iUz/4dujcpJhWTv6OzvDak5ZhyDlQ6umv6h0ucdZyH85U8I"" target=""_blank"">PRD009-3174014A</a>","<a href=""https://fluidigm.my.salesforce.com/sfc/p/700000009DAw/a/4u000001870w/XU6eX2YZtdejnAfGRls.mPHhJTPvhOp30R18ZV_Asw4"" target=""_blank"">MSDS-3000000X</a>",various,Maxpar
CyTOF (Cytometry),3174014C,Anti-Human Keratin 8/18,<div>C51</div>,174Yb,"Human, Monkey",25 Tests,"<a href=""https://fluidigm.my.salesforce.com/sfc/p/700000009DAw/a/4u0000019iUz/4dujcpJhWTv6OzvDak5ZhyDlQ6umv6h0ucdZyH85U8I"" target=""_blank"">PRD009-3174014B</a>","<a href=""https://fluidigm.my.salesforce.com/sfc/p/700000009DAw/a/4u000001870w/XU6eX2YZtdejnAfGRls.mPHhJTPvhOp30R18ZV_Asw4"" target=""_blank"">MSDS-3000000X</a>",various,Maxpar
CyTOF (Cytometry),3174015B,Anti-Human CD94 ,<div>HP-3D9</div>,174Yb,Human,100 Tests,"<a href=""https://fluidigm.my.salesforce.com/sfc/p/700000009DAw/a/4u0000019iV3/ZIG9gEHx6vSkP3j492v8HVFYt6zoDgbjBl0zljobAU0"" target=""_blank"">PRD009-3174015B</a>","<a href=""https://fluidigm.my.salesforce.com/sfc/p/700000009DAw/a/4u000001870w/XU6eX2YZtdejnAfGRls.mPHhJTPvhOp30R18ZV_Asw4"" target=""_blank"">MSDS-3000000X</a>",various,Maxpar
CyTOF (Cytometry),3174015C,Anti-Human CD94 ,<div>HP-3D9</div>,174Yb,Human,25 Tests,"<a href=""https://fluidigm.my.salesforce.com/sfc/p/700000009DAw/a/4u0000019iV3/ZIG9gEHx6vSkP3j492v8HVFYt6zoDgbjBl0zljobAU0"" target=""_blank"">PRD009-3174015B</a>","<a href=""https://fluidigm.my.salesforce.com/sfc/p/700000009DAw/a/4u000001870w/XU6eX2YZtdejnAfGRls.mPHhJTPvhOp30R18ZV_Asw4"" target=""_blank"">MSDS-3000000X</a>",various,Maxpar
CyTOF (Cytometry),3174016B,Anti-Human MIC A/B ,<div>6D4</div>,174Yb,Human,100 Tests,"<a href=""https://fluidigm.my.salesforce.com/sfc/p/700000009DAw/a/4u0000019iV7/D64Kvqs79eY7PaRzRK2.BEyi7aW5z_BzgPAojTM5PEQ"" target=""_blank"">PRD009-3174016B</a>","<a href=""https://fluidigm.my.salesforce.com/sfc/p/700000009DAw/a/4u000001870w/XU6eX2YZtdejnAfGRls.mPHhJTPvhOp30R18ZV_Asw4"" target=""_blank"">MSDS-3000000X</a>",various,Maxpar
CyTOF (Cytometry),3174016C,Anti-Human MIC A/B ,<div>6D4</div>,174Yb,Human,25 Tests,"<a href=""https://fluidigm.my.salesforce.com/sfc/p/700000009DAw/a/4u0000019iV7/D64Kvqs79eY7PaRzRK2.BEyi7aW5z_BzgPAojTM5PEQ"" target=""_blank"">PRD009-3174016B</a>","<a href=""https://fluidigm.my.salesforce.com/sfc/p/700000009DAw/a/4u000001870w/XU6eX2YZtdejnAfGRls.mPHhJTPvhOp30R18ZV_Asw4"" target=""_blank"">MSDS-3000000X</a>",various,Maxpar
CyTOF (Cytometry),3174017B,Anti-Human CD229 ,<div>HLy9.1.25</div>,174Yb,Human,100 Tests,"<a href=""https://fluidigm.my.salesforce.com/sfc/p/700000009DAw/a/4u0000019iVC/.7Z9.ugucOUex5LHlPaO.DZGVrWCRShMvQ4xV7.qHdk"" target=""_blank"">PRD009-3174017B</a>","<a href=""https://fluidigm.my.salesforce.com/sfc/p/700000009DAw/a/4u000001870w/XU6eX2YZtdejnAfGRls.mPHhJTPvhOp30R18ZV_Asw4"" target=""_blank"">MSDS-3000000X</a>",various,Maxpar
CyTOF (Cytometry),3174017C,Anti-Human CD229 ,<div>HLy9.1.25 </div>,174Yb,Human,25 Tests,"<a href=""https://fluidigm.my.salesforce.com/sfc/p/700000009DAw/a/4u0000019iVC/.7Z9.ugucOUex5LHlPaO.DZGVrWCRShMvQ4xV7.qHdk"" target=""_blank"">PRD009-3174017B</a>","<a href=""https://fluidigm.my.salesforce.com/sfc/p/700000009DAw/a/4u000001870w/XU6eX2YZtdejnAfGRls.mPHhJTPvhOp30R18ZV_Asw4"" target=""_blank"">MSDS-3000000X</a>",various,Maxpar
CyTOF (Cytometry),3174018B,Anti-Human CD49d,<div>9F10</div>,174Yb,"Human, African Green, Baboon, Cat (Feline), Cattle (Bovine, Cow), Chimpanzee, Common Marmoset, Cynomolgus, Dog (Canine), Horse (Equine), Rhesus, Sheep (Ovine), Squirrel Monkey",100 Tests,"<a href=""https://fluidigm.my.salesforce.com/sfc/p/700000009DAw/a/4u0000019iUx/gqwZqEY2NhdQT6ijbSSMQcukWKKgDg.j0hBete.XgCM"" target=""_blank"">PRD009-3174018B</a>","<a href=""https://fluidigm.my.salesforce.com/sfc/p/700000009DAw/a/4u000001870w/XU6eX2YZtdejnAfGRls.mPHhJTPvhOp30R18ZV_Asw4"" target=""_blank"">MSDS-3000000X</a>",various,Maxpar
CyTOF (Cytometry),3174018C,Anti-Human CD49d,<div>9F10</div>,174Yb,"Human, African Green, Baboon, Cat (Feline), Cattle (Bovine, Cow), Chimpanzee, Common Marmoset, Cynomolgus, Dog (Canine), Horse (Equine), Rhesus, Sheep (Ovine), Squirrel Monkey",25 Tests,"<a href=""https://fluidigm.my.salesforce.com/sfc/p/700000009DAw/a/4u0000019iUx/gqwZqEY2NhdQT6ijbSSMQcukWKKgDg.j0hBete.XgCM"" target=""_blank"">PRD009-3174018B</a>","<a href=""https://fluidigm.my.salesforce.com/sfc/p/700000009DAw/a/4u000001870w/XU6eX2YZtdejnAfGRls.mPHhJTPvhOp30R18ZV_Asw4"" target=""_blank"">MSDS-3000000X</a>",various,Maxpar
CyTOF (Cytometry),3174019B,Anti-Mouse CD223/LAG-3,<div>C9B7W</div>,174Yb,Mouse,100 Tests,"<a href=""https://fluidigm.my.salesforce.com/sfc/p/700000009DAw/a/4u0000019iUe/r_l0DaSe07tf6CiujAz0N.zq7WCdW_rgR5ffj5eAIy4"" target=""_blank"">PRD009-3174019B</a>","<a href=""https://fluidigm.my.salesforce.com/sfc/p/700000009DAw/a/4u000001870w/XU6eX2YZtdejnAfGRls.mPHhJTPvhOp30R18ZV_Asw4"" target=""_blank"">MSDS-3000000X</a>",various,Maxpar
CyTOF (Cytometry),3174019C,Anti-Mouse CD223/LAG-3,<div>C9B7W</div>,174Yb,Mouse,25 Tests,"<a href=""https://fluidigm.my.salesforce.com/sfc/p/700000009DAw/a/4u0000019iUe/r_l0DaSe07tf6CiujAz0N.zq7WCdW_rgR5ffj5eAIy4"" target=""_blank"">PRD009-3174019B</a>","<a href=""https://fluidigm.my.salesforce.com/sfc/p/700000009DAw/a/4u000001870w/XU6eX2YZtdejnAfGRls.mPHhJTPvhOp30R18ZV_Asw4"" target=""_blank"">MSDS-3000000X</a>",various,Maxpar
CyTOF (Cytometry),3174020B,Anti-Human CD279/PD-1,<div>EH12.2H7</div>,174Yb,"Human, Cynomolgus Macaque, Rhesus Macaque, Chimpanzee, Squirrel Monkey, Common Marmoset, Baboon, African Green Monkey",100 Tests,"<a href=""https://fluidigm.my.salesforce.com/sfc/p/700000009DAw/a/4u0000019iUs/wXH3IUGIv3HZMzwoL9wm7LHPFjaGO4inT3MGXZb.eGI"" target=""_blank"">PRD009-3174020B</a>","<a href=""https://fluidigm.my.salesforce.com/sfc/p/700000009DAw/a/4u000001870w/XU6eX2YZtdejnAfGRls.mPHhJTPvhOp30R18ZV_Asw4"" target=""_blank"">MSDS-3000000X</a>",various,Maxpar
CyTOF (Cytometry),3174020C,Anti-Human CD279/PD-1,<div>EH12.2H7</div>,174Yb,"Human, Cynomolgus Macaque, Rhesus Macaque, Chimpanzee, Squirrel Monkey, Common Marmoset, Baboon, African Green Monkey",25 Tests,"<a href=""https://fluidigm.my.salesforce.com/sfc/p/700000009DAw/a/4u0000019iUs/wXH3IUGIv3HZMzwoL9wm7LHPFjaGO4inT3MGXZb.eGI"" target=""_blank"">PRD009-3174020B</a>","<a href=""https://fluidigm.my.salesforce.com/sfc/p/700000009DAw/a/4u000001870w/XU6eX2YZtdejnAfGRls.mPHhJTPvhOp30R18ZV_Asw4"" target=""_blank"">MSDS-3000000X</a>",various,Maxpar
CyTOF (Cytometry),3174021B,Anti-Human ErbB2 ,<div>42/c-erbB-2</div>,174Yb,Human,100 Tests,"<a href=""https://fluidigm.my.salesforce.com/sfc/p/700000009DAw/a/4u0000019iUo/kpzQ6oHMLDIXIwzPigCm0fOVOY.zrGVTwzmit97vcr0"" target=""_blank"">PRD009-3174021B</a>","<a href=""https://fluidigm.my.salesforce.com/sfc/p/700000009DAw/a/4u000001870w/XU6eX2YZtdejnAfGRls.mPHhJTPvhOp30R18ZV_Asw4"" target=""_blank"">MSDS-3000000X</a>",various,Maxpar
CyTOF (Cytometry),3174021C,Anti-Human ErbB2 ,<div>42/c-erbB-2</div>,174Yb,Human,25 Tests,"<a href=""https://fluidigm.my.salesforce.com/sfc/p/700000009DAw/a/4u0000019iUo/kpzQ6oHMLDIXIwzPigCm0fOVOY.zrGVTwzmit97vcr0"" target=""_blank"">PRD009-3174021B</a>","<a href=""https://fluidigm.my.salesforce.com/sfc/p/700000009DAw/a/4u000001870w/XU6eX2YZtdejnAfGRls.mPHhJTPvhOp30R18ZV_Asw4"" target=""_blank"">MSDS-3000000X</a>",various,Maxpar
CyTOF (Cytometry),3175004B,Anti-Human Perforin,<div>B-D48</div>,175Lu,Human,100 Tests,"<a href=""https://fluidigm.my.salesforce.com/sfc/p/700000009DAw/a/4u0000019iUZ/1VCxlihY04QUva9N7neJ_ijMrlhbVvMV5xKKWyX6zyA"" target=""_blank"">PRD009-3175004B</a>","<a href=""https://fluidigm.my.salesforce.com/sfc/p/700000009DAw/a/4u000001870w/XU6eX2YZtdejnAfGRls.mPHhJTPvhOp30R18ZV_Asw4"" target=""_blank"">MSDS-3000000X</a>",various,Maxpar
CyTOF (Cytometry),3175004C,Anti-Human Perforin,<div>B-D48 </div>,175Lu,Human,25 Tests,"<a href=""https://fluidigm.my.salesforce.com/sfc/p/700000009DAw/a/4u0000019iUZ/1VCxlihY04QUva9N7neJ_ijMrlhbVvMV5xKKWyX6zyA"" target=""_blank"">PRD009-3175004B</a>","<a href=""https://fluidigm.my.salesforce.com/sfc/p/700000009DAw/a/4u000001870w/XU6eX2YZtdejnAfGRls.mPHhJTPvhOp30R18ZV_Asw4"" target=""_blank"">MSDS-3000000X</a>",various,Maxpar
CyTOF (Cytometry),3175005A,Anti-pStat6 [Y641],<div>18/P-Stat6</div>,175Lu,Human,50 Tests,"<a href=""https://fluidigm.my.salesforce.com/sfc/p/700000009DAw/a/4u0000019iUd/9klx6HkO3E4RaGCyfGjqsnUApmUX3kNwKFvihwoqFZQ"" target=""_blank"">PRD009-3175005A</a>","<a href=""https://fluidigm.my.salesforce.com/sfc/p/700000009DAw/a/4u000001870w/XU6eX2YZtdejnAfGRls.mPHhJTPvhOp30R18ZV_Asw4"" target=""_blank"">MSDS-3000000X</a>",various,Maxpar
CyTOF (Cytometry),3175005C,Anti-pStat6 [Y641],<div>18/P-Stat6</div>,175Lu,Human,25 Tests,"<a href=""https://fluidigm.my.salesforce.com/sfc/p/700000009DAw/a/4u0000019iUd/9klx6HkO3E4RaGCyfGjqsnUApmUX3kNwKFvihwoqFZQ"" target=""_blank"">PRD009-3175005B</a>","<a href=""https://fluidigm.my.salesforce.com/sfc/p/700000009DAw/a/4u000001870w/XU6eX2YZtdejnAfGRls.mPHhJTPvhOp30R18ZV_Asw4"" target=""_blank"">MSDS-3000000X</a>",various,Maxpar
CyTOF (Cytometry),3175006B,Anti-Mouse CD127/IL7Rα,<div>A7R34</div>,175Lu,Mouse,100 Tests,"<a href=""https://fluidigm.my.salesforce.com/sfc/p/700000009DAw/a/4u0000019iUY/aNvbfuKj00BAhXWpGqG7xD_kFpivYM.i1TA5JHI5A2M"" target=""_blank"">PRD009-3175006B</a>","<a href=""https://fluidigm.my.salesforce.com/sfc/p/700000009DAw/a/4u000001870w/XU6eX2YZtdejnAfGRls.mPHhJTPvhOp30R18ZV_Asw4"" target=""_blank"">MSDS-3000000X</a>",various,Maxpar
CyTOF (Cytometry),3175006C,Anti-Mouse CD127/IL7Rα,<div>A7R34</div>,175Lu,Mouse,25 Tests,"<a href=""https://fluidigm.my.salesforce.com/sfc/p/700000009DAw/a/4u0000019iUY/aNvbfuKj00BAhXWpGqG7xD_kFpivYM.i1TA5JHI5A2M"" target=""_blank"">PRD009-3175006B</a>","<a href=""https://fluidigm.my.salesforce.com/sfc/p/700000009DAw/a/4u000001870w/XU6eX2YZtdejnAfGRls.mPHhJTPvhOp30R18ZV_Asw4"" target=""_blank"">MSDS-3000000X</a>",various,Maxpar
CyTOF (Cytometry),3175008B,Anti-Human CD279/PD-1,<div>EH12.2H7</div>,175Lu,"Human, Cynomolgus Macaque, Rhesus Macaque, Chimpanzee, Squirrel Monkey, Common Marmoset, Baboon, African Green Monkey",100 Tests,"<a href=""https://fluidigm.my.salesforce.com/sfc/p/700000009DAw/a/4u0000019iTm/0Gl.67sUNTRpULpXiwSY0jyVDM.Yw1MDFS_uwTtfv6E"" target=""_blank"">PRD009-3175008B</a>","<a href=""https://fluidigm.my.salesforce.com/sfc/p/700000009DAw/a/4u000001870w/XU6eX2YZtdejnAfGRls.mPHhJTPvhOp30R18ZV_Asw4"" target=""_blank"">MSDS-3000000X</a>",various,Maxpar
CyTOF (Cytometry),3175008C,Anti-Human CD279/PD-1,<div>EH12.2H7</div>,175Lu,"Human, Cynomolgus Macaque, Rhesus Macaque, Chimpanzee, Squirrel Monkey, Common Marmoset, Baboon, African Green Monkey",25 Tests,"<a href=""https://fluidigm.my.salesforce.com/sfc/p/700000009DAw/a/4u0000019iTm/0Gl.67sUNTRpULpXiwSY0jyVDM.Yw1MDFS_uwTtfv6E"" target=""_blank"">PRD009-3175008B</a>","<a href=""https://fluidigm.my.salesforce.com/sfc/p/700000009DAw/a/4u000001870w/XU6eX2YZtdejnAfGRls.mPHhJTPvhOp30R18ZV_Asw4"" target=""_blank"">MSDS-3000000X</a>",various,Maxpar
CyTOF (Cytometry),3175009A,Anti-pS6 [S235/S236],<div>N7-548</div>,175Lu,"Human, Mouse, Rat",50 Tests,"<a href=""https://fluidigm.my.salesforce.com/sfc/p/700000009DAw/a/4u0000019iUT/jq1rovobE_ZdTxcjJFot6DF8WG9yahKR6m0TTQIzskk"" target=""_blank"">PRD009-3175009A</a>","<a href=""https://fluidigm.my.salesforce.com/sfc/p/700000009DAw/a/4u000001870w/XU6eX2YZtdejnAfGRls.mPHhJTPvhOp30R18ZV_Asw4"" target=""_blank"">MSDS-3000000X</a>",various,Maxpar
CyTOF (Cytometry),3175009C,Anti-pS6 [S235/S236],<div>N7-548</div>,175Lu,"Human, Mouse, Rat",25 Tests,"<a href=""https://fluidigm.my.salesforce.com/sfc/p/700000009DAw/a/4u0000019iUT/jq1rovobE_ZdTxcjJFot6DF8WG9yahKR6m0TTQIzskk"" target=""_blank"">PRD009-3175009B</a>","<a href=""https://fluidigm.my.salesforce.com/sfc/p/700000009DAw/a/4u000001870w/XU6eX2YZtdejnAfGRls.mPHhJTPvhOp30R18ZV_Asw4"" target=""_blank"">MSDS-3000000X</a>",various,Maxpar
CyTOF (Cytometry),3175010B,Anti-Mouse CD45,<div>30-F11</div>,175Lu,Mouse,100 Tests,"<a href=""https://fluidigm.my.salesforce.com/sfc/p/700000009DAw/a/4u0000019iTx/Gx9w5hidXWyIqlsOr6RbCilX3ODodo.FTr67TmJ5UEA"" target=""_blank"">PRD009-3175010B</a>","<a href=""https://fluidigm.my.salesforce.com/sfc/p/700000009DAw/a/4u000001870w/XU6eX2YZtdejnAfGRls.mPHhJTPvhOp30R18ZV_Asw4"" target=""_blank"">MSDS-3000000X</a>",various,Maxpar
CyTOF (Cytometry),3175010C,Anti-Mouse CD45,<div>30-F11</div>,175Lu,Mouse,25 Tests,"<a href=""https://fluidigm.my.salesforce.com/sfc/p/700000009DAw/a/4u0000019iTx/Gx9w5hidXWyIqlsOr6RbCilX3ODodo.FTr67TmJ5UEA"" target=""_blank"">PRD009-3175010B</a>","<a href=""https://fluidigm.my.salesforce.com/sfc/p/700000009DAw/a/4u000001870w/XU6eX2YZtdejnAfGRls.mPHhJTPvhOp30R18ZV_Asw4"" target=""_blank"">MSDS-3000000X</a>",various,Maxpar
CyTOF (Cytometry),3175011B,Anti-Human CD71,<div>OKT-9</div>,175Lu,"Human, Mouse",100 Tests,"<a href=""https://fluidigm.my.salesforce.com/sfc/p/700000009DAw/a/4u0000019iUP/pjwRot2RyLe_hQSCAjp.hmED6_eRrrZ44dNQHmbb8og"" target=""_blank"">PRD009-3175011B</a>","<a href=""https://fluidigm.my.salesforce.com/sfc/p/700000009DAw/a/4u000001870w/XU6eX2YZtdejnAfGRls.mPHhJTPvhOp30R18ZV_Asw4"" target=""_blank"">MSDS-3000000X</a>",various,Maxpar
CyTOF (Cytometry),3175011C,Anti-Human CD71,<div>OKT-9</div>,175Lu,"Human, Mouse",25 Tests,"<a href=""https://fluidigm.my.salesforce.com/sfc/p/700000009DAw/a/4u0000019iUP/pjwRot2RyLe_hQSCAjp.hmED6_eRrrZ44dNQHmbb8og"" target=""_blank"">PRD009-3175011B</a>","<a href=""https://fluidigm.my.salesforce.com/sfc/p/700000009DAw/a/4u000001870w/XU6eX2YZtdejnAfGRls.mPHhJTPvhOp30R18ZV_Asw4"" target=""_blank"">MSDS-3000000X</a>",various,Maxpar
CyTOF (Cytometry),3175012A,Anti-pHistone H3 [S28],<div>HTA28</div>,175Lu,"Human, Mouse, Rat",50 Tests,"<a href=""https://fluidigm.my.salesforce.com/sfc/p/700000009DAw/a/4u0000019iTw/VSgbUPfz6cQXJ.vu6Y_nmPuTwbwKg9hrtL9kjIpNiKE"" target=""_blank"">PRD009-3175012A</a>","<a href=""https://fluidigm.my.salesforce.com/sfc/p/700000009DAw/a/4u000001870w/XU6eX2YZtdejnAfGRls.mPHhJTPvhOp30R18ZV_Asw4"" target=""_blank"">MSDS-3000000X</a>",various,Maxpar
CyTOF (Cytometry),3175012C,Anti-pHistone H3 [S28],<div>HTA28 </div>,175Lu,"Human, Mouse, Rat",25 Tests,"<a href=""https://fluidigm.my.salesforce.com/sfc/p/700000009DAw/a/4u0000019iTw/VSgbUPfz6cQXJ.vu6Y_nmPuTwbwKg9hrtL9kjIpNiKE"" target=""_blank"">PRD009-3175012B</a>","<a href=""https://fluidigm.my.salesforce.com/sfc/p/700000009DAw/a/4u000001870w/XU6eX2YZtdejnAfGRls.mPHhJTPvhOp30R18ZV_Asw4"" target=""_blank"">MSDS-3000000X</a>",various,Maxpar
CyTOF (Cytometry),3175014B,Anti-Mouse CD38,<div>90</div>,175Lu,Mouse,100 Tests,"<a href=""https://fluidigm.my.salesforce.com/sfc/p/700000009DAw/a/4u0000019iUO/4vOPfg6vmw1KrnbeFihxYtVxd6BGnnqOcGQ3v27Xd5w"" target=""_blank"">PRD009-3175014B</a>","<a href=""https://fluidigm.my.salesforce.com/sfc/p/700000009DAw/a/4u000001870w/XU6eX2YZtdejnAfGRls.mPHhJTPvhOp30R18ZV_Asw4"" target=""_blank"">MSDS-3000000X</a>",various,Maxpar
CyTOF (Cytometry),3175014C,Anti-Mouse CD38,<div>90</div>,175Lu,Mouse,25 Tests,"<a href=""https://fluidigm.my.salesforce.com/sfc/p/700000009DAw/a/4u0000019iUO/4vOPfg6vmw1KrnbeFihxYtVxd6BGnnqOcGQ3v27Xd5w"" target=""_blank"">PRD009-3175014B</a>","<a href=""https://fluidigm.my.salesforce.com/sfc/p/700000009DAw/a/4u000001870w/XU6eX2YZtdejnAfGRls.mPHhJTPvhOp30R18ZV_Asw4"" target=""_blank"">MSDS-3000000X</a>",various,Maxpar
CyTOF (Cytometry),3175015B,Anti-Human CD14,<div>M5E2</div>,175Lu,"Human, Cynomolgus Macaque, Rhesus Macaque, African Green Monkey, Capuchin Monkey, Cow, Chimpanzee, Common Marmoset, Cotton-Topped Tamarin, Dog, Pigtailed Macaque, Squirrel Monkey",100 Tests,"<a href=""https://fluidigm.my.salesforce.com/sfc/p/700000009DAw/a/4u0000019iUK/IhkAEoYL0PUnjLfdsTzwgbte.f9EMq_DDcqnu7.hbvs"" target=""_blank"">PRD009-3175015B</a>","<a href=""https://fluidigm.my.salesforce.com/sfc/p/700000009DAw/a/4u000001870w/XU6eX2YZtdejnAfGRls.mPHhJTPvhOp30R18ZV_Asw4"" target=""_blank"">MSDS-3000000X</a>",various,Maxpar
CyTOF (Cytometry),3175015C,Anti-Human CD14,<div>M5E2</div>,175Lu,"Human, Cynomolgus Macaque, Rhesus Macaque, African Green Monkey, Capuchin Monkey, Cow, Chimpanzee, Common Marmoset, Cotton-Topped Tamarin, Dog, Pigtailed Macaque, Squirrel Monkey",25 Tests,"<a href=""https://fluidigm.my.salesforce.com/sfc/p/700000009DAw/a/4u0000019iUK/IhkAEoYL0PUnjLfdsTzwgbte.f9EMq_DDcqnu7.hbvs"" target=""_blank"">PRD009-3175015B</a>","<a href=""https://fluidigm.my.salesforce.com/sfc/p/700000009DAw/a/4u000001870w/XU6eX2YZtdejnAfGRls.mPHhJTPvhOp30R18ZV_Asw4"" target=""_blank"">MSDS-3000000X</a>",various,Maxpar
CyTOF (Cytometry),3175016B,Anti-Human CD207,<div>4C7</div>,175Lu,"Human, Mouse, Cynomolgus, Rabbit, Swine (Pig, Porcine)",100 Tests,"<a href=""https://fluidigm.my.salesforce.com/sfc/p/700000009DAw/a/4u0000019iUF/sAA.O0GMOPKnZHTUKC4UsVnBDFcOE56rJVYhdolPdVk"" target=""_blank"">PRD009-3175016B</a>","<a href=""https://fluidigm.my.salesforce.com/sfc/p/700000009DAw/a/4u000001870w/XU6eX2YZtdejnAfGRls.mPHhJTPvhOp30R18ZV_Asw4"" target=""_blank"">MSDS-3000000X</a>",various,Maxpar
CyTOF (Cytometry),3175016C,Anti-Human CD207,<div>4C7</div>,175Lu,"Human, Mouse, Cynomolgus, Rabbit, Swine (Pig, Porcine)",25 Tests,"<a href=""https://fluidigm.my.salesforce.com/sfc/p/700000009DAw/a/4u0000019iUF/sAA.O0GMOPKnZHTUKC4UsVnBDFcOE56rJVYhdolPdVk"" target=""_blank"">PRD009-3175016B</a>","<a href=""https://fluidigm.my.salesforce.com/sfc/p/700000009DAw/a/4u000001870w/XU6eX2YZtdejnAfGRls.mPHhJTPvhOp30R18ZV_Asw4"" target=""_blank"">MSDS-3000000X</a>",various,Maxpar
CyTOF (Cytometry),3175017B,Anti-Human CD274/PD-L1,<div>29E.2A3</div>,175Lu,"Human, African Green, Cynomolgus Macaque, Rhesus Macaque, Baboon",100 Tests,"<a href=""https://fluidigm.my.salesforce.com/sfc/p/700000009DAw/a/4u0000019iUJ/ySRpeu84QVUm.rEXGqHF1Ert7eXz.w2.CPETz1Dxwik"" target=""_blank"">PRD009-3175017B</a>","<a href=""https://fluidigm.my.salesforce.com/sfc/p/700000009DAw/a/4u000001870w/XU6eX2YZtdejnAfGRls.mPHhJTPvhOp30R18ZV_Asw4"" target=""_blank"">MSDS-3000000X</a>",various,Maxpar
CyTOF (Cytometry),3175017C,Anti-Human CD274/PD-L1,<div>29E.2A3</div>,175Lu,"Human, African Green, Cynomolgus Macaque, Rhesus Macaque, Baboon",25 Tests,"<a href=""https://fluidigm.my.salesforce.com/sfc/p/700000009DAw/a/4u0000019iUJ/ySRpeu84QVUm.rEXGqHF1Ert7eXz.w2.CPETz1Dxwik"" target=""_blank"">PRD009-3175017B</a>","<a href=""https://fluidigm.my.salesforce.com/sfc/p/700000009DAw/a/4u000001870w/XU6eX2YZtdejnAfGRls.mPHhJTPvhOp30R18ZV_Asw4"" target=""_blank"">MSDS-3000000X</a>",various,Maxpar
CyTOF (Cytometry),3175020B,Anti-Mouse CD273/PD-L2,<div>122</div>,175Lu,Mouse,100 Tests,"<a href=""https://fluidigm.my.salesforce.com/sfc/p/700000009DAw/a/4u0000019iiE/aOgUFdTPvnKA5v.idUX83m15hAb4.qj7xbR3k3hI0qk"" target=""_blank"">PRD009-3175020B</a>","<a href=""https://fluidigm.my.salesforce.com/sfc/p/700000009DAw/a/4u000001870w/XU6eX2YZtdejnAfGRls.mPHhJTPvhOp30R18ZV_Asw4"" target=""_blank"">MSDS-3000000X</a>",various,Maxpar
CyTOF (Cytometry),3175020C,Anti-Mouse CD273/PD-L2,<div>122</div>,175Lu,Mouse,25 Tests,"<a href=""https://fluidigm.my.salesforce.com/sfc/p/700000009DAw/a/4u0000019iiE/aOgUFdTPvnKA5v.idUX83m15hAb4.qj7xbR3k3hI0qk"" target=""_blank"">PRD009-3175020B</a>","<a href=""https://fluidigm.my.salesforce.com/sfc/p/700000009DAw/a/4u000001870w/XU6eX2YZtdejnAfGRls.mPHhJTPvhOp30R18ZV_Asw4"" target=""_blank"">MSDS-3000000X</a>",various,Maxpar
CyTOF (Cytometry),3175023B,Anti-Human TNFα,<div>Mab11</div>,175Lu,"Human, Cat, Chimpanzee, Baboon, Cynomolgus Macaque, Rhesus Macaque, Pigtailed Macaque, Sooty Mangabey, Pig",100 Tests,"<a href=""https://fluidigm.my.salesforce.com/sfc/p/700000009DAw/a/4u0000019iU4/M_xq9Gm5ap89aPfpBYYxEwFmaJLn2UoP8pbqH4Cekls"" target=""_blank"">PRD009-3175023B</a>","<a href=""https://fluidigm.my.salesforce.com/sfc/p/700000009DAw/a/4u000001870w/XU6eX2YZtdejnAfGRls.mPHhJTPvhOp30R18ZV_Asw4"" target=""_blank"">MSDS-3000000X</a>",various,Maxpar
CyTOF (Cytometry),3175023C,Anti-Human TNFα,<div>Mab11</div>,175Lu,"Human, Cat, Chimpanzee, Baboon, Cynomolgus Macaque, Rhesus Macaque, Pigtailed Macaque, Sooty Mangabey, Pig",25 Tests,"<a href=""https://fluidigm.my.salesforce.com/sfc/p/700000009DAw/a/4u0000019iU4/M_xq9Gm5ap89aPfpBYYxEwFmaJLn2UoP8pbqH4Cekls"" target=""_blank"">PRD009-3175023B</a>","<a href=""https://fluidigm.my.salesforce.com/sfc/p/700000009DAw/a/4u000001870w/XU6eX2YZtdejnAfGRls.mPHhJTPvhOp30R18ZV_Asw4"" target=""_blank"">MSDS-3000000X</a>",various,Maxpar
CyTOF (Cytometry),3175024B,Anti-Human CD172a,<div>SE5A5</div>,175Lu,"Human, African Green, Baboon, Cynomolgus, Rhesus",100 Tests,"<a href=""https://fluidigm.my.salesforce.com/sfc/p/700000009DAw/a/4u0000019iTW/MBq32M_oEQIEeG6KYs8DExjHOTJvGM6OYOt.9BuPoLA"" target=""_blank"">PRD009-3175024B</a>","<a href=""https://fluidigm.my.salesforce.com/sfc/p/700000009DAw/a/4u000001870w/XU6eX2YZtdejnAfGRls.mPHhJTPvhOp30R18ZV_Asw4"" target=""_blank"">MSDS-3000000X</a>",various,Maxpar
CyTOF (Cytometry),3175024C,Anti-Human CD172a,<div>SE5A5</div>,175Lu,"Human, African Green, Baboon, Cynomolgus, Rhesus",25 Tests,"<a href=""https://fluidigm.my.salesforce.com/sfc/p/700000009DAw/a/4u0000019iTW/MBq32M_oEQIEeG6KYs8DExjHOTJvGM6OYOt.9BuPoLA"" target=""_blank"">PRD009-3175024B</a>","<a href=""https://fluidigm.my.salesforce.com/sfc/p/700000009DAw/a/4u000001870w/XU6eX2YZtdejnAfGRls.mPHhJTPvhOp30R18ZV_Asw4"" target=""_blank"">MSDS-3000000X</a>",various,Maxpar
CyTOF (Cytometry),3175025B,Anti-Human CD193/CCR3,<div>5E8</div>,175Lu,Human,100 Tests,"<a href=""https://fluidigm.my.salesforce.com/sfc/p/700000009DAw/a/4u0000019iTv/VeWnjfy5ONYrXtzQtybJUZt71isanVqk9AFhzd8XRUY"" target=""_blank"">PRD009-3175025B</a>","<a href=""https://fluidigm.my.salesforce.com/sfc/p/700000009DAw/a/4u000001870w/XU6eX2YZtdejnAfGRls.mPHhJTPvhOp30R18ZV_Asw4"" target=""_blank"">MSDS-3000000X</a>",various,Maxpar
CyTOF (Cytometry),3175025C,Anti-Human CD193/CCR3,<div>5E8</div>,175Lu,Human,25 Tests,"<a href=""https://fluidigm.my.salesforce.com/sfc/p/700000009DAw/a/4u0000019iTv/VeWnjfy5ONYrXtzQtybJUZt71isanVqk9AFhzd8XRUY"" target=""_blank"">PRD009-3175025B</a>","<a href=""https://fluidigm.my.salesforce.com/sfc/p/700000009DAw/a/4u000001870w/XU6eX2YZtdejnAfGRls.mPHhJTPvhOp30R18ZV_Asw4"" target=""_blank"">MSDS-3000000X</a>",various,Maxpar
CyTOF (Cytometry),3175026A,Anti-Pan-Actin,<div>D18C11</div>,175Lu,"Rat, Mouse, Human, Monkey",50 Tests,"<a href=""https://fluidigm.my.salesforce.com/sfc/p/700000009DAw/a/4u0000019iU9/aztgN7pOclhBFQliYQPvTKCGwtRQdLHgn4HEkAelLc8"" target=""_blank"">PRD009-3175026A</a>","<a href=""https://fluidigm.my.salesforce.com/sfc/p/700000009DAw/a/4u000001870w/XU6eX2YZtdejnAfGRls.mPHhJTPvhOp30R18ZV_Asw4"" target=""_blank"">MSDS-3000000X</a>",various,Maxpar
CyTOF (Cytometry),3175026C,Anti-Pan-Actin,<div>D18C11 </div>,175Lu,"Rat, Mouse, Human, Monkey",25 Tests,"<a href=""https://fluidigm.my.salesforce.com/sfc/p/700000009DAw/a/4u0000019iU9/aztgN7pOclhBFQliYQPvTKCGwtRQdLHgn4HEkAelLc8"" target=""_blank"">PRD009-3175026B</a>","<a href=""https://fluidigm.my.salesforce.com/sfc/p/700000009DAw/a/4u000001870w/XU6eX2YZtdejnAfGRls.mPHhJTPvhOp30R18ZV_Asw4"" target=""_blank"">MSDS-3000000X</a>",various,Maxpar
CyTOF (Cytometry),3175027B,Anti-Human CD235ab,<div>HIR2 (GA-R2)</div>,175Lu,"Human, African Green, Baboon",100 Tests,"<a href=""https://fluidigm.my.salesforce.com/sfc/p/700000009DAw/a/4u0000019iTd/ImiRDeMslW7cz.qVaCKwxzPGNkudYpWKHKhyap7EfyQ"" target=""_blank"">PRD009-3175027B</a>","<a href=""https://fluidigm.my.salesforce.com/sfc/p/700000009DAw/a/4u000001870w/XU6eX2YZtdejnAfGRls.mPHhJTPvhOp30R18ZV_Asw4"" target=""_blank"">MSDS-3000000X</a>",various,Maxpar
CyTOF (Cytometry),3175027C,Anti-Human CD235ab,<div>HIR2 (GA-R2)</div>,175Lu,"Human, African Green, Baboon",25 Tests,"<a href=""https://fluidigm.my.salesforce.com/sfc/p/700000009DAw/a/4u0000019iTd/ImiRDeMslW7cz.qVaCKwxzPGNkudYpWKHKhyap7EfyQ"" target=""_blank"">PRD009-3175027B</a>","<a href=""https://fluidigm.my.salesforce.com/sfc/p/700000009DAw/a/4u000001870w/XU6eX2YZtdejnAfGRls.mPHhJTPvhOp30R18ZV_Asw4"" target=""_blank"">MSDS-3000000X</a>",various,Maxpar
CyTOF (Cytometry),3175033B,Anti-Human CD223/LAG-3,<div>11C3C65</div>,175Lu,Human,100 Tests,"<a href=""https://fluidigm.my.salesforce.com/sfc/p/700000009DAw/a/4u0000019iTj/IzchBCyXDZpqimfLdfXrpA86Ys.9Ctw7sEbCCc40Xmg"" target=""_blank"">PRD009-3175033B</a>","<a href=""https://fluidigm.my.salesforce.com/sfc/p/700000009DAw/a/4u000001870w/XU6eX2YZtdejnAfGRls.mPHhJTPvhOp30R18ZV_Asw4"" target=""_blank"">MSDS-3000000X</a>",various,Maxpar
CyTOF (Cytometry),3175033C,Anti-Human CD223/LAG-3,<div>11C3C65</div>,175Lu,Human,25 Tests,"<a href=""https://fluidigm.my.salesforce.com/sfc/p/700000009DAw/a/4u0000019iTj/IzchBCyXDZpqimfLdfXrpA86Ys.9Ctw7sEbCCc40Xmg"" target=""_blank"">PRD009-3175033B</a>","<a href=""https://fluidigm.my.salesforce.com/sfc/p/700000009DAw/a/4u000001870w/XU6eX2YZtdejnAfGRls.mPHhJTPvhOp30R18ZV_Asw4"" target=""_blank"">MSDS-3000000X</a>",various,Maxpar
CyTOF (Cytometry),3175035A,Anti-Human CD194/CCR4 ,<div>L291H4</div>,175Lu,"Human, Cynomolgus Macaque",50 Tests,"<a href=""https://fluidigm.my.salesforce.com/sfc/p/700000009DAw/a/4u0000019iUE/8.jR5ebQiT8NH0UcYiqPrY3eqlmZGuH7pG.qb_453SI"" target=""_blank"">PRD009-3175035A</a>","<a href=""https://fluidigm.my.salesforce.com/sfc/p/700000009DAw/a/4u000001870w/XU6eX2YZtdejnAfGRls.mPHhJTPvhOp30R18ZV_Asw4"" target=""_blank"">MSDS-3000000X</a>",various,Maxpar
CyTOF (Cytometry),3175035C,Anti-Human CD194/CCR4 ,<div>L291H4</div>,175Lu,"Human, Cynomolgus Macaque",25 Tests,"<a href=""https://fluidigm.my.salesforce.com/sfc/p/700000009DAw/a/4u0000019iUE/8.jR5ebQiT8NH0UcYiqPrY3eqlmZGuH7pG.qb_453SI"" target=""_blank"">PRD009-3175035B</a>","<a href=""https://fluidigm.my.salesforce.com/sfc/p/700000009DAw/a/4u000001870w/XU6eX2YZtdejnAfGRls.mPHhJTPvhOp30R18ZV_Asw4"" target=""_blank"">MSDS-3000000X</a>",various,Maxpar
CyTOF (Cytometry),3175039B,Anti-Human CD278/ICOS,<div>C398.4A</div>,175Lu,"Human, Rhesus Macaque, Rat, Mouse, Pig, African Green, Baboon, Cynomolgus Macaque",100 Tests,"<a href=""https://fluidigm.my.salesforce.com/sfc/p/700000009DAw/a/4u000000MzWS/Q3QXBM.6B4dAvo7D1pPmNzZA5ktJXVLfAfi6cxf6z4A"" target=""_blank"">PRD009-3175039B</a>","<a href=""https://fluidigm.my.salesforce.com/sfc/p/700000009DAw/a/4u000001870w/XU6eX2YZtdejnAfGRls.mPHhJTPvhOp30R18ZV_Asw4"" target=""_blank"">MSDS-3000000X</a>",various,Maxpar
CyTOF (Cytometry),3175039C,Anti-Human CD278/ICOS,<div>C398.4A</div>,175Lu,"Human, Rhesus Macaque, Rat, Mouse, Pig, African Green, Baboon, Cynomolgus Macaque",25 Tests,"<a href=""https://fluidigm.my.salesforce.com/sfc/p/700000009DAw/a/4u000000MzWS/Q3QXBM.6B4dAvo7D1pPmNzZA5ktJXVLfAfi6cxf6z4A"" target=""_blank"">PRD009-3175039B</a>","<a href=""https://fluidigm.my.salesforce.com/sfc/p/700000009DAw/a/4u000001870w/XU6eX2YZtdejnAfGRls.mPHhJTPvhOp30R18ZV_Asw4"" target=""_blank"">MSDS-3000000X</a>",various,Maxpar
CyTOF (Cytometry),3176002B,Anti-Human/Mouse CD45R/B220,<div>RA3-6B2</div>,176Yb,"Human, Mouse, Cat",100 Tests,"<a href=""https://fluidigm.my.salesforce.com/sfc/p/700000009DAw/a/4u0000019iTN/eYDKGmN5F81J9iGVWpG9lwN8boBHSCq.Obgx8iWcKFg"" target=""_blank"">PRD009-3176002B</a>","<a href=""https://fluidigm.my.salesforce.com/sfc/p/700000009DAw/a/4u000001870w/XU6eX2YZtdejnAfGRls.mPHhJTPvhOp30R18ZV_Asw4"" target=""_blank"">MSDS-3000000X</a>",various,Maxpar
CyTOF (Cytometry),3176002C,Anti-Human/Mouse CD45R/B220,<div>RA3-6B2</div>,176Yb,"Human, Mouse, Cat",25 Tests,"<a href=""https://fluidigm.my.salesforce.com/sfc/p/700000009DAw/a/4u0000019iTN/eYDKGmN5F81J9iGVWpG9lwN8boBHSCq.Obgx8iWcKFg"" target=""_blank"">PRD009-3176002B</a>","<a href=""https://fluidigm.my.salesforce.com/sfc/p/700000009DAw/a/4u000001870w/XU6eX2YZtdejnAfGRls.mPHhJTPvhOp30R18ZV_Asw4"" target=""_blank"">MSDS-3000000X</a>",various,Maxpar
CyTOF (Cytometry),3176004B,Anti-Human CD127/IL-7Rα,<div>A019D5</div>,176Yb,"Human, African Green, Baboon, Cynomolgus Macaque, Rhesus Macaque",100 Tests,"<a href=""https://fluidigm.my.salesforce.com/sfc/p/700000009DAw/a/4u0000019iT8/VbxoulLlxKP5Ex5GrjAPkhqMAzzG7Dq2E7bXKw6Dk4U"" target=""_blank"">PRD009-3176004B</a>","<a href=""https://fluidigm.my.salesforce.com/sfc/p/700000009DAw/a/4u000001870w/XU6eX2YZtdejnAfGRls.mPHhJTPvhOp30R18ZV_Asw4"" target=""_blank"">MSDS-3000000X</a>",various,Maxpar
CyTOF (Cytometry),3176004C,Anti-Human CD127/IL-7Rα,<div>A019D5 </div>,176Yb,"Human, African Green, Baboon, Cynomolgus Macaque, Rhesus Macaque",25 Tests,"<a href=""https://fluidigm.my.salesforce.com/sfc/p/700000009DAw/a/4u0000019iT8/VbxoulLlxKP5Ex5GrjAPkhqMAzzG7Dq2E7bXKw6Dk4U"" target=""_blank"">PRD009-3176004B</a>","<a href=""https://fluidigm.my.salesforce.com/sfc/p/700000009DAw/a/4u000001870w/XU6eX2YZtdejnAfGRls.mPHhJTPvhOp30R18ZV_Asw4"" target=""_blank"">MSDS-3000000X</a>",various,Maxpar
CyTOF (Cytometry),3176005A,Anti-pCREB [S133],<div>87G3</div>,176Yb,"Human, Rat, Mouse",50 Tests,"<a href=""https://fluidigm.my.salesforce.com/sfc/p/700000009DAw/a/4u0000019iTf/vima5AdMAoqmF.BWfr9yo1vAB0SRYR.e1Gcda4yzJkE"" target=""_blank"">PRD009-3176005A</a>","<a href=""https://fluidigm.my.salesforce.com/sfc/p/700000009DAw/a/4u000001870w/XU6eX2YZtdejnAfGRls.mPHhJTPvhOp30R18ZV_Asw4"" target=""_blank"">MSDS-3000000X</a>",various,Maxpar
CyTOF (Cytometry),3176005C,Anti-pCREB [S133],<div>87G3</div>,176Yb,"Human, Rat, Mouse",25 Tests,"<a href=""https://fluidigm.my.salesforce.com/sfc/p/700000009DAw/a/4u0000019iTf/vima5AdMAoqmF.BWfr9yo1vAB0SRYR.e1Gcda4yzJkE"" target=""_blank"">PRD009-3176005B</a>","<a href=""https://fluidigm.my.salesforce.com/sfc/p/700000009DAw/a/4u000001870w/XU6eX2YZtdejnAfGRls.mPHhJTPvhOp30R18ZV_Asw4"" target=""_blank"">MSDS-3000000X</a>",various,Maxpar
CyTOF (Cytometry),3176006B,Anti-Mouse FceR1a,<div>MAR-1</div>,176Yb,Mouse,100 Tests,"<a href=""https://fluidigm.my.salesforce.com/sfc/p/700000009DAw/a/4u0000019iT9/tWdqdSrN439H1eLJqwJWaIKscsv9CNR7i7q.CYfVtWU"" target=""_blank"">PRD009-3176006B</a>","<a href=""https://fluidigm.my.salesforce.com/sfc/p/700000009DAw/a/4u000001870w/XU6eX2YZtdejnAfGRls.mPHhJTPvhOp30R18ZV_Asw4"" target=""_blank"">MSDS-3000000X</a>",various,Maxpar
CyTOF (Cytometry),3176006C,Anti-Mouse FceR1a,<div>MAR-1</div>,176Yb,Mouse,25 Tests,"<a href=""https://fluidigm.my.salesforce.com/sfc/p/700000009DAw/a/4u0000019iT9/tWdqdSrN439H1eLJqwJWaIKscsv9CNR7i7q.CYfVtWU"" target=""_blank"">PRD009-3176006B</a>","<a href=""https://fluidigm.my.salesforce.com/sfc/p/700000009DAw/a/4u000001870w/XU6eX2YZtdejnAfGRls.mPHhJTPvhOp30R18ZV_Asw4"" target=""_blank"">MSDS-3000000X</a>",various,Maxpar
CyTOF (Cytometry),3176007B,Anti-APC,<div>APC003</div>,176Yb,All,100 Tests,"<a href=""https://fluidigm.my.salesforce.com/sfc/p/700000009DAw/a/4u0000019iTb/E0ZXsegZiqnpc7tfb9yxtfNaSG2mU7JHmMpD6RTLgO0"" target=""_blank"">PRD009-3176007B</a>","<a href=""https://fluidigm.my.salesforce.com/sfc/p/700000009DAw/a/4u000001870w/XU6eX2YZtdejnAfGRls.mPHhJTPvhOp30R18ZV_Asw4"" target=""_blank"">MSDS-3000000X</a>",various,Maxpar
CyTOF (Cytometry),3176007C,Anti-APC,<div>APC003</div>,176Yb,All,25 Tests,"<a href=""https://fluidigm.my.salesforce.com/sfc/p/700000009DAw/a/4u0000019iTb/E0ZXsegZiqnpc7tfb9yxtfNaSG2mU7JHmMpD6RTLgO0"" target=""_blank"">PRD009-3176007B</a>","<a href=""https://fluidigm.my.salesforce.com/sfc/p/700000009DAw/a/4u000001870w/XU6eX2YZtdejnAfGRls.mPHhJTPvhOp30R18ZV_Asw4"" target=""_blank"">MSDS-3000000X</a>",various,Maxpar
CyTOF (Cytometry),3176008B,Anti-Human CD56,<div>NCAM16.2</div>,176Yb,Human,100 Tests,"<a href=""https://fluidigm.my.salesforce.com/sfc/p/700000009DAw/a/4u0000019iTR/aEAranAJr7egsDcJk2dZNFYy6ddMlyO5g5vfPKpXz1w"" target=""_blank"">PRD009-3176008B</a>","<a href=""https://fluidigm.my.salesforce.com/sfc/p/700000009DAw/a/4u000001870w/XU6eX2YZtdejnAfGRls.mPHhJTPvhOp30R18ZV_Asw4"" target=""_blank"">MSDS-3000000X</a>",various,Maxpar
CyTOF (Cytometry),3176008C,Anti-Human CD56,<div>NCAM16.2</div>,176Yb,Human,25 Tests,"<a href=""https://fluidigm.my.salesforce.com/sfc/p/700000009DAw/a/4u0000019iTR/aEAranAJr7egsDcJk2dZNFYy6ddMlyO5g5vfPKpXz1w"" target=""_blank"">PRD009-3176008B</a>","<a href=""https://fluidigm.my.salesforce.com/sfc/p/700000009DAw/a/4u000001870w/XU6eX2YZtdejnAfGRls.mPHhJTPvhOp30R18ZV_Asw4"" target=""_blank"">MSDS-3000000X</a>",various,Maxpar
CyTOF (Cytometry),3176010B,Anti-Human CD4,<div>RPA-T4</div>,176Yb,"Human, Chimpanzee",100 Tests,"<a href=""https://fluidigm.my.salesforce.com/sfc/p/700000009DAw/a/4u0000019iTc/.GoqPr52eGNo7Y8_.2cY9irQkAy7oht1VnVL47CR_Xs"" target=""_blank"">PRD009-3176010B</a>","<a href=""https://fluidigm.my.salesforce.com/sfc/p/700000009DAw/a/4u000001870w/XU6eX2YZtdejnAfGRls.mPHhJTPvhOp30R18ZV_Asw4"" target=""_blank"">MSDS-3000000X</a>",various,Maxpar
CyTOF (Cytometry),3176010C,Anti-Human CD4,<div>RPA-T4</div>,176Yb,"Human, Chimpanzee",25 Tests,"<a href=""https://fluidigm.my.salesforce.com/sfc/p/700000009DAw/a/4u0000019iTc/.GoqPr52eGNo7Y8_.2cY9irQkAy7oht1VnVL47CR_Xs"" target=""_blank"">PRD009-3176010B</a>","<a href=""https://fluidigm.my.salesforce.com/sfc/p/700000009DAw/a/4u000001870w/XU6eX2YZtdejnAfGRls.mPHhJTPvhOp30R18ZV_Asw4"" target=""_blank"">MSDS-3000000X</a>",various,Maxpar
CyTOF (Cytometry),3176012B,Anti-Human c-Myc,<div>9E10</div>,176Yb,"Endogenous Human c-Myc; fusion protein with c-Myc tag (EQKLISEEDL, around 1.2kD) in all species",100 Tests,"<a href=""https://fluidigm.my.salesforce.com/sfc/p/700000009DAw/a/4u0000019iTl/K5iF.gCBQARIwm8UF9tExekm9z._WXhkjJZtFw6NHW0"" target=""_blank"">PRD009-3176012B</a>","<a href=""https://fluidigm.my.salesforce.com/sfc/p/700000009DAw/a/4u000001870w/XU6eX2YZtdejnAfGRls.mPHhJTPvhOp30R18ZV_Asw4"" target=""_blank"">MSDS-3000000X</a>",various,Maxpar
CyTOF (Cytometry),3176012C,Anti-Human c-Myc,<div>9E10</div>,176Yb,"Endogenous Human c-Myc; fusion protein with c-Myc tag (EQKLISEEDL, around 1.2kD) in all species",25 Tests,"<a href=""https://fluidigm.my.salesforce.com/sfc/p/700000009DAw/a/4u0000019iTl/K5iF.gCBQARIwm8UF9tExekm9z._WXhkjJZtFw6NHW0"" target=""_blank"">PRD009-3176012B</a>","<a href=""https://fluidigm.my.salesforce.com/sfc/p/700000009DAw/a/4u000001870w/XU6eX2YZtdejnAfGRls.mPHhJTPvhOp30R18ZV_Asw4"" target=""_blank"">MSDS-3000000X</a>",various,Maxpar
CyTOF (Cytometry),3176013B,Anti-Human CD56,<div>R19-760</div>,176Yb,Human,100 Tests,"<a href=""https://fluidigm.my.salesforce.com/sfc/p/700000009DAw/a/4u0000019iTg/eXnItTIZ36_uTDsd64vTlWnJE2Bum2iYrQsdlxGSLw0"" target=""_blank"">PRD009-3176013B</a>","<a href=""https://fluidigm.my.salesforce.com/sfc/p/700000009DAw/a/4u000001870w/XU6eX2YZtdejnAfGRls.mPHhJTPvhOp30R18ZV_Asw4"" target=""_blank"">MSDS-3000000X</a>",various,Maxpar
CyTOF (Cytometry),3176013C,Anti-Human CD56,<div>R19-760</div>,176Yb,Human,25 Tests,"<a href=""https://fluidigm.my.salesforce.com/sfc/p/700000009DAw/a/4u0000019iTg/eXnItTIZ36_uTDsd64vTlWnJE2Bum2iYrQsdlxGSLw0"" target=""_blank"">PRD009-3176013B</a>","<a href=""https://fluidigm.my.salesforce.com/sfc/p/700000009DAw/a/4u000001870w/XU6eX2YZtdejnAfGRls.mPHhJTPvhOp30R18ZV_Asw4"" target=""_blank"">MSDS-3000000X</a>",various,Maxpar
CyTOF (Cytometry),3176014B,Anti-Mouse CD278/ICOS,<div>7E.17G9</div>,176Yb,Mouse,100 Tests,"<a href=""https://fluidigm.my.salesforce.com/sfc/p/700000009DAw/a/4u0000019iTp/Wx6jc0XJe87e3laf0gb96SNRLoYkcg1ecu7rf4IyYuY"" target=""_blank"">PRD009-3176014B</a>","<a href=""https://fluidigm.my.salesforce.com/sfc/p/700000009DAw/a/4u000001870w/XU6eX2YZtdejnAfGRls.mPHhJTPvhOp30R18ZV_Asw4"" target=""_blank"">MSDS-3000000X</a>",various,Maxpar
CyTOF (Cytometry),3176014C,Anti-Mouse CD278/ICOS,<div>7E.17G9</div>,176Yb,Mouse,25 Tests,"<a href=""https://fluidigm.my.salesforce.com/sfc/p/700000009DAw/a/4u0000019iTp/Wx6jc0XJe87e3laf0gb96SNRLoYkcg1ecu7rf4IyYuY"" target=""_blank"">PRD009-3176014B</a>","<a href=""https://fluidigm.my.salesforce.com/sfc/p/700000009DAw/a/4u000001870w/XU6eX2YZtdejnAfGRls.mPHhJTPvhOp30R18ZV_Asw4"" target=""_blank"">MSDS-3000000X</a>",various,Maxpar
CyTOF (Cytometry),3176015B,Anti-Human TCRα/β ,<div>IP26</div>,176Yb,Human,100 Tests,"<a href=""https://fluidigm.my.salesforce.com/sfc/p/700000009DAw/a/4u0000019iTu/QbOqAr6Lb2aLNvokb2fHc6GQonGNIgPsUXbc1bIPPug"" target=""_blank"">PRD009-3176015B</a>","<a href=""https://fluidigm.my.salesforce.com/sfc/p/700000009DAw/a/4u000001870w/XU6eX2YZtdejnAfGRls.mPHhJTPvhOp30R18ZV_Asw4"" target=""_blank"">MSDS-3000000X</a>",various,Maxpar
CyTOF (Cytometry),3176015C,Anti-Human TCRα/β ,<div>IP26</div>,176Yb,Human,25 Tests,"<a href=""https://fluidigm.my.salesforce.com/sfc/p/700000009DAw/a/4u0000019iTu/QbOqAr6Lb2aLNvokb2fHc6GQonGNIgPsUXbc1bIPPug"" target=""_blank"">PRD009-3176015B</a>","<a href=""https://fluidigm.my.salesforce.com/sfc/p/700000009DAw/a/4u000001870w/XU6eX2YZtdejnAfGRls.mPHhJTPvhOp30R18ZV_Asw4"" target=""_blank"">MSDS-3000000X</a>",various,Maxpar
CyTOF (Cytometry),3176016A,Anti-Histone 3,<div>D1H2</div>,176Yb,"Rat, Mouse, Human, Bovine, Hamster, Monkey",50 Tests,"<a href=""https://fluidigm.my.salesforce.com/sfc/p/700000009DAw/a/4u0000019iTh/W89JNXbTHbKHQtUlEMfgNMWrFw_hiLpBc32k2txo9pI"" target=""_blank"">PRD009-3176016A</a>","<a href=""https://fluidigm.my.salesforce.com/sfc/p/700000009DAw/a/4u000001870w/XU6eX2YZtdejnAfGRls.mPHhJTPvhOp30R18ZV_Asw4"" target=""_blank"">MSDS-3000000X</a>",various,Maxpar
CyTOF (Cytometry),3176016C,Anti-Histone 3,<div>D1H2</div>,176Yb,"Rat, Mouse, Human, Bovine, Hamster, Monkey",25 Tests,"<a href=""https://fluidigm.my.salesforce.com/sfc/p/700000009DAw/a/4u0000019iTh/W89JNXbTHbKHQtUlEMfgNMWrFw_hiLpBc32k2txo9pI"" target=""_blank"">PRD009-3176016B</a>","<a href=""https://fluidigm.my.salesforce.com/sfc/p/700000009DAw/a/4u000001870w/XU6eX2YZtdejnAfGRls.mPHhJTPvhOp30R18ZV_Asw4"" target=""_blank"">MSDS-3000000X</a>",various,Maxpar
CyTOF (Cytometry),3176017B,Anti-Human CD58 ,<div>TS2/9</div>,176Yb,"Human, African Green, Baboon, Cynomolgus, Rhesus",100 Tests,"<a href=""https://fluidigm.my.salesforce.com/sfc/p/700000009DAw/a/4u0000019iTi/1.v2GJuSi5Fk68bbrTsx68YPdaOAdq2Of6snB1Y7wtc"" target=""_blank"">PRD009-3176017B</a>","<a href=""https://fluidigm.my.salesforce.com/sfc/p/700000009DAw/a/4u000001870w/XU6eX2YZtdejnAfGRls.mPHhJTPvhOp30R18ZV_Asw4"" target=""_blank"">MSDS-3000000X</a>",various,Maxpar
CyTOF (Cytometry),3176017C,Anti-Human CD58 ,<div>TS2/9</div>,176Yb,"Human, African Green, Baboon, Cynomolgus, Rhesus",25 Tests,"<a href=""https://fluidigm.my.salesforce.com/sfc/p/700000009DAw/a/4u0000019iTi/1.v2GJuSi5Fk68bbrTsx68YPdaOAdq2Of6snB1Y7wtc"" target=""_blank"">PRD009-3176017B</a>","<a href=""https://fluidigm.my.salesforce.com/sfc/p/700000009DAw/a/4u000001870w/XU6eX2YZtdejnAfGRls.mPHhJTPvhOp30R18ZV_Asw4"" target=""_blank"">MSDS-3000000X</a>",various,Maxpar
CyTOF (Cytometry),3176018B,Anti-Human/Mouse CLA ,<div>HECA-452</div>,176Yb,"Human, Mouse",100 Tests,"<a href=""https://fluidigm.my.salesforce.com/sfc/p/700000009DAw/a/4u0000019iTz/zhkc8wA0PPRep00MRmRI29G2oI2cuJEFRuno92p7Wmw"" target=""_blank"">PRD009-3176018B</a>","<a href=""https://fluidigm.my.salesforce.com/sfc/p/700000009DAw/a/4u000001870w/XU6eX2YZtdejnAfGRls.mPHhJTPvhOp30R18ZV_Asw4"" target=""_blank"">MSDS-3000000X</a>",various,Maxpar
CyTOF (Cytometry),3176018C,Anti-Human/Mouse CLA ,<div>HECA- 452 </div>,176Yb,"Human, Mouse",25 Tests,"<a href=""https://fluidigm.my.salesforce.com/sfc/p/700000009DAw/a/4u0000019iTz/zhkc8wA0PPRep00MRmRI29G2oI2cuJEFRuno92p7Wmw"" target=""_blank"">PRD009-3176018B</a>","<a href=""https://fluidigm.my.salesforce.com/sfc/p/700000009DAw/a/4u000001870w/XU6eX2YZtdejnAfGRls.mPHhJTPvhOp30R18ZV_Asw4"" target=""_blank"">MSDS-3000000X</a>",various,Maxpar
CyTOF (Cytometry),3176021B,Anti-Human CD282/TLR2,<div>TL2.1</div>,176Yb,Human,100 Tests,"<a href=""https://fluidigm.my.salesforce.com/sfc/p/700000009DAw/a/4u0000019iTa/SQUswIYYRc4use5VQoRUI8MUJtiVZ_C.5DuZq.rxdQg"" target=""_blank"">PRD009-3176021B</a>","<a href=""https://fluidigm.my.salesforce.com/sfc/p/700000009DAw/a/4u000001870w/XU6eX2YZtdejnAfGRls.mPHhJTPvhOp30R18ZV_Asw4"" target=""_blank"">MSDS-3000000X</a>",various,Maxpar
CyTOF (Cytometry),3176021C,Anti-Human CD282/TLR2,<div>TL2.1</div>,176Yb,Human,25 Tests,"<a href=""https://fluidigm.my.salesforce.com/sfc/p/700000009DAw/a/4u0000019iTa/SQUswIYYRc4use5VQoRUI8MUJtiVZ_C.5DuZq.rxdQg"" target=""_blank"">PRD009-3176021B</a>","<a href=""https://fluidigm.my.salesforce.com/sfc/p/700000009DAw/a/4u000001870w/XU6eX2YZtdejnAfGRls.mPHhJTPvhOp30R18ZV_Asw4"" target=""_blank"">MSDS-3000000X</a>",various,Maxpar
CyTOF (Cytometry),3176022A,Anti-Human CD196/CCR6 ,<div>G034E3</div>,176Yb,"Human, African Green, Baboon, Cynomolgus Macaque, Rhesus Macaque",50 Tests,"<a href=""https://fluidigm.my.salesforce.com/sfc/p/700000009DAw/a/4u0000019iT3/DkU_VfzNI5KGUuwgsE2ZrIdaynk9LyatmK6j8XJSIX8"" target=""_blank"">PRD009-3176022A</a>","<a href=""https://fluidigm.my.salesforce.com/sfc/p/700000009DAw/a/4u000001870w/XU6eX2YZtdejnAfGRls.mPHhJTPvhOp30R18ZV_Asw4"" target=""_blank"">MSDS-3000000X</a>",various,Maxpar
CyTOF (Cytometry),3176022C,Anti-Human CD196/CCR6 ,<div>G034E3</div>,176Yb,"Human, African Green, Baboon, Cynomolgus Macaque, Rhesus Macaque",25 Tests,"<a href=""https://fluidigm.my.salesforce.com/sfc/p/700000009DAw/a/4u0000019iT3/DkU_VfzNI5KGUuwgsE2ZrIdaynk9LyatmK6j8XJSIX8"" target=""_blank"">PRD009-3176022B</a>","<a href=""https://fluidigm.my.salesforce.com/sfc/p/700000009DAw/a/4u000001870w/XU6eX2YZtdejnAfGRls.mPHhJTPvhOp30R18ZV_Asw4"" target=""_blank"">MSDS-3000000X</a>",various,Maxpar
CyTOF (Cytometry),3176027B,Anti-Human HLA-DR,<div>L243</div>,176Yb,"Human, Cynomolgus Macaque, Rhesus Macaque, African Green, Baboon, Chimpanzee, Dog, Common Marmoset, Squirrel Monkey, Cotton-Topped Tamarin",100 Tests,"<a href=""https://fluidigm.my.salesforce.com/sfc/p/700000009DAw/a/4u000000qQSR/5EhNpZkCgzQcAMAAXVNgtRTMRsZjBMe.OLbZlbg_VnQ"" target=""_blank"">PRD009-3176027B</a>","<a href=""https://fluidigm.my.salesforce.com/sfc/p/700000009DAw/a/4u000001870w/XU6eX2YZtdejnAfGRls.mPHhJTPvhOp30R18ZV_Asw4"" target=""_blank"">MSDS-3000000X</a>",various,Maxpar
CyTOF (Cytometry),3176027C,Anti-Human HLA-DR,<div>L243</div>,176Yb,"Human, Cynomolgus Macaque, Rhesus Macaque, African Green, Baboon, Chimpanzee, Dog, Common Marmoset, Squirrel Monkey, Cotton-Topped Tamarin",25 Tests,"<a href=""https://fluidigm.my.salesforce.com/sfc/p/700000009DAw/a/4u000000qQSR/5EhNpZkCgzQcAMAAXVNgtRTMRsZjBMe.OLbZlbg_VnQ"" target=""_blank"">PRD009-3176027B</a>","<a href=""https://fluidigm.my.salesforce.com/sfc/p/700000009DAw/a/4u000001870w/XU6eX2YZtdejnAfGRls.mPHhJTPvhOp30R18ZV_Asw4"" target=""_blank"">MSDS-3000000X</a>",various,Maxpar
CyTOF (Cytometry),3194001B,Anti-Human CD45,<div>HI30</div>,194Pt,"Human, Chimpanzee",100 Tests,"<a href=""https://fluidigm.my.salesforce.com/sfc/p/700000009DAw/a/4u000000MvhC/Vl21yjUOEJmD3DT7cM5jGOspBDTfJIsXwQ23WTEkE.s"" target=""_blank"">PRD009-3194001B</a>","<a href=""https://fluidigm.my.salesforce.com/sfc/p/700000009DAw/a/4u00000183A1/VV57NGLT2fFnqRBmGSU_xnDalw_7V.qhp3Kt.1MjEdY"" target=""_blank"">SDS-00025</a>",various,Maxpar
CyTOF (Cytometry),3194001C,Anti-Human CD45,<div>HI30</div>,194Pt,"Human, Chimpanzee",25 Tests,"<a href=""https://fluidigm.my.salesforce.com/sfc/p/700000009DAw/a/4u000000MvhC/Vl21yjUOEJmD3DT7cM5jGOspBDTfJIsXwQ23WTEkE.s"" target=""_blank"">PRD009-3194001B</a>","<a href=""https://fluidigm.my.salesforce.com/sfc/p/700000009DAw/a/4u00000183A1/VV57NGLT2fFnqRBmGSU_xnDalw_7V.qhp3Kt.1MjEdY"" target=""_blank"">SDS-00025</a>",various,Maxpar
CyTOF (Cytometry),3195001B,Anti-Human CD45,<div>HI30</div>,195Pt,"Human, Chimpanzee",100 Tests,"<a href=""https://fluidigm.my.salesforce.com/sfc/p/700000009DAw/a/4u000000Mvh7/jdXNHw_Qkez4SxE7vV037A.9gZseOKxRM4OITDd1YzY"" target=""_blank"">PRD009-3195001B</a>","<a href=""https://fluidigm.my.salesforce.com/sfc/p/700000009DAw/a/4u00000183A1/VV57NGLT2fFnqRBmGSU_xnDalw_7V.qhp3Kt.1MjEdY"" target=""_blank"">SDS-00025</a>",various,Maxpar
CyTOF (Cytometry),3195001C,Anti-Human CD45,<div>HI30</div>,195Pt,"Human, Chimpanzee",25 Tests,"<a href=""https://fluidigm.my.salesforce.com/sfc/p/700000009DAw/a/4u000000Mvh7/jdXNHw_Qkez4SxE7vV037A.9gZseOKxRM4OITDd1YzY"" target=""_blank"">PRD009-3195001B</a>","<a href=""https://fluidigm.my.salesforce.com/sfc/p/700000009DAw/a/4u00000183A1/VV57NGLT2fFnqRBmGSU_xnDalw_7V.qhp3Kt.1MjEdY"" target=""_blank"">SDS-00025</a>",various,Maxpar
CyTOF (Cytometry),3196001B,Anti-Human CD45,<div>HI30</div>,196Pt,"Human, Chimpanzee",100 Tests,"<a href=""https://fluidigm.my.salesforce.com/sfc/p/700000009DAw/a/4u000000Mvh8/TKsKvICgC1_hasltDtThTzLLyf5sufxTAJQJY5sCo6U"" target=""_blank"">PRD009-3196001B</a>","<a href=""https://fluidigm.my.salesforce.com/sfc/p/700000009DAw/a/4u00000183A1/VV57NGLT2fFnqRBmGSU_xnDalw_7V.qhp3Kt.1MjEdY"" target=""_blank"">SDS-00025</a>",various,Maxpar
CyTOF (Cytometry),3196001C,Anti-Human CD45,<div>HI30</div>,196Pt,"Human, Chimpanzee",25 Tests,"<a href=""https://fluidigm.my.salesforce.com/sfc/p/700000009DAw/a/4u000000Mvh8/TKsKvICgC1_hasltDtThTzLLyf5sufxTAJQJY5sCo6U"" target=""_blank"">PRD009-3196001B</a>","<a href=""https://fluidigm.my.salesforce.com/sfc/p/700000009DAw/a/4u00000183A1/VV57NGLT2fFnqRBmGSU_xnDalw_7V.qhp3Kt.1MjEdY"" target=""_blank"">SDS-00025</a>",various,Maxpar
CyTOF (Cytometry),3196002B,Anti-Human Perforin,<div>B-D48</div>,196Pt,Human,100 Tests,"<a href=""https://fluidigm.my.salesforce.com/sfc/p/700000009DAw/a/4u000001A1yU/4qX2xXGLusZlVwYuepruawJGJEmSsCZ5j7liY6j74pg"" target=""_blank"">PRD009-3196002B</a>","<a href=""https://fluidigm.my.salesforce.com/sfc/p/700000009DAw/a/4u00000183A1/VV57NGLT2fFnqRBmGSU_xnDalw_7V.qhp3Kt.1MjEdY"" target=""_blank"">SDS-00025</a>",various,Maxpar
CyTOF (Cytometry),3196002C,Anti-Human Perforin,<div>B-D48</div>,196Pt,Human,25 Tests,"<a href=""https://fluidigm.my.salesforce.com/sfc/p/700000009DAw/a/4u000001A1yU/4qX2xXGLusZlVwYuepruawJGJEmSsCZ5j7liY6j74pg"" target=""_blank"">PRD009-3196002B</a>","<a href=""https://fluidigm.my.salesforce.com/sfc/p/700000009DAw/a/4u00000183A1/VV57NGLT2fFnqRBmGSU_xnDalw_7V.qhp3Kt.1MjEdY"" target=""_blank"">SDS-00025</a>",various,Maxpar
CyTOF (Cytometry),3198001B,Anti-Human CD45,<div>HI30</div>,198Pt,"Human, Chimpanzee",100 Tests,"<a href=""https://fluidigm.my.salesforce.com/sfc/p/700000009DAw/a/4u000000Mvgo/EmaXRzezeGgB7Cr0sVVMGqr60b0511CO2.QvsgptHJM"" target=""_blank"">PRD009-3198001B</a>","<a href=""https://fluidigm.my.salesforce.com/sfc/p/700000009DAw/a/4u00000183A1/VV57NGLT2fFnqRBmGSU_xnDalw_7V.qhp3Kt.1MjEdY"" target=""_blank"">SDS-00025</a>",various,Maxpar
CyTOF (Cytometry),3198001C,Anti-Human CD45,<div>HI30</div>,198Pt,"Human, Chimpanzee",25 Tests,"<a href=""https://fluidigm.my.salesforce.com/sfc/p/700000009DAw/a/4u000000Mvgo/EmaXRzezeGgB7Cr0sVVMGqr60b0511CO2.QvsgptHJM"" target=""_blank"">PRD009-3198001B</a>","<a href=""https://fluidigm.my.salesforce.com/sfc/p/700000009DAw/a/4u00000183A1/VV57NGLT2fFnqRBmGSU_xnDalw_7V.qhp3Kt.1MjEdY"" target=""_blank"">SDS-00025</a>",various,Maxpar
CyTOF (Cytometry),3198002B,Anti-Human/Mouse Granzyme B,<div>GB11</div>,198Pt,"Human, Mouse, Rhesus Macaque",100 Tests,"<a href=""https://fluidigm.my.salesforce.com/sfc/p/700000009DAw/a/4u000001A23i/hV1gKPd9nqVKyelALkCelairvTXZSk1wRKdS7jowWxg"" target=""_blank"">PRD009-3198002B</a>","<a href=""https://fluidigm.my.salesforce.com/sfc/p/700000009DAw/a/4u00000183A1/VV57NGLT2fFnqRBmGSU_xnDalw_7V.qhp3Kt.1MjEdY"" target=""_blank"">SDS-00025</a>",various,Maxpar
CyTOF (Cytometry),3198002C,Anti-Human/Mouse Granzyme B,<div>GB11</div>,198Pt,"Human, Mouse, Rhesus Macaque",25 Tests,"<a href=""https://fluidigm.my.salesforce.com/sfc/p/700000009DAw/a/4u000001A23i/hV1gKPd9nqVKyelALkCelairvTXZSk1wRKdS7jowWxg"" target=""_blank"">PRD009-3198002B</a>","<a href=""https://fluidigm.my.salesforce.com/sfc/p/700000009DAw/a/4u00000183A1/VV57NGLT2fFnqRBmGSU_xnDalw_7V.qhp3Kt.1MjEdY"" target=""_blank"">SDS-00025</a>",various,Maxpar
CyTOF (Cytometry),3209001B,Anti-Human CD61,<div>VI-PL2</div>,209Bi,"Human, African Green, Baboon, Cynomolgus, Rhesus",100 Tests,"<a href=""https://fluidigm.my.salesforce.com/sfc/p/700000009DAw/a/4u0000019iTM/IexFlgO.fJz8pJvEVysm7sa8n4cFJwY8lZDBk5YH4t0"" target=""_blank"">PRD009-3209001B</a>","<a href=""https://fluidigm.my.salesforce.com/sfc/p/700000009DAw/a/4u000001871G/1XaEqEvHrGO1umq7nQFjhaeFZWVqJSiyN8iKQRnL0h0"" target=""_blank"">SDS-00066</a>",various,Maxpar
CyTOF (Cytometry),3209001C,Anti-Human CD61,<div>VI-PL2 </div>,209Bi,"Human, African Green, Baboon, Cynomolgus, Rhesus",25 Tests,"<a href=""https://fluidigm.my.salesforce.com/sfc/p/700000009DAw/a/4u0000019iTM/IexFlgO.fJz8pJvEVysm7sa8n4cFJwY8lZDBk5YH4t0"" target=""_blank"">PRD009-3209001B</a>","<a href=""https://fluidigm.my.salesforce.com/sfc/p/700000009DAw/a/4u000001871G/1XaEqEvHrGO1umq7nQFjhaeFZWVqJSiyN8iKQRnL0h0"" target=""_blank"">SDS-00066</a>",various,Maxpar
CyTOF (Cytometry),3209002B,Anti-Human CD16,<div>3G8</div>,209Bi,"Human, Cynomolgus Macaque, Rhesus Macaque, African Green, Baboon, Capuchin Monkey, Chimpanzee, Common Marmoset, Pigtailed Macaque, Sooty Mangabey, Squirrel Monkey",100 Tests,"<a href=""https://fluidigm.my.salesforce.com/sfc/p/700000009DAw/a/4u0000019iTV/daCW1CWIhG19TsgMrS4nT6QKtg8VV6Ls._G5TNLGW18"" target=""_blank"">PRD009-3209002B</a>","<a href=""https://fluidigm.my.salesforce.com/sfc/p/700000009DAw/a/4u000001871G/1XaEqEvHrGO1umq7nQFjhaeFZWVqJSiyN8iKQRnL0h0"" target=""_blank"">SDS-00066</a>",various,Maxpar
CyTOF (Cytometry),3209002C,Anti-Human CD16,<div>3G8</div>,209Bi,"Human, Cynomolgus Macaque, Rhesus Macaque, African Green, Baboon, Capuchin Monkey, Chimpanzee, Common Marmoset, Pigtailed Macaque, Sooty Mangabey, Squirrel Monkey",25 Tests,"<a href=""https://fluidigm.my.salesforce.com/sfc/p/700000009DAw/a/4u0000019iTV/daCW1CWIhG19TsgMrS4nT6QKtg8VV6Ls._G5TNLGW18"" target=""_blank"">PRD009-3209002B</a>","<a href=""https://fluidigm.my.salesforce.com/sfc/p/700000009DAw/a/4u000001871G/1XaEqEvHrGO1umq7nQFjhaeFZWVqJSiyN8iKQRnL0h0"" target=""_blank"">SDS-00066</a>",various,Maxpar
CyTOF (Cytometry),3209003B,Anti-Human CD11b/Mac-1,<div>ICRF44</div>,209Bi,"Human, African Green Monkey, Baboon, Chimpanzee, Common Marmoset, Cynomolgus Macaque, Rhesus Macaque, Pig",100 Tests,"<a href=""https://fluidigm.my.salesforce.com/sfc/p/700000009DAw/a/4u0000019iT7/0pP9qmZq3CAqFPUaxTZHqpAHfZnapSYNZa6D_l4wbS4"" target=""_blank"">PRD009-3209003B</a>","<a href=""https://fluidigm.my.salesforce.com/sfc/p/700000009DAw/a/4u000001871G/1XaEqEvHrGO1umq7nQFjhaeFZWVqJSiyN8iKQRnL0h0"" target=""_blank"">SDS-00066</a>",various,Maxpar
CyTOF (Cytometry),3209003C,Anti-Human CD11b/Mac-1,<div>ICRF44</div>,209Bi,"Human, African Green Monkey, Baboon, Chimpanzee, Common Marmoset, Cynomolgus Macaque, Rhesus Macaque, Pig",25 Tests,"<a href=""https://fluidigm.my.salesforce.com/sfc/p/700000009DAw/a/4u0000019iT7/0pP9qmZq3CAqFPUaxTZHqpAHfZnapSYNZa6D_l4wbS4"" target=""_blank"">PRD009-3209003B</a>","<a href=""https://fluidigm.my.salesforce.com/sfc/p/700000009DAw/a/4u000001871G/1XaEqEvHrGO1umq7nQFjhaeFZWVqJSiyN8iKQRnL0h0"" target=""_blank"">SDS-00066</a>",various,Maxpar
CyTOF (Cytometry),3209004B,Anti-Human CD47,<div>CC2C6</div>,209Bi,"Human, African Green, Baboon, Cynomolgus, Rhesus",100 Tests,"<a href=""https://fluidigm.my.salesforce.com/sfc/p/700000009DAw/a/4u0000019iTQ/95Sa06DdNgIf4BIqlhETs56W0riM4DT3Wo8aErc4fh4"" target=""_blank"">PRD009-3209004B</a>","<a href=""https://fluidigm.my.salesforce.com/sfc/p/700000009DAw/a/4u000001871G/1XaEqEvHrGO1umq7nQFjhaeFZWVqJSiyN8iKQRnL0h0"" target=""_blank"">SDS-00066</a>",various,Maxpar
CyTOF (Cytometry),3209004C,Anti-Human CD47,<div>CC2C6</div>,209Bi,"Human, African Green, Baboon, Cynomolgus, Rhesus",25 Tests,"<a href=""https://fluidigm.my.salesforce.com/sfc/p/700000009DAw/a/4u0000019iTQ/95Sa06DdNgIf4BIqlhETs56W0riM4DT3Wo8aErc4fh4"" target=""_blank"">PRD009-3209004B</a>","<a href=""https://fluidigm.my.salesforce.com/sfc/p/700000009DAw/a/4u000001871G/1XaEqEvHrGO1umq7nQFjhaeFZWVqJSiyN8iKQRnL0h0"" target=""_blank"">SDS-00066</a>",various,Maxpar
CyTOF (Cytometry),3209005B,Anti-Mouse CD11c,<div>N418</div>,209Bi,Mouse,100 Tests,"<a href=""https://fluidigm.my.salesforce.com/sfc/p/700000009DAw/a/4u0000019iSO/2yOzb8JEwmP43OSGYjsfofSf.SNs739mvA4Em76nXYE"" target=""_blank"">PRD009-3209005B</a>","<a href=""https://fluidigm.my.salesforce.com/sfc/p/700000009DAw/a/4u000001871G/1XaEqEvHrGO1umq7nQFjhaeFZWVqJSiyN8iKQRnL0h0"" target=""_blank"">SDS-00066</a>",various,Maxpar
CyTOF (Cytometry),3209005C,Anti-Mouse CD11c,<div>N418 </div>,209Bi,Mouse,25 Tests,"<a href=""https://fluidigm.my.salesforce.com/sfc/p/700000009DAw/a/4u0000019iSO/2yOzb8JEwmP43OSGYjsfofSf.SNs739mvA4Em76nXYE"" target=""_blank"">PRD009-3209005B</a>","<a href=""https://fluidigm.my.salesforce.com/sfc/p/700000009DAw/a/4u000001871G/1XaEqEvHrGO1umq7nQFjhaeFZWVqJSiyN8iKQRnL0h0"" target=""_blank"">SDS-00066</a>",various,Maxpar
CyTOF (Cytometry),3209006B,Anti-Mouse MHC class II,<div>M5/114.15.2</div>,209Bi,Mouse,100 Tests,"<a href=""https://fluidigm.my.salesforce.com/sfc/p/700000009DAw/a/4u0000019iSL/3YA4prBgEj.64QBQ_7sod65pMdfosYFelNy1ZqvJsWI"" target=""_blank"">PRD009-3209006B</a>","<a href=""https://fluidigm.my.salesforce.com/sfc/p/700000009DAw/a/4u000001871G/1XaEqEvHrGO1umq7nQFjhaeFZWVqJSiyN8iKQRnL0h0"" target=""_blank"">SDS-00066</a>",various,Maxpar
CyTOF (Cytometry),3209006C,Anti-Mouse MHC class II,<div>M5/114.15.2</div>,209Bi,Mouse,25 Tests,"<a href=""https://fluidigm.my.salesforce.com/sfc/p/700000009DAw/a/4u0000019iSL/3YA4prBgEj.64QBQ_7sod65pMdfosYFelNy1ZqvJsWI"" target=""_blank"">PRD009-3209006B</a>","<a href=""https://fluidigm.my.salesforce.com/sfc/p/700000009DAw/a/4u000001871G/1XaEqEvHrGO1umq7nQFjhaeFZWVqJSiyN8iKQRnL0h0"" target=""_blank"">SDS-00066</a>",various,Maxpar
CyTOF (Cytometry),3209013B,Anti-Human TIGIT,<div>MBSA43</div>,209Bi,Human,100 Tests,"<a href=""https://fluidigm.my.salesforce.com/sfc/p/700000009DAw/a/4u0000019iT2/PhVLdgMOcvzi0mrW.lFk2E5B7HH0jEV4EpLyPf34C_o"" target=""_blank"">PRD009-3209013B</a>","<a href=""https://fluidigm.my.salesforce.com/sfc/p/700000009DAw/a/4u000001871G/1XaEqEvHrGO1umq7nQFjhaeFZWVqJSiyN8iKQRnL0h0"" target=""_blank"">SDS-00066</a>",various,Maxpar
CyTOF (Cytometry),3209013C,Anti-Human TIGIT,<div>MBSA43</div>,209Bi,Human,25 Tests,"<a href=""https://fluidigm.my.salesforce.com/sfc/p/700000009DAw/a/4u0000019iT2/PhVLdgMOcvzi0mrW.lFk2E5B7HH0jEV4EpLyPf34C_o"" target=""_blank"">PRD009-3209013B</a>","<a href=""https://fluidigm.my.salesforce.com/sfc/p/700000009DAw/a/4u000001871G/1XaEqEvHrGO1umq7nQFjhaeFZWVqJSiyN8iKQRnL0h0"" target=""_blank"">SDS-00066</a>",various,Maxpar
CyTOF (Cytometry),3209014B,Anti-Human CD274/PD-L1,<div>MIH1</div>,209Bi,"Human, Dog, Mouse",100 Tests,"<a href=""https://fluidigm.my.salesforce.com/sfc/p/700000009DAw/a/4u0000019iSo/MKVCx2XlZJRx_fcYIkvwY_qW6DPUqC3vWMP0QlXVnpk"" target=""_blank"">PRD009-3209014B</a>","<a href=""https://fluidigm.my.salesforce.com/sfc/p/700000009DAw/a/4u000001871G/1XaEqEvHrGO1umq7nQFjhaeFZWVqJSiyN8iKQRnL0h0"" target=""_blank"">SDS-00066</a>",various,Maxpar
CyTOF (Cytometry),3209014C,Anti-Human CD274/PD-L1,<div>MIH1</div>,209Bi,"Human, Dog, Mouse",25 Tests,"<a href=""https://fluidigm.my.salesforce.com/sfc/p/700000009DAw/a/4u0000019iSo/MKVCx2XlZJRx_fcYIkvwY_qW6DPUqC3vWMP0QlXVnpk"" target=""_blank"">PRD009-3209014B</a>","<a href=""https://fluidigm.my.salesforce.com/sfc/p/700000009DAw/a/4u000001871G/1XaEqEvHrGO1umq7nQFjhaeFZWVqJSiyN8iKQRnL0h0"" target=""_blank"">SDS-00066</a>",various,Maxpar
CyTOF (Cytometry),3209015B,Anti-Human CD137/4-1BB ,<div>4B4-1</div>,209Bi,"Human, Cynomolgus Macaque, Rhesus Macaque, Chimpanzee, Baboon",100 Tests,"<a href=""https://fluidigm.my.salesforce.com/sfc/p/700000009DAw/a/4u000000MzZq/mKL8fuf6rFwTKzlc11MnR8Y15u0AtEtgdE6.Nl923Tc"" target=""_blank"">PRD009-3209015B</a>","<a href=""https://fluidigm.my.salesforce.com/sfc/p/700000009DAw/a/4u000001871G/1XaEqEvHrGO1umq7nQFjhaeFZWVqJSiyN8iKQRnL0h0"" target=""_blank"">SDS-00066</a>",various,Maxpar
CyTOF (Cytometry),3209015C,Anti-Human CD137/4-1BB ,<div>4B4-1</div>,209Bi,"Human, Cynomolgus Macaque, Rhesus Macaque, Chimpanzee, Baboon",25 Tests,"<a href=""https://fluidigm.my.salesforce.com/sfc/p/700000009DAw/a/4u000000MzZq/mKL8fuf6rFwTKzlc11MnR8Y15u0AtEtgdE6.Nl923Tc"" target=""_blank"">PRD009-3209015B</a>","<a href=""https://fluidigm.my.salesforce.com/sfc/p/700000009DAw/a/4u000001871G/1XaEqEvHrGO1umq7nQFjhaeFZWVqJSiyN8iKQRnL0h0"" target=""_blank"">SDS-00066</a>",various,Maxpar
CyTOF (Cytometry),3209016B,Anti-Human IL-1β,<div>CRM56</div>,209Bi,Human,100 Tests,"<a href=""https://fluidigm.my.salesforce.com/sfc/p/700000009DAw/a/4u000001A23n/HdFNar4laUctxExzy6ScpbevVRudusi1Gsi8Anko6B8"" target=""_blank"">PRD009-3209016B</a>","<a href=""https://fluidigm.my.salesforce.com/sfc/p/700000009DAw/a/4u000001871G/1XaEqEvHrGO1umq7nQFjhaeFZWVqJSiyN8iKQRnL0h0"" target=""_blank"">SDS-00066</a>",various,Maxpar
CyTOF (Cytometry),3209016C,Anti-Human IL-1β,<div>CRM56</div>,209Bi,Human,25 Tests,"<a href=""https://fluidigm.my.salesforce.com/sfc/p/700000009DAw/a/4u000001A23n/HdFNar4laUctxExzy6ScpbevVRudusi1Gsi8Anko6B8"" target=""_blank"">PRD009-3209016B</a>","<a href=""https://fluidigm.my.salesforce.com/sfc/p/700000009DAw/a/4u000001871G/1XaEqEvHrGO1umq7nQFjhaeFZWVqJSiyN8iKQRnL0h0"" target=""_blank"">SDS-00066</a>",various,Maxpar
CyTOF (Cytometry),3141022B,Anti-Human TCRαβ,<div>T10B9.1A-31</div>,141Pr,Human,100 Tests,"<a href=""https://fluidigm.my.salesforce.com/sfc/p/700000009DAw/a/4u000000MyOS/R46r_KBxqyyWteOr4QL0KqHFo.JYUEAgydAc2Wuq.Gs"" target=""_blank"">PRD009-3141022B</a>","<a href=""https://fluidigm.my.salesforce.com/sfc/p/700000009DAw/a/4u000001870w/XU6eX2YZtdejnAfGRls.mPHhJTPvhOp30R18ZV_Asw4"" target=""_blank"">MSDS-3000000X</a>",various,Maxpar
CyTOF (Cytometry),3153032B,Anti-Human CD25 ,<div>BC96</div>,153Eu,Human,100 Tests,"<a href=""https://fluidigm.my.salesforce.com/sfc/p/700000009DAw/a/4u000000MyOm/GeVZhPZX8B1NFgbVn_LxONdgTow8QkkDpF2yerqrCqk"" target=""_blank"">PRD009-3153032B</a>","<a href=""https://fluidigm.my.salesforce.com/sfc/p/700000009DAw/a/4u000001870w/XU6eX2YZtdejnAfGRls.mPHhJTPvhOp30R18ZV_Asw4"" target=""_blank"">MSDS-3000000X</a>",various,Maxpar
CyTOF (Cytometry),3164033B,Anti-Human TGF-β1/LAP ,<div>S20006A</div>,164Dy,Human,100 Tests,"<a href=""https://fluidigm.my.salesforce.com/sfc/p/700000009DAw/a/4u000000MyP1/Tgzy5Mhkkg8ndCYkWkBYffWDIDnOBsInejtbqjOBO0U"" target=""_blank"">PRD009-3164033B</a>","<a href=""https://fluidigm.my.salesforce.com/sfc/p/700000009DAw/a/4u000001870w/XU6eX2YZtdejnAfGRls.mPHhJTPvhOp30R18ZV_Asw4"" target=""_blank"">MSDS-3000000X</a>",various,Maxpar
CyTOF (Cytometry),3143033B,Anti-Human CD154/CD40L ,<div>24-31</div>,143Nd,"Human, Cynomolgus Macaque, Rhesus Macaque",100 Tests,"<a href=""https://fluidigm.my.salesforce.com/sfc/p/700000009DAw/a/4u000000MyOX/DtV5DYcZnmMPKh10TNDVakN48WtZEBTAmKhJAD80uBg"" target=""_blank"">PRD009-3143033B</a>","<a href=""https://fluidigm.my.salesforce.com/sfc/p/700000009DAw/a/4u000001870w/XU6eX2YZtdejnAfGRls.mPHhJTPvhOp30R18ZV_Asw4"" target=""_blank"">MSDS-3000000X</a>",various,Maxpar
CyTOF (Cytometry),3172035B,Anti-Human CD223/LAG-3 ,<div>11C3C65</div>,172Yb,Human,100 Tests,"<a href=""https://fluidigm.my.salesforce.com/sfc/p/700000009DAw/a/4u000000MyPL/bHgw4kgeBEo1n0zzSwukoQdvCGzUVIKXUNHWppdOQVI"" target=""_blank"">PRD009-3172035B</a>","<a href=""https://fluidigm.my.salesforce.com/sfc/p/700000009DAw/a/4u000001870w/XU6eX2YZtdejnAfGRls.mPHhJTPvhOp30R18ZV_Asw4"" target=""_blank"">MSDS-3000000X</a>",various,Maxpar
CyTOF (Cytometry),3165046B,Anti-Human CD244/2B4 ,<div>PP35</div>,165Ho,Human,100 Tests,"<a href=""https://fluidigm.my.salesforce.com/sfc/p/700000009DAw/a/4u000000MyP6/b1hCKbO8_PHSQxjHh2pr8ccDxeroze.Gfqk_WQ7eZJU"" target=""_blank"">PRD009-3165046B</a>","<a href=""https://fluidigm.my.salesforce.com/sfc/p/700000009DAw/a/4u000001870w/XU6eX2YZtdejnAfGRls.mPHhJTPvhOp30R18ZV_Asw4"" target=""_blank"">MSDS-3000000X</a>",various,Maxpar
CyTOF (Cytometry),3175042B,Anti-Human CD272/BTLA ,<div>MIH26</div>,175Lu,"Human, African Green Monkey",100 Tests,"<a href=""https://fluidigm.my.salesforce.com/sfc/p/700000009DAw/a/4u000000MyOi/jJAkKdsbeqzqRBd.79lFHrgcSpNQOLHdU6HcfczviLI"" target=""_blank"">PRD009-3175042B</a>","<a href=""https://fluidigm.my.salesforce.com/sfc/p/700000009DAw/a/4u000001870w/XU6eX2YZtdejnAfGRls.mPHhJTPvhOp30R18ZV_Asw4"" target=""_blank"">MSDS-3000000X</a>",various,Maxpar
CyTOF (Cytometry),3174027B,Anti-Human CD274/PD-L1 ,<div>MIH1</div>,174Yb,"Dog, Human, Mouse",100 Tests,"<a href=""https://fluidigm.my.salesforce.com/sfc/p/700000009DAw/a/4u000000MyOx/_Oqx__TvSigplexk8krlpFu3kluDap8P4xQ1W5Ezjs4"" target=""_blank"">PRD009-3174027B</a>","<a href=""https://fluidigm.my.salesforce.com/sfc/p/700000009DAw/a/4u000001870w/XU6eX2YZtdejnAfGRls.mPHhJTPvhOp30R18ZV_Asw4"" target=""_blank"">MSDS-3000000X</a>",various,Maxpar
CyTOF (Cytometry),3156038B,Anti-Human CD279/PD-1 ,<div>EH12.2H7</div>,156Gd,"Human, African Green Monkey, Baboon, Chimpanzee, Common Marmoset, Cynomolgus Macaque, Rhesus Macaque, Squirrel Monkey",100 Tests,"<a href=""https://fluidigm.my.salesforce.com/sfc/p/700000009DAw/a/4u000000MyOw/btDmWPsY2UCZNRYpSffDR3BCllrbJjPRN6vgfw9_24Q"" target=""_blank"">PRD009-3156038B</a>","<a href=""https://fluidigm.my.salesforce.com/sfc/p/700000009DAw/a/4u000001870w/XU6eX2YZtdejnAfGRls.mPHhJTPvhOp30R18ZV_Asw4"" target=""_blank"">MSDS-3000000X</a>",various,Maxpar
CyTOF (Cytometry),3164034B,Anti-Human CD357/GITR ,<div>108-17</div>,164Dy,Human,100 Tests,"<a href=""https://fluidigm.my.salesforce.com/sfc/p/700000009DAw/a/4u000000MyOr/e9yaNy3l9anXRrMTu1UvYGog79xztvbfsEIqBxwECHk"" target=""_blank"">PRD009-3164034B</a>","<a href=""https://fluidigm.my.salesforce.com/sfc/p/700000009DAw/a/4u000001870w/XU6eX2YZtdejnAfGRls.mPHhJTPvhOp30R18ZV_Asw4"" target=""_blank"">MSDS-3000000X</a>",various,Maxpar
CyTOF (Cytometry),3176029B,Anti-Human CD95/Fas ,<div>DX2</div>,176Yb,"Human, Cynomolgus Macaque, Rhesus Macaque",100 Tests,"<a href=""https://fluidigm.my.salesforce.com/sfc/p/700000009DAw/a/4u000000MyPQ/oFZyTIqaogA5hgTDxJb9Fm5MZCz0F5n4lvg1bO0Bdmo"" target=""_blank"">PRD009-3176029B</a>","<a href=""https://fluidigm.my.salesforce.com/sfc/p/700000009DAw/a/4u000001870w/XU6eX2YZtdejnAfGRls.mPHhJTPvhOp30R18ZV_Asw4"" target=""_blank"">MSDS-3000000X</a>",various,Maxpar
CyTOF (Cytometry),3166033B,Anti-Human TIGIT ,<div>MBSA43</div>,166Er,"Human, Mouse",100 Tests,"<a href=""https://fluidigm.my.salesforce.com/sfc/p/700000009DAw/a/4u000000MyPB/uCaxzQlcsRSb8zAzUrASroNEp0MFYXmXJsPzEkulkQ0"" target=""_blank"">PRD009-3166033B</a>","<a href=""https://fluidigm.my.salesforce.com/sfc/p/700000009DAw/a/4u000001870w/XU6eX2YZtdejnAfGRls.mPHhJTPvhOp30R18ZV_Asw4"" target=""_blank"">MSDS-3000000X</a>",various,Maxpar
CyTOF (Cytometry),3171028B,Anti-Human IL-4 ,<div>MP4-25D2</div>,171Yb,"Human, Pig, Rhesus Macaque",100 Tests,"<a href=""https://fluidigm.my.salesforce.com/sfc/p/700000009DAw/a/4u000000MyPG/fecO7eORig1H0FM6FCsz4CQ28flZs7HqlOD6yru42wU"" target=""_blank"">PRD009-3171028B</a>","<a href=""https://fluidigm.my.salesforce.com/sfc/p/700000009DAw/a/4u000001870w/XU6eX2YZtdejnAfGRls.mPHhJTPvhOp30R18ZV_Asw4"" target=""_blank"">MSDS-3000000X</a>",various,Maxpar
CyTOF (Cytometry),3147023B,Anti-Human IL-5 ,<div>TRFK5</div>,147Sm,"Mouse, Human, Guinea Pig",100 Tests,"<a href=""https://fluidigm.my.salesforce.com/sfc/p/700000009DAw/a/4u000000MyOc/SASQ47nF5cGYgotQU8RLfK_icLrG5j8fgsiXlBMTU.0"" target=""_blank"">PRD009-3147023B</a>","<a href=""https://fluidigm.my.salesforce.com/sfc/p/700000009DAw/a/4u000001870w/XU6eX2YZtdejnAfGRls.mPHhJTPvhOp30R18ZV_Asw4"" target=""_blank"">MSDS-3000000X</a>",various,Maxpar
CyTOF (Cytometry),3148025B,Anti-Human IL-10 ,<div>JES3-9D7</div>,148Nd,"Human, Baboon, Rhesus Macaque, Cynomolgus Macaque",100 Tests,"<a href=""https://fluidigm.my.salesforce.com/sfc/p/700000009DAw/a/4u000000MyOh/wt6p46YUuEWOkrZ90xLrGw8Cw8R.sZpCKDA6wsoTJlg"" target=""_blank"">PRD009-3148025B</a>","<a href=""https://fluidigm.my.salesforce.com/sfc/p/700000009DAw/a/4u000001870w/XU6eX2YZtdejnAfGRls.mPHhJTPvhOp30R18ZV_Asw4"" target=""_blank"">MSDS-3000000X</a>",various,Maxpar
CyTOF (Cytometry),3195002B,Anti-Human IL-17A ,<div>BL168</div>,195Pt,Human,100 Tests,"<a href=""https://fluidigm.my.salesforce.com/sfc/p/700000009DAw/a/4u000000MyPV/rZVL019z5Q5Wr71oCzv8tNhwH0.X2H_HXiQ13V90lpE"" target=""_blank"">PRD009-3195002B</a>","<a href=""https://fluidigm.my.salesforce.com/sfc/p/700000009DAw/a/4u00000183A1/VV57NGLT2fFnqRBmGSU_xnDalw_7V.qhp3Kt.1MjEdY"" target=""_blank"">SDS-00025</a>",various,Maxpar
CyTOF (Cytometry),3167009B,Anti-Human CD197/CCR7 ,<div>G043H7</div>,167Er,"Human, African Green Monkey, Baboon, Cynomolgus Macaque, Rhesus Macaque",100 Tests,"<a href=""https://fluidigm.my.salesforce.com/sfc/p/700000009DAw/a/4u0000019iLS/rDfWFHWAEatMUpo7Wz4EdEiqCJazi6eU0n2NKORXhJY"" target=""_blank"">PRD009-3167009B</a>","<a href=""https://fluidigm.my.salesforce.com/sfc/p/700000009DAw/a/4u000001870w/XU6eX2YZtdejnAfGRls.mPHhJTPvhOp30R18ZV_Asw4"" target=""_blank"">MSDS-3000000X</a>",various,Maxpar
CyTOF (Cytometry),3141022C,Anti-Human TCRαβ,<div>T10B9.1A-31</div>,141Pr,Human,25 Tests,"<a href=""https://fluidigm.my.salesforce.com/sfc/p/700000009DAw/a/4u000000MyOS/R46r_KBxqyyWteOr4QL0KqHFo.JYUEAgydAc2Wuq.Gs"" target=""_blank"">PRD009-3141022B</a>","<a href=""https://fluidigm.my.salesforce.com/sfc/p/700000009DAw/a/4u000001870w/XU6eX2YZtdejnAfGRls.mPHhJTPvhOp30R18ZV_Asw4"" target=""_blank"">MSDS-3000000X</a>",various,Maxpar
CyTOF (Cytometry),3153032C,Anti-Human CD25 ,<div>BC96</div>,153Eu,Human,25 Tests,"<a href=""https://fluidigm.my.salesforce.com/sfc/p/700000009DAw/a/4u000000MyOm/GeVZhPZX8B1NFgbVn_LxONdgTow8QkkDpF2yerqrCqk"" target=""_blank"">PRD009-3153032B</a>","<a href=""https://fluidigm.my.salesforce.com/sfc/p/700000009DAw/a/4u000001870w/XU6eX2YZtdejnAfGRls.mPHhJTPvhOp30R18ZV_Asw4"" target=""_blank"">MSDS-3000000X</a>",various,Maxpar
CyTOF (Cytometry),3164033C,Anti-Human TGF-β1/LAP ,<div>S20006A</div>,164Dy,Human,25 Tests,"<a href=""https://fluidigm.my.salesforce.com/sfc/p/700000009DAw/a/4u000000MyP1/Tgzy5Mhkkg8ndCYkWkBYffWDIDnOBsInejtbqjOBO0U"" target=""_blank"">PRD009-3164033B</a>","<a href=""https://fluidigm.my.salesforce.com/sfc/p/700000009DAw/a/4u000001870w/XU6eX2YZtdejnAfGRls.mPHhJTPvhOp30R18ZV_Asw4"" target=""_blank"">MSDS-3000000X</a>",various,Maxpar
CyTOF (Cytometry),3143033C,Anti-Human CD154/CD40L ,<div>24-31</div>,143Nd,"Human, Cynomolgus Macaque, Rhesus Macaque",25 Tests,"<a href=""https://fluidigm.my.salesforce.com/sfc/p/700000009DAw/a/4u000000MyOX/DtV5DYcZnmMPKh10TNDVakN48WtZEBTAmKhJAD80uBg"" target=""_blank"">PRD009-3143033B</a>","<a href=""https://fluidigm.my.salesforce.com/sfc/p/700000009DAw/a/4u000001870w/XU6eX2YZtdejnAfGRls.mPHhJTPvhOp30R18ZV_Asw4"" target=""_blank"">MSDS-3000000X</a>",various,Maxpar
CyTOF (Cytometry),3172035C,Anti-Human CD223/LAG-3 ,<div>11C3C65</div>,172Yb,Human,25 Tests,"<a href=""https://fluidigm.my.salesforce.com/sfc/p/700000009DAw/a/4u000000MyPL/bHgw4kgeBEo1n0zzSwukoQdvCGzUVIKXUNHWppdOQVI"" target=""_blank"">PRD009-3172035B</a>","<a href=""https://fluidigm.my.salesforce.com/sfc/p/700000009DAw/a/4u000001870w/XU6eX2YZtdejnAfGRls.mPHhJTPvhOp30R18ZV_Asw4"" target=""_blank"">MSDS-3000000X</a>",various,Maxpar
CyTOF (Cytometry),3165046C,Anti-Human CD244/2B4 ,<div>PP35</div>,165Ho,Human,25 Tests,"<a href=""https://fluidigm.my.salesforce.com/sfc/p/700000009DAw/a/4u000000MyP6/b1hCKbO8_PHSQxjHh2pr8ccDxeroze.Gfqk_WQ7eZJU"" target=""_blank"">PRD009-3165046B</a>","<a href=""https://fluidigm.my.salesforce.com/sfc/p/700000009DAw/a/4u000001870w/XU6eX2YZtdejnAfGRls.mPHhJTPvhOp30R18ZV_Asw4"" target=""_blank"">MSDS-3000000X</a>",various,Maxpar
CyTOF (Cytometry),3175042C,Anti-Human CD272/BTLA ,<div>MIH26</div>,175Lu,"Human, African Green Monkey",25 Tests,"<a href=""https://fluidigm.my.salesforce.com/sfc/p/700000009DAw/a/4u000000MyOi/jJAkKdsbeqzqRBd.79lFHrgcSpNQOLHdU6HcfczviLI"" target=""_blank"">PRD009-3175042B</a>","<a href=""https://fluidigm.my.salesforce.com/sfc/p/700000009DAw/a/4u000001870w/XU6eX2YZtdejnAfGRls.mPHhJTPvhOp30R18ZV_Asw4"" target=""_blank"">MSDS-3000000X</a>",various,Maxpar
CyTOF (Cytometry),3174027C,Anti-Human CD274/PD-L1 ,<div>MIH1</div>,174Yb,"Dog, Human, Mouse",25 Tests,"<a href=""https://fluidigm.my.salesforce.com/sfc/p/700000009DAw/a/4u000000MyOx/_Oqx__TvSigplexk8krlpFu3kluDap8P4xQ1W5Ezjs4"" target=""_blank"">PRD009-3174027B</a>","<a href=""https://fluidigm.my.salesforce.com/sfc/p/700000009DAw/a/4u000001870w/XU6eX2YZtdejnAfGRls.mPHhJTPvhOp30R18ZV_Asw4"" target=""_blank"">MSDS-3000000X</a>",various,Maxpar
CyTOF (Cytometry),3156038C,Anti-Human CD279/PD-1 ,<div>EH12.2H7</div>,156Gd,"Human, African Green Monkey, Baboon, Chimpanzee, Common Marmoset, Cynomolgus Macaque, Rhesus Macaque, Squirrel Monkey",25 Tests,"<a href=""https://fluidigm.my.salesforce.com/sfc/p/700000009DAw/a/4u000000MyOw/btDmWPsY2UCZNRYpSffDR3BCllrbJjPRN6vgfw9_24Q"" target=""_blank"">PRD009-3156038B</a>","<a href=""https://fluidigm.my.salesforce.com/sfc/p/700000009DAw/a/4u000001870w/XU6eX2YZtdejnAfGRls.mPHhJTPvhOp30R18ZV_Asw4"" target=""_blank"">MSDS-3000000X</a>",various,Maxpar
CyTOF (Cytometry),3164034C,Anti-Human CD357/GITR ,<div>108-17</div>,164Dy,Human,25 Tests,"<a href=""https://fluidigm.my.salesforce.com/sfc/p/700000009DAw/a/4u000000MyOr/e9yaNy3l9anXRrMTu1UvYGog79xztvbfsEIqBxwECHk"" target=""_blank"">PRD009-3164034B</a>","<a href=""https://fluidigm.my.salesforce.com/sfc/p/700000009DAw/a/4u000001870w/XU6eX2YZtdejnAfGRls.mPHhJTPvhOp30R18ZV_Asw4"" target=""_blank"">MSDS-3000000X</a>",various,Maxpar
CyTOF (Cytometry),3176029C,Anti-Human CD95/Fas ,<div>DX2</div>,176Yb,"Human, Cynomolgus Macaque, Rhesus Macaque",25 Tests,"<a href=""https://fluidigm.my.salesforce.com/sfc/p/700000009DAw/a/4u000000MyPQ/oFZyTIqaogA5hgTDxJb9Fm5MZCz0F5n4lvg1bO0Bdmo"" target=""_blank"">PRD009-3176029B</a>","<a href=""https://fluidigm.my.salesforce.com/sfc/p/700000009DAw/a/4u000001870w/XU6eX2YZtdejnAfGRls.mPHhJTPvhOp30R18ZV_Asw4"" target=""_blank"">MSDS-3000000X</a>",various,Maxpar
CyTOF (Cytometry),3166033C,Anti-Human TIGIT ,<div>MBSA43</div>,166Er,"Human, Mouse",25 Tests,"<a href=""https://fluidigm.my.salesforce.com/sfc/p/700000009DAw/a/4u000000MyPB/uCaxzQlcsRSb8zAzUrASroNEp0MFYXmXJsPzEkulkQ0"" target=""_blank"">PRD009-3166033B</a>","<a href=""https://fluidigm.my.salesforce.com/sfc/p/700000009DAw/a/4u000001870w/XU6eX2YZtdejnAfGRls.mPHhJTPvhOp30R18ZV_Asw4"" target=""_blank"">MSDS-3000000X</a>",various,Maxpar
CyTOF (Cytometry),3171028C,Anti-Human IL-4 ,<div>MP4-25D2</div>,171Yb,"Human, Pig, Rhesus Macaque",25 Tests,"<a href=""https://fluidigm.my.salesforce.com/sfc/p/700000009DAw/a/4u000000MyPG/fecO7eORig1H0FM6FCsz4CQ28flZs7HqlOD6yru42wU"" target=""_blank"">PRD009-3171028B</a>","<a href=""https://fluidigm.my.salesforce.com/sfc/p/700000009DAw/a/4u000001870w/XU6eX2YZtdejnAfGRls.mPHhJTPvhOp30R18ZV_Asw4"" target=""_blank"">MSDS-3000000X</a>",various,Maxpar
CyTOF (Cytometry),3147023C,Anti-Human IL-5 ,<div>TRFK5</div>,147Sm,"Mouse, Human, Guinea Pig",25 Tests,"<a href=""https://fluidigm.my.salesforce.com/sfc/p/700000009DAw/a/4u000000MyOc/SASQ47nF5cGYgotQU8RLfK_icLrG5j8fgsiXlBMTU.0"" target=""_blank"">PRD009-3147023B</a>","<a href=""https://fluidigm.my.salesforce.com/sfc/p/700000009DAw/a/4u000001870w/XU6eX2YZtdejnAfGRls.mPHhJTPvhOp30R18ZV_Asw4"" target=""_blank"">MSDS-3000000X</a>",various,Maxpar
CyTOF (Cytometry),3148025C,Anti-Human IL-10 ,<div>JES3-9D7</div>,148Nd,"Human, Baboon, Rhesus Macaque, Cynomolgus Macaque",25 Tests,"<a href=""https://fluidigm.my.salesforce.com/sfc/p/700000009DAw/a/4u000000MyOh/wt6p46YUuEWOkrZ90xLrGw8Cw8R.sZpCKDA6wsoTJlg"" target=""_blank"">PRD009-3148025B</a>","<a href=""https://fluidigm.my.salesforce.com/sfc/p/700000009DAw/a/4u000001870w/XU6eX2YZtdejnAfGRls.mPHhJTPvhOp30R18ZV_Asw4"" target=""_blank"">MSDS-3000000X</a>",various,Maxpar
CyTOF (Cytometry),3195002C,Anti-Human IL-17A ,<div>BL168</div>,195Pt,Human,25 Tests,"<a href=""https://fluidigm.my.salesforce.com/sfc/p/700000009DAw/a/4u000000MyPV/rZVL019z5Q5Wr71oCzv8tNhwH0.X2H_HXiQ13V90lpE"" target=""_blank"">PRD009-3195002B</a>","<a href=""https://fluidigm.my.salesforce.com/sfc/p/700000009DAw/a/4u00000183A1/VV57NGLT2fFnqRBmGSU_xnDalw_7V.qhp3Kt.1MjEdY"" target=""_blank"">SDS-00025</a>",various,Maxpar
CyTOF (Cytometry),3172001G,Goat Anti-Mouse IgG,<div>Polyclonal</div>,172Yb,Polyclonal,50 µg,"<a href=""https://fluidigm.my.salesforce.com/sfc/p/700000009DAw/a/4u0000019iP5/PPzHAAtltILIg95QtzJCRdnXUOJ0AdQtOy_vKLjcWY0"" target=""_blank"">PRD009-3172001G</a>","<a href=""https://fluidigm.my.salesforce.com/sfc/p/700000009DAw/a/4u000001870w/XU6eX2YZtdejnAfGRls.mPHhJTPvhOp30R18ZV_Asw4"" target=""_blank"">MSDS-3000000X</a>",various,Maxpar
CyTOF (Cytometry),3172002G,Goat Anti-Rat IgG,<div>Polyclonal</div>,172Yb,Polyclonal,50 µg,"<a href=""https://fluidigm.my.salesforce.com/sfc/p/700000009DAw/a/4u0000019iP6/gcw6BDrJ229SPJBHrdn_9nuxkysn48_Z7dgAHqQnw7k"" target=""_blank"">PRD009-3172002G</a>","<a href=""https://fluidigm.my.salesforce.com/sfc/p/700000009DAw/a/4u000001870w/XU6eX2YZtdejnAfGRls.mPHhJTPvhOp30R18ZV_Asw4"" target=""_blank"">MSDS-3000000X</a>",various,Maxpar
CyTOF (Cytometry),3175002G,Goat Anti-Rabbit IgG,<div>Polyclonal</div>,175Lu,Polyclonal,50 µg,"<a href=""https://fluidigm.my.salesforce.com/sfc/p/700000009DAw/a/4u0000019iUi/8zQOITu_UMQpWVco8IdIvUqOMD4E7kPpgc9jdgwLQMw"" target=""_blank"">PRD009-3175002G</a>","<a href=""https://fluidigm.my.salesforce.com/sfc/p/700000009DAw/a/4u000001870w/XU6eX2YZtdejnAfGRls.mPHhJTPvhOp30R18ZV_Asw4"" target=""_blank"">MSDS-3000000X</a>",various,Maxpar
CyTOF (Cytometry),92J001110,Anti-CD11b,<div>M1/70</div>,110Cd,"Mouse, Human, Chimpanzee, Baboon, Cynomolgus Macaque, Rhesus Macaque, Rabbit+F1730:F1819",25 µL,"<a href=""https://fluidigm.my.salesforce.com/sfc/p/700000009DAw/a/4u000001A22f/_95z6KjnQf7BbBObcxN0RIl8pztffLOgsWrjWpDB.8k"" target=""_blank"">TDS-00710</a>","<a href=""https://fluidigm.my.salesforce.com/sfc/p/700000009DAw/a/4u000000dlbq/TACqxhBzGNCMUJOdkH1XK6bDuGaTQsGp4vGSePoNz6M"" target=""_blank"">SDS-00021</a>",various,MaxparOnDemand
CyTOF (Cytometry),92J001195,Anti-CD11b,<div>M1/70</div>,195Pt,"Mouse, Human, Chimpanzee, Baboon, Cynomolgus Macaque, Rhesus Macaque, Rabbit",25 µL,"<a href=""https://fluidigm.my.salesforce.com/sfc/p/700000009DAw/a/4u000001A22f/_95z6KjnQf7BbBObcxN0RIl8pztffLOgsWrjWpDB.8k"" target=""_blank"">TDS-00710</a>","<a href=""https://fluidigm.my.salesforce.com/sfc/p/700000009DAw/a/4u00000183A1/VV57NGLT2fFnqRBmGSU_xnDalw_7V.qhp3Kt.1MjEdY"" target=""_blank"">SDS-00025</a>",various,MaxparOnDemand
CyTOF (Cytometry),92J001196,Anti-CD11b,<div>M1/70</div>,196Pt,"Mouse, Human, Chimpanzee, Baboon, Cynomolgus Macaque, Rhesus Macaque, Rabbit",25 µL,"<a href=""https://fluidigm.my.salesforce.com/sfc/p/700000009DAw/a/4u000001A22f/_95z6KjnQf7BbBObcxN0RIl8pztffLOgsWrjWpDB.8k"" target=""_blank"">TDS-00710</a>","<a href=""https://fluidigm.my.salesforce.com/sfc/p/700000009DAw/a/4u00000183A1/VV57NGLT2fFnqRBmGSU_xnDalw_7V.qhp3Kt.1MjEdY"" target=""_blank"">SDS-00025</a>",various,MaxparOnDemand
CyTOF (Cytometry),92J002161,Anti-CD11c,<div>N418</div>,161Dy,Mouse,25 µL,"<a href=""https://fluidigm.my.salesforce.com/sfc/p/700000009DAw/a/4u000001A22f/_95z6KjnQf7BbBObcxN0RIl8pztffLOgsWrjWpDB.8k"" target=""_blank"">TDS-00710</a>","<a href=""https://fluidigm.my.salesforce.com/sfc/p/700000009DAw/a/4u000001870w/XU6eX2YZtdejnAfGRls.mPHhJTPvhOp30R18ZV_Asw4"" target=""_blank"">MSDS-3000000X</a>",various,MaxparOnDemand
CyTOF (Cytometry),92J002198,Anti-CD11c,<div>N418</div>,198Pt,Mouse,25 µL,"<a href=""https://fluidigm.my.salesforce.com/sfc/p/700000009DAw/a/4u000001A22f/_95z6KjnQf7BbBObcxN0RIl8pztffLOgsWrjWpDB.8k"" target=""_blank"">TDS-00710</a>","<a href=""https://fluidigm.my.salesforce.com/sfc/p/700000009DAw/a/4u00000183A1/VV57NGLT2fFnqRBmGSU_xnDalw_7V.qhp3Kt.1MjEdY"" target=""_blank"">SDS-00025</a>",various,MaxparOnDemand
CyTOF (Cytometry),92J003148,Anti-CD3ε,<div>145-2C11</div>,148Nd,Mouse,25 µL,"<a href=""https://fluidigm.my.salesforce.com/sfc/p/700000009DAw/a/4u000001A22f/_95z6KjnQf7BbBObcxN0RIl8pztffLOgsWrjWpDB.8k"" target=""_blank"">TDS-00710</a>","<a href=""https://fluidigm.my.salesforce.com/sfc/p/700000009DAw/a/4u000001870w/XU6eX2YZtdejnAfGRls.mPHhJTPvhOp30R18ZV_Asw4"" target=""_blank"">MSDS-3000000X</a>",various,MaxparOnDemand
CyTOF (Cytometry),92J003196,Anti-CD3ε,<div>145-2C11</div>,196Pt,Mouse,25 µL,"<a href=""https://fluidigm.my.salesforce.com/sfc/p/700000009DAw/a/4u000001A22f/_95z6KjnQf7BbBObcxN0RIl8pztffLOgsWrjWpDB.8k"" target=""_blank"">TDS-00710</a>","<a href=""https://fluidigm.my.salesforce.com/sfc/p/700000009DAw/a/4u00000183A1/VV57NGLT2fFnqRBmGSU_xnDalw_7V.qhp3Kt.1MjEdY"" target=""_blank"">SDS-00025</a>",various,MaxparOnDemand
CyTOF (Cytometry),92J004116,Anti-CD4,<div>RM4-5</div>,116Cd,Mouse,25 µL,"<a href=""https://fluidigm.my.salesforce.com/sfc/p/700000009DAw/a/4u000001A22f/_95z6KjnQf7BbBObcxN0RIl8pztffLOgsWrjWpDB.8k"" target=""_blank"">TDS-00710</a>","<a href=""https://fluidigm.my.salesforce.com/sfc/p/700000009DAw/a/4u000000dlbq/TACqxhBzGNCMUJOdkH1XK6bDuGaTQsGp4vGSePoNz6M"" target=""_blank"">SDS-00021</a>",various,MaxparOnDemand
CyTOF (Cytometry),92J005141,Anti-CD44,<div>IM7</div>,141Pr,"Mouse, Human, Chimpanzee, Baboon, Cynomolgus Macaque, Rhesus Macaque, Squirrel Monkey, Equine, Bovine, Porcine, Canine, Feline",25 µL,"<a href=""https://fluidigm.my.salesforce.com/sfc/p/700000009DAw/a/4u000001A22f/_95z6KjnQf7BbBObcxN0RIl8pztffLOgsWrjWpDB.8k"" target=""_blank"">TDS-00710</a>","<a href=""https://fluidigm.my.salesforce.com/sfc/p/700000009DAw/a/4u000001870w/XU6eX2YZtdejnAfGRls.mPHhJTPvhOp30R18ZV_Asw4"" target=""_blank"">MSDS-3000000X</a>",various,MaxparOnDemand
CyTOF (Cytometry),92J005194,Anti-CD44,<div>IM7</div>,194Pt,"Mouse, Human, Chimpanzee, Baboon, Cynomolgus Macaque, Rhesus Macaque, Squirrel Monkey, Equine, Bovine, Porcine, Canine, Feline",25 µL,"<a href=""https://fluidigm.my.salesforce.com/sfc/p/700000009DAw/a/4u000001A22f/_95z6KjnQf7BbBObcxN0RIl8pztffLOgsWrjWpDB.8k"" target=""_blank"">TDS-00710</a>","<a href=""https://fluidigm.my.salesforce.com/sfc/p/700000009DAw/a/4u00000183A1/VV57NGLT2fFnqRBmGSU_xnDalw_7V.qhp3Kt.1MjEdY"" target=""_blank"">SDS-00025</a>",various,MaxparOnDemand
CyTOF (Cytometry),92J006106,Anti-CD45,<div>30-F11</div>,106Cd,Mouse,25 µL,"<a href=""https://fluidigm.my.salesforce.com/sfc/p/700000009DAw/a/4u000001A22f/_95z6KjnQf7BbBObcxN0RIl8pztffLOgsWrjWpDB.8k"" target=""_blank"">TDS-00710</a>","<a href=""https://fluidigm.my.salesforce.com/sfc/p/700000009DAw/a/4u000000dlbq/TACqxhBzGNCMUJOdkH1XK6bDuGaTQsGp4vGSePoNz6M"" target=""_blank"">SDS-00021</a>",various,MaxparOnDemand
CyTOF (Cytometry),92J006110,Anti-CD45,<div>30-F11</div>,110Cd,Mouse,25 µL,"<a href=""https://fluidigm.my.salesforce.com/sfc/p/700000009DAw/a/4u000001A22f/_95z6KjnQf7BbBObcxN0RIl8pztffLOgsWrjWpDB.8k"" target=""_blank"">TDS-00710</a>","<a href=""https://fluidigm.my.salesforce.com/sfc/p/700000009DAw/a/4u000000dlbq/TACqxhBzGNCMUJOdkH1XK6bDuGaTQsGp4vGSePoNz6M"" target=""_blank"">SDS-00021</a>",various,MaxparOnDemand
CyTOF (Cytometry),92J006111,Anti-CD45,<div>30-F11</div>,111Cd,Mouse,25 µL,"<a href=""https://fluidigm.my.salesforce.com/sfc/p/700000009DAw/a/4u000001A22f/_95z6KjnQf7BbBObcxN0RIl8pztffLOgsWrjWpDB.8k"" target=""_blank"">TDS-00710</a>","<a href=""https://fluidigm.my.salesforce.com/sfc/p/700000009DAw/a/4u000000dlbq/TACqxhBzGNCMUJOdkH1XK6bDuGaTQsGp4vGSePoNz6M"" target=""_blank"">SDS-00021</a>",various,MaxparOnDemand
CyTOF (Cytometry),92J006112,Anti-CD45,<div>30-F11</div>,112Cd,Mouse,25 µL,"<a href=""https://fluidigm.my.salesforce.com/sfc/p/700000009DAw/a/4u000001A22f/_95z6KjnQf7BbBObcxN0RIl8pztffLOgsWrjWpDB.8k"" target=""_blank"">TDS-00710</a>","<a href=""https://fluidigm.my.salesforce.com/sfc/p/700000009DAw/a/4u000000dlbq/TACqxhBzGNCMUJOdkH1XK6bDuGaTQsGp4vGSePoNz6M"" target=""_blank"">SDS-00021</a>",various,MaxparOnDemand
CyTOF (Cytometry),92J006113,Anti-CD45,<div>30-F11</div>,113Cd,Mouse,25 µL,"<a href=""https://fluidigm.my.salesforce.com/sfc/p/700000009DAw/a/4u000001A22f/_95z6KjnQf7BbBObcxN0RIl8pztffLOgsWrjWpDB.8k"" target=""_blank"">TDS-00710</a>","<a href=""https://fluidigm.my.salesforce.com/sfc/p/700000009DAw/a/4u000000dlbq/TACqxhBzGNCMUJOdkH1XK6bDuGaTQsGp4vGSePoNz6M"" target=""_blank"">SDS-00021</a>",various,MaxparOnDemand
CyTOF (Cytometry),92J006114,Anti-CD45,<div>30-F11</div>,114Cd,Mouse,25 µL,"<a href=""https://fluidigm.my.salesforce.com/sfc/p/700000009DAw/a/4u000001A22f/_95z6KjnQf7BbBObcxN0RIl8pztffLOgsWrjWpDB.8k"" target=""_blank"">TDS-00710</a>","<a href=""https://fluidigm.my.salesforce.com/sfc/p/700000009DAw/a/4u000000dlbq/TACqxhBzGNCMUJOdkH1XK6bDuGaTQsGp4vGSePoNz6M"" target=""_blank"">SDS-00021</a>",various,MaxparOnDemand
CyTOF (Cytometry),92J006116,Anti-CD45,<div>30-F11</div>,116Cd,Mouse,25 µL,"<a href=""https://fluidigm.my.salesforce.com/sfc/p/700000009DAw/a/4u000001A22f/_95z6KjnQf7BbBObcxN0RIl8pztffLOgsWrjWpDB.8k"" target=""_blank"">TDS-00710</a>","<a href=""https://fluidigm.my.salesforce.com/sfc/p/700000009DAw/a/4u000000dlbq/TACqxhBzGNCMUJOdkH1XK6bDuGaTQsGp4vGSePoNz6M"" target=""_blank"">SDS-00021</a>",various,MaxparOnDemand
CyTOF (Cytometry),92J006194,Anti-CD45,<div>30-F11</div>,194Pt,Mouse,25 µL,"<a href=""https://fluidigm.my.salesforce.com/sfc/p/700000009DAw/a/4u000001A22f/_95z6KjnQf7BbBObcxN0RIl8pztffLOgsWrjWpDB.8k"" target=""_blank"">TDS-00710</a>","<a href=""https://fluidigm.my.salesforce.com/sfc/p/700000009DAw/a/4u00000183A1/VV57NGLT2fFnqRBmGSU_xnDalw_7V.qhp3Kt.1MjEdY"" target=""_blank"">SDS-00025</a>",various,MaxparOnDemand
CyTOF (Cytometry),92J006195,Anti-CD45,<div>30-F11</div>,195Pt,Mouse,25 µL,"<a href=""https://fluidigm.my.salesforce.com/sfc/p/700000009DAw/a/4u000001A22f/_95z6KjnQf7BbBObcxN0RIl8pztffLOgsWrjWpDB.8k"" target=""_blank"">TDS-00710</a>","<a href=""https://fluidigm.my.salesforce.com/sfc/p/700000009DAw/a/4u00000183A1/VV57NGLT2fFnqRBmGSU_xnDalw_7V.qhp3Kt.1MjEdY"" target=""_blank"">SDS-00025</a>",various,MaxparOnDemand
CyTOF (Cytometry),92J006196,Anti-CD45,<div>30-F11</div>,196Pt,Mouse,25 µL,"<a href=""https://fluidigm.my.salesforce.com/sfc/p/700000009DAw/a/4u000001A22f/_95z6KjnQf7BbBObcxN0RIl8pztffLOgsWrjWpDB.8k"" target=""_blank"">TDS-00710</a>","<a href=""https://fluidigm.my.salesforce.com/sfc/p/700000009DAw/a/4u00000183A1/VV57NGLT2fFnqRBmGSU_xnDalw_7V.qhp3Kt.1MjEdY"" target=""_blank"">SDS-00025</a>",various,MaxparOnDemand
CyTOF (Cytometry),92J006198,Anti-CD45,<div>30-F11</div>,198Pt,Mouse,25 µL,"<a href=""https://fluidigm.my.salesforce.com/sfc/p/700000009DAw/a/4u000001A22f/_95z6KjnQf7BbBObcxN0RIl8pztffLOgsWrjWpDB.8k"" target=""_blank"">TDS-00710</a>","<a href=""https://fluidigm.my.salesforce.com/sfc/p/700000009DAw/a/4u00000183A1/VV57NGLT2fFnqRBmGSU_xnDalw_7V.qhp3Kt.1MjEdY"" target=""_blank"">SDS-00025</a>",various,MaxparOnDemand
CyTOF (Cytometry),92J007112,Anti-CD45R/B220,<div>RA3-6B2</div>,112Cd,"Mouse, Human, Feline",25 µL,"<a href=""https://fluidigm.my.salesforce.com/sfc/p/700000009DAw/a/4u000001A22f/_95z6KjnQf7BbBObcxN0RIl8pztffLOgsWrjWpDB.8k"" target=""_blank"">TDS-00710</a>","<a href=""https://fluidigm.my.salesforce.com/sfc/p/700000009DAw/a/4u000000dlbq/TACqxhBzGNCMUJOdkH1XK6bDuGaTQsGp4vGSePoNz6M"" target=""_blank"">SDS-00021</a>",various,MaxparOnDemand
CyTOF (Cytometry),92J008152,Anti-CD49b,<div>DX5</div>,152Sm,Mouse,25 µL,"<a href=""https://fluidigm.my.salesforce.com/sfc/p/700000009DAw/a/4u000001A22f/_95z6KjnQf7BbBObcxN0RIl8pztffLOgsWrjWpDB.8k"" target=""_blank"">TDS-00710</a>","<a href=""https://fluidigm.my.salesforce.com/sfc/p/700000009DAw/a/4u000001870w/XU6eX2YZtdejnAfGRls.mPHhJTPvhOp30R18ZV_Asw4"" target=""_blank"">MSDS-3000000X</a>",various,MaxparOnDemand
CyTOF (Cytometry),92J008170,Anti-CD49b,<div>DX5</div>,170Er,Mouse,25 µL,"<a href=""https://fluidigm.my.salesforce.com/sfc/p/700000009DAw/a/4u000001A22f/_95z6KjnQf7BbBObcxN0RIl8pztffLOgsWrjWpDB.8k"" target=""_blank"">TDS-00710</a>","<a href=""https://fluidigm.my.salesforce.com/sfc/p/700000009DAw/a/4u000001870w/XU6eX2YZtdejnAfGRls.mPHhJTPvhOp30R18ZV_Asw4"" target=""_blank"">MSDS-3000000X</a>",various,MaxparOnDemand
CyTOF (Cytometry),92J008198,Anti-CD49b,<div>DX5</div>,198Pt,Mouse,25 µL,"<a href=""https://fluidigm.my.salesforce.com/sfc/p/700000009DAw/a/4u000001A22f/_95z6KjnQf7BbBObcxN0RIl8pztffLOgsWrjWpDB.8k"" target=""_blank"">TDS-00710</a>","<a href=""https://fluidigm.my.salesforce.com/sfc/p/700000009DAw/a/4u00000183A1/VV57NGLT2fFnqRBmGSU_xnDalw_7V.qhp3Kt.1MjEdY"" target=""_blank"">SDS-00025</a>",various,MaxparOnDemand
CyTOF (Cytometry),92J009111,Anti-CD8a,<div>53-6.7</div>,111Cd,Mouse,25 µL,"<a href=""https://fluidigm.my.salesforce.com/sfc/p/700000009DAw/a/4u000001A22f/_95z6KjnQf7BbBObcxN0RIl8pztffLOgsWrjWpDB.8k"" target=""_blank"">TDS-00710</a>","<a href=""https://fluidigm.my.salesforce.com/sfc/p/700000009DAw/a/4u000000dlbq/TACqxhBzGNCMUJOdkH1XK6bDuGaTQsGp4vGSePoNz6M"" target=""_blank"">SDS-00021</a>",various,MaxparOnDemand
CyTOF (Cytometry),92J009194,Anti-CD8a,<div>53-6.7</div>,194Pt,Mouse,25 µL,"<a href=""https://fluidigm.my.salesforce.com/sfc/p/700000009DAw/a/4u000001A22f/_95z6KjnQf7BbBObcxN0RIl8pztffLOgsWrjWpDB.8k"" target=""_blank"">TDS-00710</a>","<a href=""https://fluidigm.my.salesforce.com/sfc/p/700000009DAw/a/4u00000183A1/VV57NGLT2fFnqRBmGSU_xnDalw_7V.qhp3Kt.1MjEdY"" target=""_blank"">SDS-00025</a>",various,MaxparOnDemand
CyTOF (Cytometry),92J009196,Anti-CD8a,<div>53-6.7</div>,196Pt,Mouse,25 µL,"<a href=""https://fluidigm.my.salesforce.com/sfc/p/700000009DAw/a/4u000001A22f/_95z6KjnQf7BbBObcxN0RIl8pztffLOgsWrjWpDB.8k"" target=""_blank"">TDS-00710</a>","<a href=""https://fluidigm.my.salesforce.com/sfc/p/700000009DAw/a/4u00000183A1/VV57NGLT2fFnqRBmGSU_xnDalw_7V.qhp3Kt.1MjEdY"" target=""_blank"">SDS-00025</a>",various,MaxparOnDemand
CyTOF (Cytometry),92J010198,Anti-Ly-6C,<div>HK1.4</div>,198Pt,Mouse,25 µL,"<a href=""https://fluidigm.my.salesforce.com/sfc/p/700000009DAw/a/4u000001A22f/_95z6KjnQf7BbBObcxN0RIl8pztffLOgsWrjWpDB.8k"" target=""_blank"">TDS-00710</a>","<a href=""https://fluidigm.my.salesforce.com/sfc/p/700000009DAw/a/4u00000183A1/VV57NGLT2fFnqRBmGSU_xnDalw_7V.qhp3Kt.1MjEdY"" target=""_blank"">SDS-00025</a>",various,MaxparOnDemand
CyTOF (Cytometry),92J011148,Anti-Ly-6G,<div>1A8</div>,148Nd,Mouse,25 µL,"<a href=""https://fluidigm.my.salesforce.com/sfc/p/700000009DAw/a/4u000001A22f/_95z6KjnQf7BbBObcxN0RIl8pztffLOgsWrjWpDB.8k"" target=""_blank"">TDS-00710</a>","<a href=""https://fluidigm.my.salesforce.com/sfc/p/700000009DAw/a/4u000001870w/XU6eX2YZtdejnAfGRls.mPHhJTPvhOp30R18ZV_Asw4"" target=""_blank"">MSDS-3000000X</a>",various,MaxparOnDemand
CyTOF (Cytometry),92J011195,Anti-Ly-6G,<div>1A8</div>,195Pt,Mouse,25 µL,"<a href=""https://fluidigm.my.salesforce.com/sfc/p/700000009DAw/a/4u000001A22f/_95z6KjnQf7BbBObcxN0RIl8pztffLOgsWrjWpDB.8k"" target=""_blank"">TDS-00710</a>","<a href=""https://fluidigm.my.salesforce.com/sfc/p/700000009DAw/a/4u00000183A1/VV57NGLT2fFnqRBmGSU_xnDalw_7V.qhp3Kt.1MjEdY"" target=""_blank"">SDS-00025</a>",various,MaxparOnDemand
CyTOF (Cytometry),92J012106,Anti-MHC Class II,<div>M5/114.15.2</div>,106Cd,Mouse,25 µL,"<a href=""https://fluidigm.my.salesforce.com/sfc/p/700000009DAw/a/4u000001A22f/_95z6KjnQf7BbBObcxN0RIl8pztffLOgsWrjWpDB.8k"" target=""_blank"">TDS-00710</a>","<a href=""https://fluidigm.my.salesforce.com/sfc/p/700000009DAw/a/4u000000dlbq/TACqxhBzGNCMUJOdkH1XK6bDuGaTQsGp4vGSePoNz6M"" target=""_blank"">SDS-00021</a>",various,MaxparOnDemand
CyTOF (Cytometry),92J013174,Anti-CD25,<div>3C7</div>,174Yb,Mouse,25 µL,"<a href=""https://fluidigm.my.salesforce.com/sfc/p/700000009DAw/a/4u000001A22f/_95z6KjnQf7BbBObcxN0RIl8pztffLOgsWrjWpDB.8k"" target=""_blank"">TDS-00710</a>","<a href=""https://fluidigm.my.salesforce.com/sfc/p/700000009DAw/a/4u000001870w/XU6eX2YZtdejnAfGRls.mPHhJTPvhOp30R18ZV_Asw4"" target=""_blank"">MSDS-3000000X</a>",various,MaxparOnDemand
CyTOF (Cytometry),92J014172,Anti-TCRγδ,<div>GL3</div>,172Yb,Mouse,25 µL,"<a href=""https://fluidigm.my.salesforce.com/sfc/p/700000009DAw/a/4u000001A22f/_95z6KjnQf7BbBObcxN0RIl8pztffLOgsWrjWpDB.8k"" target=""_blank"">TDS-00710</a>","<a href=""https://fluidigm.my.salesforce.com/sfc/p/700000009DAw/a/4u000001870w/XU6eX2YZtdejnAfGRls.mPHhJTPvhOp30R18ZV_Asw4"" target=""_blank"">MSDS-3000000X</a>",various,MaxparOnDemand
CyTOF (Cytometry),92J014155,Anti-TCRγδ,<div>GL3</div>,155Gd,Mouse,25 µL,"<a href=""https://fluidigm.my.salesforce.com/sfc/p/700000009DAw/a/4u000001A22f/_95z6KjnQf7BbBObcxN0RIl8pztffLOgsWrjWpDB.8k"" target=""_blank"">TDS-00710</a>","<a href=""https://fluidigm.my.salesforce.com/sfc/p/700000009DAw/a/4u000001870w/XU6eX2YZtdejnAfGRls.mPHhJTPvhOp30R18ZV_Asw4"" target=""_blank"">MSDS-3000000X</a>",various,MaxparOnDemand
CyTOF (Cytometry),92J015176,Anti-CD197/CCR7,<div>4B12</div>,176Yb,Mouse,25 µL,"<a href=""https://fluidigm.my.salesforce.com/sfc/p/700000009DAw/a/4u000001A22f/_95z6KjnQf7BbBObcxN0RIl8pztffLOgsWrjWpDB.8k"" target=""_blank"">TDS-00710</a>","<a href=""https://fluidigm.my.salesforce.com/sfc/p/700000009DAw/a/4u000001870w/XU6eX2YZtdejnAfGRls.mPHhJTPvhOp30R18ZV_Asw4"" target=""_blank"">MSDS-3000000X</a>",various,MaxparOnDemand
CyTOF (Cytometry),92J015163,Anti-CD197/CCR7,<div>4B12</div>,163Dy,Mouse,25 µL,"<a href=""https://fluidigm.my.salesforce.com/sfc/p/700000009DAw/a/4u000001A22f/_95z6KjnQf7BbBObcxN0RIl8pztffLOgsWrjWpDB.8k"" target=""_blank"">TDS-00710</a>","<a href=""https://fluidigm.my.salesforce.com/sfc/p/700000009DAw/a/4u000001870w/XU6eX2YZtdejnAfGRls.mPHhJTPvhOp30R18ZV_Asw4"" target=""_blank"">MSDS-3000000X</a>",various,MaxparOnDemand
CyTOF (Cytometry),92J016165,Anti-CD127/IL-7Rα,<div>A7R34</div>,165Ho,"Mouse, Human",25 µL,"<a href=""https://fluidigm.my.salesforce.com/sfc/p/700000009DAw/a/4u000001A22f/_95z6KjnQf7BbBObcxN0RIl8pztffLOgsWrjWpDB.8k"" target=""_blank"">TDS-00710</a>","<a href=""https://fluidigm.my.salesforce.com/sfc/p/700000009DAw/a/4u000001870w/XU6eX2YZtdejnAfGRls.mPHhJTPvhOp30R18ZV_Asw4"" target=""_blank"">MSDS-3000000X</a>",various,MaxparOnDemand
CyTOF (Cytometry),92J016173,Anti-CD127/IL-7Rα,<div>A7R34</div>,173Yb,"Mouse, Human",25 µL,"<a href=""https://fluidigm.my.salesforce.com/sfc/p/700000009DAw/a/4u000001A22f/_95z6KjnQf7BbBObcxN0RIl8pztffLOgsWrjWpDB.8k"" target=""_blank"">TDS-00710</a>","<a href=""https://fluidigm.my.salesforce.com/sfc/p/700000009DAw/a/4u000001870w/XU6eX2YZtdejnAfGRls.mPHhJTPvhOp30R18ZV_Asw4"" target=""_blank"">MSDS-3000000X</a>",various,MaxparOnDemand
CyTOF (Cytometry),92J017154,Anti-CD170/Siglec-F,<div>S17007L</div>,154Sm,Mouse,25 µL,"<a href=""https://fluidigm.my.salesforce.com/sfc/p/700000009DAw/a/4u000001A22f/_95z6KjnQf7BbBObcxN0RIl8pztffLOgsWrjWpDB.8k"" target=""_blank"">TDS-00710</a>","<a href=""https://fluidigm.my.salesforce.com/sfc/p/700000009DAw/a/4u000001870w/XU6eX2YZtdejnAfGRls.mPHhJTPvhOp30R18ZV_Asw4"" target=""_blank"">MSDS-3000000X</a>",various,MaxparOnDemand
CyTOF (Cytometry),92J017163,Anti-CD170/Siglec-F,<div>S17007L</div>,163Dy,Mouse,25 µL,"<a href=""https://fluidigm.my.salesforce.com/sfc/p/700000009DAw/a/4u000001A22f/_95z6KjnQf7BbBObcxN0RIl8pztffLOgsWrjWpDB.8k"" target=""_blank"">TDS-00710</a>","<a href=""https://fluidigm.my.salesforce.com/sfc/p/700000009DAw/a/4u000001870w/XU6eX2YZtdejnAfGRls.mPHhJTPvhOp30R18ZV_Asw4"" target=""_blank"">MSDS-3000000X</a>",various,MaxparOnDemand
CyTOF (Cytometry),92J018152,Anti-XCR1,<div>ZET</div>,152Sm,"Mouse, Rat",25 µL,"<a href=""https://fluidigm.my.salesforce.com/sfc/p/700000009DAw/a/4u000001A22f/_95z6KjnQf7BbBObcxN0RIl8pztffLOgsWrjWpDB.8k"" target=""_blank"">TDS-00710</a>","<a href=""https://fluidigm.my.salesforce.com/sfc/p/700000009DAw/a/4u000001870w/XU6eX2YZtdejnAfGRls.mPHhJTPvhOp30R18ZV_Asw4"" target=""_blank"">MSDS-3000000X</a>",various,MaxparOnDemand
CyTOF (Cytometry),92J018175,Anti-XCR1,<div>ZET</div>,175Lu,"Mouse, Rat",25 µL,"<a href=""https://fluidigm.my.salesforce.com/sfc/p/700000009DAw/a/4u000001A22f/_95z6KjnQf7BbBObcxN0RIl8pztffLOgsWrjWpDB.8k"" target=""_blank"">TDS-00710</a>","<a href=""https://fluidigm.my.salesforce.com/sfc/p/700000009DAw/a/4u000001870w/XU6eX2YZtdejnAfGRls.mPHhJTPvhOp30R18ZV_Asw4"" target=""_blank"">MSDS-3000000X</a>",various,MaxparOnDemand
CyTOF (Cytometry),92J019173,Anti-F4/80,<div>BM8</div>,173Yb,Mouse,25 µL,"<a href=""https://fluidigm.my.salesforce.com/sfc/p/700000009DAw/a/4u000001A22f/_95z6KjnQf7BbBObcxN0RIl8pztffLOgsWrjWpDB.8k"" target=""_blank"">TDS-00710</a>","<a href=""https://fluidigm.my.salesforce.com/sfc/p/700000009DAw/a/4u000001870w/XU6eX2YZtdejnAfGRls.mPHhJTPvhOp30R18ZV_Asw4"" target=""_blank"">MSDS-3000000X</a>",various,MaxparOnDemand
CyTOF (Cytometry),92J019151,Anti-F4/80,<div>BM8</div>,151Eu,Mouse,25 µL,"<a href=""https://fluidigm.my.salesforce.com/sfc/p/700000009DAw/a/4u000001A22f/_95z6KjnQf7BbBObcxN0RIl8pztffLOgsWrjWpDB.8k"" target=""_blank"">TDS-00710</a>","<a href=""https://fluidigm.my.salesforce.com/sfc/p/700000009DAw/a/4u000001870w/XU6eX2YZtdejnAfGRls.mPHhJTPvhOp30R18ZV_Asw4"" target=""_blank"">MSDS-3000000X</a>",various,MaxparOnDemand
CyTOF (Cytometry),92J019161,Anti-F4/80,<div>BM8</div>,161Dy,Mouse,25 µL,"<a href=""https://fluidigm.my.salesforce.com/sfc/p/700000009DAw/a/4u000001A22f/_95z6KjnQf7BbBObcxN0RIl8pztffLOgsWrjWpDB.8k"" target=""_blank"">TDS-00710</a>","<a href=""https://fluidigm.my.salesforce.com/sfc/p/700000009DAw/a/4u000001870w/XU6eX2YZtdejnAfGRls.mPHhJTPvhOp30R18ZV_Asw4"" target=""_blank"">MSDS-3000000X</a>",various,MaxparOnDemand
CyTOF (Cytometry),92J020155,Anti-CX3CR1,<div>SA011F11</div>,155Gd,Mouse,25 µL,"<a href=""https://fluidigm.my.salesforce.com/sfc/p/700000009DAw/a/4u000001A22f/_95z6KjnQf7BbBObcxN0RIl8pztffLOgsWrjWpDB.8k"" target=""_blank"">TDS-00710</a>","<a href=""https://fluidigm.my.salesforce.com/sfc/p/700000009DAw/a/4u000001870w/XU6eX2YZtdejnAfGRls.mPHhJTPvhOp30R18ZV_Asw4"" target=""_blank"">MSDS-3000000X</a>",various,MaxparOnDemand
CyTOF (Cytometry),92J020149,Anti-CX3CR1,<div>SA011F11</div>,149Sm,Mouse,25 µL,"<a href=""https://fluidigm.my.salesforce.com/sfc/p/700000009DAw/a/4u000001A22f/_95z6KjnQf7BbBObcxN0RIl8pztffLOgsWrjWpDB.8k"" target=""_blank"">TDS-00710</a>","<a href=""https://fluidigm.my.salesforce.com/sfc/p/700000009DAw/a/4u000001870w/XU6eX2YZtdejnAfGRls.mPHhJTPvhOp30R18ZV_Asw4"" target=""_blank"">MSDS-3000000X</a>",various,MaxparOnDemand
CyTOF (Cytometry),92J021175,Anti-CD62L,<div>MEL-14</div>,175Lu,Mouse,25 µL,"<a href=""https://fluidigm.my.salesforce.com/sfc/p/700000009DAw/a/4u000001A22f/_95z6KjnQf7BbBObcxN0RIl8pztffLOgsWrjWpDB.8k"" target=""_blank"">TDS-00710</a>","<a href=""https://fluidigm.my.salesforce.com/sfc/p/700000009DAw/a/4u000001870w/XU6eX2YZtdejnAfGRls.mPHhJTPvhOp30R18ZV_Asw4"" target=""_blank"">MSDS-3000000X</a>",various,MaxparOnDemand
CyTOF (Cytometry),92J021166,Anti-CD62L,<div>MEL-14</div>,166Er,Mouse,25 µL,"<a href=""https://fluidigm.my.salesforce.com/sfc/p/700000009DAw/a/4u000001A22f/_95z6KjnQf7BbBObcxN0RIl8pztffLOgsWrjWpDB.8k"" target=""_blank"">TDS-00710</a>","<a href=""https://fluidigm.my.salesforce.com/sfc/p/700000009DAw/a/4u000001870w/XU6eX2YZtdejnAfGRls.mPHhJTPvhOp30R18ZV_Asw4"" target=""_blank"">MSDS-3000000X</a>",various,MaxparOnDemand
CyTOF (Cytometry),92J022166,Anti-CD86,<div>A17199A</div>,166Er,Mouse,25 µL,"<a href=""https://fluidigm.my.salesforce.com/sfc/p/700000009DAw/a/4u000001A22f/_95z6KjnQf7BbBObcxN0RIl8pztffLOgsWrjWpDB.8k"" target=""_blank"">TDS-00710</a>","<a href=""https://fluidigm.my.salesforce.com/sfc/p/700000009DAw/a/4u000001870w/XU6eX2YZtdejnAfGRls.mPHhJTPvhOp30R18ZV_Asw4"" target=""_blank"">MSDS-3000000X</a>",various,MaxparOnDemand
CyTOF (Cytometry),92J022163,Anti-CD86,<div>A17199A</div>,163Dy,Mouse,25 µL,"<a href=""https://fluidigm.my.salesforce.com/sfc/p/700000009DAw/a/4u000001A22f/_95z6KjnQf7BbBObcxN0RIl8pztffLOgsWrjWpDB.8k"" target=""_blank"">TDS-00710</a>","<a href=""https://fluidigm.my.salesforce.com/sfc/p/700000009DAw/a/4u000001870w/XU6eX2YZtdejnAfGRls.mPHhJTPvhOp30R18ZV_Asw4"" target=""_blank"">MSDS-3000000X</a>",various,MaxparOnDemand
CyTOF (Cytometry),92J022158,Anti-CD86,<div>A17199A</div>,158Gd,Mouse,25 µL,"<a href=""https://fluidigm.my.salesforce.com/sfc/p/700000009DAw/a/4u000001A22f/_95z6KjnQf7BbBObcxN0RIl8pztffLOgsWrjWpDB.8k"" target=""_blank"">TDS-00710</a>","<a href=""https://fluidigm.my.salesforce.com/sfc/p/700000009DAw/a/4u000001870w/XU6eX2YZtdejnAfGRls.mPHhJTPvhOp30R18ZV_Asw4"" target=""_blank"">MSDS-3000000X</a>",various,MaxparOnDemand
CyTOF (Cytometry),92J022172,Anti-CD86,<div>A17199A</div>,172Yb,Mouse,25 µL,"<a href=""https://fluidigm.my.salesforce.com/sfc/p/700000009DAw/a/4u000001A22f/_95z6KjnQf7BbBObcxN0RIl8pztffLOgsWrjWpDB.8k"" target=""_blank"">TDS-00710</a>","<a href=""https://fluidigm.my.salesforce.com/sfc/p/700000009DAw/a/4u000001870w/XU6eX2YZtdejnAfGRls.mPHhJTPvhOp30R18ZV_Asw4"" target=""_blank"">MSDS-3000000X</a>",various,MaxparOnDemand
CyTOF (Cytometry),92J023166,Anti-CD80/B7-1,<div>16-10A1</div>,166Er,Mouse,25 µL,"<a href=""https://fluidigm.my.salesforce.com/sfc/p/700000009DAw/a/4u000001A22f/_95z6KjnQf7BbBObcxN0RIl8pztffLOgsWrjWpDB.8k"" target=""_blank"">TDS-00710</a>","<a href=""https://fluidigm.my.salesforce.com/sfc/p/700000009DAw/a/4u000001870w/XU6eX2YZtdejnAfGRls.mPHhJTPvhOp30R18ZV_Asw4"" target=""_blank"">MSDS-3000000X</a>",various,MaxparOnDemand
CyTOF (Cytometry),92J023158,Anti-CD80/B7-1,<div>16-10A1</div>,158Gd,Mouse,25 µL,"<a href=""https://fluidigm.my.salesforce.com/sfc/p/700000009DAw/a/4u000001A22f/_95z6KjnQf7BbBObcxN0RIl8pztffLOgsWrjWpDB.8k"" target=""_blank"">TDS-00710</a>","<a href=""https://fluidigm.my.salesforce.com/sfc/p/700000009DAw/a/4u000001870w/XU6eX2YZtdejnAfGRls.mPHhJTPvhOp30R18ZV_Asw4"" target=""_blank"">MSDS-3000000X</a>",various,MaxparOnDemand
CyTOF (Cytometry),92J024168,Anti-CD138/SDC1,<div>281-2</div>,168Er,Mouse,25 µL,"<a href=""https://fluidigm.my.salesforce.com/sfc/p/700000009DAw/a/4u000001A22f/_95z6KjnQf7BbBObcxN0RIl8pztffLOgsWrjWpDB.8k"" target=""_blank"">TDS-00710</a>","<a href=""https://fluidigm.my.salesforce.com/sfc/p/700000009DAw/a/4u000001870w/XU6eX2YZtdejnAfGRls.mPHhJTPvhOp30R18ZV_Asw4"" target=""_blank"">MSDS-3000000X</a>",various,MaxparOnDemand
CyTOF (Cytometry),92J024163,Anti-CD138/SDC1,<div>281-2</div>,163Dy,Mouse,25 µL,"<a href=""https://fluidigm.my.salesforce.com/sfc/p/700000009DAw/a/4u000001A22f/_95z6KjnQf7BbBObcxN0RIl8pztffLOgsWrjWpDB.8k"" target=""_blank"">TDS-00710</a>","<a href=""https://fluidigm.my.salesforce.com/sfc/p/700000009DAw/a/4u000001870w/XU6eX2YZtdejnAfGRls.mPHhJTPvhOp30R18ZV_Asw4"" target=""_blank"">MSDS-3000000X</a>",various,MaxparOnDemand
CyTOF (Cytometry),92J025171,Anti-CD19,<div>6D5</div>,171Yb,Mouse,25 µL,"<a href=""https://fluidigm.my.salesforce.com/sfc/p/700000009DAw/a/4u000001A22f/_95z6KjnQf7BbBObcxN0RIl8pztffLOgsWrjWpDB.8k"" target=""_blank"">TDS-00710</a>","<a href=""https://fluidigm.my.salesforce.com/sfc/p/700000009DAw/a/4u000001870w/XU6eX2YZtdejnAfGRls.mPHhJTPvhOp30R18ZV_Asw4"" target=""_blank"">MSDS-3000000X</a>",various,MaxparOnDemand
CyTOF (Cytometry),92J007114,Anti-CD45R/B220,<div>RA3-6B2</div>,114Cd,"Mouse, Human, Feline",25 µL,"<a href=""https://fluidigm.my.salesforce.com/sfc/p/700000009DAw/a/4u000001A22f/_95z6KjnQf7BbBObcxN0RIl8pztffLOgsWrjWpDB.8k"" target=""_blank"">TDS-00710</a>","<a href=""https://fluidigm.my.salesforce.com/sfc/p/700000009DAw/a/4u000000dlbq/TACqxhBzGNCMUJOdkH1XK6bDuGaTQsGp4vGSePoNz6M"" target=""_blank"">SDS-00021</a>",various,MaxparOnDemand
CyTOF (Cytometry),92J026164,Anti-CD274/PD-L1,<div>MIH5</div>,164Dy,"Mouse, Human",25 µL,"<a href=""https://fluidigm.my.salesforce.com/sfc/p/700000009DAw/a/4u000001A22f/_95z6KjnQf7BbBObcxN0RIl8pztffLOgsWrjWpDB.8k"" target=""_blank"">TDS-00710</a>","<a href=""https://fluidigm.my.salesforce.com/sfc/p/700000009DAw/a/4u000001870w/XU6eX2YZtdejnAfGRls.mPHhJTPvhOp30R18ZV_Asw4"" target=""_blank"">MSDS-3000000X</a>",various,MaxparOnDemand
CyTOF (Cytometry),92J027110,Anti-IgD,<div>11-26c.2a</div>,110Cd,Mouse,25 µL,"<a href=""https://fluidigm.my.salesforce.com/sfc/p/700000009DAw/a/4u000001A22f/_95z6KjnQf7BbBObcxN0RIl8pztffLOgsWrjWpDB.8k"" target=""_blank"">TDS-00710</a>","<a href=""https://fluidigm.my.salesforce.com/sfc/p/700000009DAw/a/4u000000dlbq/TACqxhBzGNCMUJOdkH1XK6bDuGaTQsGp4vGSePoNz6M"" target=""_blank"">SDS-00021</a>",various,MaxparOnDemand
CyTOF (Cytometry),92J005106,Anti-CD44,<div>IM7</div>,106Cd,"Mouse, Human, Chimpanzee, Baboon, Cynomolgus Macaque, Rhesus Macaque, Squirrel Monkey, Equine, Bovine, Porcine, Canine, Feline",25 µL,"<a href=""https://fluidigm.my.salesforce.com/sfc/p/700000009DAw/a/4u000001A22f/_95z6KjnQf7BbBObcxN0RIl8pztffLOgsWrjWpDB.8k"" target=""_blank"">TDS-00710</a>","<a href=""https://fluidigm.my.salesforce.com/sfc/p/700000009DAw/a/4u000000dlbq/TACqxhBzGNCMUJOdkH1XK6bDuGaTQsGp4vGSePoNz6M"" target=""_blank"">SDS-00021</a>",various,MaxparOnDemand
CyTOF (Cytometry),92J005114,Anti-CD44,<div>IM7</div>,114Cd,"Mouse, Human, Chimpanzee, Baboon, Cynomolgus Macaque, Rhesus Macaque, Squirrel Monkey, Equine, Bovine, Porcine, Canine, Feline",25 µL,"<a href=""https://fluidigm.my.salesforce.com/sfc/p/700000009DAw/a/4u000001A22f/_95z6KjnQf7BbBObcxN0RIl8pztffLOgsWrjWpDB.8k"" target=""_blank"">TDS-00710</a>","<a href=""https://fluidigm.my.salesforce.com/sfc/p/700000009DAw/a/4u000000dlbq/TACqxhBzGNCMUJOdkH1XK6bDuGaTQsGp4vGSePoNz6M"" target=""_blank"">SDS-00021</a>",various,MaxparOnDemand
CyTOF (Cytometry),92J028111,Anti-CD24,<div>M1/69</div>,111Cd,Mouse,25 µL,"<a href=""https://fluidigm.my.salesforce.com/sfc/p/700000009DAw/a/4u000001A22f/_95z6KjnQf7BbBObcxN0RIl8pztffLOgsWrjWpDB.8k"" target=""_blank"">TDS-00710</a>","<a href=""https://fluidigm.my.salesforce.com/sfc/p/700000009DAw/a/4u000000dlbq/TACqxhBzGNCMUJOdkH1XK6bDuGaTQsGp4vGSePoNz6M"" target=""_blank"">SDS-00021</a>",various,MaxparOnDemand
CyTOF (Cytometry),92J029169,Anti-CD21/CD35,<div>7G6</div>,169Tm,Mouse,25 µL,"<a href=""https://fluidigm.my.salesforce.com/sfc/p/700000009DAw/a/4u000001A22f/_95z6KjnQf7BbBObcxN0RIl8pztffLOgsWrjWpDB.8k"" target=""_blank"">TDS-00710</a>","<a href=""https://fluidigm.my.salesforce.com/sfc/p/700000009DAw/a/4u000001870w/XU6eX2YZtdejnAfGRls.mPHhJTPvhOp30R18ZV_Asw4"" target=""_blank"">MSDS-3000000X</a>",various,MaxparOnDemand
CyTOF (Cytometry),92J030196,Anti-CD3ε,<div>SK7</div>,196Pt,"Human, Chimpanzee",25 µL,"<a href=""https://fluidigm.my.salesforce.com/sfc/p/700000009DAw/a/4u000001A22f/_95z6KjnQf7BbBObcxN0RIl8pztffLOgsWrjWpDB.8k"" target=""_blank"">TDS-00710</a>","<a href=""https://fluidigm.my.salesforce.com/sfc/p/700000009DAw/a/4u00000183A1/VV57NGLT2fFnqRBmGSU_xnDalw_7V.qhp3Kt.1MjEdY"" target=""_blank"">SDS-00025</a>",various,MaxparOnDemand
CyTOF (Cytometry),92J030141,Anti-CD3ε,<div>SK7</div>,141Pr,"Human, Chimpanzee",25 µL,"<a href=""https://fluidigm.my.salesforce.com/sfc/p/700000009DAw/a/4u000001A22f/_95z6KjnQf7BbBObcxN0RIl8pztffLOgsWrjWpDB.8k"" target=""_blank"">TDS-00710</a>","<a href=""https://fluidigm.my.salesforce.com/sfc/p/700000009DAw/a/4u000001870w/XU6eX2YZtdejnAfGRls.mPHhJTPvhOp30R18ZV_Asw4"" target=""_blank"">MSDS-3000000X</a>",various,MaxparOnDemand
CyTOF (Cytometry),92J031196,Anti-CD3ε,<div>HIT3a</div>,196Pt,Human,25 µL,"<a href=""https://fluidigm.my.salesforce.com/sfc/p/700000009DAw/a/4u000001A22f/_95z6KjnQf7BbBObcxN0RIl8pztffLOgsWrjWpDB.8k"" target=""_blank"">TDS-00710</a>","<a href=""https://fluidigm.my.salesforce.com/sfc/p/700000009DAw/a/4u00000183A1/VV57NGLT2fFnqRBmGSU_xnDalw_7V.qhp3Kt.1MjEdY"" target=""_blank"">SDS-00025</a>",various,MaxparOnDemand
CyTOF (Cytometry),92J031141,Anti-CD3ε,<div>HIT3a</div>,141Pr,Human,25 µL,"<a href=""https://fluidigm.my.salesforce.com/sfc/p/700000009DAw/a/4u000001A22f/_95z6KjnQf7BbBObcxN0RIl8pztffLOgsWrjWpDB.8k"" target=""_blank"">TDS-00710</a>","<a href=""https://fluidigm.my.salesforce.com/sfc/p/700000009DAw/a/4u000001870w/XU6eX2YZtdejnAfGRls.mPHhJTPvhOp30R18ZV_Asw4"" target=""_blank"">MSDS-3000000X</a>",various,MaxparOnDemand
CyTOF (Cytometry),92J032196,Anti-CD3ε,<div>SP34-2</div>,196Pt,"Human, Rhesus, Cynomolgus, Baboon",25 µL,"<a href=""https://fluidigm.my.salesforce.com/sfc/p/700000009DAw/a/4u000001A22f/_95z6KjnQf7BbBObcxN0RIl8pztffLOgsWrjWpDB.8k"" target=""_blank"">TDS-00710</a>","<a href=""https://fluidigm.my.salesforce.com/sfc/p/700000009DAw/a/4u00000183A1/VV57NGLT2fFnqRBmGSU_xnDalw_7V.qhp3Kt.1MjEdY"" target=""_blank"">SDS-00025</a>",various,MaxparOnDemand
CyTOF (Cytometry),92J032141,Anti-CD3ε,<div>SP34-2</div>,141Pr,"Human, Rhesus, Cynomolgus, Baboon",25 µL,"<a href=""https://fluidigm.my.salesforce.com/sfc/p/700000009DAw/a/4u000001A22f/_95z6KjnQf7BbBObcxN0RIl8pztffLOgsWrjWpDB.8k"" target=""_blank"">TDS-00710</a>","<a href=""https://fluidigm.my.salesforce.com/sfc/p/700000009DAw/a/4u000001870w/XU6eX2YZtdejnAfGRls.mPHhJTPvhOp30R18ZV_Asw4"" target=""_blank"">MSDS-3000000X</a>",various,MaxparOnDemand
CyTOF (Cytometry),92J033145,Anti-CD4,<div>SK3</div>,145Nd,Human,25 µL,"<a href=""https://fluidigm.my.salesforce.com/sfc/p/700000009DAw/a/4u000001A22f/_95z6KjnQf7BbBObcxN0RIl8pztffLOgsWrjWpDB.8k"" target=""_blank"">TDS-00710</a>","<a href=""https://fluidigm.my.salesforce.com/sfc/p/700000009DAw/a/4u000001870w/XU6eX2YZtdejnAfGRls.mPHhJTPvhOp30R18ZV_Asw4"" target=""_blank"">MSDS-3000000X</a>",various,MaxparOnDemand
CyTOF (Cytometry),92J034145,Anti-CD4,<div>OKT4</div>,145Nd,"Human, Cynomolgus, Rhesus, Chimpanzee",25 µL,"<a href=""https://fluidigm.my.salesforce.com/sfc/p/700000009DAw/a/4u000001A22f/_95z6KjnQf7BbBObcxN0RIl8pztffLOgsWrjWpDB.8k"" target=""_blank"">TDS-00710</a>","<a href=""https://fluidigm.my.salesforce.com/sfc/p/700000009DAw/a/4u000001870w/XU6eX2YZtdejnAfGRls.mPHhJTPvhOp30R18ZV_Asw4"" target=""_blank"">MSDS-3000000X</a>",various,MaxparOnDemand
CyTOF (Cytometry),92J035112,Anti-CD8a,<div>SK1</div>,112Cd,"Human, Cynomolgus, Rhesus, African Green, Chimpanzee, Pigtailed Macaque, Sooty Mangabey",25 µL,"<a href=""https://fluidigm.my.salesforce.com/sfc/p/700000009DAw/a/4u000001A22f/_95z6KjnQf7BbBObcxN0RIl8pztffLOgsWrjWpDB.8k"" target=""_blank"">TDS-00710</a>","<a href=""https://fluidigm.my.salesforce.com/sfc/p/700000009DAw/a/4u000000dlbq/TACqxhBzGNCMUJOdkH1XK6bDuGaTQsGp4vGSePoNz6M"" target=""_blank"">SDS-00021</a>",various,MaxparOnDemand
CyTOF (Cytometry),92J035146,Anti-CD8a,<div>SK1</div>,146Nd,"Human, Cynomolgus, Rhesus, African Green, Chimpanzee, Pigtailed Macaque, Sooty Mangabey",25 µL,"<a href=""https://fluidigm.my.salesforce.com/sfc/p/700000009DAw/a/4u000001A22f/_95z6KjnQf7BbBObcxN0RIl8pztffLOgsWrjWpDB.8k"" target=""_blank"">TDS-00710</a>","<a href=""https://fluidigm.my.salesforce.com/sfc/p/700000009DAw/a/4u000001870w/XU6eX2YZtdejnAfGRls.mPHhJTPvhOp30R18ZV_Asw4"" target=""_blank"">MSDS-3000000X</a>",various,MaxparOnDemand
CyTOF (Cytometry),92J036146,Anti-CD8a,<div>HIT8a</div>,146Nd,"Human, Chimpanzee, Common Marmoset",25 µL,"<a href=""https://fluidigm.my.salesforce.com/sfc/p/700000009DAw/a/4u000001A22f/_95z6KjnQf7BbBObcxN0RIl8pztffLOgsWrjWpDB.8k"" target=""_blank"">TDS-00710</a>","<a href=""https://fluidigm.my.salesforce.com/sfc/p/700000009DAw/a/4u000001870w/XU6eX2YZtdejnAfGRls.mPHhJTPvhOp30R18ZV_Asw4"" target=""_blank"">MSDS-3000000X</a>",various,MaxparOnDemand
CyTOF (Cytometry),92J037114,Anti-CD11b,<div>ICRF44</div>,114Cd,"Human, Cynomolgus, Rhesus, African Green, Baboon, Chimpanzee, Common Marmoset, Pig",25 µL,"<a href=""https://fluidigm.my.salesforce.com/sfc/p/700000009DAw/a/4u000001A22f/_95z6KjnQf7BbBObcxN0RIl8pztffLOgsWrjWpDB.8k"" target=""_blank"">TDS-00710</a>","<a href=""https://fluidigm.my.salesforce.com/sfc/p/700000009DAw/a/4u000000dlbq/TACqxhBzGNCMUJOdkH1XK6bDuGaTQsGp4vGSePoNz6M"" target=""_blank"">SDS-00021</a>",various,MaxparOnDemand
CyTOF (Cytometry),92J038147,Anti-CD11c,<div>3.9</div>,147Sm,"Human, Cynomolgus, Rhesus, African Green, Baboon, Chimpanzee, Squirrel Monkey",25 µL,"<a href=""https://fluidigm.my.salesforce.com/sfc/p/700000009DAw/a/4u000001A22f/_95z6KjnQf7BbBObcxN0RIl8pztffLOgsWrjWpDB.8k"" target=""_blank"">TDS-00710</a>","<a href=""https://fluidigm.my.salesforce.com/sfc/p/700000009DAw/a/4u000001870w/XU6eX2YZtdejnAfGRls.mPHhJTPvhOp30R18ZV_Asw4"" target=""_blank"">MSDS-3000000X</a>",various,MaxparOnDemand
CyTOF (Cytometry),92J039195,Anti-CD14,<div>63D3</div>,195Pt,Human,25 µL,"<a href=""https://fluidigm.my.salesforce.com/sfc/p/700000009DAw/a/4u000001A22f/_95z6KjnQf7BbBObcxN0RIl8pztffLOgsWrjWpDB.8k"" target=""_blank"">TDS-00710</a>","<a href=""https://fluidigm.my.salesforce.com/sfc/p/700000009DAw/a/4u00000183A1/VV57NGLT2fFnqRBmGSU_xnDalw_7V.qhp3Kt.1MjEdY"" target=""_blank"">SDS-00025</a>",various,MaxparOnDemand
CyTOF (Cytometry),92J039151,Anti-CD14,<div>63D3</div>,151Eu,Human,25 µL,"<a href=""https://fluidigm.my.salesforce.com/sfc/p/700000009DAw/a/4u000001A22f/_95z6KjnQf7BbBObcxN0RIl8pztffLOgsWrjWpDB.8k"" target=""_blank"">TDS-00710</a>","<a href=""https://fluidigm.my.salesforce.com/sfc/p/700000009DAw/a/4u000001870w/XU6eX2YZtdejnAfGRls.mPHhJTPvhOp30R18ZV_Asw4"" target=""_blank"">MSDS-3000000X</a>",various,MaxparOnDemand
CyTOF (Cytometry),92J040195,Anti-CD14,<div>M5E2</div>,195Pt,"Human, Cynomolgus, Rhesus, African Green, Capuchin Monkey, Cow, Chimpanzee, Common Marmoset, Cotton-topped Tamarin, Dog, Pigtailed Macaque, Squirrel Monkey",25 µL,"<a href=""https://fluidigm.my.salesforce.com/sfc/p/700000009DAw/a/4u000001A22f/_95z6KjnQf7BbBObcxN0RIl8pztffLOgsWrjWpDB.8k"" target=""_blank"">TDS-00710</a>","<a href=""https://fluidigm.my.salesforce.com/sfc/p/700000009DAw/a/4u00000183A1/VV57NGLT2fFnqRBmGSU_xnDalw_7V.qhp3Kt.1MjEdY"" target=""_blank"">SDS-00025</a>",various,MaxparOnDemand
CyTOF (Cytometry),92J041198,Anti-CD19,<div>HIB19</div>,198Pt,"Human, Cynomolgus Macaque, Rhesus Macaque, Chimpanzee",25 µL,"<a href=""https://fluidigm.my.salesforce.com/sfc/p/700000009DAw/a/4u000001A22f/_95z6KjnQf7BbBObcxN0RIl8pztffLOgsWrjWpDB.8k"" target=""_blank"">TDS-00710</a>","<a href=""https://fluidigm.my.salesforce.com/sfc/p/700000009DAw/a/4u00000183A1/VV57NGLT2fFnqRBmGSU_xnDalw_7V.qhp3Kt.1MjEdY"" target=""_blank"">SDS-00025</a>",various,MaxparOnDemand
CyTOF (Cytometry),92J041149,Anti-CD19,<div>HIB19</div>,149Sm,"Human, Cynomolgus Macaque, Rhesus Macaque, Chimpanzee",25 µL,"<a href=""https://fluidigm.my.salesforce.com/sfc/p/700000009DAw/a/4u000001A22f/_95z6KjnQf7BbBObcxN0RIl8pztffLOgsWrjWpDB.8k"" target=""_blank"">TDS-00710</a>","<a href=""https://fluidigm.my.salesforce.com/sfc/p/700000009DAw/a/4u000001870w/XU6eX2YZtdejnAfGRls.mPHhJTPvhOp30R18ZV_Asw4"" target=""_blank"">MSDS-3000000X</a>",various,MaxparOnDemand
CyTOF (Cytometry),92J042111,Anti-CD33,<div>WM53</div>,111Cd,"Human, Chimpanzee",25 µL,"<a href=""https://fluidigm.my.salesforce.com/sfc/p/700000009DAw/a/4u000001A22f/_95z6KjnQf7BbBObcxN0RIl8pztffLOgsWrjWpDB.8k"" target=""_blank"">TDS-00710</a>","<a href=""https://fluidigm.my.salesforce.com/sfc/p/700000009DAw/a/4u000000dlbq/TACqxhBzGNCMUJOdkH1XK6bDuGaTQsGp4vGSePoNz6M"" target=""_blank"">SDS-00021</a>",various,MaxparOnDemand
CyTOF (Cytometry),92J043089,Anti-CD45,<div>2D1</div>,89Y,Human,25 µL,"<a href=""https://fluidigm.my.salesforce.com/sfc/p/700000009DAw/a/4u000001A22f/_95z6KjnQf7BbBObcxN0RIl8pztffLOgsWrjWpDB.8k"" target=""_blank"">TDS-00710</a>","<a href=""https://fluidigm.my.salesforce.com/sfc/p/700000009DAw/a/4u000001870w/XU6eX2YZtdejnAfGRls.mPHhJTPvhOp30R18ZV_Asw4"" target=""_blank"">MSDS-3000000X</a>",various,MaxparOnDemand
CyTOF (Cytometry),92J044194,Anti-CD45RO,<div>UCHL1</div>,194Pt,"Human, Chimpanzee, Cynomolgus Macaque, Common Marmoset",25 µL,"<a href=""https://fluidigm.my.salesforce.com/sfc/p/700000009DAw/a/4u000001A22f/_95z6KjnQf7BbBObcxN0RIl8pztffLOgsWrjWpDB.8k"" target=""_blank"">TDS-00710</a>","<a href=""https://fluidigm.my.salesforce.com/sfc/p/700000009DAw/a/4u00000183A1/VV57NGLT2fFnqRBmGSU_xnDalw_7V.qhp3Kt.1MjEdY"" target=""_blank"">SDS-00025</a>",various,MaxparOnDemand
CyTOF (Cytometry),92J044150,Anti-CD45RO,<div>UCHL1</div>,150Nd,"Human, Chimpanzee, Cynomolgus Macaque, Common Marmoset",25 µL,"<a href=""https://fluidigm.my.salesforce.com/sfc/p/700000009DAw/a/4u000001A22f/_95z6KjnQf7BbBObcxN0RIl8pztffLOgsWrjWpDB.8k"" target=""_blank"">TDS-00710</a>","<a href=""https://fluidigm.my.salesforce.com/sfc/p/700000009DAw/a/4u000001870w/XU6eX2YZtdejnAfGRls.mPHhJTPvhOp30R18ZV_Asw4"" target=""_blank"">MSDS-3000000X</a>",various,MaxparOnDemand
CyTOF (Cytometry),92J046172,Anti-CX3CR1,<div>K0124E1</div>,172Yb,"Human, Cynomolgus Macaque, Rhesus Macaque",25 µL,"<a href=""https://fluidigm.my.salesforce.com/sfc/p/700000009DAw/a/4u000001A22f/_95z6KjnQf7BbBObcxN0RIl8pztffLOgsWrjWpDB.8k"" target=""_blank"">TDS-00710</a>","<a href=""https://fluidigm.my.salesforce.com/sfc/p/700000009DAw/a/4u000001870w/XU6eX2YZtdejnAfGRls.mPHhJTPvhOp30R18ZV_Asw4"" target=""_blank"">MSDS-3000000X</a>",various,MaxparOnDemand
CyTOF (Cytometry),92J046162,Anti-CX3CR1,<div>K0124E1</div>,162Dy,"Human, Cynomolgus Macaque, Rhesus Macaque",25 µL,"<a href=""https://fluidigm.my.salesforce.com/sfc/p/700000009DAw/a/4u000001A22f/_95z6KjnQf7BbBObcxN0RIl8pztffLOgsWrjWpDB.8k"" target=""_blank"">TDS-00710</a>","<a href=""https://fluidigm.my.salesforce.com/sfc/p/700000009DAw/a/4u000001870w/XU6eX2YZtdejnAfGRls.mPHhJTPvhOp30R18ZV_Asw4"" target=""_blank"">MSDS-3000000X</a>",various,MaxparOnDemand
CyTOF (Cytometry),3172009B,Anti-Human CD57,<div>HCD57</div>,172Yb,Human,100 Tests,"<a href=""https://fluidigm.my.salesforce.com/sfc/p/#700000009DAw/a/4u0000019idh/LowFpsZocizWrTw54y71fdwJYMMEVV8vE8kmkEjJfJk"" target=""_blank"">PRD009-3172009B</a>","<a href=""https://fluidigm.my.salesforce.com/sfc/p/#700000009DAw/a/4u000001870w/XU6eX2YZtdejnAfGRls.mPHhJTPvhOp30R18ZV_Asw4"" target=""_blank"">MSDS-3000000X</a>",various,Maxpar
CyTOF (Cytometry),3172009C,Anti-Human CD57,<div>HCD57</div>,172Yb,Human,25 Tests,"<a href=""https://fluidigm.my.salesforce.com/sfc/p/#700000009DAw/a/4u0000019idh/LowFpsZocizWrTw54y71fdwJYMMEVV8vE8kmkEjJfJk"" target=""_blank"">PRD009-3172009B</a>","<a href=""https://fluidigm.my.salesforce.com/sfc/p/#700000009DAw/a/4u000001870w/XU6eX2YZtdejnAfGRls.mPHhJTPvhOp30R18ZV_Asw4"" target=""_blank"">MSDS-3000000X</a>",various,Maxpar
CyTOF (Cytometry),3163022B,Anti-Human CD57,<div>HCD57</div>,163Dy,Human,100 Tests,"<a href=""https://fluidigm.my.salesforce.com/sfc/p/#700000009DAw/a/4u0000019idI/jppb9t9_y0Csos1uAUkGAEUuky1N45f_JYsQcnOMvog"" target=""_blank"">PRD009-3163022B</a>","<a href=""https://fluidigm.my.salesforce.com/sfc/p/700000009DAw/a/4u000001870w/XU6eX2YZtdejnAfGRls.mPHhJTPvhOp30R18ZV_Asw4"" target=""_blank"">MSDS-3000000X</a>",various,Maxpar
CyTOF (Cytometry),3163022C,Anti-Human CD57,<div>HCD57</div>,163Dy,Human,25 Tests,"<a href=""https://fluidigm.my.salesforce.com/sfc/p/#700000009DAw/a/4u0000019idI/jppb9t9_y0Csos1uAUkGAEUuky1N45f_JYsQcnOMvog"" target=""_blank"">PRD009-3163022B</a>","<a href=""https://fluidigm.my.salesforce.com/sfc/p/700000009DAw/a/4u000001870w/XU6eX2YZtdejnAfGRls.mPHhJTPvhOp30R18ZV_Asw4"" target=""_blank"">MSDS-3000000X</a>",various,Maxpar
CyTOF (Cytometry),3159003A,Anti- Human CCR7 (CD197),<div>G043H7</div>,159Tb,"Human, African Green, Baboon, Cynomolgus Macaque, Rhesus Macaque",50 Tests,"<a href=""https://fluidigm.my.salesforce.com/sfc/p/#700000009DAw/a/4u0000019ice/mNoZ7V47ChyGiqJfHFTY3._OJx9figv3wn5Tf0PKjWM"" target=""_blank"">PRD009-3159003A</a>","<a href=""https://fluidigm.my.salesforce.com/sfc/p/700000009DAw/a/4u000001870w/XU6eX2YZtdejnAfGRls.mPHhJTPvhOp30R18ZV_Asw4"" target=""_blank"">MSDS-3000000X</a>",various,Maxpar
CyTOF (Cytometry),3159003C,Anti- Human CCR7 (CD197),<div>G043H7</div>,159Tb,"Human, African Green, Baboon, Cynomolgus Macaque, Rhesus Macaque",25 Tests,"<a href=""https://fluidigm.my.salesforce.com/sfc/p/#700000009DAw/a/4u0000019ice/mNoZ7V47ChyGiqJfHFTY3._OJx9figv3wn5Tf0PKjWM"" target=""_blank"">PRD009-3159003A</a>","<a href=""https://fluidigm.my.salesforce.com/sfc/p/700000009DAw/a/4u000001870w/XU6eX2YZtdejnAfGRls.mPHhJTPvhOp30R18ZV_Asw4"" target=""_blank"">MSDS-3000000X</a>",various,Maxpar